Date,From,To,Mode,Distance_km,Duration_min,CO2_emission_g,Trip_Type
2001-07-01,Home,Cinema,Car,9.5,14.2,1824.0,Local
2001-07-01,Cinema,Shopping Centre,Car,7.75,11.6,1488.0,Local
2001-07-03,Home,Grandparents' House,Car,10.59,15.9,2033.3,Local
2001-07-03,Grandparents' House,Cinema,Car,7.17,10.8,1376.6,Local
2001-07-09,Home,Grandparents' House,Car,6.01,9.0,1153.9,Local
2001-07-12,Home,Park,Car,16.87,25.3,3239.0,Local
2001-07-12,Park,Shopping Centre,Car,7.96,11.9,1528.3,Local
2001-07-13,Home,Cinema,Car,13.48,20.2,2588.2,Local
2001-07-17,Home,Shopping Centre,Walk,7.11,85.3,0.0,Local
2001-07-19,Home,Park,Car,8.29,12.4,1591.7,Local
2001-07-22,Home,Cinema,Car,7.09,10.6,1361.3,Local
2001-07-26,Home,Park,Car,7.12,10.7,1367.0,Local
2001-07-27,Home,Grandparents' House,Car,16.32,24.5,3133.4,Local
2001-07-28,Home,Park,Car,15.65,23.5,3004.8,Local
2001-08-01,Home,Park,Car,5.19,7.8,996.5,Local
2001-08-02,Home,Shopping Centre,Car,6.41,9.6,1230.7,Local
2001-08-02,Shopping Centre,Grandparents' House,Car,3.02,4.5,579.8,Local
2001-08-03,Home,Cinema,Car,11.94,17.9,2292.5,Local
2001-08-08,Home,Shopping Centre,Bus,9.73,23.4,1021.7,Local
2001-08-09,Home,Shopping Centre,Car,19.65,29.5,3772.8,Local
2001-08-10,Home,Park,Car,16.13,24.2,3097.0,Local
2001-08-15,Home,Grandparents' House,Car,15.87,23.8,3047.0,Local
2001-08-18,Home,Grandparents' House,Car,17.91,26.9,3438.7,Local
2001-08-21,Home,Shopping Centre,Car,9.68,14.5,1858.6,Local
2001-08-23,Home,Park,Bus,6.19,14.9,650.0,Local
2001-08-25,Shopping Centre,Grandparents' House,Car,4.71,7.1,904.3,Local
2001-08-25,Home,Shopping Centre,Car,13.47,20.2,2586.2,Local
2001-08-30,Home,Cinema,Car,15.81,23.7,3035.5,Local
2001-08-31,Home,Park,Bus,18.04,43.3,1894.2,Local
2001-09-02,Home,Grandparents' House,Car,19.02,28.5,3651.8,Local
2001-09-06,Home,Park,Car,8.83,13.2,1695.4,Local
2001-09-07,Home,Shopping Centre,Car,11.05,16.6,2121.6,Local
2001-09-13,Home,Shopping Centre,Bus,16.41,39.4,1723.0,Local
2001-09-14,Home,Shopping Centre,Bus,11.08,26.6,1163.4,Local
2001-09-18,Home,Cinema,Car,8.73,13.1,1676.2,Local
2001-09-21,Shopping Centre,Home,Car,8.35,12.5,1603.2,Local
2001-09-21,Home,Shopping Centre,Car,5.61,8.4,1077.1,Local
2001-09-24,Home,Shopping Centre,Walk,8.41,100.9,0.0,Local
2001-09-24,Shopping Centre,Park,Walk,0.78,9.4,0.0,Local
2001-09-27,Home,Shopping Centre,Walk,13.7,164.4,0.0,Local
2001-09-30,Home,Shopping Centre,Car,11.12,16.7,2135.0,Local
2001-10-01,Home,Park,Car,6.16,9.2,1182.7,Local
2001-10-02,Home,Grandparents' House,Bus,15.4,37.0,1617.0,Local
2001-10-03,Home,Park,Bus,19.57,47.0,2054.8,Local
2001-10-04,Home,Grandparents' House,Car,16.15,24.2,3100.8,Local
2001-10-05,Home,Shopping Centre,Car,19.92,29.9,3824.6,Local
2001-10-06,Home,Shopping Centre,Car,17.48,26.2,3356.2,Local
2001-10-06,Shopping Centre,Grandparents' House,Car,2.25,3.4,432.0,Local
2001-10-09,Home,Grandparents' House,Bus,12.39,29.7,1301.0,Local
2001-10-11,Home,Cinema,Bus,7.71,18.5,809.5,Local
2001-10-11,Cinema,Grandparents' House,Bus,2.97,7.1,311.9,Local
2001-10-12,Home,Cinema,Car,10.57,15.9,2029.4,Local
2001-10-14,Home,Park,Car,9.91,14.9,1902.7,Local
2001-10-20,Home,Park,Bus,18.38,44.1,1929.9,Local
2001-10-27,Home,Grandparents' House,Car,19.31,29.0,3707.5,Local
2001-10-29,Home,Cinema,Car,19.52,29.3,3747.8,Local
2001-11-01,Home,Grandparents' House,Car,14.82,22.2,2845.4,Local
2001-11-03,Home,Cinema,Bus,17.17,41.2,1802.9,Local
2001-11-04,Home,Park,Walk,8.7,104.4,0.0,Local
2001-11-04,Park,Grandparents' House,Car,2.08,3.1,399.4,Local
2001-11-08,Home,Park,Car,8.3,12.5,1593.6,Local
2001-11-15,Home,Grandparents' House,Car,9.1,13.6,1747.2,Local
2001-11-24,Shopping Centre,Grandparents' House,Bus,7.41,17.8,778.1,Local
2001-11-24,Home,Shopping Centre,Car,16.36,24.5,3141.1,Local
2001-11-29,Home,Shopping Centre,Car,5.18,7.8,994.6,Local
2001-12-03,Home,Cinema,Bus,9.53,22.9,1000.6,Local
2001-12-06,Home,Grandparents' House,Car,5.91,8.9,1134.7,Local
2001-12-06,Grandparents' House,Park,Car,7.13,10.7,1369.0,Local
2001-12-07,Home,Grandparents' House,Car,16.52,24.8,3171.8,Local
2001-12-07,Grandparents' House,Park,Car,7.91,11.9,1518.7,Local
2001-12-09,Home,Shopping Centre,Car,18.21,27.3,3496.3,Local
2001-12-11,Home,Shopping Centre,Walk,13.09,157.1,0.0,Local
2001-12-12,Home,Cinema,Car,11.37,17.1,2183.0,Local
2001-12-12,Cinema,Park,Car,0.89,1.3,170.9,Local
2001-12-13,Home,Shopping Centre,Car,15.29,22.9,2935.7,Local
2001-12-15,Home,Grandparents' House,Bus,16.34,39.2,1715.7,Local
2001-12-17,Home,Shopping Centre,Bus,11.22,26.9,1178.1,Local
2001-12-19,Home,Grandparents' House,Car,11.27,16.9,2163.8,Local
2001-12-19,Grandparents' House,Cinema,Car,4.24,6.4,814.1,Local
2001-12-22,Park,Home,Bus,19.91,47.8,2090.6,Local
2001-12-22,Home,Park,Car,6.91,10.4,1326.7,Local
2001-12-23,Home,Grandparents' House,Car,14.35,21.5,2755.2,Local
2001-12-24,Home,Park,Bus,18.92,45.4,1986.6,Local
2001-12-24,Park,Home,Bus,14.86,35.7,1560.3,Local
2001-12-29,Home,Park,Car,14.77,22.2,2835.8,Local
2001-12-31,Home,Park,Car,8.59,12.9,1649.3,Local
2002-01-09,Home,Cinema,Car,13.57,20.4,2605.4,Local
2002-01-12,Home,Grandparents' House,Car,16.57,24.9,3181.4,Local
2002-01-18,Home,Cinema,Bus,17.02,40.8,1787.1,Local
2002-01-21,Park,Cinema,Car,3.88,5.8,745.0,Local
2002-01-21,Home,Park,Car,8.6,12.9,1651.2,Local
2002-01-22,Home,Park,Car,7.56,11.3,1451.5,Local
2002-01-24,Home,Park,Bus,8.99,21.6,944.0,Local
2002-01-24,Park,Grandparents' House,Car,1.11,1.7,213.1,Local
2002-01-26,Home,Shopping Centre,Car,17.31,26.0,3323.5,Local
2002-01-31,Home,Cinema,Bus,6.16,14.8,646.8,Local
2002-02-02,Home,Grandparents' House,Bus,18.68,44.8,1961.4,Local
2002-02-03,Home,Park,Car,12.33,18.5,2367.4,Local
2002-02-05,Home,Cinema,Car,8.36,12.5,1605.1,Local
2002-02-06,Home,Park,Bus,17.72,42.5,1860.6,Local
2002-02-18,Home,Cinema,Bus,19.01,45.6,1996.1,Local
2002-02-18,Cinema,Home,Bus,19.8,47.5,2079.0,Local
2002-02-20,Home,Cinema,Car,9.95,14.9,1910.4,Local
2002-02-21,Home,Park,Car,7.59,11.4,1457.3,Local
2002-02-25,Home,Cinema,Car,11.96,17.9,2296.3,Local
2002-02-25,Cinema,Shopping Centre,Car,5.56,8.3,1067.5,Local
2002-02-26,Home,Park,Car,12.63,18.9,2425.0,Local
2002-03-01,Home,Park,Car,9.17,13.8,1760.6,Local
2002-03-03,Home,Cinema,Car,16.14,24.2,3098.9,Local
2002-03-03,Cinema,Home,Car,18.87,28.3,3623.0,Local
2002-03-11,Home,Shopping Centre,Car,8.59,12.9,1649.3,Local
2002-03-13,Home,Park,Car,10.89,16.3,2090.9,Local
2002-03-14,Home,Cinema,Car,14.88,22.3,2857.0,Local
2002-03-16,Home,Cinema,Car,7.8,11.7,1497.6,Local
2002-03-18,Home,Shopping Centre,Car,16.37,24.6,3143.0,Local
2002-03-20,Home,Cinema,Car,17.22,25.8,3306.2,Local
2002-03-25,Home,Shopping Centre,Bus,12.06,28.9,1266.3,Local
2002-03-29,Home,Shopping Centre,Bus,6.43,15.4,675.1,Local
2002-04-05,Home,Cinema,Car,11.46,17.2,2200.3,Local
2002-04-06,Home,Park,Bus,16.65,40.0,1748.2,Local
2002-04-12,Home,Park,Car,12.64,19.0,2426.9,Local
2002-04-13,Home,Cinema,Car,10.02,15.0,1923.8,Local
2002-04-14,Home,Park,Bus,10.46,25.1,1098.3,Local
2002-04-15,Home,Grandparents' House,Car,8.02,12.0,1539.8,Local
2002-04-16,Home,Cinema,Car,16.04,24.1,3079.7,Local
2002-04-19,Home,Grandparents' House,Bus,13.21,31.7,1387.1,Local
2002-04-22,Home,Cinema,Car,11.75,17.6,2256.0,Local
2002-04-24,Home,Park,Car,6.84,10.3,1313.3,Local
2002-04-25,Home,Grandparents' House,Car,17.55,26.3,3369.6,Local
2002-04-26,Home,Shopping Centre,Car,14.37,21.6,2759.0,Local
2002-04-26,Shopping Centre,Park,Car,3.73,5.6,716.2,Local
2002-04-27,Home,Park,Car,19.83,29.7,3807.4,Local
2002-04-28,Home,Grandparents' House,Car,5.65,8.5,1084.8,Local
2002-04-28,Grandparents' House,Cinema,Walk,6.65,79.8,0.0,Local
2002-04-29,Home,Park,Car,10.44,15.7,2004.5,Local
2002-04-30,Home,Grandparents' House,Car,8.3,12.5,1593.6,Local
2002-05-01,Home,Cinema,Car,16.66,25.0,3198.7,Local
2002-05-03,Home,Park,Car,5.07,7.6,973.4,Local
2002-05-05,Home,Cinema,Car,12.05,18.1,2313.6,Local
2002-05-06,Home,Cinema,Bus,10.89,26.1,1143.5,Local
2002-05-11,Home,Grandparents' House,Car,19.86,29.8,3813.1,Local
2002-05-11,Grandparents' House,Shopping Centre,Car,2.83,4.2,543.4,Local
2002-05-12,Home,Park,Car,13.35,20.0,2563.2,Local
2002-05-15,Home,Shopping Centre,Car,5.65,8.5,1084.8,Local
2002-05-16,Home,Shopping Centre,Car,16.2,24.3,3110.4,Local
2002-05-17,Home,Cinema,Car,6.15,9.2,1180.8,Local
2002-05-20,Home,Park,Car,15.76,23.6,3025.9,Local
2002-05-20,Park,Home,Bus,12.37,29.7,1298.8,Local
2002-05-22,Home,Grandparents' House,Car,17.02,25.5,3267.8,Local
2002-05-23,Home,Cinema,Bus,18.13,43.5,1903.6,Local
2002-05-23,Cinema,Grandparents' House,Car,0.59,0.9,113.3,Local
2002-05-24,Home,Cinema,Car,15.91,23.9,3054.7,Local
2002-05-24,Cinema,Grandparents' House,Walk,1.51,18.1,0.0,Local
2002-05-25,Home,Grandparents' House,Car,17.27,25.9,3315.8,Local
2002-05-26,Home,Grandparents' House,Car,18.96,28.4,3640.3,Local
2002-05-27,Home,Cinema,Car,13.67,20.5,2624.6,Local
2002-05-31,Home,Cinema,Car,12.6,18.9,2419.2,Local
2002-06-03,Home,Shopping Centre,Car,5.19,7.8,996.5,Local
2002-06-03,Shopping Centre,Home,Car,10.63,15.9,2041.0,Local
2002-06-04,Home,Cinema,Walk,8.8,105.6,0.0,Local
2002-06-05,Home,Park,Car,11.47,17.2,2202.2,Local
2002-06-08,Grandparents' House,Shopping Centre,Car,1.79,2.7,343.7,Local
2002-06-08,Home,Grandparents' House,Car,19.69,29.5,3780.5,Local
2002-06-10,Home,Cinema,Car,6.39,9.6,1226.9,Local
2002-06-11,Home,Shopping Centre,Car,16.66,25.0,3198.7,Local
2002-06-12,Home,Cinema,Walk,10.96,131.5,0.0,Local
2002-06-13,Home,Cinema,Walk,9.66,115.9,0.0,Local
2002-06-19,Home,Cinema,Car,13.96,20.9,2680.3,Local
2002-06-19,Cinema,Park,Car,6.12,9.2,1175.0,Local
2002-06-20,Home,Grandparents' House,Car,18.4,27.6,3532.8,Local
2002-06-21,Home,Park,Car,10.53,15.8,2021.8,Local
2002-06-22,Home,Grandparents' House,Bus,14.23,34.2,1494.2,Local
2002-06-23,Home,Grandparents' House,Car,6.58,9.9,1263.4,Local
2002-06-24,Home,Cinema,Car,8.79,13.2,1687.7,Local
2002-06-25,Home,Park,Car,16.58,24.9,3183.4,Local
2002-06-25,Park,Shopping Centre,Car,0.64,1.0,122.9,Local
2002-06-26,Home,Cinema,Car,11.03,16.5,2117.8,Local
2002-06-28,Home,Park,Car,18.62,27.9,3575.0,Local
2002-07-03,Home,Cinema,Bus,5.12,12.3,537.6,Local
2002-07-04,Home,Shopping Centre,Car,10.14,15.2,1946.9,Local
2002-07-05,Home,Shopping Centre,Car,11.55,17.3,2217.6,Local
2002-07-07,Home,Cinema,Car,18.26,27.4,3505.9,Local
2002-07-07,Cinema,Shopping Centre,Car,5.43,8.1,1042.6,Local
2002-07-10,Home,Grandparents' House,Car,17.16,25.7,3294.7,Local
2002-07-10,Grandparents' House,Shopping Centre,Car,5.07,7.6,973.4,Local
2002-07-14,Home,Grandparents' House,Bus,18.33,44.0,1924.6,Local
2002-07-19,Home,Grandparents' House,Car,14.15,21.2,2716.8,Local
2002-07-20,Home,Cinema,Bus,13.68,32.8,1436.4,Local
2002-07-20,Cinema,Park,Car,2.99,4.5,574.1,Local
2002-07-22,Home,Cinema,Car,12.35,18.5,2371.2,Local
2002-07-23,Home,Shopping Centre,Car,13.0,19.5,2496.0,Local
2002-07-23,Shopping Centre,Cinema,Bus,6.02,14.4,632.1,Local
2002-07-25,Home,Grandparents' House,Bus,17.07,41.0,1792.4,Local
2002-07-27,Home,Park,Car,17.14,25.7,3290.9,Local
2002-07-31,Home,Grandparents' House,Walk,9.02,108.2,0.0,Local
2002-07-31,Grandparents' House,Cinema,Car,7.5,11.2,1440.0,Local
2002-08-03,Home,Park,Car,5.36,8.0,1029.1,Local
2002-08-04,Home,Shopping Centre,Bus,6.03,14.5,633.1,Local
2002-08-08,Home,Park,Walk,6.76,81.1,0.0,Local
2002-08-10,Home,Grandparents' House,Car,11.41,17.1,2190.7,Local
2002-08-12,Home,Cinema,Bus,16.46,39.5,1728.3,Local
2002-08-14,Home,Grandparents' House,Car,11.94,17.9,2292.5,Local
2002-08-15,Home,Shopping Centre,Car,18.24,27.4,3502.1,Local
2002-08-15,Shopping Centre,Home,Car,5.13,7.7,985.0,Local
2002-08-16,Home,Cinema,Bus,10.51,25.2,1103.5,Local
2002-08-16,Cinema,Park,Walk,0.71,8.5,0.0,Local
2002-08-22,Shopping Centre,Home,Bus,18.75,45.0,1968.8,Local
2002-08-22,Home,Shopping Centre,Walk,8.38,100.6,0.0,Local
2002-08-25,Home,Grandparents' House,Car,15.79,23.7,3031.7,Local
2002-08-26,Home,Park,Car,7.91,11.9,1518.7,Local
2002-08-28,Home,Cinema,Car,8.19,12.3,1572.5,Local
2002-08-30,Home,Grandparents' House,Car,9.34,14.0,1793.3,Local
2002-09-01,Home,Cinema,Car,9.87,14.8,1895.0,Local
2002-09-10,Home,Grandparents' House,Walk,15.15,181.8,0.0,Local
2002-09-14,Home,Cinema,Car,7.4,11.1,1420.8,Local
2002-09-14,Cinema,Home,Car,13.24,19.9,2542.1,Local
2002-09-18,Home,Cinema,Car,5.26,7.9,1009.9,Local
2002-09-21,Home,Cinema,Car,14.82,22.2,2845.4,Local
2002-09-24,Home,Park,Bus,18.98,45.6,1992.9,Local
2002-09-29,Home,Cinema,Walk,17.97,215.6,0.0,Local
2002-10-01,Home,Cinema,Car,9.89,14.8,1898.9,Local
2002-10-03,Home,Shopping Centre,Bus,11.43,27.4,1200.1,Local
2002-10-05,Home,Grandparents' House,Car,7.61,11.4,1461.1,Local
2002-10-06,Home,Park,Bus,8.99,21.6,944.0,Local
2002-10-07,Home,Grandparents' House,Car,11.66,17.5,2238.7,Local
2002-10-09,Home,Cinema,Bus,5.96,14.3,625.8,Local
2002-10-14,Home,Grandparents' House,Car,7.37,11.1,1415.0,Local
2002-10-16,Home,Park,Car,10.87,16.3,2087.0,Local
2002-10-18,Home,Cinema,Car,15.42,23.1,2960.6,Local
2002-10-19,Home,Cinema,Car,16.48,24.7,3164.2,Local
2002-10-21,Home,Cinema,Car,17.61,26.4,3381.1,Local
2002-10-25,Home,Grandparents' House,Bus,6.05,14.5,635.2,Local
2002-10-26,Home,Cinema,Walk,17.41,208.9,0.0,Local
2002-10-26,Cinema,Shopping Centre,Car,6.64,10.0,1274.9,Local
2002-11-01,Home,Park,Car,8.28,12.4,1589.8,Local
2002-11-04,Home,Park,Car,13.96,20.9,2680.3,Local
2002-11-05,Home,Shopping Centre,Car,18.67,28.0,3584.6,Local
2002-11-09,Home,Park,Car,19.48,29.2,3740.2,Local
2002-11-11,Home,Shopping Centre,Car,13.86,20.8,2661.1,Local
2002-11-12,Home,Park,Car,13.17,19.8,2528.6,Local
2002-11-13,Home,Shopping Centre,Car,16.21,24.3,3112.3,Local
2002-11-13,Shopping Centre,Grandparents' House,Car,4.12,6.2,791.0,Local
2002-11-17,Grandparents' House,Cinema,Car,7.45,11.2,1430.4,Local
2002-11-17,Home,Grandparents' House,Bus,9.99,24.0,1049.0,Local
2002-11-22,Home,Cinema,Car,9.71,14.6,1864.3,Local
2002-11-26,Home,Park,Car,19.65,29.5,3772.8,Local
2002-11-26,Park,Shopping Centre,Car,6.03,9.0,1157.8,Local
2002-11-27,Home,Cinema,Car,9.74,14.6,1870.1,Local
2002-11-30,Home,Grandparents' House,Car,9.1,13.6,1747.2,Local
2002-12-01,Home,Park,Car,10.35,15.5,1987.2,Local
2002-12-02,Home,Cinema,Car,10.97,16.5,2106.2,Local
2002-12-07,Home,Park,Car,16.84,25.3,3233.3,Local
2002-12-08,Grandparents' House,Shopping Centre,Bus,7.02,16.8,737.1,Local
2002-12-08,Home,Grandparents' House,Bus,10.57,25.4,1109.9,Local
2002-12-15,Home,Cinema,Car,14.79,22.2,2839.7,Local
2002-12-16,Home,Shopping Centre,Car,15.78,23.7,3029.8,Local
2002-12-18,Home,Grandparents' House,Car,19.1,28.7,3667.2,Local
2002-12-20,Home,Park,Car,15.16,22.7,2910.7,Local
2002-12-20,Park,Cinema,Car,2.99,4.5,574.1,Local
2002-12-21,Home,Park,Car,11.79,17.7,2263.7,Local
2002-12-22,Home,Shopping Centre,Car,18.32,27.5,3517.4,Local
2002-12-22,Shopping Centre,Grandparents' House,Walk,3.61,43.3,0.0,Local
2002-12-23,Home,Shopping Centre,Bus,17.16,41.2,1801.8,Local
2002-12-30,Home,Grandparents' House,Car,15.92,23.9,3056.6,Local
2003-01-02,Home,Park,Bus,16.16,38.8,1696.8,Local
2003-01-04,Home,Shopping Centre,Car,5.61,8.4,1077.1,Local
2003-01-06,Home,Shopping Centre,Car,13.73,20.6,2636.2,Local
2003-01-07,Home,Grandparents' House,Car,14.26,21.4,2737.9,Local
2003-01-09,Home,Shopping Centre,Car,18.91,28.4,3630.7,Local
2003-01-11,Home,Park,Car,8.42,12.6,1616.6,Local
2003-01-18,Home,Cinema,Bus,7.11,17.1,746.6,Local
2003-01-21,Cinema,Shopping Centre,Car,5.09,7.6,977.3,Local
2003-01-21,Home,Cinema,Car,14.25,21.4,2736.0,Local
2003-01-23,Home,Park,Car,16.44,24.7,3156.5,Local
2003-01-24,Home,Grandparents' House,Bus,5.57,13.4,584.9,Local
2003-01-24,Grandparents' House,Shopping Centre,Car,7.18,10.8,1378.6,Local
2003-01-26,Home,Shopping Centre,Car,11.29,16.9,2167.7,Local
2003-01-28,Home,Cinema,Car,8.59,12.9,1649.3,Local
2003-01-28,Cinema,Grandparents' House,Car,2.54,3.8,487.7,Local
2003-01-31,Home,Cinema,Bus,17.6,42.2,1848.0,Local
2003-01-31,Cinema,Shopping Centre,Car,7.18,10.8,1378.6,Local
2003-02-01,Home,Grandparents' House,Car,6.11,9.2,1173.1,Local
2003-02-01,Grandparents' House,Shopping Centre,Bus,5.2,12.5,546.0,Local
2003-02-03,Home,Shopping Centre,Car,7.53,11.3,1445.8,Local
2003-02-04,Home,Shopping Centre,Car,7.22,10.8,1386.2,Local
2003-02-08,Home,Park,Walk,9.0,108.0,0.0,Local
2003-02-08,Park,Shopping Centre,Bus,0.59,1.4,61.9,Local
2003-02-14,Home,Grandparents' House,Car,13.99,21.0,2686.1,Local
2003-02-15,Home,Park,Car,5.17,7.8,992.6,Local
2003-02-17,Home,Cinema,Car,11.28,16.9,2165.8,Local
2003-02-21,Home,Park,Car,16.03,24.0,3077.8,Local
2003-02-21,Park,Shopping Centre,Car,1.28,1.9,245.8,Local
2003-02-26,Home,Cinema,Car,10.9,16.4,2092.8,Local
2003-03-05,Home,Shopping Centre,Car,8.61,12.9,1653.1,Local
2003-03-07,Home,Cinema,Car,11.36,17.0,2181.1,Local
2003-03-16,Home,Shopping Centre,Car,8.82,13.2,1693.4,Local
2003-03-19,Home,Grandparents' House,Car,11.46,17.2,2200.3,Local
2003-03-22,Grandparents' House,Home,Car,11.48,17.2,2204.2,Local
2003-03-22,Home,Grandparents' House,Car,17.62,26.4,3383.0,Local
2003-03-26,Home,Cinema,Bus,19.77,47.4,2075.8,Local
2003-03-28,Home,Park,Car,17.83,26.7,3423.4,Local
2003-03-30,Home,Shopping Centre,Bus,18.49,44.4,1941.4,Local
2003-03-31,Home,Grandparents' House,Car,5.89,8.8,1130.9,Local
2003-04-01,Home,Shopping Centre,Bus,5.21,12.5,547.0,Local
2003-04-04,Home,Grandparents' House,Walk,12.98,155.8,0.0,Local
2003-04-06,Home,Shopping Centre,Walk,7.4,88.8,0.0,Local
2003-04-07,Home,Shopping Centre,Car,19.3,29.0,3705.6,Local
2003-04-10,Home,Shopping Centre,Car,15.3,22.9,2937.6,Local
2003-04-12,Home,Cinema,Car,15.58,23.4,2991.4,Local
2003-04-13,Home,Grandparents' House,Car,10.44,15.7,2004.5,Local
2003-04-16,Home,Shopping Centre,Car,8.9,13.3,1708.8,Local
2003-04-17,Home,Grandparents' House,Bus,13.69,32.9,1437.5,Local
2003-04-30,Home,Shopping Centre,Car,14.76,22.1,2833.9,Local
2003-05-01,Home,Shopping Centre,Car,8.92,13.4,1712.6,Local
2003-05-02,Home,Park,Car,12.03,18.0,2309.8,Local
2003-05-02,Park,Home,Car,14.22,21.3,2730.2,Local
2003-05-04,Home,Shopping Centre,Car,16.91,25.4,3246.7,Local
2003-05-05,Home,Grandparents' House,Bus,11.16,26.8,1171.8,Local
2003-05-07,Home,Shopping Centre,Bus,15.88,38.1,1667.4,Local
2003-05-10,Home,Grandparents' House,Car,8.62,12.9,1655.0,Local
2003-05-10,Grandparents' House,Cinema,Car,4.6,6.9,883.2,Local
2003-05-12,Home,Grandparents' House,Walk,14.37,172.4,0.0,Local
2003-05-13,Home,Grandparents' House,Car,8.7,13.0,1670.4,Local
2003-05-17,Home,Cinema,Car,10.03,15.0,1925.8,Local
2003-05-17,Cinema,Home,Car,7.54,11.3,1447.7,Local
2003-05-19,Home,Park,Car,5.4,8.1,1036.8,Local
2003-05-20,Home,Grandparents' House,Bus,14.73,35.4,1546.7,Local
2003-05-21,Home,Grandparents' House,Car,15.31,23.0,2939.5,Local
2003-05-22,Home,Park,Walk,13.78,165.4,0.0,Local
2003-05-22,Park,Grandparents' House,Car,5.89,8.8,1130.9,Local
2003-05-23,Home,Cinema,Car,10.04,15.1,1927.7,Local
2003-06-01,Home,Grandparents' House,Bus,8.67,20.8,910.4,Local
2003-06-05,Home,Shopping Centre,Bus,8.43,20.2,885.1,Local
2003-06-08,Grandparents' House,Shopping Centre,Car,6.07,9.1,1165.4,Local
2003-06-08,Home,Grandparents' House,Car,8.44,12.7,1620.5,Local
2003-06-11,Home,Park,Car,7.93,11.9,1522.6,Local
2003-06-11,Park,Grandparents' House,Car,5.29,7.9,1015.7,Local
2003-06-15,Home,Park,Car,18.46,27.7,3544.3,Local
2003-06-16,Home,Grandparents' House,Car,16.22,24.3,3114.2,Local
2003-06-16,Grandparents' House,Home,Bus,10.51,25.2,1103.5,Local
2003-06-17,Home,Cinema,Car,6.79,10.2,1303.7,Local
2003-06-23,Home,Cinema,Car,10.94,16.4,2100.5,Local
2003-06-28,Home,Park,Car,17.41,26.1,3342.7,Local
2003-06-30,Home,Park,Bus,11.14,26.7,1169.7,Local
2003-07-05,Home,Grandparents' House,Car,14.0,21.0,2688.0,Local
2003-07-07,Home,Cinema,Car,11.88,17.8,2281.0,Local
2003-07-12,Home,Park,Car,11.68,17.5,2242.6,Local
2003-07-12,Park,Shopping Centre,Car,3.97,6.0,762.2,Local
2003-07-15,Home,Park,Bus,19.68,47.2,2066.4,Local
2003-07-16,Home,Grandparents' House,Car,11.15,16.7,2140.8,Local
2003-07-17,Home,Shopping Centre,Car,5.58,8.4,1071.4,Local
2003-07-17,Shopping Centre,Cinema,Bus,2.0,4.8,210.0,Local
2003-07-21,Home,Grandparents' House,Bus,11.58,27.8,1215.9,Local
2003-07-25,Home,Shopping Centre,Car,16.1,24.2,3091.2,Local
2003-07-29,Home,Grandparents' House,Car,12.8,19.2,2457.6,Local
2003-08-02,Home,Cinema,Bus,18.06,43.3,1896.3,Local
2003-08-04,Home,Shopping Centre,Car,19.09,28.6,3665.3,Local
2003-08-06,Home,Park,Car,11.54,17.3,2215.7,Local
2003-08-08,Home,Grandparents' House,Car,8.43,12.6,1618.6,Local
2003-08-10,Home,Park,Car,17.01,25.5,3265.9,Local
2003-08-10,Park,Cinema,Bus,2.34,5.6,245.7,Local
2003-08-13,Home,Grandparents' House,Car,9.63,14.4,1849.0,Local
2003-08-16,Home,Park,Bus,10.27,24.6,1078.3,Local
2003-08-17,Home,Grandparents' House,Car,15.72,23.6,3018.2,Local
2003-08-17,Grandparents' House,Home,Car,18.35,27.5,3523.2,Local
2003-08-19,Home,Cinema,Car,8.21,12.3,1576.3,Local
2003-08-20,Home,Park,Car,9.69,14.5,1860.5,Local
2003-08-20,Park,Home,Car,7.31,11.0,1403.5,Local
2003-08-23,Home,Cinema,Car,12.21,18.3,2344.3,Local
2003-08-25,Home,Shopping Centre,Car,14.02,21.0,2691.8,Local
2003-08-28,Home,Cinema,Car,5.08,7.6,975.4,Local
2003-08-30,Home,Cinema,Car,7.64,11.5,1466.9,Local
2003-09-02,Home,Cinema,Car,8.52,12.8,1635.8,Local
2003-09-02,Cinema,Shopping Centre,Car,6.58,9.9,1263.4,Local
2003-09-03,Home,Grandparents' House,Car,18.52,27.8,3555.8,Local
2003-09-05,Home,Park,Walk,14.28,171.4,0.0,Local
2003-09-06,Home,Park,Bus,9.18,22.0,963.9,Local
2003-09-06,Park,Cinema,Car,3.31,5.0,635.5,Local
2003-09-09,Home,Grandparents' House,Car,10.29,15.4,1975.7,Local
2003-09-11,Home,Park,Car,12.96,19.4,2488.3,Local
2003-09-14,Home,Cinema,Car,6.98,10.5,1340.2,Local
2003-09-18,Home,Cinema,Bus,14.89,35.7,1563.5,Local
2003-09-18,Cinema,Home,Car,17.81,26.7,3419.5,Local
2003-09-19,Home,Park,Bus,7.33,17.6,769.6,Local
2003-09-19,Park,Grandparents' House,Car,7.06,10.6,1355.5,Local
2003-09-21,Home,Shopping Centre,Walk,18.25,219.0,0.0,Local
2003-09-21,Shopping Centre,Home,Car,15.57,23.4,2989.4,Local
2003-09-22,Home,Park,Car,14.44,21.7,2772.5,Local
2003-09-24,Park,Cinema,Car,5.37,8.1,1031.0,Local
2003-09-24,Home,Park,Car,18.76,28.1,3601.9,Local
2003-09-29,Home,Park,Car,18.21,27.3,3496.3,Local
2003-10-01,Home,Park,Bus,8.36,20.1,877.8,Local
2003-10-02,Home,Cinema,Walk,5.84,70.1,0.0,Local
2003-10-06,Home,Grandparents' House,Car,18.91,28.4,3630.7,Local
2003-10-07,Home,Shopping Centre,Bus,11.26,27.0,1182.3,Local
2003-10-07,Shopping Centre,Grandparents' House,Car,2.91,4.4,558.7,Local
2003-10-08,Home,Park,Car,9.12,13.7,1751.0,Local
2003-10-10,Home,Park,Walk,17.61,211.3,0.0,Local
2003-10-12,Home,Cinema,Car,6.61,9.9,1269.1,Local
2003-10-16,Home,Park,Bus,9.31,22.3,977.6,Local
2003-10-16,Park,Cinema,Car,0.6,0.9,115.2,Local
2003-10-17,Home,Park,Car,12.69,19.0,2436.5,Local
2003-10-17,Park,Shopping Centre,Car,3.53,5.3,677.8,Local
2003-10-20,Home,Shopping Centre,Car,5.18,7.8,994.6,Local
2003-10-22,Home,Park,Bus,17.96,43.1,1885.8,Local
2003-10-22,Park,Grandparents' House,Car,7.02,10.5,1347.8,Local
2003-10-23,Grandparents' House,Park,Bus,6.26,15.0,657.3,Local
2003-10-23,Home,Grandparents' House,Car,17.6,26.4,3379.2,Local
2003-10-24,Home,Park,Bus,12.06,28.9,1266.3,Local
2003-10-24,Park,Grandparents' House,Walk,7.04,84.5,0.0,Local
2003-10-25,Home,Cinema,Car,13.6,20.4,2611.2,Local
2003-10-26,Home,Grandparents' House,Car,5.64,8.5,1082.9,Local
2003-10-27,Home,Grandparents' House,Car,13.76,20.6,2641.9,Local
2003-10-28,Home,Grandparents' House,Car,13.01,19.5,2497.9,Local
2003-10-29,Cinema,Park,Car,2.29,3.4,439.7,Local
2003-10-29,Home,Cinema,Car,9.68,14.5,1858.6,Local
2003-11-01,Park,Home,Car,16.8,25.2,3225.6,Local
2003-11-01,Home,Park,Car,17.26,25.9,3313.9,Local
2003-11-05,Home,Cinema,Car,16.2,24.3,3110.4,Local
2003-11-08,Home,Shopping Centre,Car,12.65,19.0,2428.8,Local
2003-11-12,Home,Grandparents' House,Bus,14.4,34.6,1512.0,Local
2003-11-13,Home,Shopping Centre,Car,17.21,25.8,3304.3,Local
2003-11-18,Home,Park,Car,18.12,27.2,3479.0,Local
2003-11-18,Park,Shopping Centre,Car,0.74,1.1,142.1,Local
2003-11-19,Home,Park,Bus,10.2,24.5,1071.0,Local
2003-11-20,Shopping Centre,Cinema,Bus,7.62,18.3,800.1,Local
2003-11-20,Home,Shopping Centre,Car,14.15,21.2,2716.8,Local
2003-11-23,Home,Grandparents' House,Bus,9.37,22.5,983.8,Local
2003-11-25,Home,Grandparents' House,Car,11.27,16.9,2163.8,Local
2003-11-27,Home,Grandparents' House,Car,16.43,24.6,3154.6,Local
2003-11-28,Home,Grandparents' House,Car,16.05,24.1,3081.6,Local
2003-11-29,Home,Park,Car,18.91,28.4,3630.7,Local
2003-12-02,Home,Grandparents' House,Car,14.83,22.2,2847.4,Local
2003-12-07,Home,Park,Car,10.25,15.4,1968.0,Local
2003-12-09,Cinema,Grandparents' House,Car,0.72,1.1,138.2,Local
2003-12-09,Home,Cinema,Bus,6.7,16.1,703.5,Local
2003-12-10,Home,Grandparents' House,Car,14.55,21.8,2793.6,Local
2003-12-12,Home,Shopping Centre,Bus,6.32,15.2,663.6,Local
2003-12-14,Home,Cinema,Bus,7.55,18.1,792.8,Local
2003-12-16,Home,Shopping Centre,Walk,19.86,238.3,0.0,Local
2003-12-19,Home,Shopping Centre,Car,7.77,11.7,1491.8,Local
2003-12-20,Home,Cinema,Bus,16.83,40.4,1767.1,Local
2003-12-22,Home,Shopping Centre,Car,7.5,11.2,1440.0,Local
2003-12-23,Home,Cinema,Car,17.83,26.7,3423.4,Local
2003-12-24,Home,Park,Car,14.56,21.8,2795.5,Local
2003-12-27,Home,Cinema,Car,17.23,25.8,3308.2,Local
2003-12-28,Home,Park,Bus,12.87,30.9,1351.3,Local
2003-12-28,Park,Shopping Centre,Walk,7.76,93.1,0.0,Local
2003-12-29,Home,Cinema,Walk,9.22,110.6,0.0,Local
2003-12-30,Home,Park,Bus,16.55,39.7,1737.8,Local
2004-01-01,Home,Grandparents' House,Car,14.84,22.3,2849.3,Local
2004-01-01,Grandparents' House,Park,Car,6.39,9.6,1226.9,Local
2004-01-04,Home,Shopping Centre,Car,13.9,20.9,2668.8,Local
2004-01-06,Home,Grandparents' House,Walk,18.38,220.6,0.0,Local
2004-01-11,Home,Cinema,Car,14.0,21.0,2688.0,Local
2004-01-15,Home,Shopping Centre,Bus,11.58,27.8,1215.9,Local
2004-01-15,Shopping Centre,Cinema,Walk,3.48,41.8,0.0,Local
2004-01-16,Home,Park,Car,17.47,26.2,3354.2,Local
2004-01-16,Park,Home,Car,10.52,15.8,2019.8,Local
2004-01-20,Home,Cinema,Car,8.09,12.1,1553.3,Local
2004-01-20,Cinema,Home,Car,9.11,13.7,1749.1,Local
2004-01-24,Shopping Centre,Grandparents' House,Car,2.1,3.2,403.2,Local
2004-01-24,Home,Shopping Centre,Car,17.37,26.1,3335.0,Local
2004-01-27,Home,Cinema,Car,10.21,15.3,1960.3,Local
2004-01-27,Cinema,Grandparents' House,Car,0.67,1.0,128.6,Local
2004-01-29,Home,Cinema,Bus,18.26,43.8,1917.3,Local
2004-01-30,Home,Grandparents' House,Car,15.62,23.4,2999.0,Local
2004-02-03,Home,Park,Car,15.48,23.2,2972.2,Local
2004-02-08,Home,Grandparents' House,Walk,15.6,187.2,0.0,Local
2004-02-09,Home,Grandparents' House,Car,7.31,11.0,1403.5,Local
2004-02-09,Grandparents' House,Shopping Centre,Bus,7.76,18.6,814.8,Local
2004-02-10,Home,Park,Bus,13.54,32.5,1421.7,Local
2004-02-11,Home,Cinema,Car,10.18,15.3,1954.6,Local
2004-02-13,Home,Cinema,Car,14.66,22.0,2814.7,Local
2004-02-15,Home,Grandparents' House,Car,16.66,25.0,3198.7,Local
2004-02-20,Home,Shopping Centre,Bus,8.47,20.3,889.4,Local
2004-02-22,Home,Cinema,Car,6.27,9.4,1203.8,Local
2004-02-23,Home,Park,Car,13.84,20.8,2657.3,Local
2004-02-25,Home,Shopping Centre,Car,7.13,10.7,1369.0,Local
2004-03-01,Home,Cinema,Car,16.14,24.2,3098.9,Local
2004-03-12,Grandparents' House,Shopping Centre,Walk,1.84,22.1,0.0,Local
2004-03-12,Home,Grandparents' House,Car,14.78,22.2,2837.8,Local
2004-03-14,Home,Park,Car,16.82,25.2,3229.4,Local
2004-03-15,Home,Shopping Centre,Car,10.25,15.4,1968.0,Local
2004-03-17,Home,Park,Car,15.52,23.3,2979.8,Local
2004-03-17,Park,Grandparents' House,Car,1.23,1.8,236.2,Local
2004-03-18,Home,Grandparents' House,Car,6.8,10.2,1305.6,Local
2004-03-21,Home,Grandparents' House,Car,9.65,14.5,1852.8,Local
2004-03-21,Grandparents' House,Cinema,Bus,4.95,11.9,519.8,Local
2004-03-28,Grandparents' House,Park,Car,1.69,2.5,324.5,Local
2004-03-28,Home,Grandparents' House,Car,15.71,23.6,3016.3,Local
2004-03-30,Home,Grandparents' House,Car,12.41,18.6,2382.7,Local
2004-03-31,Home,Grandparents' House,Walk,12.77,153.2,0.0,Local
2004-03-31,Grandparents' House,Cinema,Car,2.11,3.2,405.1,Local
2004-04-06,Home,Park,Car,9.44,14.2,1812.5,Local
2004-04-07,Home,Cinema,Car,17.23,25.8,3308.2,Local
2004-04-09,Home,Shopping Centre,Car,18.85,28.3,3619.2,Local
2004-04-12,Home,Grandparents' House,Bus,10.08,24.2,1058.4,Local
2004-04-14,Home,Shopping Centre,Bus,13.49,32.4,1416.5,Local
2004-04-15,Home,Park,Car,12.2,18.3,2342.4,Local
2004-04-15,Park,Shopping Centre,Bus,4.91,11.8,515.6,Local
2004-04-18,Home,Park,Car,16.51,24.8,3169.9,Local
2004-04-20,Home,Grandparents' House,Car,14.54,21.8,2791.7,Local
2004-04-21,Home,Shopping Centre,Bus,11.56,27.7,1213.8,Local
2004-04-22,Home,Park,Car,5.27,7.9,1011.8,Local
2004-04-24,Home,Park,Car,5.51,8.3,1057.9,Local
2004-04-25,Home,Park,Car,5.49,8.2,1054.1,Local
2004-04-26,Home,Park,Car,15.86,23.8,3045.1,Local
2004-04-28,Home,Shopping Centre,Car,9.4,14.1,1804.8,Local
2004-04-28,Shopping Centre,Home,Car,11.08,16.6,2127.4,Local
2004-04-29,Home,Park,Car,16.97,25.5,3258.2,Local
2004-05-01,Home,Park,Car,6.62,9.9,1271.0,Local
2004-05-02,Home,Grandparents' House,Bus,13.32,32.0,1398.6,Local
2004-05-03,Home,Park,Car,17.69,26.5,3396.5,Local
2004-05-07,Home,Grandparents' House,Car,12.82,19.2,2461.4,Local
2004-05-09,Home,Grandparents' House,Car,18.68,28.0,3586.6,Local
2004-05-12,Cinema,Park,Bus,2.57,6.2,269.8,Local
2004-05-12,Home,Cinema,Bus,9.11,21.9,956.5,Local
2004-05-14,Home,Grandparents' House,Bus,10.95,26.3,1149.8,Local
2004-05-14,Grandparents' House,Shopping Centre,Walk,5.38,64.6,0.0,Local
2004-05-16,Home,Shopping Centre,Car,5.81,8.7,1115.5,Local
2004-05-16,Shopping Centre,Home,Car,6.31,9.5,1211.5,Local
2004-05-18,Home,Grandparents' House,Car,16.86,25.3,3237.1,Local
2004-05-18,Grandparents' House,Shopping Centre,Walk,3.74,44.9,0.0,Local
2004-05-19,Home,Cinema,Car,5.29,7.9,1015.7,Local
2004-05-29,Home,Park,Car,7.14,10.7,1370.9,Local
2004-05-30,Home,Shopping Centre,Car,15.4,23.1,2956.8,Local
2004-05-31,Home,Cinema,Car,5.66,8.5,1086.7,Local
2004-06-04,Home,Park,Car,10.63,15.9,2041.0,Local
2004-06-04,Park,Shopping Centre,Car,6.7,10.1,1286.4,Local
2004-06-05,Home,Cinema,Car,17.95,26.9,3446.4,Local
2004-06-05,Cinema,Shopping Centre,Bus,4.87,11.7,511.4,Local
2004-06-06,Home,Grandparents' House,Car,16.04,24.1,3079.7,Local
2004-06-14,Home,Grandparents' House,Car,6.02,9.0,1155.8,Local
2004-06-17,Home,Park,Car,18.34,27.5,3521.3,Local
2004-06-22,Home,Park,Bus,18.59,44.6,1952.0,Local
2004-06-25,Home,Shopping Centre,Walk,12.49,149.9,0.0,Local
2004-06-26,Home,Grandparents' House,Car,18.45,27.7,3542.4,Local
2004-06-27,Home,Park,Car,9.99,15.0,1918.1,Local
2004-07-02,Home,Shopping Centre,Car,15.82,23.7,3037.4,Local
2004-07-06,Home,Park,Car,11.92,17.9,2288.6,Local
2004-07-09,Home,Shopping Centre,Car,10.02,15.0,1923.8,Local
2004-07-10,Home,Shopping Centre,Walk,12.22,146.6,0.0,Local
2004-07-11,Grandparents' House,Cinema,Car,5.33,8.0,1023.4,Local
2004-07-11,Home,Grandparents' House,Car,19.24,28.9,3694.1,Local
2004-07-12,Home,Shopping Centre,Walk,15.11,181.3,0.0,Local
2004-07-13,Home,Shopping Centre,Car,16.71,25.1,3208.3,Local
2004-07-16,Home,Park,Walk,7.85,94.2,0.0,Local
2004-07-24,Home,Grandparents' House,Walk,15.29,183.5,0.0,Local
2004-07-29,Home,Park,Car,19.83,29.7,3807.4,Local
2004-08-03,Home,Park,Car,19.64,29.5,3770.9,Local
2004-08-04,Home,Park,Bus,19.18,46.0,2013.9,Local
2004-08-05,Home,Grandparents' House,Bus,11.3,27.1,1186.5,Local
2004-08-06,Home,Grandparents' House,Car,14.9,22.4,2860.8,Local
2004-08-07,Home,Grandparents' House,Walk,15.17,182.0,0.0,Local
2004-08-07,Grandparents' House,Home,Car,6.68,10.0,1282.6,Local
2004-08-08,Home,Cinema,Car,8.45,12.7,1622.4,Local
2004-08-10,Home,Cinema,Bus,19.48,46.8,2045.4,Local
2004-08-11,Home,Cinema,Car,16.77,25.2,3219.8,Local
2004-08-13,Home,Shopping Centre,Car,8.86,13.3,1701.1,Local
2004-08-17,Home,Cinema,Car,17.17,25.8,3296.6,Local
2004-08-18,Home,Park,Car,16.62,24.9,3191.0,Local
2004-08-19,Home,Cinema,Bus,8.72,20.9,915.6,Local
2004-08-20,Home,Shopping Centre,Walk,16.67,200.0,0.0,Local
2004-08-24,Home,Grandparents' House,Car,18.94,28.4,3636.5,Local
2004-08-24,Grandparents' House,Shopping Centre,Car,7.74,11.6,1486.1,Local
2004-08-25,Home,Shopping Centre,Car,7.62,11.4,1463.0,Local
2004-08-27,Home,Park,Car,16.88,25.3,3241.0,Local
2004-08-29,Home,Cinema,Bus,16.12,38.7,1692.6,Local
2004-08-30,Home,Park,Car,6.43,9.6,1234.6,Local
2004-08-31,Grandparents' House,Home,Car,14.65,22.0,2812.8,Local
2004-08-31,Home,Grandparents' House,Bus,16.37,39.3,1718.9,Local
2004-09-02,Home,Park,Car,6.69,10.0,1284.5,Local
2004-09-03,Home,Park,Car,6.0,9.0,1152.0,Local
2004-09-07,Home,Cinema,Car,5.09,7.6,977.3,Local
2004-09-08,Home,Grandparents' House,Car,13.57,20.4,2605.4,Local
2004-09-11,Home,Shopping Centre,Car,15.22,22.8,2922.2,Local
2004-09-12,Home,Grandparents' House,Car,14.08,21.1,2703.4,Local
2004-09-15,Home,Cinema,Bus,10.41,25.0,1093.0,Local
2004-09-16,Home,Cinema,Bus,16.78,40.3,1761.9,Local
2004-09-18,Home,Shopping Centre,Car,19.54,29.3,3751.7,Local
2004-09-19,Home,Cinema,Car,7.42,11.1,1424.6,Local
2004-09-20,Home,Park,Car,19.06,28.6,3659.5,Local
2004-09-23,Home,Shopping Centre,Car,7.51,11.3,1441.9,Local
2004-09-23,Shopping Centre,Cinema,Car,1.82,2.7,349.4,Local
2004-09-24,Home,Cinema,Car,16.96,25.4,3256.3,Local
2004-09-26,Home,Park,Car,19.33,29.0,3711.4,Local
2004-10-01,Home,Cinema,Bus,9.62,23.1,1010.1,Local
2004-10-04,Home,Grandparents' House,Car,10.64,16.0,2042.9,Local
2004-10-05,Home,Grandparents' House,Car,19.12,28.7,3671.0,Local
2004-10-06,Home,Park,Car,18.66,28.0,3582.7,Local
2004-10-07,Home,Park,Car,5.43,8.1,1042.6,Local
2004-10-12,Home,Grandparents' House,Bus,13.47,32.3,1414.4,Local
2004-10-14,Home,Park,Bus,9.72,23.3,1020.6,Local
2004-10-15,Home,Shopping Centre,Walk,14.12,169.4,0.0,Local
2004-10-15,Shopping Centre,Park,Car,3.99,6.0,766.1,Local
2004-10-16,Home,Cinema,Car,12.26,18.4,2353.9,Local
2004-10-19,Home,Park,Car,9.13,13.7,1753.0,Local
2004-10-23,Home,Shopping Centre,Bus,19.22,46.1,2018.1,Local
2004-10-24,Home,Cinema,Car,6.91,10.4,1326.7,Local
2004-10-29,Home,Shopping Centre,Car,14.83,22.2,2847.4,Local
2004-11-02,Home,Shopping Centre,Car,6.3,9.4,1209.6,Local
2004-11-04,Home,Grandparents' House,Car,10.51,15.8,2017.9,Local
2004-11-07,Home,Park,Car,9.33,14.0,1791.4,Local
2004-11-14,Home,Grandparents' House,Car,9.46,14.2,1816.3,Local
2004-11-18,Home,Park,Car,19.55,29.3,3753.6,Local
2004-11-20,Home,Grandparents' House,Bus,14.97,35.9,1571.9,Local
2004-11-20,Grandparents' House,Cinema,Car,3.24,4.9,622.1,Local
2004-11-21,Home,Park,Walk,8.39,100.7,0.0,Local
2004-11-24,Home,Cinema,Car,12.07,18.1,2317.4,Local
2004-11-24,Cinema,Park,Car,2.41,3.6,462.7,Local
2004-11-25,Home,Shopping Centre,Car,5.2,7.8,998.4,Local
2004-11-27,Home,Park,Bus,15.95,38.3,1674.8,Local
2004-11-30,Home,Cinema,Walk,19.33,232.0,0.0,Local
2004-12-01,Cinema,Grandparents' House,Car,1.51,2.3,289.9,Local
2004-12-01,Home,Cinema,Car,19.35,29.0,3715.2,Local
2004-12-02,Home,Cinema,Bus,17.19,41.3,1805.0,Local
2004-12-03,Home,Grandparents' House,Car,11.1,16.6,2131.2,Local
2004-12-05,Home,Park,Bus,6.2,14.9,651.0,Local
2004-12-06,Home,Grandparents' House,Bus,7.83,18.8,822.1,Local
2004-12-06,Grandparents' House,Park,Car,6.2,9.3,1190.4,Local
2004-12-17,Home,Cinema,Car,15.74,23.6,3022.1,Local
2004-12-18,Shopping Centre,Cinema,Car,0.97,1.5,186.2,Local
2004-12-18,Home,Shopping Centre,Car,17.21,25.8,3304.3,Local
2004-12-26,Home,Grandparents' House,Car,15.37,23.1,2951.0,Local
2004-12-27,Home,Shopping Centre,Walk,12.78,153.4,0.0,Local
2004-12-28,Home,Cinema,Walk,8.12,97.4,0.0,Local
2005-01-03,Home,Cinema,Car,11.21,16.8,2152.3,Local
2005-01-03,Cinema,Shopping Centre,Car,5.68,8.5,1090.6,Local
2005-01-04,Home,Shopping Centre,Bus,14.66,35.2,1539.3,Local
2005-01-05,Home,Shopping Centre,Car,15.31,23.0,2939.5,Local
2005-01-06,Home,Grandparents' House,Car,10.77,16.2,2067.8,Local
2005-01-12,Home,Park,Car,16.26,24.4,3121.9,Local
2005-01-13,Home,Park,Car,17.03,25.5,3269.8,Local
2005-01-14,Home,Shopping Centre,Walk,10.1,121.2,0.0,Local
2005-01-16,Home,Grandparents' House,Car,15.43,23.1,2962.6,Local
2005-01-19,Home,Shopping Centre,Walk,7.36,88.3,0.0,Local
2005-01-19,Shopping Centre,Home,Car,15.22,22.8,2922.2,Local
2005-01-25,Home,Cinema,Car,19.87,29.8,3815.0,Local
2005-01-27,Home,Cinema,Walk,18.14,217.7,0.0,Local
2005-01-27,Cinema,Park,Bus,5.14,12.3,539.7,Local
2005-01-29,Home,Cinema,Bus,18.11,43.5,1901.5,Local
2005-01-31,Home,Shopping Centre,Car,14.91,22.4,2862.7,Local
2005-01-31,Shopping Centre,Park,Car,7.83,11.7,1503.4,Local
2005-02-01,Home,Cinema,Car,12.25,18.4,2352.0,Local
2005-02-02,Home,Grandparents' House,Car,10.11,15.2,1941.1,Local
2005-02-02,Grandparents' House,Shopping Centre,Car,7.72,11.6,1482.2,Local
2005-02-05,Home,Grandparents' House,Car,17.49,26.2,3358.1,Local
2005-02-09,Home,Park,Car,12.9,19.4,2476.8,Local
2005-02-10,Home,Shopping Centre,Car,6.86,10.3,1317.1,Local
2005-02-10,Shopping Centre,Cinema,Car,3.13,4.7,601.0,Local
2005-02-14,Home,Grandparents' House,Car,7.52,11.3,1443.8,Local
2005-02-17,Home,Park,Car,11.42,17.1,2192.6,Local
2005-02-21,Home,Grandparents' House,Car,9.32,14.0,1789.4,Local
2005-02-22,Home,Shopping Centre,Car,5.13,7.7,985.0,Local
2005-02-26,Home,Cinema,Car,17.33,26.0,3327.4,Local
2005-02-28,Home,Shopping Centre,Bus,8.47,20.3,889.4,Local
2005-03-05,Home,Park,Bus,11.97,28.7,1256.9,Local
2005-03-05,Park,Cinema,Walk,3.68,44.2,0.0,Local
2005-03-08,Home,Cinema,Car,17.81,26.7,3419.5,Local
2005-03-13,Home,Shopping Centre,Car,6.98,10.5,1340.2,Local
2005-03-14,Home,Shopping Centre,Bus,8.0,19.2,840.0,Local
2005-03-17,Home,Park,Car,16.98,25.5,3260.2,Local
2005-03-17,Park,Grandparents' House,Bus,1.24,3.0,130.2,Local
2005-03-19,Home,Shopping Centre,Car,12.56,18.8,2411.5,Local
2005-03-21,Home,Shopping Centre,Walk,17.7,212.4,0.0,Local
2005-03-28,Home,Grandparents' House,Car,13.6,20.4,2611.2,Local
2005-03-28,Grandparents' House,Home,Bus,14.64,35.1,1537.2,Local
2005-03-29,Grandparents' House,Cinema,Walk,5.57,66.8,0.0,Local
2005-03-29,Home,Grandparents' House,Walk,12.39,148.7,0.0,Local
2005-03-31,Home,Cinema,Car,11.74,17.6,2254.1,Local
2005-03-31,Cinema,Home,Car,13.36,20.0,2565.1,Local
2005-04-06,Home,Shopping Centre,Car,11.48,17.2,2204.2,Local
2005-04-06,Shopping Centre,Park,Car,4.11,6.2,789.1,Local
2005-04-08,Home,Shopping Centre,Walk,17.43,209.2,0.0,Local
2005-04-09,Home,Shopping Centre,Bus,11.77,28.2,1235.8,Local
2005-04-11,Home,Shopping Centre,Car,14.48,21.7,2780.2,Local
2005-04-12,Home,Cinema,Bus,8.13,19.5,853.7,Local
2005-04-13,Grandparents' House,Park,Car,5.39,8.1,1034.9,Local
2005-04-13,Home,Grandparents' House,Car,16.55,24.8,3177.6,Local
2005-04-14,Home,Cinema,Bus,10.52,25.2,1104.6,Local
2005-04-15,Home,Shopping Centre,Car,17.22,25.8,3306.2,Local
2005-04-15,Shopping Centre,Grandparents' House,Bus,5.81,13.9,610.0,Local
2005-04-19,Home,Park,Car,15.93,23.9,3058.6,Local
2005-04-19,Park,Home,Car,9.53,14.3,1829.8,Local
2005-04-26,Home,Grandparents' House,Car,12.38,18.6,2377.0,Local
2005-04-28,Home,Cinema,Bus,19.14,45.9,2009.7,Local
2005-05-01,Park,Home,Car,10.56,15.8,2027.5,Local
2005-05-01,Home,Park,Car,12.57,18.9,2413.4,Local
2005-05-03,Home,Cinema,Car,15.83,23.7,3039.4,Local
2005-05-08,Home,Park,Car,13.94,20.9,2676.5,Local
2005-05-12,Home,Shopping Centre,Car,16.09,24.1,3089.3,Local
2005-05-13,Home,Shopping Centre,Car,8.63,12.9,1657.0,Local
2005-05-15,Home,Park,Car,10.23,15.3,1964.2,Local
2005-05-16,Home,Park,Walk,11.4,136.8,0.0,Local
2005-05-17,Home,Shopping Centre,Car,17.01,25.5,3265.9,Local
2005-05-18,Home,Grandparents' House,Walk,9.22,110.6,0.0,Local
2005-05-19,Shopping Centre,Park,Car,4.58,6.9,879.4,Local
2005-05-19,Home,Shopping Centre,Walk,15.96,191.5,0.0,Local
2005-05-22,Home,Shopping Centre,Car,13.72,20.6,2634.2,Local
2005-05-24,Home,Cinema,Car,16.04,24.1,3079.7,Local
2005-05-24,Cinema,Park,Walk,1.38,16.6,0.0,Local
2005-05-25,Home,Park,Bus,11.55,27.7,1212.8,Local
2005-05-25,Park,Cinema,Car,3.85,5.8,739.2,Local
2005-05-28,Home,Grandparents' House,Car,13.18,19.8,2530.6,Local
2005-06-02,Park,Home,Bus,12.55,30.1,1317.8,Local
2005-06-02,Home,Park,Car,7.6,11.4,1459.2,Local
2005-06-07,Home,Park,Car,8.9,13.3,1708.8,Local
2005-06-08,Home,Cinema,Walk,6.02,72.2,0.0,Local
2005-06-08,Cinema,Home,Bus,8.53,20.5,895.6,Local
2005-06-15,Home,Grandparents' House,Car,18.6,27.9,3571.2,Local
2005-06-20,Home,Park,Car,12.32,18.5,2365.4,Local
2005-06-21,Home,Cinema,Car,11.13,16.7,2137.0,Local
2005-06-25,Home,Cinema,Car,10.98,16.5,2108.2,Local
2005-06-27,Home,Grandparents' House,Bus,12.09,29.0,1269.5,Local
2005-07-01,Home,Park,Car,5.28,7.9,1013.8,Local
2005-07-03,Home,Shopping Centre,Car,14.0,21.0,2688.0,Local
2005-07-04,Home,Shopping Centre,Bus,6.66,16.0,699.3,Local
2005-07-04,Shopping Centre,Park,Car,2.66,4.0,510.7,Local
2005-07-05,Home,Grandparents' House,Car,8.14,12.2,1562.9,Local
2005-07-09,Home,Cinema,Car,19.8,29.7,3801.6,Local
2005-07-10,Home,Grandparents' House,Car,19.13,28.7,3673.0,Local
2005-07-13,Home,Grandparents' House,Bus,9.16,22.0,961.8,Local
2005-07-16,Shopping Centre,Grandparents' House,Car,4.78,7.2,917.8,Local
2005-07-16,Home,Shopping Centre,Walk,5.78,69.4,0.0,Local
2005-07-19,Home,Park,Car,8.37,12.6,1607.0,Local
2005-07-24,Home,Cinema,Car,13.45,20.2,2582.4,Local
2005-07-27,Home,Park,Car,17.21,25.8,3304.3,Local
2005-07-29,Home,Park,Car,17.87,26.8,3431.0,Local
2005-07-31,Home,Park,Car,16.37,24.6,3143.0,Local
2005-07-31,Park,Cinema,Car,0.79,1.2,151.7,Local
2005-08-02,Home,Grandparents' House,Car,10.01,15.0,1921.9,Local
2005-08-06,Home,Grandparents' House,Car,10.92,16.4,2096.6,Local
2005-08-07,Home,Cinema,Bus,7.09,17.0,744.4,Local
2005-08-07,Cinema,Park,Car,6.52,9.8,1251.8,Local
2005-08-11,Home,Cinema,Car,12.61,18.9,2421.1,Local
2005-08-12,Home,Grandparents' House,Car,5.13,7.7,985.0,Local
2005-08-13,Home,Shopping Centre,Bus,14.29,34.3,1500.4,Local
2005-08-14,Home,Shopping Centre,Bus,14.36,34.5,1507.8,Local
2005-08-14,Shopping Centre,Grandparents' House,Bus,7.39,17.7,775.9,Local
2005-08-20,Home,Cinema,Car,15.95,23.9,3062.4,Local
2005-08-22,Home,Cinema,Car,9.27,13.9,1779.8,Local
2005-08-24,Home,Park,Car,8.79,13.2,1687.7,Local
2005-08-24,Park,Cinema,Car,1.44,2.2,276.5,Local
2005-08-27,Home,Shopping Centre,Car,17.12,25.7,3287.0,Local
2005-09-01,Home,Shopping Centre,Car,8.04,12.1,1543.7,Local
2005-09-03,Home,Park,Car,6.2,9.3,1190.4,Local
2005-09-03,Park,Cinema,Bus,5.44,13.1,571.2,Local
2005-09-04,Home,Cinema,Car,9.56,14.3,1835.5,Local
2005-09-05,Grandparents' House,Home,Car,11.2,16.8,2150.4,Local
2005-09-05,Home,Grandparents' House,Car,15.84,23.8,3041.3,Local
2005-09-11,Home,Park,Car,17.12,25.7,3287.0,Local
2005-09-12,Home,Shopping Centre,Car,5.39,8.1,1034.9,Local
2005-09-13,Home,Cinema,Car,10.58,15.9,2031.4,Local
2005-09-17,Home,Park,Car,6.83,10.2,1311.4,Local
2005-09-18,Home,Cinema,Car,13.78,20.7,2645.8,Local
2005-09-20,Home,Shopping Centre,Car,6.24,9.4,1198.1,Local
2005-09-24,Home,Park,Car,10.72,16.1,2058.2,Local
2005-09-29,Home,Park,Car,18.71,28.1,3592.3,Local
2005-10-02,Shopping Centre,Cinema,Car,1.39,2.1,266.9,Local
2005-10-02,Home,Shopping Centre,Bus,19.94,47.9,2093.7,Local
2005-10-03,Home,Shopping Centre,Car,14.44,21.7,2772.5,Local
2005-10-04,Home,Shopping Centre,Car,15.2,22.8,2918.4,Local
2005-10-13,Home,Shopping Centre,Car,17.71,26.6,3400.3,Local
2005-10-13,Shopping Centre,Cinema,Bus,4.56,10.9,478.8,Local
2005-10-14,Home,Grandparents' House,Car,5.13,7.7,985.0,Local
2005-10-16,Home,Park,Car,5.57,8.4,1069.4,Local
2005-10-17,Home,Shopping Centre,Car,11.95,17.9,2294.4,Local
2005-10-19,Home,Park,Car,17.62,26.4,3383.0,Local
2005-10-23,Home,Cinema,Car,12.0,18.0,2304.0,Local
2005-10-25,Home,Grandparents' House,Car,12.52,18.8,2403.8,Local
2005-10-26,Home,Park,Car,9.46,14.2,1816.3,Local
2005-10-30,Home,Cinema,Car,16.55,24.8,3177.6,Local
2005-11-04,Home,Cinema,Car,16.78,25.2,3221.8,Local
2005-11-04,Cinema,Park,Walk,5.63,67.6,0.0,Local
2005-11-09,Home,Shopping Centre,Car,13.43,20.1,2578.6,Local
2005-11-10,Home,Shopping Centre,Car,19.1,28.7,3667.2,Local
2005-11-11,Home,Park,Car,18.37,27.6,3527.0,Local
2005-11-14,Park,Cinema,Bus,1.96,4.7,205.8,Local
2005-11-14,Home,Park,Bus,12.4,29.8,1302.0,Local
2005-11-16,Home,Park,Bus,14.57,35.0,1529.9,Local
2005-11-19,Home,Grandparents' House,Car,6.84,10.3,1313.3,Local
2005-11-21,Home,Park,Car,15.35,23.0,2947.2,Local
2005-11-22,Home,Park,Car,19.34,29.0,3713.3,Local
2005-11-26,Home,Cinema,Bus,8.13,19.5,853.7,Local
2005-11-27,Home,Cinema,Bus,6.8,16.3,714.0,Local
2005-11-28,Home,Shopping Centre,Car,12.0,18.0,2304.0,Local
2005-11-29,Home,Shopping Centre,Car,6.24,9.4,1198.1,Local
2005-12-01,Home,Grandparents' House,Bus,17.09,41.0,1794.5,Local
2005-12-02,Home,Cinema,Car,9.94,14.9,1908.5,Local
2005-12-03,Home,Park,Car,16.41,24.6,3150.7,Local
2005-12-08,Home,Shopping Centre,Bus,14.13,33.9,1483.7,Local
2005-12-08,Shopping Centre,Grandparents' House,Car,5.34,8.0,1025.3,Local
2005-12-10,Home,Shopping Centre,Bus,13.89,33.3,1458.5,Local
2005-12-10,Shopping Centre,Park,Car,7.19,10.8,1380.5,Local
2005-12-12,Home,Shopping Centre,Car,9.99,15.0,1918.1,Local
2005-12-14,Home,Shopping Centre,Walk,11.36,136.3,0.0,Local
2005-12-15,Home,Grandparents' House,Car,18.72,28.1,3594.2,Local
2005-12-16,Home,Park,Bus,15.18,36.4,1593.9,Local
2005-12-17,Home,Shopping Centre,Car,5.14,7.7,986.9,Local
2005-12-20,Home,Grandparents' House,Car,18.76,28.1,3601.9,Local
2005-12-27,Home,Cinema,Car,8.25,12.4,1584.0,Local
2005-12-28,Home,Shopping Centre,Walk,11.99,143.9,0.0,Local
2005-12-29,Home,Shopping Centre,Car,11.75,17.6,2256.0,Local
2005-12-30,Home,Shopping Centre,Bus,7.21,17.3,757.0,Local
2006-01-03,Home,Grandparents' House,Car,17.2,25.8,3302.4,Local
2006-01-05,Home,Shopping Centre,Car,8.23,12.3,1580.2,Local
2006-01-09,Home,Shopping Centre,Car,10.96,16.4,2104.3,Local
2006-01-09,Shopping Centre,Park,Car,5.41,8.1,1038.7,Local
2006-01-12,Home,Shopping Centre,Bus,6.16,14.8,646.8,Local
2006-01-14,Home,Grandparents' House,Car,8.05,12.1,1545.6,Local
2006-01-15,Home,Cinema,Car,7.75,11.6,1488.0,Local
2006-01-16,Home,Cinema,Walk,6.93,83.2,0.0,Local
2006-01-19,Home,Grandparents' House,Car,13.25,19.9,2544.0,Local
2006-01-20,Home,Cinema,Bus,5.23,12.6,549.2,Local
2006-01-20,Cinema,Shopping Centre,Bus,4.13,9.9,433.6,Local
2006-01-25,Home,Park,Car,17.24,25.9,3310.1,Local
2006-01-26,Home,Shopping Centre,Walk,17.94,215.3,0.0,Local
2006-01-28,Home,Shopping Centre,Car,10.49,15.7,2014.1,Local
2006-01-30,Home,Shopping Centre,Bus,6.82,16.4,716.1,Local
2006-01-30,Shopping Centre,Cinema,Bus,4.09,9.8,429.4,Local
2006-02-02,Home,Park,Car,10.39,15.6,1994.9,Local
2006-02-03,Home,Park,Walk,18.41,220.9,0.0,Local
2006-02-05,Home,Park,Car,12.83,19.2,2463.4,Local
2006-02-07,Home,Park,Car,15.78,23.7,3029.8,Local
2006-02-08,Home,Park,Car,11.94,17.9,2292.5,Local
2006-02-08,Park,Grandparents' House,Car,5.59,8.4,1073.3,Local
2006-02-15,Home,Shopping Centre,Car,15.21,22.8,2920.3,Local
2006-02-15,Shopping Centre,Park,Bus,1.93,4.6,202.7,Local
2006-02-20,Home,Cinema,Bus,16.87,40.5,1771.4,Local
2006-02-23,Home,Shopping Centre,Car,8.57,12.9,1645.4,Local
2006-02-25,Home,Shopping Centre,Car,13.23,19.8,2540.2,Local
2006-02-27,Home,Grandparents' House,Car,8.5,12.8,1632.0,Local
2006-03-01,Home,Cinema,Bus,12.72,30.5,1335.6,Local
2006-03-01,Cinema,Shopping Centre,Bus,0.84,2.0,88.2,Local
2006-03-03,Home,Shopping Centre,Car,7.69,11.5,1476.5,Local
2006-03-04,Home,Cinema,Car,8.37,12.6,1607.0,Local
2006-03-05,Home,Park,Car,5.11,7.7,981.1,Local
2006-03-05,Park,Grandparents' House,Car,2.3,3.4,441.6,Local
2006-03-06,Park,Grandparents' House,Car,3.82,5.7,733.4,Local
2006-03-06,Home,Park,Car,5.26,7.9,1009.9,Local
2006-03-09,Home,Park,Car,5.71,8.6,1096.3,Local
2006-03-11,Home,Shopping Centre,Car,9.19,13.8,1764.5,Local
2006-03-13,Home,Park,Car,17.71,26.6,3400.3,Local
2006-03-16,Home,Grandparents' House,Car,17.03,25.5,3269.8,Local
2006-03-19,Home,Shopping Centre,Car,6.43,9.6,1234.6,Local
2006-03-22,Home,Shopping Centre,Car,5.58,8.4,1071.4,Local
2006-03-26,Cinema,Park,Car,5.16,7.7,990.7,Local
2006-03-26,Home,Cinema,Car,7.51,11.3,1441.9,Local
2006-03-27,Grandparents' House,Shopping Centre,Car,4.73,7.1,908.2,Local
2006-03-27,Home,Grandparents' House,Car,10.45,15.7,2006.4,Local
2006-03-28,Home,Cinema,Walk,14.94,179.3,0.0,Local
2006-03-28,Cinema,Grandparents' House,Car,3.86,5.8,741.1,Local
2006-03-29,Home,Grandparents' House,Car,13.47,20.2,2586.2,Local
2006-04-01,Home,Shopping Centre,Walk,12.4,148.8,0.0,Local
2006-04-07,Home,Park,Car,13.75,20.6,2640.0,Local
2006-04-09,Home,Grandparents' House,Walk,14.46,173.5,0.0,Local
2006-04-09,Grandparents' House,Cinema,Walk,6.55,78.6,0.0,Local
2006-04-10,Home,Cinema,Car,16.67,25.0,3200.6,Local
2006-04-13,Home,Park,Car,18.37,27.6,3527.0,Local
2006-04-14,Home,Park,Bus,19.05,45.7,2000.2,Local
2006-04-15,Home,Grandparents' House,Car,16.47,24.7,3162.2,Local
2006-04-15,Grandparents' House,Park,Car,5.14,7.7,986.9,Local
2006-04-16,Home,Cinema,Bus,17.61,42.3,1849.0,Local
2006-04-22,Home,Park,Car,15.99,24.0,3070.1,Local
2006-04-22,Park,Home,Car,12.47,18.7,2394.2,Local
2006-04-23,Home,Grandparents' House,Car,14.42,21.6,2768.6,Local
2006-05-02,Home,Park,Car,16.18,24.3,3106.6,Local
2006-05-04,Home,Park,Car,19.97,30.0,3834.2,Local
2006-05-05,Shopping Centre,Cinema,Car,4.76,7.1,913.9,Local
2006-05-05,Home,Shopping Centre,Car,14.47,21.7,2778.2,Local
2006-05-09,Home,Cinema,Car,13.33,20.0,2559.4,Local
2006-05-12,Home,Park,Bus,6.27,15.0,658.3,Local
2006-05-12,Park,Home,Walk,7.6,91.2,0.0,Local
2006-05-14,Home,Cinema,Car,11.48,17.2,2204.2,Local
2006-05-14,Cinema,Home,Car,10.41,15.6,1998.7,Local
2006-05-16,Home,Grandparents' House,Bus,19.05,45.7,2000.2,Local
2006-05-18,Shopping Centre,Cinema,Bus,1.73,4.2,181.7,Local
2006-05-18,Home,Shopping Centre,Car,13.46,20.2,2584.3,Local
2006-05-22,Home,Park,Bus,10.08,24.2,1058.4,Local
2006-05-24,Home,Grandparents' House,Car,16.78,25.2,3221.8,Local
2006-05-25,Home,Park,Bus,7.65,18.4,803.2,Local
2006-05-25,Park,Cinema,Car,1.0,1.5,192.0,Local
2006-05-28,Home,Cinema,Car,11.67,17.5,2240.6,Local
2006-05-30,Park,Grandparents' House,Car,3.88,5.8,745.0,Local
2006-05-30,Home,Park,Car,19.37,29.1,3719.0,Local
2006-06-03,Home,Cinema,Car,8.27,12.4,1587.8,Local
2006-06-04,Home,Grandparents' House,Car,15.33,23.0,2943.4,Local
2006-06-09,Home,Shopping Centre,Car,13.86,20.8,2661.1,Local
2006-06-12,Home,Cinema,Car,12.54,18.8,2407.7,Local
2006-06-16,Home,Grandparents' House,Car,10.8,16.2,2073.6,Local
2006-06-19,Home,Shopping Centre,Car,13.52,20.3,2595.8,Local
2006-06-20,Home,Shopping Centre,Car,12.86,19.3,2469.1,Local
2006-06-20,Shopping Centre,Grandparents' House,Car,1.35,2.0,259.2,Local
2006-06-22,Home,Park,Car,5.83,8.7,1119.4,Local
2006-06-23,Home,Cinema,Walk,6.69,80.3,0.0,Local
2006-06-24,Home,Grandparents' House,Car,17.91,26.9,3438.7,Local
2006-06-25,Home,Grandparents' House,Walk,9.56,114.7,0.0,Local
2006-06-27,Home,Park,Bus,7.56,18.1,793.8,Local
2006-07-02,Home,Park,Walk,5.49,65.9,0.0,Local
2006-07-03,Home,Cinema,Car,8.89,13.3,1706.9,Local
2006-07-03,Cinema,Grandparents' House,Car,2.92,4.4,560.6,Local
2006-07-05,Home,Grandparents' House,Car,18.66,28.0,3582.7,Local
2006-07-05,Grandparents' House,Home,Walk,9.17,110.0,0.0,Local
2006-07-07,Home,Cinema,Bus,17.52,42.0,1839.6,Local
2006-07-09,Shopping Centre,Home,Bus,12.67,30.4,1330.3,Local
2006-07-09,Home,Shopping Centre,Car,17.39,26.1,3338.9,Local
2006-07-10,Home,Shopping Centre,Bus,16.52,39.6,1734.6,Local
2006-07-14,Home,Shopping Centre,Car,5.48,8.2,1052.2,Local
2006-07-15,Home,Park,Car,13.61,20.4,2613.1,Local
2006-07-15,Park,Grandparents' House,Car,4.19,6.3,804.5,Local
2006-07-19,Home,Cinema,Walk,13.94,167.3,0.0,Local
2006-07-19,Cinema,Grandparents' House,Car,4.37,6.6,839.0,Local
2006-07-22,Home,Shopping Centre,Bus,7.0,16.8,735.0,Local
2006-07-22,Shopping Centre,Grandparents' House,Bus,6.42,15.4,674.1,Local
2006-07-24,Home,Cinema,Car,18.1,27.2,3475.2,Local
2006-07-27,Home,Grandparents' House,Walk,13.2,158.4,0.0,Local
2006-07-27,Grandparents' House,Home,Bus,6.71,16.1,704.5,Local
2006-07-28,Home,Grandparents' House,Car,12.48,18.7,2396.2,Local
2006-07-28,Grandparents' House,Shopping Centre,Car,2.79,4.2,535.7,Local
2006-07-30,Home,Grandparents' House,Car,8.97,13.5,1722.2,Local
2006-08-01,Home,Cinema,Car,6.24,9.4,1198.1,Local
2006-08-01,Cinema,Home,Car,18.39,27.6,3530.9,Local
2006-08-06,Home,Shopping Centre,Car,7.75,11.6,1488.0,Local
2006-08-07,Home,Grandparents' House,Car,16.23,24.3,3116.2,Local
2006-08-08,Home,Cinema,Car,8.05,12.1,1545.6,Local
2006-08-09,Home,Cinema,Car,15.46,23.2,2968.3,Local
2006-08-09,Cinema,Home,Car,6.21,9.3,1192.3,Local
2006-08-12,Home,Shopping Centre,Car,8.81,13.2,1691.5,Local
2006-08-14,Home,Grandparents' House,Car,17.02,25.5,3267.8,Local
2006-08-17,Home,Park,Car,19.56,29.3,3755.5,Local
2006-08-18,Home,Cinema,Car,6.09,9.1,1169.3,Local
2006-08-20,Home,Park,Bus,5.89,14.1,618.4,Local
2006-08-22,Home,Park,Car,11.28,16.9,2165.8,Local
2006-08-24,Home,Cinema,Car,11.47,17.2,2202.2,Local
2006-08-25,Home,Shopping Centre,Car,15.12,22.7,2903.0,Local
2006-08-28,Home,Cinema,Car,10.72,16.1,2058.2,Local
2006-09-05,Home,Park,Car,7.94,11.9,1524.5,Local
2006-09-06,Home,Park,Walk,18.71,224.5,0.0,Local
2006-09-08,Home,Cinema,Car,17.21,25.8,3304.3,Local
2006-09-14,Home,Grandparents' House,Bus,12.74,30.6,1337.7,Local
2006-09-15,Home,Shopping Centre,Bus,15.13,36.3,1588.7,Local
2006-09-17,Home,Cinema,Car,15.84,23.8,3041.3,Local
2006-09-20,Home,Grandparents' House,Car,5.63,8.4,1081.0,Local
2006-09-21,Home,Cinema,Bus,13.14,31.5,1379.7,Local
2006-09-23,Home,Grandparents' House,Bus,13.98,33.6,1467.9,Local
2006-09-25,Home,Grandparents' House,Car,9.53,14.3,1829.8,Local
2006-09-25,Grandparents' House,Home,Bus,8.44,20.3,886.2,Local
2006-09-28,Home,Shopping Centre,Car,18.81,28.2,3611.5,Local
2006-09-29,Home,Grandparents' House,Car,13.64,20.5,2618.9,Local
2006-10-05,Home,Shopping Centre,Car,14.53,21.8,2789.8,Local
2006-10-08,Home,Shopping Centre,Car,19.63,29.4,3769.0,Local
2006-10-08,Shopping Centre,Park,Car,6.11,9.2,1173.1,Local
2006-10-10,Home,Park,Walk,10.66,127.9,0.0,Local
2006-10-16,Home,Grandparents' House,Car,9.47,14.2,1818.2,Local
2006-10-17,Home,Cinema,Car,12.57,18.9,2413.4,Local
2006-10-18,Home,Cinema,Bus,12.32,29.6,1293.6,Local
2006-10-24,Home,Cinema,Bus,19.56,46.9,2053.8,Local
2006-10-25,Home,Shopping Centre,Bus,6.52,15.6,684.6,Local
2006-10-27,Home,Grandparents' House,Bus,19.94,47.9,2093.7,Local
2006-10-31,Home,Grandparents' House,Car,16.35,24.5,3139.2,Local
2006-11-06,Home,Cinema,Car,15.98,24.0,3068.2,Local
2006-11-08,Home,Shopping Centre,Bus,8.7,20.9,913.5,Local
2006-11-13,Home,Shopping Centre,Car,19.65,29.5,3772.8,Local
2006-11-16,Home,Grandparents' House,Car,19.84,29.8,3809.3,Local
2006-11-22,Home,Grandparents' House,Car,19.63,29.4,3769.0,Local
2006-11-28,Home,Cinema,Car,6.89,10.3,1322.9,Local
2006-11-28,Cinema,Shopping Centre,Car,1.52,2.3,291.8,Local
2006-11-29,Home,Park,Car,17.2,25.8,3302.4,Local
2006-12-01,Home,Park,Bus,19.97,47.9,2096.8,Local
2006-12-01,Park,Shopping Centre,Car,5.03,7.5,965.8,Local
2006-12-02,Home,Grandparents' House,Car,18.26,27.4,3505.9,Local
2006-12-05,Home,Park,Car,11.81,17.7,2267.5,Local
2006-12-08,Home,Park,Car,12.7,19.1,2438.4,Local
2006-12-09,Home,Park,Car,15.79,23.7,3031.7,Local
2006-12-12,Home,Cinema,Car,10.44,15.7,2004.5,Local
2006-12-15,Home,Grandparents' House,Bus,10.7,25.7,1123.5,Local
2006-12-23,Home,Park,Car,12.08,18.1,2319.4,Local
2006-12-24,Home,Shopping Centre,Walk,7.18,86.2,0.0,Local
2006-12-25,Home,Cinema,Car,17.95,26.9,3446.4,Local
2006-12-27,Home,Park,Car,15.05,22.6,2889.6,Local
2006-12-28,Home,Park,Car,10.31,15.5,1979.5,Local
2006-12-31,Home,Shopping Centre,Bus,8.75,21.0,918.8,Local
2006-12-31,Shopping Centre,Grandparents' House,Bus,0.69,1.7,72.4,Local
2007-01-02,Home,Cinema,Walk,12.36,148.3,0.0,Local
2007-01-05,Home,Shopping Centre,Walk,5.52,66.2,0.0,Local
2007-01-06,Home,Park,Car,17.21,25.8,3304.3,Local
2007-01-11,Home,Shopping Centre,Car,8.34,12.5,1601.3,Local
2007-01-13,Home,Cinema,Bus,11.48,27.6,1205.4,Local
2007-01-13,Cinema,Park,Car,5.14,7.7,986.9,Local
2007-01-15,Home,Cinema,Car,6.71,10.1,1288.3,Local
2007-01-18,Home,Grandparents' House,Car,18.81,28.2,3611.5,Local
2007-01-24,Home,Shopping Centre,Walk,11.45,137.4,0.0,Local
2007-01-28,Home,Cinema,Car,13.98,21.0,2684.2,Local
2007-01-30,Park,Cinema,Car,2.77,4.2,531.8,Local
2007-01-30,Home,Park,Bus,18.92,45.4,1986.6,Local
2007-02-02,Home,Grandparents' House,Bus,7.03,16.9,738.1,Local
2007-02-02,Grandparents' House,Home,Car,12.95,19.4,2486.4,Local
2007-02-06,Home,Grandparents' House,Bus,15.42,37.0,1619.1,Local
2007-02-08,Home,Park,Car,9.48,14.2,1820.2,Local
2007-02-11,Home,Shopping Centre,Walk,19.65,235.8,0.0,Local
2007-02-17,Home,Shopping Centre,Bus,13.35,32.0,1401.8,Local
2007-02-18,Shopping Centre,Grandparents' House,Car,4.87,7.3,935.0,Local
2007-02-18,Home,Shopping Centre,Car,15.61,23.4,2997.1,Local
2007-02-21,Home,Grandparents' House,Car,8.81,13.2,1691.5,Local
2007-02-22,Home,Park,Car,17.74,26.6,3406.1,Local
2007-02-22,Park,Home,Car,8.91,13.4,1710.7,Local
2007-02-23,Home,Shopping Centre,Car,6.96,10.4,1336.3,Local
2007-02-27,Home,Cinema,Car,10.8,16.2,2073.6,Local
2007-02-28,Home,Shopping Centre,Car,11.44,17.2,2196.5,Local
2007-02-28,Shopping Centre,Grandparents' House,Car,6.68,10.0,1282.6,Local
2007-03-02,Home,Grandparents' House,Bus,7.92,19.0,831.6,Local
2007-03-05,Home,Park,Walk,16.87,202.4,0.0,Local
2007-03-06,Home,Grandparents' House,Car,16.0,24.0,3072.0,Local
2007-03-07,Park,Cinema,Bus,1.92,4.6,201.6,Local
2007-03-07,Home,Park,Bus,18.71,44.9,1964.6,Local
2007-03-08,Home,Cinema,Car,19.67,29.5,3776.6,Local
2007-03-15,Home,Cinema,Car,11.27,16.9,2163.8,Local
2007-03-15,Cinema,Grandparents' House,Car,3.5,5.2,672.0,Local
2007-03-17,Home,Grandparents' House,Car,14.45,21.7,2774.4,Local
2007-03-18,Home,Cinema,Car,12.67,19.0,2432.6,Local
2007-03-23,Home,Grandparents' House,Car,7.78,11.7,1493.8,Local
2007-03-24,Home,Cinema,Car,16.38,24.6,3145.0,Local
2007-04-04,Home,Grandparents' House,Car,8.33,12.5,1599.4,Local
2007-04-07,Home,Shopping Centre,Walk,9.12,109.4,0.0,Local
2007-04-07,Shopping Centre,Park,Car,6.61,9.9,1269.1,Local
2007-04-09,Home,Cinema,Car,18.27,27.4,3507.8,Local
2007-04-09,Cinema,Shopping Centre,Car,1.64,2.5,314.9,Local
2007-04-10,Home,Shopping Centre,Bus,19.05,45.7,2000.2,Local
2007-04-11,Home,Grandparents' House,Car,18.2,27.3,3494.4,Local
2007-04-12,Cinema,Park,Car,3.33,5.0,639.4,Local
2007-04-12,Home,Cinema,Car,17.06,25.6,3275.5,Local
2007-04-17,Home,Park,Car,9.01,13.5,1729.9,Local
2007-04-17,Park,Home,Car,8.09,12.1,1553.3,Local
2007-04-18,Home,Shopping Centre,Bus,8.6,20.6,903.0,Local
2007-04-18,Shopping Centre,Cinema,Car,7.44,11.2,1428.5,Local
2007-04-19,Home,Shopping Centre,Car,14.24,21.4,2734.1,Local
2007-04-22,Home,Shopping Centre,Car,16.34,24.5,3137.3,Local
2007-04-23,Home,Grandparents' House,Car,16.87,25.3,3239.0,Local
2007-04-25,Home,Cinema,Bus,7.23,17.4,759.2,Local
2007-04-26,Home,Cinema,Car,9.64,14.5,1850.9,Local
2007-04-27,Home,Grandparents' House,Car,10.54,15.8,2023.7,Local
2007-05-01,Home,Shopping Centre,Bus,12.77,30.6,1340.8,Local
2007-05-02,Home,Cinema,Bus,18.65,44.8,1958.2,Local
2007-05-07,Home,Shopping Centre,Car,17.75,26.6,3408.0,Local
2007-05-07,Shopping Centre,Home,Car,15.74,23.6,3022.1,Local
2007-05-09,Park,Shopping Centre,Car,7.4,11.1,1420.8,Local
2007-05-09,Home,Park,Car,15.27,22.9,2931.8,Local
2007-05-13,Home,Cinema,Bus,9.33,22.4,979.6,Local
2007-05-18,Park,Cinema,Car,2.51,3.8,481.9,Local
2007-05-18,Home,Park,Walk,8.97,107.6,0.0,Local
2007-05-20,Home,Shopping Centre,Bus,17.72,42.5,1860.6,Local
2007-05-21,Home,Park,Car,19.21,28.8,3688.3,Local
2007-05-30,Home,Cinema,Bus,8.09,19.4,849.4,Local
2007-05-31,Home,Cinema,Car,10.96,16.4,2104.3,Local
2007-06-01,Home,Grandparents' House,Car,11.79,17.7,2263.7,Local
2007-06-02,Home,Grandparents' House,Car,17.88,26.8,3433.0,Local
2007-06-05,Home,Cinema,Car,12.83,19.2,2463.4,Local
2007-06-06,Home,Cinema,Car,9.42,14.1,1808.6,Local
2007-06-08,Home,Park,Bus,14.42,34.6,1514.1,Local
2007-06-10,Home,Shopping Centre,Car,8.93,13.4,1714.6,Local
2007-06-11,Home,Shopping Centre,Car,8.25,12.4,1584.0,Local
2007-06-12,Home,Shopping Centre,Bus,6.78,16.3,711.9,Local
2007-06-12,Shopping Centre,Cinema,Car,6.17,9.3,1184.6,Local
2007-06-13,Home,Cinema,Car,11.15,16.7,2140.8,Local
2007-06-14,Home,Shopping Centre,Walk,18.13,217.6,0.0,Local
2007-06-15,Home,Park,Car,16.87,25.3,3239.0,Local
2007-06-18,Shopping Centre,Cinema,Car,7.13,10.7,1369.0,Local
2007-06-18,Home,Shopping Centre,Car,17.64,26.5,3386.9,Local
2007-06-19,Home,Grandparents' House,Bus,13.83,33.2,1452.2,Local
2007-06-19,Grandparents' House,Cinema,Car,5.9,8.9,1132.8,Local
2007-06-23,Home,Park,Bus,18.67,44.8,1960.4,Local
2007-06-25,Home,Park,Car,6.73,10.1,1292.2,Local
2007-06-26,Home,Cinema,Car,19.37,29.1,3719.0,Local
2007-06-28,Home,Shopping Centre,Car,8.41,12.6,1614.7,Local
2007-07-01,Home,Library,Bus,6.08,14.6,638.4,Local
2007-07-02,Home,Park,Train,10.99,14.7,450.6,Local
2007-07-02,Park,Shopping Centre,Bicycle,1.93,7.7,0.0,Local
2007-07-03,Home,Friend's Place,Car,5.16,7.7,990.7,Local
2007-07-03,Friend's Place,School,Bus,6.57,15.8,689.9,Local
2007-07-04,Home,Library,Tram,16.29,48.9,977.4,Local
2007-07-04,Library,Park,Walk,0.67,8.0,0.0,Local
2007-07-07,Home,Shopping Centre,Tram,12.6,37.8,756.0,Local
2007-07-08,Park,Friend's Place,Train,2.61,3.5,107.0,Local
2007-07-08,Home,Park,Car,10.23,15.3,1964.2,Local
2007-07-09,Home,Shopping Centre,Tram,11.81,35.4,708.6,Local
2007-07-10,Home,School,Bus,8.25,19.8,866.2,Local
2007-07-11,Home,Shopping Centre,Train,8.28,11.0,339.5,Local
2007-07-11,Shopping Centre,Friend's Place,Bicycle,4.22,16.9,0.0,Local
2007-07-12,Home,School,Bus,19.47,46.7,2044.3,Local
2007-07-12,School,Home,Bus,16.42,39.4,1724.1,Local
2007-07-13,Home,Park,Bicycle,15.1,60.4,0.0,Local
2007-07-14,Home,Friend's Place,Car,11.56,17.3,2219.5,Local
2007-07-15,Home,School,Bus,11.66,28.0,1224.3,Local
2007-07-16,Home,Friend's Place,Train,15.38,20.5,630.6,Local
2007-07-17,School,Park,Bicycle,5.71,22.8,0.0,Local
2007-07-17,Home,School,Bus,7.98,19.2,837.9,Local
2007-07-18,Home,Shopping Centre,Walk,7.56,90.7,0.0,Local
2007-07-19,Home,Park,Car,9.09,13.6,1745.3,Local
2007-07-21,Home,School,Bus,11.28,27.1,1184.4,Local
2007-07-21,School,Park,Walk,5.1,61.2,0.0,Local
2007-07-22,Home,Cinema,Bus,16.33,39.2,1714.6,Local
2007-07-22,Cinema,Library,Tram,4.31,12.9,258.6,Local
2007-07-23,School,Home,Tram,8.39,25.2,503.4,Local
2007-07-23,Home,School,Bus,5.24,12.6,550.2,Local
2007-07-25,Home,School,Bus,19.27,46.2,2023.3,Local
2007-07-26,Home,Library,Bicycle,5.94,23.8,0.0,Local
2007-07-27,Home,Park,Bicycle,17.82,71.3,0.0,Local
2007-07-28,Home,Library,Bicycle,9.19,36.8,0.0,Local
2007-07-28,Library,Home,Bus,18.06,43.3,1896.3,Local
2007-07-28,Home,Cinema,Bicycle,6.94,27.8,0.0,Local
2007-07-29,Home,Shopping Centre,Train,12.93,17.2,530.1,Local
2007-07-29,Shopping Centre,Home,Tram,6.32,19.0,379.2,Local
2007-07-30,Home,Library,Car,17.93,26.9,3442.6,Local
2007-07-31,Home,Cinema,Car,10.93,16.4,2098.6,Local
2007-08-01,Home,Shopping Centre,Bus,16.11,38.7,1691.5,Local
2007-08-02,Home,Friend's Place,Walk,16.47,197.6,0.0,Local
2007-08-03,Home,Park,Train,7.86,10.5,322.3,Local
2007-08-04,Home,Library,Bicycle,14.95,59.8,0.0,Local
2007-08-05,Home,Park,Car,11.94,17.9,2292.5,Local
2007-08-06,Home,School,Bus,14.4,34.6,1512.0,Local
2007-08-07,Home,Shopping Centre,Walk,13.74,164.9,0.0,Local
2007-08-08,Home,Friend's Place,Tram,12.73,38.2,763.8,Local
2007-08-09,Home,Park,Walk,8.32,99.8,0.0,Local
2007-08-09,Park,Cinema,Bus,0.74,1.8,77.7,Local
2007-08-10,Home,Cinema,Walk,12.87,154.4,0.0,Local
2007-08-10,Cinema,School,Bus,5.05,12.1,530.2,Local
2007-08-10,School,Library,Tram,3.39,10.2,203.4,Local
2007-08-11,Home,Park,Bicycle,9.44,37.8,0.0,Local
2007-08-12,Home,Library,Bus,17.17,41.2,1802.9,Local
2007-08-12,Library,Shopping Centre,Tram,7.64,22.9,458.4,Local
2007-08-12,Shopping Centre,Cinema,Bicycle,6.26,25.0,0.0,Local
2007-08-13,Home,Park,Walk,6.02,72.2,0.0,Local
2007-08-14,Home,Shopping Centre,Train,9.14,12.2,374.7,Local
2007-08-15,Home,Park,Train,10.91,14.5,447.3,Local
2007-08-16,Home,Cinema,Car,10.3,15.5,1977.6,Local
2007-08-17,Park,Library,Bus,6.28,15.1,659.4,Local
2007-08-17,Library,School,Bus,4.64,11.1,487.2,Local
2007-08-17,Home,Park,Train,17.73,23.6,726.9,Local
2007-08-18,Home,School,Bus,8.83,21.2,927.1,Local
2007-08-18,School,Shopping Centre,Bus,7.83,18.8,822.1,Local
2007-08-18,Shopping Centre,School,Bus,2.96,7.1,310.8,Local
2007-08-19,Home,Friend's Place,Tram,9.5,28.5,570.0,Local
2007-08-21,Home,Park,Walk,19.88,238.6,0.0,Local
2007-08-22,Home,Friend's Place,Bus,17.46,41.9,1833.3,Local
2007-08-22,Friend's Place,Shopping Centre,Train,6.29,8.4,257.9,Local
2007-08-23,Home,Cinema,Walk,19.49,233.9,0.0,Local
2007-08-23,Cinema,Home,Bus,8.49,20.4,891.5,Local
2007-08-24,Home,Cinema,Car,9.98,15.0,1916.2,Local
2007-08-25,Home,Park,Bus,9.97,23.9,1046.9,Local
2007-08-26,Home,Cinema,Walk,10.1,121.2,0.0,Local
2007-08-28,Home,Shopping Centre,Car,13.5,20.2,2592.0,Local
2007-08-29,Home,School,Bus,8.76,21.0,919.8,Local
2007-08-30,Shopping Centre,Home,Tram,10.53,31.6,631.8,Local
2007-08-30,Home,Shopping Centre,Bus,15.27,36.6,1603.3,Local
2007-08-30,Home,Shopping Centre,Bicycle,6.41,25.6,0.0,Local
2007-08-31,Home,Library,Walk,13.6,163.2,0.0,Local
2007-09-01,Library,Park,Walk,0.71,8.5,0.0,Local
2007-09-01,Park,School,Bus,7.83,18.8,822.1,Local
2007-09-01,Home,Library,Walk,8.82,105.8,0.0,Local
2007-09-04,Home,Shopping Centre,Car,10.42,15.6,2000.6,Local
2007-09-06,Friend's Place,Home,Tram,14.66,44.0,879.6,Local
2007-09-06,Home,Friend's Place,Car,16.23,24.3,3116.2,Local
2007-09-08,Home,School,Bus,15.9,38.2,1669.5,Local
2007-09-09,Home,Friend's Place,Bus,13.02,31.2,1367.1,Local
2007-09-09,Friend's Place,Shopping Centre,Car,6.54,9.8,1255.7,Local
2007-09-09,Shopping Centre,Cinema,Train,2.05,2.7,84.0,Local
2007-09-11,Home,School,Bus,9.27,22.2,973.3,Local
2007-09-11,School,Library,Tram,5.97,17.9,358.2,Local
2007-09-12,Home,School,Bus,5.09,12.2,534.4,Local
2007-09-13,Home,School,Bus,12.5,30.0,1312.5,Local
2007-09-14,Home,School,Bus,12.65,30.4,1328.2,Local
2007-09-16,Home,Cinema,Bicycle,17.89,71.6,0.0,Local
2007-09-17,Home,Library,Train,14.76,19.7,605.2,Local
2007-09-17,Library,School,Bus,7.54,18.1,791.7,Local
2007-09-18,Home,Park,Car,5.52,8.3,1059.8,Local
2007-09-19,Home,Shopping Centre,Bus,17.56,42.1,1843.8,Local
2007-09-20,Home,Shopping Centre,Car,11.64,17.5,2234.9,Local
2007-09-20,Shopping Centre,Friend's Place,Tram,3.39,10.2,203.4,Local
2007-09-21,Cinema,Shopping Centre,Car,4.78,7.2,917.8,Local
2007-09-21,Home,Cinema,Bicycle,12.43,49.7,0.0,Local
2007-09-23,Home,Library,Bicycle,15.83,63.3,0.0,Local
2007-09-24,Home,School,Bus,9.94,23.9,1043.7,Local
2007-09-25,Home,Friend's Place,Tram,15.78,47.3,946.8,Local
2007-09-25,Friend's Place,Home,Bicycle,10.97,43.9,0.0,Local
2007-09-26,Home,School,Bus,9.14,21.9,959.7,Local
2007-09-28,Home,Cinema,Train,16.99,22.7,696.6,Local
2007-09-29,Home,Friend's Place,Walk,9.19,110.3,0.0,Local
2007-10-01,Library,Park,Car,6.64,10.0,1274.9,Local
2007-10-01,Park,Library,Bus,4.71,11.3,494.6,Local
2007-10-01,Home,Park,Bicycle,14.16,56.6,0.0,Local
2007-10-02,Home,Friend's Place,Car,18.05,27.1,3465.6,Local
2007-10-02,Friend's Place,Park,Tram,1.77,5.3,106.2,Local
2007-10-02,Park,Home,Bus,12.18,29.2,1278.9,Local
2007-10-03,Home,Library,Tram,11.49,34.5,689.4,Local
2007-10-07,Home,School,Bus,10.62,25.5,1115.1,Local
2007-10-07,School,Library,Walk,5.95,71.4,0.0,Local
2007-10-08,Friend's Place,Shopping Centre,Bus,2.72,6.5,285.6,Local
2007-10-08,Home,Friend's Place,Bus,18.49,44.4,1941.4,Local
2007-10-09,Home,School,Bus,10.18,24.4,1068.9,Local
2007-10-09,School,Cinema,Tram,4.77,14.3,286.2,Local
2007-10-10,Home,Cinema,Bus,5.4,13.0,567.0,Local
2007-10-10,Cinema,Park,Train,5.72,7.6,234.5,Local
2007-10-10,Park,School,Bus,6.11,14.7,641.6,Local
2007-10-11,Home,Library,Train,10.38,13.8,425.6,Local
2007-10-11,Library,Home,Train,11.13,14.8,456.3,Local
2007-10-12,Home,Park,Car,14.07,21.1,2701.4,Local
2007-10-13,Home,Friend's Place,Tram,8.47,25.4,508.2,Local
2007-10-14,Home,Cinema,Train,16.63,22.2,681.8,Local
2007-10-15,Home,Park,Walk,16.95,203.4,0.0,Local
2007-10-15,Park,School,Bus,4.92,11.8,516.6,Local
2007-10-15,School,Park,Walk,1.58,19.0,0.0,Local
2007-10-17,Home,Cinema,Bicycle,10.59,42.4,0.0,Local
2007-10-18,Home,Friend's Place,Tram,9.21,27.6,552.6,Local
2007-10-19,Friend's Place,Home,Train,16.05,21.4,658.1,Local
2007-10-19,Home,Park,Train,9.68,12.9,396.9,Local
2007-10-19,Home,Friend's Place,Walk,19.15,229.8,0.0,Local
2007-10-20,Home,Friend's Place,Walk,10.67,128.0,0.0,Local
2007-10-21,Home,Shopping Centre,Bus,12.82,30.8,1346.1,Local
2007-10-21,Shopping Centre,Cinema,Bicycle,6.06,24.2,0.0,Local
2007-10-22,Home,Park,Car,13.66,20.5,2622.7,Local
2007-10-22,Park,Friend's Place,Tram,2.07,6.2,124.2,Local
2007-10-23,Home,Friend's Place,Walk,10.07,120.8,0.0,Local
2007-10-24,Home,Cinema,Car,13.61,20.4,2613.1,Local
2007-10-26,Home,Park,Tram,8.32,25.0,499.2,Local
2007-10-27,Home,Cinema,Bus,10.25,24.6,1076.2,Local
2007-10-27,Cinema,Shopping Centre,Bus,1.91,4.6,200.5,Local
2007-10-27,Shopping Centre,School,Bus,1.32,3.2,138.6,Local
2007-10-28,Home,School,Bus,13.0,31.2,1365.0,Local
2007-10-31,Home,School,Bus,9.94,23.9,1043.7,Local
2007-11-01,Friend's Place,Shopping Centre,Bus,1.14,2.7,119.7,Local
2007-11-01,Shopping Centre,Friend's Place,Car,5.41,8.1,1038.7,Local
2007-11-01,Home,Friend's Place,Tram,10.57,31.7,634.2,Local
2007-11-02,Park,Library,Bicycle,2.77,11.1,0.0,Local
2007-11-02,Home,Park,Walk,14.94,179.3,0.0,Local
2007-11-03,Home,Library,Bicycle,9.51,38.0,0.0,Local
2007-11-03,Library,Home,Tram,17.51,52.5,1050.6,Local
2007-11-04,Home,School,Bus,13.63,32.7,1431.2,Local
2007-11-04,School,Cinema,Tram,1.52,4.6,91.2,Local
2007-11-05,Home,Shopping Centre,Bus,17.93,43.0,1882.6,Local
2007-11-06,Home,Friend's Place,Train,14.64,19.5,600.2,Local
2007-11-07,Home,Park,Walk,5.28,63.4,0.0,Local
2007-11-07,Park,Friend's Place,Bus,0.87,2.1,91.3,Local
2007-11-08,Home,Library,Train,13.08,17.4,536.3,Local
2007-11-08,Library,School,Bus,5.33,12.8,559.6,Local
2007-11-08,School,Cinema,Walk,6.04,72.5,0.0,Local
2007-11-09,Home,Shopping Centre,Walk,10.91,130.9,0.0,Local
2007-11-09,Shopping Centre,Library,Tram,6.12,18.4,367.2,Local
2007-11-09,Library,Shopping Centre,Bus,3.68,8.8,386.4,Local
2007-11-10,Home,Park,Train,8.2,10.9,336.2,Local
2007-11-11,Library,Park,Car,3.82,5.7,733.4,Local
2007-11-11,Park,Library,Walk,7.88,94.6,0.0,Local
2007-11-11,Home,Library,Car,8.82,13.2,1693.4,Local
2007-11-12,Home,Friend's Place,Bus,12.16,29.2,1276.8,Local
2007-11-13,Home,Cinema,Bicycle,8.33,33.3,0.0,Local
2007-11-13,Cinema,School,Bus,1.66,4.0,174.3,Local
2007-11-13,School,Cinema,Walk,1.53,18.4,0.0,Local
2007-11-14,Home,Shopping Centre,Train,7.97,10.6,326.8,Local
2007-11-15,Cinema,Home,Walk,10.49,125.9,0.0,Local
2007-11-15,Home,Friend's Place,Car,15.72,23.6,3018.2,Local
2007-11-15,Friend's Place,Cinema,Walk,6.41,76.9,0.0,Local
2007-11-17,Home,School,Bus,17.3,41.5,1816.5,Local
2007-11-18,Home,School,Bus,8.46,20.3,888.3,Local
2007-11-19,Home,Cinema,Tram,11.52,34.6,691.2,Local
2007-11-21,Home,School,Bus,8.24,19.8,865.2,Local
2007-11-21,School,Library,Tram,6.69,20.1,401.4,Local
2007-11-22,Home,School,Bus,18.36,44.1,1927.8,Local
2007-11-23,Home,School,Bus,17.4,41.8,1827.0,Local
2007-11-24,Home,Friend's Place,Car,8.31,12.5,1595.5,Local
2007-11-25,Home,Library,Bicycle,7.41,29.6,0.0,Local
2007-11-26,Home,Shopping Centre,Train,6.86,9.1,281.3,Local
2007-11-26,Home,Shopping Centre,Bicycle,16.07,64.3,0.0,Local
2007-11-26,Shopping Centre,Home,Tram,10.49,31.5,629.4,Local
2007-11-27,Home,Library,Bicycle,7.9,31.6,0.0,Local
2007-11-29,Home,Park,Car,9.82,14.7,1885.4,Local
2007-11-30,Home,Shopping Centre,Train,7.51,10.0,307.9,Local
2007-12-01,Home,Shopping Centre,Car,13.32,20.0,2557.4,Local
2007-12-02,Home,Library,Car,16.21,24.3,3112.3,Local
2007-12-03,Home,Shopping Centre,Train,15.2,20.3,623.2,Local
2007-12-03,Shopping Centre,School,Bus,5.99,14.4,629.0,Local
2007-12-04,Home,Park,Bus,11.46,27.5,1203.3,Local
2007-12-05,Home,Library,Walk,14.99,179.9,0.0,Local
2007-12-06,Home,Cinema,Walk,8.35,100.2,0.0,Local
2007-12-07,Home,Library,Walk,17.11,205.3,0.0,Local
2007-12-08,Home,Cinema,Walk,16.73,200.8,0.0,Local
2007-12-09,Home,School,Bus,19.19,46.1,2015.0,Local
2007-12-11,Home,Cinema,Walk,5.4,64.8,0.0,Local
2007-12-12,Home,Friend's Place,Car,14.68,22.0,2818.6,Local
2007-12-13,Home,School,Bus,7.07,17.0,742.4,Local
2007-12-15,Home,Cinema,Bicycle,17.59,70.4,0.0,Local
2007-12-15,Cinema,School,Bus,7.06,16.9,741.3,Local
2007-12-16,Home,Friend's Place,Train,17.3,23.1,709.3,Local
2007-12-16,Friend's Place,School,Bus,3.25,7.8,341.2,Local
2007-12-17,Home,Park,Tram,10.58,31.7,634.8,Local
2007-12-18,Home,Library,Car,12.4,18.6,2380.8,Local
2007-12-20,Home,Friend's Place,Tram,13.23,39.7,793.8,Local
2007-12-21,Home,Park,Bus,18.29,43.9,1920.4,Local
2007-12-22,Home,Library,Train,17.82,23.8,730.6,Local
2007-12-22,Library,School,Bus,2.75,6.6,288.8,Local
2007-12-23,Home,Shopping Centre,Walk,13.93,167.2,0.0,Local
2007-12-24,Home,Cinema,Bicycle,19.15,76.6,0.0,Local
2007-12-25,Home,Friend's Place,Car,5.13,7.7,985.0,Local
2007-12-25,Friend's Place,Home,Train,11.6,15.5,475.6,Local
2007-12-26,Home,Park,Walk,9.85,118.2,0.0,Local
2007-12-27,Home,Cinema,Bus,13.33,32.0,1399.7,Local
2007-12-28,Home,Cinema,Tram,7.32,22.0,439.2,Local
2007-12-30,Home,Cinema,Bicycle,17.92,71.7,0.0,Local
2007-12-31,Home,Park,Walk,12.66,151.9,0.0,Local
2008-01-01,Home,Library,Bus,17.57,42.2,1844.9,Local
2008-01-02,Home,Friend's Place,Car,19.76,29.6,3793.9,Local
2008-01-02,Friend's Place,Park,Tram,5.32,16.0,319.2,Local
2008-01-03,Home,Library,Train,9.06,12.1,371.5,Local
2008-01-03,Library,Home,Bicycle,12.47,49.9,0.0,Local
2008-01-03,Home,Library,Train,17.97,24.0,736.8,Local
2008-01-04,Home,Cinema,Walk,11.96,143.5,0.0,Local
2008-01-06,Home,Friend's Place,Walk,9.61,115.3,0.0,Local
2008-01-07,Home,Shopping Centre,Bus,6.09,14.6,639.4,Local
2008-01-07,Shopping Centre,Friend's Place,Walk,0.61,7.3,0.0,Local
2008-01-07,Friend's Place,Park,Bicycle,7.69,30.8,0.0,Local
2008-01-08,Home,Shopping Centre,Train,5.35,7.1,219.3,Local
2008-01-09,Home,Friend's Place,Bus,15.06,36.1,1581.3,Local
2008-01-09,Friend's Place,Home,Train,9.76,13.0,400.2,Local
2008-01-09,Home,Park,Train,7.96,10.6,326.4,Local
2008-01-10,Cinema,Library,Car,6.83,10.2,1311.4,Local
2008-01-10,Library,Cinema,Car,3.15,4.7,604.8,Local
2008-01-10,Home,Library,Bus,15.43,37.0,1620.1,Local
2008-01-11,Home,Cinema,Walk,11.54,138.5,0.0,Local
2008-01-12,Home,Shopping Centre,Bus,19.59,47.0,2056.9,Local
2008-01-13,Home,Park,Walk,10.98,131.8,0.0,Local
2008-01-13,Park,Home,Walk,11.2,134.4,0.0,Local
2008-01-14,Home,School,Bus,12.82,30.8,1346.1,Local
2008-01-14,School,Cinema,Train,6.36,8.5,260.8,Local
2008-01-15,Library,School,Bus,7.58,18.2,795.9,Local
2008-01-15,Park,Library,Bicycle,6.34,25.4,0.0,Local
2008-01-15,Home,Park,Train,14.39,19.2,590.0,Local
2008-01-16,Home,School,Bus,8.11,19.5,851.5,Local
2008-01-16,School,Friend's Place,Train,0.79,1.1,32.4,Local
2008-01-17,Home,Library,Train,13.01,17.3,533.4,Local
2008-01-18,Home,Shopping Centre,Tram,5.81,17.4,348.6,Local
2008-01-20,Home,School,Bus,6.62,15.9,695.1,Local
2008-01-20,School,Cinema,Bicycle,7.22,28.9,0.0,Local
2008-01-21,Home,Cinema,Train,9.54,12.7,391.1,Local
2008-01-22,Home,Friend's Place,Train,9.0,12.0,369.0,Local
2008-01-23,Home,Friend's Place,Tram,12.8,38.4,768.0,Local
2008-01-24,Home,Shopping Centre,Train,13.65,18.2,559.6,Local
2008-01-26,Home,Friend's Place,Bus,8.94,21.5,938.7,Local
2008-01-26,Friend's Place,Home,Car,15.48,23.2,2972.2,Local
2008-01-27,Home,School,Bus,13.44,32.3,1411.2,Local
2008-01-28,Home,Park,Bus,5.9,14.2,619.5,Local
2008-01-29,School,Cinema,Walk,3.46,41.5,0.0,Local
2008-01-29,Cinema,Home,Bicycle,7.96,31.8,0.0,Local
2008-01-29,Home,School,Bus,14.85,35.6,1559.2,Local
2008-02-01,Home,Cinema,Car,6.46,9.7,1240.3,Local
2008-02-02,Home,Library,Walk,7.86,94.3,0.0,Local
2008-02-03,Home,Library,Tram,14.64,43.9,878.4,Local
2008-02-04,Home,Park,Bus,13.32,32.0,1398.6,Local
2008-02-04,Park,Friend's Place,Walk,6.33,76.0,0.0,Local
2008-02-06,Home,Library,Tram,5.58,16.7,334.8,Local
2008-02-06,Library,Home,Walk,5.02,60.2,0.0,Local
2008-02-08,Home,School,Bus,13.04,31.3,1369.2,Local
2008-02-11,Cinema,Park,Car,1.85,2.8,355.2,Local
2008-02-11,Home,Cinema,Bus,13.32,32.0,1398.6,Local
2008-02-12,Home,Cinema,Train,6.18,8.2,253.4,Local
2008-02-13,Home,Cinema,Bicycle,6.82,27.3,0.0,Local
2008-02-13,Cinema,Home,Walk,10.07,120.8,0.0,Local
2008-02-14,Home,School,Bus,8.99,21.6,944.0,Local
2008-02-15,Home,Shopping Centre,Bus,8.37,20.1,878.8,Local
2008-02-15,Shopping Centre,Park,Car,6.77,10.2,1299.8,Local
2008-02-15,Park,Cinema,Train,5.18,6.9,212.4,Local
2008-02-16,Home,Cinema,Walk,14.31,171.7,0.0,Local
2008-02-16,Cinema,School,Bus,2.99,7.2,314.0,Local
2008-02-17,Home,Cinema,Walk,16.98,203.8,0.0,Local
2008-02-17,Cinema,Shopping Centre,Bicycle,3.35,13.4,0.0,Local
2008-02-17,Shopping Centre,Home,Bicycle,17.58,70.3,0.0,Local
2008-02-18,Home,Shopping Centre,Tram,10.58,31.7,634.8,Local
2008-02-19,Home,Cinema,Walk,13.69,164.3,0.0,Local
2008-02-21,Home,Cinema,Tram,11.81,35.4,708.6,Local
2008-02-21,Cinema,Friend's Place,Bicycle,7.54,30.2,0.0,Local
2008-02-22,Home,Friend's Place,Walk,11.14,133.7,0.0,Local
2008-02-23,Home,Friend's Place,Bicycle,6.65,26.6,0.0,Local
2008-02-24,Home,Shopping Centre,Bicycle,13.15,52.6,0.0,Local
2008-02-24,Shopping Centre,Cinema,Train,4.8,6.4,196.8,Local
2008-02-25,Home,Cinema,Tram,18.38,55.1,1102.8,Local
2008-02-27,Home,Cinema,Tram,15.81,47.4,948.6,Local
2008-02-28,Home,School,Bus,17.74,42.6,1862.7,Local
2008-02-29,Home,School,Bus,11.96,28.7,1255.8,Local
2008-03-01,Home,Cinema,Tram,15.63,46.9,937.8,Local
2008-03-01,Cinema,Library,Car,4.2,6.3,806.4,Local
2008-03-02,Home,Shopping Centre,Walk,16.25,195.0,0.0,Local
2008-03-03,Home,Cinema,Bus,11.97,28.7,1256.9,Local
2008-03-03,Cinema,School,Bus,4.07,9.8,427.4,Local
2008-03-03,School,Park,Walk,1.77,21.2,0.0,Local
2008-03-06,Home,Shopping Centre,Bus,10.44,25.1,1096.2,Local
2008-03-06,Shopping Centre,Park,Walk,5.52,66.2,0.0,Local
2008-03-07,Shopping Centre,Park,Train,7.72,10.3,316.5,Local
2008-03-07,Home,Shopping Centre,Car,16.65,25.0,3196.8,Local
2008-03-08,Home,School,Bus,16.44,39.5,1726.2,Local
2008-03-09,Home,Friend's Place,Train,19.73,26.3,808.9,Local
2008-03-09,Friend's Place,School,Bus,6.91,16.6,725.6,Local
2008-03-09,School,Library,Bus,3.63,8.7,381.1,Local
2008-03-10,Home,Shopping Centre,Bus,16.8,40.3,1764.0,Local
2008-03-11,Home,School,Bus,8.98,21.6,942.9,Local
2008-03-12,Home,Library,Train,19.06,25.4,781.5,Local
2008-03-13,Home,Library,Train,15.2,20.3,623.2,Local
2008-03-13,Library,School,Bus,3.22,7.7,338.1,Local
2008-03-15,Home,School,Bus,15.97,38.3,1676.9,Local
2008-03-16,Home,Cinema,Car,15.68,23.5,3010.6,Local
2008-03-17,Home,Park,Train,16.22,21.6,665.0,Local
2008-03-17,Park,Library,Tram,7.2,21.6,432.0,Local
2008-03-19,Home,Friend's Place,Train,19.32,25.8,792.1,Local
2008-03-22,Home,Cinema,Bus,10.79,25.9,1132.9,Local
2008-03-23,Home,Shopping Centre,Bicycle,16.99,68.0,0.0,Local
2008-03-25,Shopping Centre,Home,Bus,9.89,23.7,1038.5,Local
2008-03-25,Home,Friend's Place,Tram,17.1,51.3,1026.0,Local
2008-03-25,Home,Shopping Centre,Bicycle,11.54,46.2,0.0,Local
2008-03-27,Home,School,Bus,14.46,34.7,1518.3,Local
2008-03-28,Home,Friend's Place,Walk,8.32,99.8,0.0,Local
2008-03-30,Home,Library,Walk,6.04,72.5,0.0,Local
2008-03-31,Home,Cinema,Bicycle,14.33,57.3,0.0,Local
2008-04-01,Home,Shopping Centre,Bicycle,7.53,30.1,0.0,Local
2008-04-01,Shopping Centre,Friend's Place,Bicycle,4.51,18.0,0.0,Local
2008-04-01,Friend's Place,Shopping Centre,Car,6.71,10.1,1288.3,Local
2008-04-02,Home,School,Bus,9.72,23.3,1020.6,Local
2008-04-03,Home,Shopping Centre,Walk,9.57,114.8,0.0,Local
2008-04-04,Home,Cinema,Car,12.4,18.6,2380.8,Local
2008-04-04,Cinema,School,Bus,3.23,7.8,339.1,Local
2008-04-05,Home,School,Bus,14.85,35.6,1559.2,Local
2008-04-07,Home,Library,Tram,19.58,58.7,1174.8,Local
2008-04-08,Home,Library,Train,11.92,15.9,488.7,Local
2008-04-08,Library,Home,Tram,5.82,17.5,349.2,Local
2008-04-09,Home,School,Bus,12.71,30.5,1334.6,Local
2008-04-09,School,Home,Bicycle,14.25,57.0,0.0,Local
2008-04-10,Home,School,Bus,10.44,25.1,1096.2,Local
2008-04-11,Home,Friend's Place,Bus,12.34,29.6,1295.7,Local
2008-04-12,Home,Library,Car,10.82,16.2,2077.4,Local
2008-04-13,Home,Park,Bicycle,9.45,37.8,0.0,Local
2008-04-15,Home,Cinema,Bicycle,16.06,64.2,0.0,Local
2008-04-16,Home,Shopping Centre,Bus,19.26,46.2,2022.3,Local
2008-04-18,Home,School,Bus,7.37,17.7,773.9,Local
2008-04-20,Home,Library,Train,16.91,22.5,693.3,Local
2008-04-21,Home,Friend's Place,Car,9.33,14.0,1791.4,Local
2008-04-22,Home,Shopping Centre,Walk,7.04,84.5,0.0,Local
2008-04-24,Home,School,Bus,9.65,23.2,1013.2,Local
2008-04-25,Home,Library,Walk,9.91,118.9,0.0,Local
2008-04-26,Home,Cinema,Bus,14.5,34.8,1522.5,Local
2008-04-27,Home,School,Bus,18.18,43.6,1908.9,Local
2008-04-28,Home,School,Bus,14.42,34.6,1514.1,Local
2008-04-28,School,Library,Car,2.88,4.3,553.0,Local
2008-04-28,Library,Home,Train,8.08,10.8,331.3,Local
2008-04-29,Home,Shopping Centre,Bicycle,11.72,46.9,0.0,Local
2008-05-03,Home,School,Bus,13.34,32.0,1400.7,Local
2008-05-04,School,Friend's Place,Walk,4.7,56.4,0.0,Local
2008-05-04,Home,School,Bus,8.55,20.5,897.8,Local
2008-05-06,Home,Friend's Place,Bus,18.73,45.0,1966.7,Local
2008-05-06,Friend's Place,Home,Car,10.85,16.3,2083.2,Local
2008-05-06,Home,Park,Tram,17.89,53.7,1073.4,Local
2008-05-07,Home,School,Bus,13.87,33.3,1456.3,Local
2008-05-07,School,Home,Tram,7.02,21.1,421.2,Local
2008-05-09,Home,School,Bus,18.19,43.7,1910.0,Local
2008-05-09,School,Library,Car,6.37,9.6,1223.0,Local
2008-05-10,Home,Park,Bicycle,16.32,65.3,0.0,Local
2008-05-11,Home,Cinema,Train,10.7,14.3,438.7,Local
2008-05-12,Home,Shopping Centre,Train,15.71,20.9,644.1,Local
2008-05-12,Shopping Centre,Friend's Place,Bicycle,3.4,13.6,0.0,Local
2008-05-12,Friend's Place,Shopping Centre,Tram,1.87,5.6,112.2,Local
2008-05-14,Home,School,Bus,10.9,26.2,1144.5,Local
2008-05-14,School,Friend's Place,Train,5.89,7.9,241.5,Local
2008-05-15,Home,School,Bus,8.01,19.2,841.0,Local
2008-05-16,Friend's Place,Home,Bicycle,14.22,56.9,0.0,Local
2008-05-16,Home,Friend's Place,Tram,6.96,20.9,417.6,Local
2008-05-18,Home,Cinema,Train,10.23,13.6,419.4,Local
2008-05-21,Home,Friend's Place,Car,8.37,12.6,1607.0,Local
2008-05-21,Friend's Place,School,Bus,7.02,16.8,737.1,Local
2008-05-22,Home,Library,Bus,12.07,29.0,1267.4,Local
2008-05-23,Home,Park,Bicycle,18.04,72.2,0.0,Local
2008-05-24,Home,Friend's Place,Bus,16.46,39.5,1728.3,Local
2008-05-25,Home,School,Bus,13.89,33.3,1458.5,Local
2008-05-26,Home,Park,Train,8.65,11.5,354.7,Local
2008-05-27,Home,School,Bus,11.09,26.6,1164.5,Local
2008-05-28,Home,Cinema,Car,13.24,19.9,2542.1,Local
2008-05-29,Home,School,Bus,15.25,36.6,1601.2,Local
2008-05-30,Home,Park,Car,18.87,28.3,3623.0,Local
2008-05-31,Home,Shopping Centre,Car,14.09,21.1,2705.3,Local
2008-05-31,Shopping Centre,Cinema,Bus,5.0,12.0,525.0,Local
2008-06-01,Home,Park,Bicycle,13.93,55.7,0.0,Local
2008-06-02,Home,Cinema,Bicycle,5.66,22.6,0.0,Local
2008-06-04,Home,Library,Bicycle,19.13,76.5,0.0,Local
2008-06-05,Home,Cinema,Walk,16.73,200.8,0.0,Local
2008-06-06,Home,Friend's Place,Walk,6.7,80.4,0.0,Local
2008-06-10,Home,Friend's Place,Car,6.27,9.4,1203.8,Local
2008-06-11,Home,Park,Train,11.14,14.9,456.7,Local
2008-06-11,Park,Shopping Centre,Walk,4.86,58.3,0.0,Local
2008-06-12,Home,Park,Bicycle,18.31,73.2,0.0,Local
2008-06-14,Home,School,Bus,14.02,33.6,1472.1,Local
2008-06-15,Home,Library,Walk,7.94,95.3,0.0,Local
2008-06-16,Home,Friend's Place,Bicycle,17.56,70.2,0.0,Local
2008-06-17,Home,Friend's Place,Car,8.05,12.1,1545.6,Local
2008-06-18,Home,Park,Bicycle,13.93,55.7,0.0,Local
2008-06-19,Home,Cinema,Walk,12.71,152.5,0.0,Local
2008-06-20,Home,Library,Train,10.72,14.3,439.5,Local
2008-06-20,Library,School,Bus,5.2,12.5,546.0,Local
2008-06-20,School,Home,Walk,11.0,132.0,0.0,Local
2008-06-21,Home,Cinema,Tram,18.43,55.3,1105.8,Local
2008-06-22,Home,Shopping Centre,Walk,10.81,129.7,0.0,Local
2008-06-22,Shopping Centre,Library,Car,3.62,5.4,695.0,Local
2008-06-23,Home,Shopping Centre,Bus,16.25,39.0,1706.2,Local
2008-06-24,Home,Park,Bicycle,11.08,44.3,0.0,Local
2008-06-25,Home,Library,Walk,13.84,166.1,0.0,Local
2008-06-27,Home,Library,Car,6.24,9.4,1198.1,Local
2008-06-29,Home,Cinema,Car,15.25,22.9,2928.0,Local
2008-06-30,Home,Shopping Centre,Train,9.28,12.4,380.5,Local
2008-07-02,Home,Cinema,Tram,7.16,21.5,429.6,Local
2008-07-03,Home,Shopping Centre,Walk,16.19,194.3,0.0,Local
2008-07-03,Shopping Centre,Home,Walk,17.54,210.5,0.0,Local
2008-07-03,Home,Park,Car,11.04,16.6,2119.7,Local
2008-07-04,Home,School,Bus,17.02,40.8,1787.1,Local
2008-07-04,Home,Shopping Centre,Car,13.26,19.9,2545.9,Local
2008-07-04,Shopping Centre,Home,Car,14.13,21.2,2713.0,Local
2008-07-05,Home,School,Bus,15.73,37.8,1651.7,Local
2008-07-05,School,Friend's Place,Train,1.94,2.6,79.5,Local
2008-07-05,Friend's Place,Shopping Centre,Bus,4.5,10.8,472.5,Local
2008-07-06,Home,Library,Bicycle,14.96,59.8,0.0,Local
2008-07-09,Friend's Place,Shopping Centre,Car,0.99,1.5,190.1,Local
2008-07-09,Home,Friend's Place,Train,15.45,20.6,633.4,Local
2008-07-10,Friend's Place,School,Bus,5.97,14.3,626.9,Local
2008-07-10,Home,Library,Train,20.0,26.7,820.0,Local
2008-07-10,Library,Friend's Place,Tram,4.83,14.5,289.8,Local
2008-07-11,Home,Friend's Place,Bicycle,6.33,25.3,0.0,Local
2008-07-13,Home,Cinema,Bus,16.3,39.1,1711.5,Local
2008-07-14,Home,Friend's Place,Tram,15.01,45.0,900.6,Local
2008-07-15,Home,School,Bus,11.81,28.3,1240.0,Local
2008-07-15,School,Friend's Place,Tram,3.35,10.1,201.0,Local
2008-07-16,Home,Park,Bus,12.77,30.6,1340.8,Local
2008-07-17,Home,Library,Tram,19.64,58.9,1178.4,Local
2008-07-19,Cinema,Home,Bus,13.65,32.8,1433.2,Local
2008-07-19,Home,Cinema,Car,14.66,22.0,2814.7,Local
2008-07-20,Home,Shopping Centre,Bicycle,14.34,57.4,0.0,Local
2008-07-22,Home,Cinema,Tram,7.17,21.5,430.2,Local
2008-07-23,Home,Shopping Centre,Train,11.59,15.5,475.2,Local
2008-07-24,Home,Friend's Place,Walk,7.55,90.6,0.0,Local
2008-07-25,Home,Library,Walk,9.67,116.0,0.0,Local
2008-07-25,Library,Home,Bicycle,18.54,74.2,0.0,Local
2008-07-26,Home,Library,Car,15.85,23.8,3043.2,Local
2008-07-27,Home,Park,Bus,13.39,32.1,1406.0,Local
2008-07-28,Home,Library,Train,11.07,14.8,453.9,Local
2008-07-28,Library,Shopping Centre,Car,0.96,1.4,184.3,Local
2008-07-29,Home,Library,Car,19.46,29.2,3736.3,Local
2008-07-29,Library,Friend's Place,Walk,6.99,83.9,0.0,Local
2008-07-29,Friend's Place,School,Bus,1.17,2.8,122.8,Local
2008-07-30,Home,Cinema,Train,13.65,18.2,559.6,Local
2008-07-31,Home,Shopping Centre,Car,13.43,20.1,2578.6,Local
2008-07-31,Shopping Centre,Library,Tram,7.89,23.7,473.4,Local
2008-08-02,Park,Shopping Centre,Walk,1.77,21.2,0.0,Local
2008-08-02,Home,Library,Car,9.83,14.7,1887.4,Local
2008-08-02,Library,Park,Bus,1.99,4.8,208.9,Local
2008-08-03,Home,Library,Bicycle,18.1,72.4,0.0,Local
2008-08-04,Home,Library,Train,7.07,9.4,289.9,Local
2008-08-05,Home,Friend's Place,Walk,13.47,161.6,0.0,Local
2008-08-05,Friend's Place,Park,Bicycle,7.47,29.9,0.0,Local
2008-08-06,Home,Library,Train,10.52,14.0,431.3,Local
2008-08-08,Home,School,Bus,19.74,47.4,2072.7,Local
2008-08-09,Home,Shopping Centre,Bus,6.29,15.1,660.5,Local
2008-08-10,Home,Cinema,Tram,17.83,53.5,1069.8,Local
2008-08-10,Cinema,Shopping Centre,Bus,7.6,18.2,798.0,Local
2008-08-11,Home,Library,Bus,7.54,18.1,791.7,Local
2008-08-11,Library,School,Bus,1.29,3.1,135.5,Local
2008-08-11,School,Library,Train,4.49,6.0,184.1,Local
2008-08-13,Home,Park,Bus,16.83,40.4,1767.1,Local
2008-08-14,Home,Shopping Centre,Car,7.37,11.1,1415.0,Local
2008-08-15,Home,School,Bus,15.14,36.3,1589.7,Local
2008-08-17,Home,Shopping Centre,Bicycle,11.23,44.9,0.0,Local
2008-08-17,Shopping Centre,School,Bus,1.55,3.7,162.8,Local
2008-08-17,School,Park,Bicycle,0.77,3.1,0.0,Local
2008-08-18,Home,Park,Walk,19.41,232.9,0.0,Local
2008-08-18,Park,Library,Train,2.8,3.7,114.8,Local
2008-08-19,Home,Friend's Place,Train,14.3,19.1,586.3,Local
2008-08-19,Friend's Place,School,Bus,4.81,11.5,505.0,Local
2008-08-20,Home,School,Bus,5.19,12.5,545.0,Local
2008-08-21,Home,Friend's Place,Bus,11.32,27.2,1188.6,Local
2008-08-22,Home,Shopping Centre,Tram,5.55,16.6,333.0,Local
2008-08-24,Home,Friend's Place,Tram,7.65,22.9,459.0,Local
2008-08-25,Home,Friend's Place,Bicycle,12.42,49.7,0.0,Local
2008-08-26,Home,Cinema,Bicycle,8.35,33.4,0.0,Local
2008-08-26,Cinema,Home,Walk,16.09,193.1,0.0,Local
2008-08-27,Home,School,Bus,12.05,28.9,1265.2,Local
2008-08-28,Home,Shopping Centre,Bicycle,8.82,35.3,0.0,Local
2008-08-29,Home,Cinema,Bicycle,18.64,74.6,0.0,Local
2008-08-29,Cinema,School,Bus,5.65,13.6,593.2,Local
2008-08-30,Home,Cinema,Train,9.31,12.4,381.7,Local
2008-08-31,Home,Park,Train,7.97,10.6,326.8,Local
2008-09-02,Home,Park,Walk,5.36,64.3,0.0,Local
2008-09-03,Home,Park,Walk,16.72,200.6,0.0,Local
2008-09-03,Park,Cinema,Walk,1.23,14.8,0.0,Local
2008-09-05,Home,Shopping Centre,Car,19.83,29.7,3807.4,Local
2008-09-06,Home,Shopping Centre,Car,7.15,10.7,1372.8,Local
2008-09-07,Park,Library,Bus,3.35,8.0,351.8,Local
2008-09-07,Home,Park,Walk,12.42,149.0,0.0,Local
2008-09-08,Shopping Centre,Library,Bicycle,7.96,31.8,0.0,Local
2008-09-08,Home,Shopping Centre,Car,17.95,26.9,3446.4,Local
2008-09-09,Home,Shopping Centre,Bus,16.73,40.2,1756.7,Local
2008-09-11,Home,Library,Walk,15.85,190.2,0.0,Local
2008-09-12,Home,Park,Walk,7.33,88.0,0.0,Local
2008-09-12,Park,Friend's Place,Bus,6.45,15.5,677.2,Local
2008-09-13,Home,School,Bus,16.97,40.7,1781.8,Local
2008-09-13,School,Cinema,Train,5.4,7.2,221.4,Local
2008-09-14,Home,Cinema,Bus,18.83,45.2,1977.1,Local
2008-09-14,Cinema,Park,Car,7.71,11.6,1480.3,Local
2008-09-15,Home,School,Bus,10.38,24.9,1089.9,Local
2008-09-16,Home,Friend's Place,Train,16.93,22.6,694.1,Local
2008-09-17,Home,Park,Bicycle,5.55,22.2,0.0,Local
2008-09-18,Home,Park,Walk,20.0,240.0,0.0,Local
2008-09-20,Home,Park,Bus,6.51,15.6,683.5,Local
2008-09-21,Home,Shopping Centre,Walk,16.17,194.0,0.0,Local
2008-09-21,Shopping Centre,Park,Bicycle,1.9,7.6,0.0,Local
2008-09-21,Park,School,Bus,5.06,12.1,531.3,Local
2008-09-22,Home,School,Bus,12.28,29.5,1289.4,Local
2008-09-23,Home,Park,Train,16.37,21.8,671.2,Local
2008-09-24,Home,School,Bus,11.89,28.5,1248.5,Local
2008-09-26,Home,Park,Walk,8.03,96.4,0.0,Local
2008-09-27,Home,School,Bus,15.97,38.3,1676.9,Local
2008-09-27,School,Friend's Place,Train,5.9,7.9,241.9,Local
2008-09-28,Home,Park,Bus,10.33,24.8,1084.7,Local
2008-09-28,Park,Library,Walk,4.03,48.4,0.0,Local
2008-09-29,Friend's Place,Shopping Centre,Walk,6.03,72.4,0.0,Local
2008-09-29,Home,Friend's Place,Walk,12.12,145.4,0.0,Local
2008-09-30,Home,Cinema,Train,7.84,10.5,321.4,Local
2008-10-01,Home,Park,Bus,10.32,24.8,1083.6,Local
2008-10-01,Park,Library,Tram,3.0,9.0,180.0,Local
2008-10-01,Library,Friend's Place,Walk,7.36,88.3,0.0,Local
2008-10-02,Home,Friend's Place,Train,11.37,15.2,466.2,Local
2008-10-03,Friend's Place,Shopping Centre,Walk,1.18,14.2,0.0,Local
2008-10-03,Home,Friend's Place,Train,17.88,23.8,733.1,Local
2008-10-06,Home,Shopping Centre,Walk,9.74,116.9,0.0,Local
2008-10-07,Home,Shopping Centre,Walk,5.72,68.6,0.0,Local
2008-10-08,Home,Friend's Place,Bicycle,6.11,24.4,0.0,Local
2008-10-09,Home,Shopping Centre,Bus,6.29,15.1,660.5,Local
2008-10-09,Shopping Centre,Park,Bus,3.38,8.1,354.9,Local
2008-10-09,Park,Shopping Centre,Walk,4.44,53.3,0.0,Local
2008-10-10,Home,Park,Bus,10.44,25.1,1096.2,Local
2008-10-11,Home,Library,Car,16.52,24.8,3171.8,Local
2008-10-12,Home,Friend's Place,Bicycle,19.91,79.6,0.0,Local
2008-10-13,Home,Friend's Place,Bus,18.36,44.1,1927.8,Local
2008-10-13,Friend's Place,Park,Tram,0.79,2.4,47.4,Local
2008-10-13,Park,Library,Walk,1.27,15.2,0.0,Local
2008-10-14,Home,Friend's Place,Tram,17.36,52.1,1041.6,Local
2008-10-15,Home,Shopping Centre,Walk,9.17,110.0,0.0,Local
2008-10-16,Home,Library,Bicycle,13.77,55.1,0.0,Local
2008-10-16,Library,School,Bus,1.39,3.3,145.9,Local
2008-10-16,School,Friend's Place,Bus,4.78,11.5,501.9,Local
2008-10-17,Friend's Place,Cinema,Bus,3.47,8.3,364.4,Local
2008-10-17,Home,Friend's Place,Walk,13.32,159.8,0.0,Local
2008-10-18,Home,School,Bus,12.14,29.1,1274.7,Local
2008-10-19,Home,Cinema,Bus,8.5,20.4,892.5,Local
2008-10-19,Cinema,School,Bus,0.72,1.7,75.6,Local
2008-10-20,Home,Friend's Place,Bus,19.39,46.5,2036.0,Local
2008-10-21,Home,Shopping Centre,Train,15.12,20.2,619.9,Local
2008-10-22,Home,Library,Train,18.81,25.1,771.2,Local
2008-10-22,Library,School,Bus,5.76,13.8,604.8,Local
2008-10-23,Home,School,Bus,9.14,21.9,959.7,Local
2008-10-24,Home,Park,Car,18.46,27.7,3544.3,Local
2008-10-27,Home,Friend's Place,Bicycle,16.45,65.8,0.0,Local
2008-10-27,Friend's Place,Shopping Centre,Bus,7.75,18.6,813.8,Local
2008-10-28,Home,Library,Bicycle,8.75,35.0,0.0,Local
2008-10-29,Home,Friend's Place,Walk,6.03,72.4,0.0,Local
2008-11-03,Home,Park,Car,9.62,14.4,1847.0,Local
2008-11-03,Park,Friend's Place,Car,1.03,1.5,197.8,Local
2008-11-04,Home,Cinema,Walk,17.21,206.5,0.0,Local
2008-11-05,Friend's Place,Home,Tram,8.29,24.9,497.4,Local
2008-11-05,Home,Library,Walk,14.05,168.6,0.0,Local
2008-11-05,Home,Friend's Place,Walk,6.72,80.6,0.0,Local
2008-11-07,Home,Library,Tram,19.83,59.5,1189.8,Local
2008-11-07,Library,Shopping Centre,Bicycle,3.15,12.6,0.0,Local
2008-11-08,Home,Shopping Centre,Tram,5.28,15.8,316.8,Local
2008-11-09,Home,Park,Walk,14.64,175.7,0.0,Local
2008-11-10,Home,Shopping Centre,Bus,19.52,46.8,2049.6,Local
2008-11-10,Shopping Centre,Home,Bus,14.48,34.8,1520.4,Local
2008-11-11,Shopping Centre,Library,Tram,2.46,7.4,147.6,Local
2008-11-11,Home,Shopping Centre,Tram,14.43,43.3,865.8,Local
2008-11-13,Home,Library,Car,16.1,24.2,3091.2,Local
2008-11-14,Home,Cinema,Bicycle,13.39,53.6,0.0,Local
2008-11-14,Cinema,Library,Car,6.62,9.9,1271.0,Local
2008-11-14,Library,Friend's Place,Train,2.06,2.7,84.5,Local
2008-11-15,Home,Friend's Place,Train,7.2,9.6,295.2,Local
2008-11-15,Friend's Place,Shopping Centre,Bus,2.12,5.1,222.6,Local
2008-11-16,Home,Park,Walk,15.7,188.4,0.0,Local
2008-11-18,Home,School,Bus,18.35,44.0,1926.8,Local
2008-11-19,Park,Library,Tram,4.02,12.1,241.2,Local
2008-11-19,Home,Shopping Centre,Walk,17.06,204.7,0.0,Local
2008-11-19,Shopping Centre,Park,Train,5.39,7.2,221.0,Local
2008-11-20,Home,Cinema,Car,15.6,23.4,2995.2,Local
2008-11-21,Home,Shopping Centre,Bus,18.02,43.2,1892.1,Local
2008-11-22,Home,School,Bus,13.42,32.2,1409.1,Local
2008-11-22,School,Park,Walk,1.02,12.2,0.0,Local
2008-11-23,Home,Library,Car,12.33,18.5,2367.4,Local
2008-11-23,Library,Friend's Place,Bicycle,1.77,7.1,0.0,Local
2008-11-23,Friend's Place,School,Bus,3.87,9.3,406.4,Local
2008-11-24,Home,Library,Tram,13.63,40.9,817.8,Local
2008-11-25,Home,Shopping Centre,Bicycle,14.64,58.6,0.0,Local
2008-11-26,Home,Library,Tram,19.7,59.1,1182.0,Local
2008-11-26,Library,Home,Bus,5.38,12.9,564.9,Local
2008-11-26,Home,Library,Bicycle,16.36,65.4,0.0,Local
2008-11-27,Home,Library,Bus,7.15,17.2,750.8,Local
2008-11-27,Library,Park,Car,4.78,7.2,917.8,Local
2008-11-28,Home,Library,Bus,6.46,15.5,678.3,Local
2008-11-29,Library,Friend's Place,Train,3.46,4.6,141.9,Local
2008-11-29,Home,Library,Bus,8.54,20.5,896.7,Local
2008-11-30,Home,Cinema,Bicycle,6.42,25.7,0.0,Local
2008-12-02,Home,Cinema,Tram,10.67,32.0,640.2,Local
2008-12-02,Cinema,Friend's Place,Train,5.44,7.3,223.0,Local
2008-12-02,Friend's Place,Shopping Centre,Train,5.9,7.9,241.9,Local
2008-12-03,Home,Cinema,Walk,5.34,64.1,0.0,Local
2008-12-03,Cinema,Park,Tram,2.6,7.8,156.0,Local
2008-12-05,Home,Friend's Place,Train,13.62,18.2,558.4,Local
2008-12-07,Home,Shopping Centre,Walk,8.83,106.0,0.0,Local
2008-12-07,Shopping Centre,Friend's Place,Tram,0.85,2.5,51.0,Local
2008-12-07,Friend's Place,Shopping Centre,Walk,6.41,76.9,0.0,Local
2008-12-08,Home,Friend's Place,Bicycle,9.92,39.7,0.0,Local
2008-12-09,Home,Cinema,Tram,8.64,25.9,518.4,Local
2008-12-10,Home,Friend's Place,Tram,15.35,46.0,921.0,Local
2008-12-11,Home,Shopping Centre,Tram,17.27,51.8,1036.2,Local
2008-12-11,Shopping Centre,Friend's Place,Car,4.67,7.0,896.6,Local
2008-12-13,Home,School,Bus,13.47,32.3,1414.4,Local
2008-12-14,Home,Shopping Centre,Bus,14.71,35.3,1544.6,Local
2008-12-15,Home,Friend's Place,Tram,6.7,20.1,402.0,Local
2008-12-16,Home,School,Bus,12.01,28.8,1261.0,Local
2008-12-19,Home,Friend's Place,Car,12.19,18.3,2340.5,Local
2008-12-19,Friend's Place,Cinema,Bus,1.61,3.9,169.1,Local
2008-12-20,Home,Friend's Place,Train,13.61,18.1,558.0,Local
2008-12-20,Friend's Place,Library,Bicycle,2.09,8.4,0.0,Local
2008-12-20,Library,Shopping Centre,Car,7.7,11.6,1478.4,Local
2008-12-21,Home,Park,Tram,13.74,41.2,824.4,Local
2008-12-21,Park,School,Bus,0.51,1.2,53.6,Local
2008-12-22,Home,Cinema,Walk,14.82,177.8,0.0,Local
2008-12-23,Home,Friend's Place,Bicycle,19.71,78.8,0.0,Local
2008-12-23,Friend's Place,Park,Bus,3.0,7.2,315.0,Local
2008-12-24,Home,School,Bus,7.12,17.1,747.6,Local
2008-12-26,Home,School,Bus,10.41,25.0,1093.0,Local
2008-12-27,Home,School,Bus,19.09,45.8,2004.5,Local
2008-12-28,Home,Shopping Centre,Car,12.45,18.7,2390.4,Local
2008-12-30,Home,Cinema,Tram,15.02,45.1,901.2,Local
2008-12-31,Library,Park,Train,3.49,4.7,143.1,Local
2008-12-31,Park,School,Bus,3.61,8.7,379.1,Local
2008-12-31,Home,Library,Bicycle,9.22,36.9,0.0,Local
2009-01-01,Shopping Centre,Library,Bicycle,7.33,29.3,0.0,Local
2009-01-01,Home,Shopping Centre,Walk,17.36,208.3,0.0,Local
2009-01-02,Home,Shopping Centre,Bus,17.31,41.5,1817.5,Local
2009-01-03,Home,Library,Bicycle,9.3,37.2,0.0,Local
2009-01-03,Library,Home,Bus,11.72,28.1,1230.6,Local
2009-01-04,Home,Park,Walk,5.08,61.0,0.0,Local
2009-01-04,Park,Friend's Place,Walk,1.86,22.3,0.0,Local
2009-01-05,Home,Park,Walk,7.58,91.0,0.0,Local
2009-01-05,Park,Cinema,Tram,7.43,22.3,445.8,Local
2009-01-06,Home,Shopping Centre,Train,6.51,8.7,266.9,Local
2009-01-07,Home,Cinema,Walk,6.32,75.8,0.0,Local
2009-01-07,Cinema,Home,Tram,9.85,29.6,591.0,Local
2009-01-08,Home,Shopping Centre,Tram,14.02,42.1,841.2,Local
2009-01-08,Shopping Centre,Cinema,Tram,4.94,14.8,296.4,Local
2009-01-08,Cinema,Home,Train,13.27,17.7,544.1,Local
2009-01-09,Home,Cinema,Train,18.72,25.0,767.5,Local
2009-01-09,Cinema,Library,Car,6.64,10.0,1274.9,Local
2009-01-09,Library,Friend's Place,Car,5.64,8.5,1082.9,Local
2009-01-10,Home,Friend's Place,Bicycle,15.21,60.8,0.0,Local
2009-01-11,Home,School,Bus,18.65,44.8,1958.2,Local
2009-01-12,Home,Shopping Centre,Bus,10.34,24.8,1085.7,Local
2009-01-13,Home,Cinema,Train,16.9,22.5,692.9,Local
2009-01-15,Home,Cinema,Bus,6.76,16.2,709.8,Local
2009-01-15,Cinema,School,Bus,5.44,13.1,571.2,Local
2009-01-16,Home,Cinema,Walk,15.96,191.5,0.0,Local
2009-01-16,Cinema,Home,Bus,12.23,29.4,1284.2,Local
2009-01-17,Library,School,Bus,1.98,4.8,207.9,Local
2009-01-17,Friend's Place,Library,Bicycle,4.22,16.9,0.0,Local
2009-01-17,Home,Friend's Place,Walk,6.85,82.2,0.0,Local
2009-01-18,Home,Shopping Centre,Car,19.72,29.6,3786.2,Local
2009-01-19,Home,Shopping Centre,Tram,6.03,18.1,361.8,Local
2009-01-19,Shopping Centre,Cinema,Bicycle,4.96,19.8,0.0,Local
2009-01-20,Home,School,Bus,8.47,20.3,889.4,Local
2009-01-21,Home,Library,Bicycle,12.34,49.4,0.0,Local
2009-01-21,Library,Cinema,Bicycle,7.0,28.0,0.0,Local
2009-01-22,School,Home,Train,15.78,21.0,647.0,Local
2009-01-22,Home,Library,Car,9.17,13.8,1760.6,Local
2009-01-22,Home,School,Bus,9.34,22.4,980.7,Local
2009-01-24,Home,Friend's Place,Walk,5.71,68.5,0.0,Local
2009-01-25,Home,Friend's Place,Bicycle,15.78,63.1,0.0,Local
2009-01-26,Home,Park,Car,17.56,26.3,3371.5,Local
2009-01-27,Home,Library,Train,5.91,7.9,242.3,Local
2009-01-29,Home,Friend's Place,Bicycle,13.21,52.8,0.0,Local
2009-01-29,Friend's Place,Home,Bicycle,14.38,57.5,0.0,Local
2009-02-04,Home,Shopping Centre,Bus,18.45,44.3,1937.2,Local
2009-02-05,Home,School,Bus,17.37,41.7,1823.9,Local
2009-02-06,Home,Cinema,Bicycle,16.21,64.8,0.0,Local
2009-02-07,Home,Library,Train,5.54,7.4,227.1,Local
2009-02-09,Home,Library,Car,18.22,27.3,3498.2,Local
2009-02-10,Home,Park,Bus,11.87,28.5,1246.3,Local
2009-02-10,Park,Cinema,Walk,3.12,37.4,0.0,Local
2009-02-11,Home,Park,Bicycle,14.06,56.2,0.0,Local
2009-02-14,Home,Friend's Place,Train,7.43,9.9,304.6,Local
2009-02-15,Melbourne,Singapore,Flight,6000.0,400.0,750000.0,International-Out
2009-02-18,Friend's Place,Cinema,Bicycle,1.35,5.4,0.0,Local
2009-02-18,Home,Friend's Place,Walk,6.32,75.8,0.0,Local
2009-02-22,Singapore,Melbourne,Flight,6000.0,400.0,750000.0,International-Return
2009-02-23,Home,Park,Car,8.45,12.7,1622.4,Local
2009-02-24,Home,Library,Bus,12.92,31.0,1356.6,Local
2009-02-25,Home,Shopping Centre,Train,18.5,24.7,758.5,Local
2009-02-26,Home,Library,Car,15.59,23.4,2993.3,Local
2009-02-26,Library,School,Bus,2.46,5.9,258.3,Local
2009-03-01,Home,Friend's Place,Car,14.51,21.8,2785.9,Local
2009-03-03,Home,Shopping Centre,Tram,14.63,43.9,877.8,Local
2009-03-04,Home,Cinema,Bicycle,9.95,39.8,0.0,Local
2009-03-05,Home,Shopping Centre,Bicycle,16.46,65.8,0.0,Local
2009-03-06,Home,School,Bus,10.82,26.0,1136.1,Local
2009-03-06,School,Shopping Centre,Tram,1.62,4.9,97.2,Local
2009-03-06,Shopping Centre,Friend's Place,Car,1.03,1.5,197.8,Local
2009-03-07,Home,Park,Tram,16.02,48.1,961.2,Local
2009-03-08,Library,Shopping Centre,Tram,1.2,3.6,72.0,Local
2009-03-08,Home,Library,Bus,17.73,42.6,1861.7,Local
2009-03-09,Cinema,Park,Bus,6.81,16.3,715.0,Local
2009-03-09,Park,Home,Bicycle,12.06,48.2,0.0,Local
2009-03-09,Home,Cinema,Bicycle,19.0,76.0,0.0,Local
2009-03-12,Home,Friend's Place,Bicycle,18.89,75.6,0.0,Local
2009-03-13,Home,Park,Car,10.87,16.3,2087.0,Local
2009-03-13,Park,Library,Car,5.07,7.6,973.4,Local
2009-03-14,Home,Shopping Centre,Bicycle,18.79,75.2,0.0,Local
2009-03-14,Shopping Centre,Home,Walk,11.39,136.7,0.0,Local
2009-03-15,Home,Shopping Centre,Walk,8.2,98.4,0.0,Local
2009-03-16,Home,Cinema,Bicycle,14.43,57.7,0.0,Local
2009-03-17,Home,Shopping Centre,Train,11.89,15.9,487.5,Local
2009-03-19,Home,Library,Bicycle,16.28,65.1,0.0,Local
2009-03-19,Library,Home,Car,16.41,24.6,3150.7,Local
2009-03-19,Home,Library,Tram,15.57,46.7,934.2,Local
2009-03-20,Home,School,Bus,10.02,24.0,1052.1,Local
2009-03-20,School,Friend's Place,Bicycle,6.87,27.5,0.0,Local
2009-03-21,Home,Cinema,Bus,6.53,15.7,685.6,Local
2009-03-23,Home,Cinema,Bus,12.69,30.5,1332.5,Local
2009-03-24,Park,Library,Walk,6.79,81.5,0.0,Local
2009-03-24,Library,Shopping Centre,Tram,3.01,9.0,180.6,Local
2009-03-24,Home,Park,Train,17.09,22.8,700.7,Local
2009-03-27,Home,Shopping Centre,Bicycle,13.84,55.4,0.0,Local
2009-03-28,Home,Cinema,Car,8.38,12.6,1609.0,Local
2009-03-29,Home,School,Bus,17.5,42.0,1837.5,Local
2009-03-30,Home,Friend's Place,Train,13.98,18.6,573.2,Local
2009-03-31,Home,Shopping Centre,Train,9.28,12.4,380.5,Local
2009-03-31,Shopping Centre,Home,Bicycle,5.86,23.4,0.0,Local
2009-03-31,Home,Cinema,Train,5.58,7.4,228.8,Local
2009-04-01,Library,Cinema,Train,0.75,1.0,30.8,Local
2009-04-01,Home,Library,Bus,10.87,26.1,1141.3,Local
2009-04-02,Home,Shopping Centre,Tram,17.76,53.3,1065.6,Local
2009-04-02,Shopping Centre,Friend's Place,Tram,3.39,10.2,203.4,Local
2009-04-03,Home,Park,Tram,19.66,59.0,1179.6,Local
2009-04-04,Home,School,Bus,17.72,42.5,1860.6,Local
2009-04-04,School,Home,Tram,10.73,32.2,643.8,Local
2009-04-04,Home,Shopping Centre,Bus,16.74,40.2,1757.7,Local
2009-04-07,Home,Park,Bus,18.46,44.3,1938.3,Local
2009-04-08,Park,Friend's Place,Train,0.87,1.2,35.7,Local
2009-04-08,Cinema,Park,Tram,2.96,8.9,177.6,Local
2009-04-08,Home,Cinema,Car,15.06,22.6,2891.5,Local
2009-04-10,Home,School,Bus,11.37,27.3,1193.8,Local
2009-04-11,Home,Cinema,Bicycle,12.17,48.7,0.0,Local
2009-04-12,Home,Library,Bus,7.46,17.9,783.3,Local
2009-04-13,Home,School,Bus,5.69,13.7,597.5,Local
2009-04-14,Home,Shopping Centre,Train,7.7,10.3,315.7,Local
2009-04-15,Home,School,Bus,5.96,14.3,625.8,Local
2009-04-15,School,Shopping Centre,Train,3.33,4.4,136.5,Local
2009-04-16,Friend's Place,Shopping Centre,Train,2.23,3.0,91.4,Local
2009-04-16,Home,Friend's Place,Bus,19.6,47.0,2058.0,Local
2009-04-17,Home,Shopping Centre,Train,12.78,17.0,524.0,Local
2009-04-17,Shopping Centre,Park,Bus,3.65,8.8,383.2,Local
2009-04-17,Park,School,Bus,2.75,6.6,288.8,Local
2009-04-18,Home,Cinema,Train,12.17,16.2,499.0,Local
2009-04-21,Home,School,Bus,6.11,14.7,641.6,Local
2009-04-21,School,Home,Bus,9.19,22.1,964.9,Local
2009-04-23,Home,Friend's Place,Train,13.07,17.4,535.9,Local
2009-04-24,Park,Library,Bus,5.11,12.3,536.6,Local
2009-04-24,Home,Friend's Place,Bicycle,14.56,58.2,0.0,Local
2009-04-24,Friend's Place,Park,Train,6.9,9.2,282.9,Local
2009-04-25,Home,School,Bus,8.25,19.8,866.2,Local
2009-04-26,Home,Friend's Place,Train,11.86,15.8,486.3,Local
2009-04-27,Home,Cinema,Walk,16.98,203.8,0.0,Local
2009-04-28,Home,Friend's Place,Bicycle,10.04,40.2,0.0,Local
2009-04-28,Friend's Place,School,Bus,3.45,8.3,362.2,Local
2009-04-29,Home,Friend's Place,Bicycle,5.83,23.3,0.0,Local
2009-04-29,Friend's Place,Library,Bicycle,4.92,19.7,0.0,Local
2009-04-30,Home,Shopping Centre,Car,6.33,9.5,1215.4,Local
2009-05-01,Home,Park,Bicycle,14.93,59.7,0.0,Local
2009-05-01,Park,Library,Bus,4.89,11.7,513.4,Local
2009-05-03,Home,Cinema,Walk,18.46,221.5,0.0,Local
2009-05-04,Park,Home,Bicycle,18.85,75.4,0.0,Local
2009-05-04,Home,Park,Tram,6.87,20.6,412.2,Local
2009-05-05,Home,Shopping Centre,Tram,6.01,18.0,360.6,Local
2009-05-06,Home,Shopping Centre,Car,11.36,17.0,2181.1,Local
2009-05-08,Park,Friend's Place,Car,7.39,11.1,1418.9,Local
2009-05-08,Home,Park,Walk,12.9,154.8,0.0,Local
2009-05-09,Home,Park,Bicycle,17.31,69.2,0.0,Local
2009-05-10,Home,School,Bus,15.52,37.2,1629.6,Local
2009-05-11,Home,Park,Walk,11.62,139.4,0.0,Local
2009-05-12,Home,Shopping Centre,Bicycle,7.01,28.0,0.0,Local
2009-05-12,Shopping Centre,Home,Walk,15.06,180.7,0.0,Local
2009-05-13,Home,School,Bus,17.72,42.5,1860.6,Local
2009-05-15,Park,Friend's Place,Car,3.51,5.3,673.9,Local
2009-05-15,Friend's Place,Park,Train,1.38,1.8,56.6,Local
2009-05-15,Home,Park,Walk,16.51,198.1,0.0,Local
2009-05-16,Home,Shopping Centre,Tram,10.86,32.6,651.6,Local
2009-05-16,Shopping Centre,Library,Car,5.3,8.0,1017.6,Local
2009-05-17,Home,School,Bus,6.78,16.3,711.9,Local
2009-05-19,Home,Shopping Centre,Bus,15.69,37.7,1647.5,Local
2009-05-19,Shopping Centre,Library,Tram,1.22,3.7,73.2,Local
2009-05-19,Library,Park,Bicycle,1.85,7.4,0.0,Local
2009-05-20,Home,Friend's Place,Car,18.64,28.0,3578.9,Local
2009-05-21,Home,Park,Tram,17.76,53.3,1065.6,Local
2009-05-22,Friend's Place,Shopping Centre,Walk,5.41,64.9,0.0,Local
2009-05-22,Home,Friend's Place,Train,7.51,10.0,307.9,Local
2009-05-23,Home,Friend's Place,Car,15.94,23.9,3060.5,Local
2009-05-23,Friend's Place,Park,Bus,6.69,16.1,702.5,Local
2009-05-23,Park,Shopping Centre,Train,2.26,3.0,92.7,Local
2009-05-24,Home,Shopping Centre,Car,9.72,14.6,1866.2,Local
2009-05-25,Home,Shopping Centre,Train,7.24,9.7,296.8,Local
2009-05-26,Home,Library,Bicycle,16.96,67.8,0.0,Local
2009-05-26,Library,Friend's Place,Walk,1.95,23.4,0.0,Local
2009-05-28,Home,Friend's Place,Tram,6.4,19.2,384.0,Local
2009-05-28,Friend's Place,Home,Bicycle,8.95,35.8,0.0,Local
2009-05-29,Home,Shopping Centre,Train,14.33,19.1,587.5,Local
2009-05-29,Shopping Centre,Friend's Place,Walk,5.4,64.8,0.0,Local
2009-05-30,Home,Friend's Place,Walk,13.4,160.8,0.0,Local
2009-05-30,Friend's Place,Library,Bus,4.22,10.1,443.1,Local
2009-05-31,Home,Shopping Centre,Bicycle,17.78,71.1,0.0,Local
2009-06-01,Home,School,Bus,6.47,15.5,679.4,Local
2009-06-01,School,Cinema,Walk,5.04,60.5,0.0,Local
2009-06-02,Home,School,Bus,7.43,17.8,780.1,Local
2009-06-03,Home,Cinema,Car,9.72,14.6,1866.2,Local
2009-06-03,Cinema,Shopping Centre,Car,6.19,9.3,1188.5,Local
2009-06-03,Shopping Centre,Home,Bus,15.53,37.3,1630.6,Local
2009-06-04,Home,Cinema,Walk,10.07,120.8,0.0,Local
2009-06-05,Home,Shopping Centre,Bicycle,19.71,78.8,0.0,Local
2009-06-06,Home,Shopping Centre,Car,16.07,24.1,3085.4,Local
2009-06-07,Home,Park,Car,8.41,12.6,1614.7,Local
2009-06-07,Park,Home,Bicycle,15.08,60.3,0.0,Local
2009-06-08,Library,Park,Train,5.87,7.8,240.7,Local
2009-06-08,Home,Library,Train,6.42,8.6,263.2,Local
2009-06-09,Home,Library,Bus,11.24,27.0,1180.2,Local
2009-06-09,Library,Park,Tram,1.17,3.5,70.2,Local
2009-06-10,Home,Park,Walk,7.33,88.0,0.0,Local
2009-06-11,Home,Friend's Place,Bus,9.96,23.9,1045.8,Local
2009-06-11,Friend's Place,School,Bus,6.26,15.0,657.3,Local
2009-06-11,School,Park,Bus,4.82,11.6,506.1,Local
2009-06-12,Home,Friend's Place,Bicycle,5.9,23.6,0.0,Local
2009-06-13,Home,Cinema,Train,13.74,18.3,563.3,Local
2009-06-13,Home,School,Bus,19.81,47.5,2080.0,Local
2009-06-13,School,Home,Walk,18.42,221.0,0.0,Local
2009-06-14,Home,Cinema,Tram,5.17,15.5,310.2,Local
2009-06-14,Cinema,Friend's Place,Tram,3.55,10.6,213.0,Local
2009-06-14,Friend's Place,Home,Tram,16.82,50.5,1009.2,Local
2009-06-17,Home,Shopping Centre,Train,20.0,26.7,820.0,Local
2009-06-18,Home,Shopping Centre,Bus,19.07,45.8,2002.4,Local
2009-06-18,Shopping Centre,School,Bus,6.55,15.7,687.8,Local
2009-06-19,Home,Park,Train,11.98,16.0,491.2,Local
2009-06-20,Home,Cinema,Bicycle,13.24,53.0,0.0,Local
2009-06-21,Home,Cinema,Walk,15.82,189.8,0.0,Local
2009-06-21,Cinema,Friend's Place,Walk,4.92,59.0,0.0,Local
2009-06-21,Friend's Place,Park,Bicycle,5.44,21.8,0.0,Local
2009-06-22,Home,Cinema,Tram,16.72,50.2,1003.2,Local
2009-06-23,Home,Library,Walk,17.93,215.2,0.0,Local
2009-06-25,Home,Park,Bicycle,13.24,53.0,0.0,Local
2009-06-26,Home,School,Bus,5.75,13.8,603.8,Local
2009-06-27,Home,School,Bus,19.09,45.8,2004.5,Local
2009-06-28,Home,Friend's Place,Bus,14.05,33.7,1475.2,Local
2009-06-29,Home,Library,Car,6.01,9.0,1153.9,Local
2009-06-30,Home,Cinema,Tram,15.81,47.4,948.6,Local
2009-07-01,Home,Park,Walk,11.49,137.9,0.0,Local
2009-07-01,Park,Home,Tram,11.31,33.9,678.6,Local
2009-07-02,Home,Cinema,Car,13.48,20.2,2588.2,Local
2009-07-02,Cinema,Home,Car,15.22,22.8,2922.2,Local
2009-07-03,School,Park,Tram,1.05,3.2,63.0,Local
2009-07-03,Home,School,Bus,5.69,13.7,597.5,Local
2009-07-04,Home,School,Bus,19.69,47.3,2067.5,Local
2009-07-04,School,Shopping Centre,Walk,4.1,49.2,0.0,Local
2009-07-05,Home,Cinema,Walk,12.96,155.5,0.0,Local
2009-07-05,Cinema,Library,Walk,3.67,44.0,0.0,Local
2009-07-06,Shopping Centre,School,Bus,7.61,18.3,799.1,Local
2009-07-06,Home,School,Bus,13.83,33.2,1452.2,Local
2009-07-06,School,Shopping Centre,Tram,1.89,5.7,113.4,Local
2009-07-07,Home,Shopping Centre,Walk,18.33,220.0,0.0,Local
2009-07-08,Home,Cinema,Bus,6.59,15.8,691.9,Local
2009-07-09,Home,Shopping Centre,Walk,14.45,173.4,0.0,Local
2009-07-09,Shopping Centre,Library,Tram,6.45,19.4,387.0,Local
2009-07-09,Library,Shopping Centre,Train,1.89,2.5,77.5,Local
2009-07-10,Home,School,Bus,6.36,15.3,667.8,Local
2009-07-11,Home,Shopping Centre,Bicycle,12.82,51.3,0.0,Local
2009-07-13,Home,Friend's Place,Bus,17.17,41.2,1802.9,Local
2009-07-14,Home,School,Bus,12.4,29.8,1302.0,Local
2009-07-14,School,Home,Tram,10.18,30.5,610.8,Local
2009-07-15,Home,Friend's Place,Bus,9.5,22.8,997.5,Local
2009-07-17,Home,Park,Bus,5.1,12.2,535.5,Local
2009-07-18,Home,Library,Car,9.56,14.3,1835.5,Local
2009-07-19,Home,Cinema,Car,14.04,21.1,2695.7,Local
2009-07-20,Home,Shopping Centre,Car,17.02,25.5,3267.8,Local
2009-07-21,Home,Park,Bus,5.09,12.2,534.4,Local
2009-07-22,Home,Park,Car,6.95,10.4,1334.4,Local
2009-07-23,Home,Friend's Place,Walk,15.67,188.0,0.0,Local
2009-07-24,Home,Park,Train,16.89,22.5,692.5,Local
2009-07-25,Home,Library,Bicycle,6.07,24.3,0.0,Local
2009-07-26,Home,Park,Car,6.51,9.8,1249.9,Local
2009-07-27,Home,Park,Bus,5.53,13.3,580.6,Local
2009-07-28,Home,Shopping Centre,Train,13.51,18.0,553.9,Local
2009-07-28,Shopping Centre,Friend's Place,Train,0.56,0.7,23.0,Local
2009-07-29,Home,Park,Train,7.53,10.0,308.7,Local
2009-07-30,Home,Friend's Place,Bus,10.44,25.1,1096.2,Local
2009-07-31,Home,Library,Train,16.39,21.9,672.0,Local
2009-07-31,Library,Home,Bicycle,14.85,59.4,0.0,Local
2009-08-01,Home,Shopping Centre,Car,17.48,26.2,3356.2,Local
2009-08-02,Home,Library,Walk,6.44,77.3,0.0,Local
2009-08-02,Library,Shopping Centre,Walk,5.69,68.3,0.0,Local
2009-08-02,Shopping Centre,Home,Bicycle,12.89,51.6,0.0,Local
2009-08-04,Home,Shopping Centre,Car,6.1,9.2,1171.2,Local
2009-08-05,Home,Shopping Centre,Bus,7.44,17.9,781.2,Local
2009-08-05,Shopping Centre,Friend's Place,Train,7.28,9.7,298.5,Local
2009-08-07,Home,Cinema,Bus,13.03,31.3,1368.1,Local
2009-08-07,Cinema,School,Bus,5.6,13.4,588.0,Local
2009-08-09,Home,Shopping Centre,Car,13.14,19.7,2522.9,Local
2009-08-10,Home,Library,Train,9.42,12.6,386.2,Local
2009-08-11,Home,Shopping Centre,Walk,8.98,107.8,0.0,Local
2009-08-11,Shopping Centre,Park,Bicycle,5.97,23.9,0.0,Local
2009-08-12,Home,Library,Bus,6.72,16.1,705.6,Local
2009-08-12,Library,Shopping Centre,Train,4.05,5.4,166.0,Local
2009-08-12,Shopping Centre,Park,Train,7.4,9.9,303.4,Local
2009-08-14,Cinema,Home,Train,11.45,15.3,469.4,Local
2009-08-14,Home,Library,Car,15.1,22.6,2899.2,Local
2009-08-14,Home,Cinema,Car,13.08,19.6,2511.4,Local
2009-08-16,Home,Friend's Place,Bus,6.75,16.2,708.8,Local
2009-08-17,Home,Park,Train,13.31,17.7,545.7,Local
2009-08-17,Park,Shopping Centre,Train,0.71,0.9,29.1,Local
2009-08-18,Home,Friend's Place,Train,18.27,24.4,749.1,Local
2009-08-18,Friend's Place,Library,Bus,2.59,6.2,271.9,Local
2009-08-20,Park,Friend's Place,Tram,7.95,23.9,477.0,Local
2009-08-20,Home,Park,Car,10.69,16.0,2052.5,Local
2009-08-21,Park,Home,Walk,8.23,98.8,0.0,Local
2009-08-21,Home,Park,Train,15.3,20.4,627.3,Local
2009-08-22,Home,Friend's Place,Bicycle,17.82,71.3,0.0,Local
2009-08-23,Home,Cinema,Train,12.99,17.3,532.6,Local
2009-08-24,Home,School,Bus,7.46,17.9,783.3,Local
2009-08-25,Home,Cinema,Tram,18.82,56.5,1129.2,Local
2009-08-26,Home,Park,Bus,7.27,17.4,763.3,Local
2009-08-27,Home,Library,Car,7.69,11.5,1476.5,Local
2009-08-28,Home,School,Bus,6.64,15.9,697.2,Local
2009-08-29,Home,Park,Tram,18.76,56.3,1125.6,Local
2009-08-31,Home,Friend's Place,Train,10.65,14.2,436.7,Local
2009-09-02,Home,Library,Walk,11.34,136.1,0.0,Local
2009-09-03,Home,Friend's Place,Car,18.46,27.7,3544.3,Local
2009-09-05,Home,Library,Walk,16.81,201.7,0.0,Local
2009-09-05,Library,Park,Car,4.94,7.4,948.5,Local
2009-09-06,Home,School,Bus,8.91,21.4,935.6,Local
2009-09-08,Home,Friend's Place,Walk,10.36,124.3,0.0,Local
2009-09-09,Home,Park,Tram,9.13,27.4,547.8,Local
2009-09-09,Park,Home,Bus,17.08,41.0,1793.4,Local
2009-09-09,Home,Park,Bicycle,17.04,68.2,0.0,Local
2009-09-10,Home,Cinema,Bus,11.59,27.8,1217.0,Local
2009-09-11,Home,Park,Train,5.41,7.2,221.8,Local
2009-09-11,Park,School,Bus,6.23,15.0,654.2,Local
2009-09-12,Home,School,Bus,10.7,25.7,1123.5,Local
2009-09-12,School,Park,Bus,2.19,5.3,229.9,Local
2009-09-13,Home,Cinema,Tram,13.14,39.4,788.4,Local
2009-09-14,Home,Friend's Place,Train,10.14,13.5,415.7,Local
2009-09-14,Friend's Place,Home,Car,19.26,28.9,3697.9,Local
2009-09-14,Home,Shopping Centre,Bicycle,12.4,49.6,0.0,Local
2009-09-15,Home,Friend's Place,Tram,5.53,16.6,331.8,Local
2009-09-16,Home,Park,Bus,6.7,16.1,703.5,Local
2009-09-19,Home,Shopping Centre,Bus,8.89,21.3,933.5,Local
2009-09-20,Home,Park,Tram,15.52,46.6,931.2,Local
2009-09-20,Park,Shopping Centre,Tram,0.64,1.9,38.4,Local
2009-09-21,Cinema,Park,Walk,5.01,60.1,0.0,Local
2009-09-21,Park,Friend's Place,Walk,7.83,94.0,0.0,Local
2009-09-21,Home,Cinema,Tram,10.0,30.0,600.0,Local
2009-09-22,Home,Shopping Centre,Bicycle,15.83,63.3,0.0,Local
2009-09-23,Home,School,Bus,5.06,12.1,531.3,Local
2009-09-24,Home,School,Bus,10.55,25.3,1107.8,Local
2009-09-25,Home,Library,Car,14.2,21.3,2726.4,Local
2009-09-26,Home,School,Bus,19.31,46.3,2027.5,Local
2009-09-27,Home,Friend's Place,Bus,12.58,30.2,1320.9,Local
2009-09-28,Home,Friend's Place,Bicycle,12.22,48.9,0.0,Local
2009-09-29,Home,Cinema,Bus,10.29,24.7,1080.4,Local
2009-10-02,Home,School,Bus,17.99,43.2,1888.9,Local
2009-10-03,Home,School,Bus,10.69,25.7,1122.5,Local
2009-10-04,Home,Library,Walk,5.28,63.4,0.0,Local
2009-10-04,Library,Cinema,Train,4.75,6.3,194.8,Local
2009-10-05,Home,Park,Walk,8.93,107.2,0.0,Local
2009-10-05,Park,Cinema,Car,5.94,8.9,1140.5,Local
2009-10-07,Home,Library,Walk,7.1,85.2,0.0,Local
2009-10-07,Library,Park,Car,2.34,3.5,449.3,Local
2009-10-08,Home,Cinema,Bicycle,13.13,52.5,0.0,Local
2009-10-10,Home,Park,Car,18.84,28.3,3617.3,Local
2009-10-12,Home,School,Bus,10.24,24.6,1075.2,Local
2009-10-12,School,Library,Bicycle,0.74,3.0,0.0,Local
2009-10-12,Library,Friend's Place,Bicycle,5.47,21.9,0.0,Local
2009-10-13,Home,Friend's Place,Train,9.28,12.4,380.5,Local
2009-10-13,Friend's Place,Home,Walk,17.45,209.4,0.0,Local
2009-10-15,Home,Library,Walk,10.94,131.3,0.0,Local
2009-10-16,Home,Library,Bicycle,17.23,68.9,0.0,Local
2009-10-17,Home,Park,Bicycle,13.09,52.4,0.0,Local
2009-10-18,Home,Friend's Place,Car,16.69,25.0,3204.5,Local
2009-10-19,Home,Park,Walk,5.55,66.6,0.0,Local
2009-10-19,Park,School,Bus,6.23,15.0,654.2,Local
2009-10-20,Home,Cinema,Bus,10.78,25.9,1131.9,Local
2009-10-20,Cinema,Shopping Centre,Car,6.82,10.2,1309.4,Local
2009-10-22,Cinema,Park,Walk,2.64,31.7,0.0,Local
2009-10-22,Park,Shopping Centre,Bus,6.53,15.7,685.6,Local
2009-10-22,Home,Cinema,Tram,15.55,46.7,933.0,Local
2009-10-23,School,Friend's Place,Tram,0.8,2.4,48.0,Local
2009-10-23,Library,School,Bus,2.59,6.2,271.9,Local
2009-10-23,Home,Library,Bicycle,18.89,75.6,0.0,Local
2009-10-24,Home,Friend's Place,Tram,18.43,55.3,1105.8,Local
2009-10-25,Home,Friend's Place,Train,19.8,26.4,811.8,Local
2009-10-27,Home,School,Bus,8.17,19.6,857.9,Local
2009-10-28,Home,School,Bus,16.85,40.4,1769.3,Local
2009-10-29,Home,Shopping Centre,Car,12.36,18.5,2373.1,Local
2009-10-29,Shopping Centre,School,Bus,5.57,13.4,584.9,Local
2009-10-30,Home,School,Bus,8.65,20.8,908.2,Local
2009-11-01,Library,Cinema,Bus,0.9,2.2,94.5,Local
2009-11-01,Home,Library,Train,14.61,19.5,599.0,Local
2009-11-02,Home,Cinema,Bicycle,14.49,58.0,0.0,Local
2009-11-04,Home,Friend's Place,Walk,19.95,239.4,0.0,Local
2009-11-05,Home,Shopping Centre,Tram,9.88,29.6,592.8,Local
2009-11-07,Home,Library,Bus,14.8,35.5,1554.0,Local
2009-11-08,Home,School,Bus,16.58,39.8,1740.9,Local
2009-11-08,School,Cinema,Bus,1.16,2.8,121.8,Local
2009-11-08,Cinema,Park,Train,5.29,7.1,216.9,Local
2009-11-09,Home,Park,Walk,12.74,152.9,0.0,Local
2009-11-09,Home,Friend's Place,Walk,16.98,203.8,0.0,Local
2009-11-09,Friend's Place,Home,Car,12.88,19.3,2473.0,Local
2009-11-10,Home,Friend's Place,Car,17.07,25.6,3277.4,Local
2009-11-11,Home,Park,Bus,6.95,16.7,729.8,Local
2009-11-11,Park,Home,Bicycle,7.64,30.6,0.0,Local
2009-11-13,Home,Library,Walk,6.95,83.4,0.0,Local
2009-11-14,Home,Friend's Place,Train,19.7,26.3,807.7,Local
2009-11-14,Friend's Place,School,Bus,6.21,14.9,652.0,Local
2009-11-14,School,Park,Walk,4.56,54.7,0.0,Local
2009-11-15,Home,Shopping Centre,Bus,13.49,32.4,1416.5,Local
2009-11-15,Shopping Centre,School,Bus,5.68,13.6,596.4,Local
2009-11-17,Home,Shopping Centre,Bus,9.9,23.8,1039.5,Local
2009-11-17,Shopping Centre,Library,Tram,7.78,23.3,466.8,Local
2009-11-18,Home,Park,Walk,9.4,112.8,0.0,Local
2009-11-19,Library,Friend's Place,Walk,2.02,24.2,0.0,Local
2009-11-19,Friend's Place,Park,Car,2.66,4.0,510.7,Local
2009-11-19,Home,Library,Walk,10.01,120.1,0.0,Local
2009-11-20,Home,School,Bus,13.76,33.0,1444.8,Local
2009-11-20,Home,School,Bus,13.25,31.8,1391.2,Local
2009-11-20,School,Home,Walk,12.04,144.5,0.0,Local
2009-11-21,Home,Library,Bus,17.57,42.2,1844.9,Local
2009-11-21,Library,Shopping Centre,Bus,7.65,18.4,803.2,Local
2009-11-22,Home,School,Bus,10.92,26.2,1146.6,Local
2009-11-25,Home,Shopping Centre,Walk,16.86,202.3,0.0,Local
2009-11-26,Home,Shopping Centre,Bus,16.28,39.1,1709.4,Local
2009-11-26,Shopping Centre,Friend's Place,Train,6.84,9.1,280.4,Local
2009-11-26,Friend's Place,Home,Car,14.83,22.2,2847.4,Local
2009-11-28,Home,Shopping Centre,Walk,10.54,126.5,0.0,Local
2009-11-29,Home,Cinema,Train,18.61,24.8,763.0,Local
2009-11-29,Cinema,Home,Walk,7.31,87.7,0.0,Local
2009-11-30,Home,Shopping Centre,Tram,11.67,35.0,700.2,Local
2009-12-01,Home,Shopping Centre,Car,9.62,14.4,1847.0,Local
2009-12-01,Shopping Centre,Library,Walk,7.43,89.2,0.0,Local
2009-12-03,Home,Library,Train,18.23,24.3,747.4,Local
2009-12-04,Park,Shopping Centre,Bus,3.31,7.9,347.6,Local
2009-12-04,Home,Park,Car,10.9,16.4,2092.8,Local
2009-12-06,Home,Library,Bus,13.01,31.2,1366.0,Local
2009-12-07,Home,Cinema,Train,19.53,26.0,800.7,Local
2009-12-08,Home,Library,Walk,16.97,203.6,0.0,Local
2009-12-09,Home,Park,Car,19.36,29.0,3717.1,Local
2009-12-10,Home,Friend's Place,Bicycle,18.48,73.9,0.0,Local
2009-12-10,Friend's Place,Shopping Centre,Bicycle,0.71,2.8,0.0,Local
2009-12-12,Home,Library,Tram,12.83,38.5,769.8,Local
2009-12-13,Home,Cinema,Bicycle,11.74,47.0,0.0,Local
2009-12-13,Cinema,Park,Bus,4.13,9.9,433.6,Local
2009-12-14,Home,Park,Walk,6.79,81.5,0.0,Local
2009-12-15,Home,Park,Train,18.07,24.1,740.9,Local
2009-12-16,Home,School,Bus,18.63,44.7,1956.1,Local
2009-12-16,School,Home,Bicycle,7.56,30.2,0.0,Local
2009-12-16,Home,Park,Tram,18.89,56.7,1133.4,Local
2009-12-17,School,Library,Bicycle,6.37,25.5,0.0,Local
2009-12-17,Home,School,Bus,14.03,33.7,1473.1,Local
2009-12-19,Home,Cinema,Tram,5.77,17.3,346.2,Local
2009-12-20,Cinema,Home,Bicycle,18.09,72.4,0.0,Local
2009-12-20,Home,Cinema,Car,11.71,17.6,2248.3,Local
2009-12-22,Home,Library,Bicycle,13.87,55.5,0.0,Local
2009-12-23,Home,Friend's Place,Tram,18.67,56.0,1120.2,Local
2009-12-24,Home,Park,Tram,5.4,16.2,324.0,Local
2009-12-24,Park,Home,Bus,6.93,16.6,727.6,Local
2009-12-25,Home,Friend's Place,Tram,15.51,46.5,930.6,Local
2009-12-26,Home,Friend's Place,Train,12.91,17.2,529.3,Local
2009-12-26,Friend's Place,Park,Tram,6.9,20.7,414.0,Local
2009-12-27,Home,Shopping Centre,Train,5.74,7.7,235.3,Local
2009-12-28,Home,Friend's Place,Tram,9.96,29.9,597.6,Local
2009-12-29,Home,Shopping Centre,Car,11.35,17.0,2179.2,Local
2009-12-29,Shopping Centre,Cinema,Walk,4.61,55.3,0.0,Local
2009-12-30,Home,Cinema,Car,12.9,19.4,2476.8,Local
2009-12-30,Cinema,School,Bus,6.09,14.6,639.4,Local
2009-12-31,Home,Library,Car,10.51,15.8,2017.9,Local
2009-12-31,Library,Home,Bus,12.31,29.5,1292.5,Local
2010-01-02,Home,School,Bus,8.83,21.2,927.1,Local
2010-01-03,Home,Friend's Place,Car,19.51,29.3,3745.9,Local
2010-01-04,Home,Cinema,Train,10.17,13.6,417.0,Local
2010-01-05,Home,Park,Tram,11.3,33.9,678.0,Local
2010-01-05,Park,Shopping Centre,Walk,2.35,28.2,0.0,Local
2010-01-06,Home,School,Bus,17.93,43.0,1882.6,Local
2010-01-07,Home,School,Bus,11.02,26.4,1157.1,Local
2010-01-08,Cinema,Library,Train,3.25,4.3,133.2,Local
2010-01-08,Library,Home,Car,18.49,27.7,3550.1,Local
2010-01-08,Home,Cinema,Car,15.68,23.5,3010.6,Local
2010-01-09,Home,Friend's Place,Walk,18.93,227.2,0.0,Local
2010-01-11,Home,Park,Train,19.07,25.4,781.9,Local
2010-01-12,Home,Friend's Place,Train,14.7,19.6,602.7,Local
2010-01-13,Home,Friend's Place,Tram,16.91,50.7,1014.6,Local
2010-01-15,Park,Home,Car,16.27,24.4,3123.8,Local
2010-01-15,Home,Library,Walk,8.46,101.5,0.0,Local
2010-01-15,Library,Park,Walk,5.25,63.0,0.0,Local
2010-01-16,Shopping Centre,Library,Car,5.03,7.5,965.8,Local
2010-01-16,Library,Shopping Centre,Train,4.7,6.3,192.7,Local
2010-01-16,Home,Shopping Centre,Train,7.0,9.3,287.0,Local
2010-01-17,Home,Friend's Place,Tram,9.26,27.8,555.6,Local
2010-01-18,Home,Cinema,Tram,9.89,29.7,593.4,Local
2010-01-18,Cinema,Library,Bicycle,6.67,26.7,0.0,Local
2010-01-19,Home,Friend's Place,Bicycle,19.15,76.6,0.0,Local
2010-01-21,Home,Shopping Centre,Tram,9.47,28.4,568.2,Local
2010-01-24,Home,School,Bus,10.67,25.6,1120.3,Local
2010-01-25,Home,Library,Walk,10.88,130.6,0.0,Local
2010-01-26,Home,Friend's Place,Bus,11.31,27.1,1187.5,Local
2010-01-27,Home,Library,Bus,6.27,15.0,658.3,Local
2010-01-27,Library,Home,Train,9.87,13.2,404.7,Local
2010-01-28,Home,Cinema,Train,13.89,18.5,569.5,Local
2010-01-28,Cinema,Home,Bus,7.04,16.9,739.2,Local
2010-01-29,Home,School,Bus,18.15,43.6,1905.7,Local
2010-01-30,Home,Friend's Place,Bus,17.81,42.7,1870.0,Local
2010-01-30,Friend's Place,School,Bus,7.42,17.8,779.1,Local
2010-01-31,Home,School,Bus,7.76,18.6,814.8,Local
2010-01-31,School,Library,Tram,3.21,9.6,192.6,Local
2010-02-01,Home,Library,Bus,6.29,15.1,660.5,Local
2010-02-02,Home,Cinema,Tram,17.07,51.2,1024.2,Local
2010-02-03,Home,Library,Tram,6.67,20.0,400.2,Local
2010-02-04,Home,Library,Tram,5.77,17.3,346.2,Local
2010-02-05,Home,Cinema,Tram,12.78,38.3,766.8,Local
2010-02-05,Cinema,Park,Train,5.35,7.1,219.3,Local
2010-02-06,Home,Cinema,Car,9.12,13.7,1751.0,Local
2010-02-07,Home,School,Bus,12.59,30.2,1322.0,Local
2010-02-08,Home,Shopping Centre,Tram,11.77,35.3,706.2,Local
2010-02-09,Home,Friend's Place,Bus,8.67,20.8,910.4,Local
2010-02-10,Home,Shopping Centre,Bicycle,10.71,42.8,0.0,Local
2010-02-11,Home,Library,Walk,18.44,221.3,0.0,Local
2010-02-11,Library,Friend's Place,Bus,7.02,16.8,737.1,Local
2010-02-13,Home,School,Bus,11.85,28.4,1244.2,Local
2010-02-13,School,Home,Train,19.55,26.1,801.6,Local
2010-02-14,Home,Shopping Centre,Walk,17.01,204.1,0.0,Local
2010-02-14,Shopping Centre,Cinema,Tram,7.92,23.8,475.2,Local
2010-02-15,Home,Park,Tram,17.46,52.4,1047.6,Local
2010-02-15,Park,Library,Tram,3.78,11.3,226.8,Local
2010-02-17,Home,Friend's Place,Train,11.21,14.9,459.6,Local
2010-02-18,Home,Shopping Centre,Car,13.67,20.5,2624.6,Local
2010-02-18,Shopping Centre,Home,Car,5.57,8.4,1069.4,Local
2010-02-19,Home,Shopping Centre,Bus,12.38,29.7,1299.9,Local
2010-02-19,Shopping Centre,Friend's Place,Train,0.65,0.9,26.7,Local
2010-02-19,Friend's Place,Library,Tram,6.76,20.3,405.6,Local
2010-02-21,Home,Shopping Centre,Car,8.07,12.1,1549.4,Local
2010-02-22,Home,Park,Walk,7.28,87.4,0.0,Local
2010-02-23,Home,Shopping Centre,Bus,16.97,40.7,1781.8,Local
2010-02-24,Home,Cinema,Walk,17.52,210.2,0.0,Local
2010-02-25,Home,Park,Tram,14.83,44.5,889.8,Local
2010-02-25,Park,Shopping Centre,Tram,7.99,24.0,479.4,Local
2010-02-25,Shopping Centre,Home,Tram,7.63,22.9,457.8,Local
2010-02-26,Home,School,Bus,8.13,19.5,853.7,Local
2010-02-28,Home,Library,Tram,10.03,30.1,601.8,Local
2010-03-02,Cinema,Park,Car,6.95,10.4,1334.4,Local
2010-03-02,Park,School,Bus,2.57,6.2,269.8,Local
2010-03-02,Home,Cinema,Tram,11.55,34.6,693.0,Local
2010-03-05,Home,Library,Bicycle,14.12,56.5,0.0,Local
2010-03-06,Home,Shopping Centre,Bus,11.87,28.5,1246.3,Local
2010-03-07,Home,Friend's Place,Tram,10.57,31.7,634.2,Local
2010-03-07,Friend's Place,Cinema,Walk,6.06,72.7,0.0,Local
2010-03-08,Home,Park,Bicycle,7.36,29.4,0.0,Local
2010-03-09,Home,Park,Bus,9.78,23.5,1026.9,Local
2010-03-10,Home,Cinema,Bus,17.7,42.5,1858.5,Local
2010-03-11,Home,Shopping Centre,Bus,13.09,31.4,1374.5,Local
2010-03-13,Home,Park,Bus,10.26,24.6,1077.3,Local
2010-03-14,Home,Park,Bicycle,17.4,69.6,0.0,Local
2010-03-15,Home,Shopping Centre,Bicycle,17.11,68.4,0.0,Local
2010-03-16,Home,Shopping Centre,Bus,13.43,32.2,1410.1,Local
2010-03-16,Shopping Centre,Park,Bus,4.59,11.0,481.9,Local
2010-03-16,Park,Library,Walk,2.85,34.2,0.0,Local
2010-03-21,Library,Park,Tram,4.91,14.7,294.6,Local
2010-03-21,Home,Library,Car,17.02,25.5,3267.8,Local
2010-03-22,Home,Friend's Place,Train,16.53,22.0,677.7,Local
2010-03-23,Home,School,Bus,7.29,17.5,765.5,Local
2010-03-24,Home,Library,Train,5.28,7.0,216.5,Local
2010-03-25,Home,School,Bus,9.36,22.5,982.8,Local
2010-03-25,School,Park,Car,0.71,1.1,136.3,Local
2010-03-26,Home,Cinema,Bus,6.25,15.0,656.2,Local
2010-03-27,Home,Shopping Centre,Tram,5.25,15.8,315.0,Local
2010-03-27,Shopping Centre,Cinema,Bus,1.75,4.2,183.8,Local
2010-03-27,Cinema,Shopping Centre,Tram,5.9,17.7,354.0,Local
2010-03-28,Home,Friend's Place,Bicycle,17.19,68.8,0.0,Local
2010-03-30,Home,Library,Train,19.56,26.1,802.0,Local
2010-03-31,Home,Shopping Centre,Tram,10.67,32.0,640.2,Local
2010-04-01,Home,Park,Tram,5.13,15.4,307.8,Local
2010-04-03,Home,Friend's Place,Walk,11.11,133.3,0.0,Local
2010-04-05,Home,Park,Walk,10.08,121.0,0.0,Local
2010-04-05,Park,School,Bus,6.16,14.8,646.8,Local
2010-04-06,Home,Shopping Centre,Bus,8.38,20.1,879.9,Local
2010-04-06,Shopping Centre,Friend's Place,Tram,3.7,11.1,222.0,Local
2010-04-07,Home,Friend's Place,Car,7.95,11.9,1526.4,Local
2010-04-09,Cinema,Friend's Place,Bicycle,2.51,10.0,0.0,Local
2010-04-09,Home,Cinema,Tram,10.8,32.4,648.0,Local
2010-04-10,Home,Cinema,Bus,14.63,35.1,1536.2,Local
2010-04-11,Home,Cinema,Bicycle,14.1,56.4,0.0,Local
2010-04-13,Home,School,Bus,7.73,18.6,811.7,Local
2010-04-14,Home,Shopping Centre,Train,15.08,20.1,618.3,Local
2010-04-14,Shopping Centre,Cinema,Bus,5.75,13.8,603.8,Local
2010-04-14,Cinema,Friend's Place,Train,5.31,7.1,217.7,Local
2010-04-15,Home,Shopping Centre,Walk,18.32,219.8,0.0,Local
2010-04-16,Home,Cinema,Train,15.22,20.3,624.0,Local
2010-04-17,Home,Park,Bicycle,17.09,68.4,0.0,Local
2010-04-18,Home,Shopping Centre,Car,8.62,12.9,1655.0,Local
2010-04-19,Home,Friend's Place,Tram,8.21,24.6,492.6,Local
2010-04-19,Friend's Place,Home,Bus,13.45,32.3,1412.2,Local
2010-04-20,Home,Library,Train,19.03,25.4,780.2,Local
2010-04-20,Library,Friend's Place,Walk,4.14,49.7,0.0,Local
2010-04-21,Home,School,Bus,13.46,32.3,1413.3,Local
2010-04-24,Home,Park,Bus,14.76,35.4,1549.8,Local
2010-04-25,Home,School,Bus,11.82,28.4,1241.1,Local
2010-04-26,Home,Friend's Place,Train,7.34,9.8,300.9,Local
2010-04-27,Home,Library,Car,19.37,29.1,3719.0,Local
2010-04-28,Home,Cinema,Train,8.37,11.2,343.2,Local
2010-04-29,Home,Park,Bicycle,16.35,65.4,0.0,Local
2010-04-30,Home,School,Bus,9.27,22.2,973.3,Local
2010-04-30,School,Shopping Centre,Car,1.25,1.9,240.0,Local
2010-05-01,Home,Library,Bus,13.57,32.6,1424.9,Local
2010-05-01,Library,Shopping Centre,Bus,1.01,2.4,106.0,Local
2010-05-02,Home,Cinema,Train,10.9,14.5,446.9,Local
2010-05-03,Home,Shopping Centre,Bus,19.94,47.9,2093.7,Local
2010-05-04,Home,Park,Tram,10.4,31.2,624.0,Local
2010-05-05,Cinema,Park,Tram,5.12,15.4,307.2,Local
2010-05-05,Home,Cinema,Tram,13.45,40.4,807.0,Local
2010-05-06,Home,School,Bus,14.19,34.1,1490.0,Local
2010-05-07,Home,Shopping Centre,Car,16.54,24.8,3175.7,Local
2010-05-07,Shopping Centre,Home,Tram,18.22,54.7,1093.2,Local
2010-05-09,Home,Cinema,Car,17.69,26.5,3396.5,Local
2010-05-10,Home,Shopping Centre,Bus,9.68,23.2,1016.4,Local
2010-05-10,Shopping Centre,School,Bus,3.93,9.4,412.7,Local
2010-05-12,Home,Library,Walk,11.17,134.0,0.0,Local
2010-05-13,Home,Cinema,Tram,5.15,15.5,309.0,Local
2010-05-14,Park,Shopping Centre,Train,5.41,7.2,221.8,Local
2010-05-14,Home,Park,Bus,7.53,18.1,790.6,Local
2010-05-15,Home,Park,Car,15.53,23.3,2981.8,Local
2010-05-15,Park,School,Bus,4.29,10.3,450.4,Local
2010-05-16,Home,Park,Bicycle,8.4,33.6,0.0,Local
2010-05-18,Home,School,Bus,7.93,19.0,832.6,Local
2010-05-20,Home,School,Bus,14.17,34.0,1487.8,Local
2010-05-21,Home,School,Bus,13.11,31.5,1376.5,Local
2010-05-22,Home,Shopping Centre,Bicycle,13.75,55.0,0.0,Local
2010-05-22,Shopping Centre,Park,Train,7.44,9.9,305.0,Local
2010-05-23,Friend's Place,Shopping Centre,Bus,3.07,7.4,322.3,Local
2010-05-23,Home,Cinema,Car,13.0,19.5,2496.0,Local
2010-05-23,Cinema,Friend's Place,Car,7.59,11.4,1457.3,Local
2010-05-24,Home,Library,Tram,11.29,33.9,677.4,Local
2010-05-24,Library,Park,Bicycle,2.88,11.5,0.0,Local
2010-05-25,Home,School,Bus,7.94,19.1,833.7,Local
2010-05-26,Friend's Place,Park,Bus,4.35,10.4,456.7,Local
2010-05-26,Home,Friend's Place,Tram,10.82,32.5,649.2,Local
2010-05-27,Cinema,Shopping Centre,Train,7.33,9.8,300.5,Local
2010-05-27,Home,Cinema,Bus,10.91,26.2,1145.5,Local
2010-05-28,Home,Park,Bicycle,18.3,73.2,0.0,Local
2010-05-29,Home,Friend's Place,Bus,13.04,31.3,1369.2,Local
2010-05-31,Home,Library,Bicycle,15.48,61.9,0.0,Local
2010-05-31,Library,School,Bus,5.56,13.3,583.8,Local
2010-06-02,Home,Shopping Centre,Tram,13.37,40.1,802.2,Local
2010-06-03,Home,Cinema,Bicycle,9.28,37.1,0.0,Local
2010-06-04,Home,Park,Walk,11.93,143.2,0.0,Local
2010-06-04,Park,Cinema,Bus,5.57,13.4,584.9,Local
2010-06-05,Home,School,Bus,9.43,22.6,990.1,Local
2010-06-05,School,Shopping Centre,Train,7.08,9.4,290.3,Local
2010-06-08,Home,School,Bus,12.76,30.6,1339.8,Local
2010-06-09,Home,Friend's Place,Tram,5.09,15.3,305.4,Local
2010-06-10,Home,Cinema,Bus,15.73,37.8,1651.7,Local
2010-06-10,Cinema,Shopping Centre,Walk,5.17,62.0,0.0,Local
2010-06-11,Home,Park,Car,5.63,8.4,1081.0,Local
2010-06-13,Home,Friend's Place,Bicycle,6.95,27.8,0.0,Local
2010-06-16,Home,Shopping Centre,Tram,17.33,52.0,1039.8,Local
2010-06-17,Home,Park,Walk,18.12,217.4,0.0,Local
2010-06-18,Home,Shopping Centre,Walk,18.8,225.6,0.0,Local
2010-06-18,Shopping Centre,Friend's Place,Walk,5.88,70.6,0.0,Local
2010-06-18,Friend's Place,Home,Bicycle,16.87,67.5,0.0,Local
2010-06-19,Home,Cinema,Bus,7.7,18.5,808.5,Local
2010-06-20,Home,Park,Walk,18.05,216.6,0.0,Local
2010-06-20,Park,School,Bus,3.81,9.1,400.1,Local
2010-06-22,Home,Cinema,Walk,8.07,96.8,0.0,Local
2010-06-23,School,Cinema,Train,3.6,4.8,147.6,Local
2010-06-23,Home,Library,Bicycle,19.89,79.6,0.0,Local
2010-06-23,Library,School,Bus,7.51,18.0,788.5,Local
2010-06-24,Home,Shopping Centre,Car,10.89,16.3,2090.9,Local
2010-06-24,Shopping Centre,Cinema,Walk,2.76,33.1,0.0,Local
2010-06-24,Cinema,School,Bus,2.29,5.5,240.5,Local
2010-06-26,Home,Shopping Centre,Train,15.92,21.2,652.7,Local
2010-06-27,Home,School,Bus,6.13,14.7,643.6,Local
2010-06-27,School,Friend's Place,Walk,4.96,59.5,0.0,Local
2010-06-28,School,Friend's Place,Walk,3.74,44.9,0.0,Local
2010-06-28,Home,School,Bus,10.06,24.1,1056.3,Local
2010-06-30,Home,Shopping Centre,Car,12.04,18.1,2311.7,Local
2010-07-01,Home,Shopping Centre,Walk,15.9,190.8,0.0,Local
2010-07-02,Home,Shopping Centre,Car,9.59,14.4,1841.3,Local
2010-07-02,Shopping Centre,Cinema,Car,7.96,11.9,1528.3,Local
2010-07-02,Cinema,Home,Tram,18.36,55.1,1101.6,Local
2010-07-03,Home,Library,Tram,18.3,54.9,1098.0,Local
2010-07-04,Park,Friend's Place,Tram,6.82,20.5,409.2,Local
2010-07-04,Cinema,Park,Walk,3.7,44.4,0.0,Local
2010-07-04,Home,Cinema,Bicycle,15.71,62.8,0.0,Local
2010-07-05,Home,Friend's Place,Bicycle,16.01,64.0,0.0,Local
2010-07-06,Home,Library,Tram,5.88,17.6,352.8,Local
2010-07-06,Library,Home,Bus,12.73,30.6,1336.7,Local
2010-07-06,Home,Friend's Place,Walk,16.11,193.3,0.0,Local
2010-07-07,Home,Shopping Centre,Train,15.22,20.3,624.0,Local
2010-07-08,Home,Friend's Place,Tram,6.55,19.7,393.0,Local
2010-07-09,Home,Library,Bicycle,19.94,79.8,0.0,Local
2010-07-10,Home,School,Bus,10.57,25.4,1109.9,Local
2010-07-11,Home,Cinema,Bicycle,18.87,75.5,0.0,Local
2010-07-12,Home,Cinema,Bus,16.06,38.5,1686.3,Local
2010-07-12,Cinema,Shopping Centre,Bus,7.08,17.0,743.4,Local
2010-07-13,Home,Friend's Place,Tram,16.38,49.1,982.8,Local
2010-07-14,Home,Shopping Centre,Tram,16.78,50.3,1006.8,Local
2010-07-14,Shopping Centre,Home,Train,10.48,14.0,429.7,Local
2010-07-15,Home,Friend's Place,Car,14.1,21.1,2707.2,Local
2010-07-17,Home,Friend's Place,Bus,8.12,19.5,852.6,Local
2010-07-18,Home,Shopping Centre,Bus,17.32,41.6,1818.6,Local
2010-07-19,Home,School,Bus,11.85,28.4,1244.2,Local
2010-07-19,School,Shopping Centre,Walk,5.37,64.4,0.0,Local
2010-07-20,Home,Library,Walk,11.19,134.3,0.0,Local
2010-07-20,Library,School,Bus,0.58,1.4,60.9,Local
2010-07-21,Home,Park,Bus,8.69,20.9,912.4,Local
2010-07-21,Park,Friend's Place,Bus,5.26,12.6,552.3,Local
2010-07-22,Home,Cinema,Bicycle,16.9,67.6,0.0,Local
2010-07-23,Home,Shopping Centre,Train,8.54,11.4,350.1,Local
2010-07-23,Shopping Centre,School,Bus,3.25,7.8,341.2,Local
2010-07-24,Home,Shopping Centre,Train,9.48,12.6,388.7,Local
2010-07-26,Home,Library,Tram,14.09,42.3,845.4,Local
2010-07-26,Library,Park,Bus,3.63,8.7,381.1,Local
2010-07-27,Home,Cinema,Train,15.81,21.1,648.2,Local
2010-07-27,Cinema,Shopping Centre,Tram,1.31,3.9,78.6,Local
2010-07-28,Home,School,Bus,13.84,33.2,1453.2,Local
2010-07-29,Home,Cinema,Bus,14.67,35.2,1540.3,Local
2010-07-29,Cinema,Park,Tram,0.72,2.2,43.2,Local
2010-07-29,Park,Home,Car,9.33,14.0,1791.4,Local
2010-07-30,Home,Shopping Centre,Tram,7.83,23.5,469.8,Local
2010-07-31,Home,Library,Tram,12.62,37.9,757.2,Local
2010-08-01,Home,Park,Train,7.89,10.5,323.5,Local
2010-08-04,Home,Library,Car,8.6,12.9,1651.2,Local
2010-08-05,Home,Cinema,Walk,13.46,161.5,0.0,Local
2010-08-06,Home,Friend's Place,Bicycle,11.95,47.8,0.0,Local
2010-08-06,Friend's Place,Library,Bus,1.32,3.2,138.6,Local
2010-08-06,Library,Cinema,Train,2.23,3.0,91.4,Local
2010-08-07,Shopping Centre,Park,Tram,4.87,14.6,292.2,Local
2010-08-07,Home,Shopping Centre,Tram,12.45,37.3,747.0,Local
2010-08-08,Home,Friend's Place,Bicycle,9.6,38.4,0.0,Local
2010-08-09,Home,Park,Bus,10.08,24.2,1058.4,Local
2010-08-09,Park,Home,Car,13.19,19.8,2532.5,Local
2010-08-12,Home,Shopping Centre,Bus,6.73,16.2,706.7,Local
2010-08-12,Shopping Centre,Park,Walk,4.38,52.6,0.0,Local
2010-08-13,Home,Shopping Centre,Car,13.56,20.3,2603.5,Local
2010-08-14,Home,School,Bus,14.72,35.3,1545.6,Local
2010-08-15,Home,Shopping Centre,Walk,12.52,150.2,0.0,Local
2010-08-16,Home,Friend's Place,Walk,5.52,66.2,0.0,Local
2010-08-17,Home,Library,Bus,18.68,44.8,1961.4,Local
2010-08-18,Home,Shopping Centre,Bicycle,10.38,41.5,0.0,Local
2010-08-20,Home,Library,Walk,8.97,107.6,0.0,Local
2010-08-20,Library,Shopping Centre,Walk,1.56,18.7,0.0,Local
2010-08-21,Home,School,Bus,19.64,47.1,2062.2,Local
2010-08-21,School,Library,Tram,5.91,17.7,354.6,Local
2010-08-22,Home,Park,Train,14.72,19.6,603.5,Local
2010-08-24,Cinema,Library,Tram,3.7,11.1,222.0,Local
2010-08-24,Home,Cinema,Train,13.76,18.3,564.2,Local
2010-08-27,Park,School,Bus,5.49,13.2,576.5,Local
2010-08-27,Home,Park,Bicycle,10.17,40.7,0.0,Local
2010-08-28,Home,Friend's Place,Tram,10.85,32.5,651.0,Local
2010-08-29,Home,Park,Tram,13.84,41.5,830.4,Local
2010-08-30,Home,Shopping Centre,Bicycle,18.07,72.3,0.0,Local
2010-08-30,Shopping Centre,Cinema,Train,7.85,10.5,321.8,Local
2010-08-30,Cinema,Home,Car,11.48,17.2,2204.2,Local
2010-09-01,Home,Shopping Centre,Car,18.7,28.0,3590.4,Local
2010-09-02,Home,Park,Car,15.15,22.7,2908.8,Local
2010-09-03,Home,Park,Tram,16.73,50.2,1003.8,Local
2010-09-04,Home,Cinema,Car,16.87,25.3,3239.0,Local
2010-09-05,Home,Shopping Centre,Bicycle,12.65,50.6,0.0,Local
2010-09-06,Home,School,Bus,8.3,19.9,871.5,Local
2010-09-07,Home,Park,Car,13.2,19.8,2534.4,Local
2010-09-08,Home,Library,Car,6.45,9.7,1238.4,Local
2010-09-09,Home,Shopping Centre,Bicycle,8.63,34.5,0.0,Local
2010-09-10,Home,Library,Bicycle,10.96,43.8,0.0,Local
2010-09-11,Home,Library,Car,12.03,18.0,2309.8,Local
2010-09-12,Friend's Place,Home,Bus,15.04,36.1,1579.2,Local
2010-09-12,Home,Friend's Place,Car,12.6,18.9,2419.2,Local
2010-09-13,Home,Park,Car,9.53,14.3,1829.8,Local
2010-09-13,Park,Cinema,Tram,5.21,15.6,312.6,Local
2010-09-14,Home,Cinema,Train,9.77,13.0,400.6,Local
2010-09-14,Cinema,Library,Train,2.98,4.0,122.2,Local
2010-09-14,Library,Shopping Centre,Car,4.79,7.2,919.7,Local
2010-09-15,Home,Park,Bus,19.24,46.2,2020.2,Local
2010-09-15,Park,Shopping Centre,Tram,7.93,23.8,475.8,Local
2010-09-17,Home,Library,Train,19.98,26.6,819.2,Local
2010-09-17,Library,Shopping Centre,Bus,6.55,15.7,687.8,Local
2010-09-17,Shopping Centre,Cinema,Car,5.0,7.5,960.0,Local
2010-09-18,Home,Shopping Centre,Bus,18.06,43.3,1896.3,Local
2010-09-18,Shopping Centre,Library,Bicycle,1.76,7.0,0.0,Local
2010-09-18,Library,School,Bus,3.09,7.4,324.4,Local
2010-09-19,Home,Library,Train,8.68,11.6,355.9,Local
2010-09-19,Library,School,Bus,0.65,1.6,68.2,Local
2010-09-21,Home,Library,Bicycle,15.01,60.0,0.0,Local
2010-09-22,Home,School,Bus,13.71,32.9,1439.6,Local
2010-09-23,Home,Park,Car,6.21,9.3,1192.3,Local
2010-09-24,Home,Shopping Centre,Bicycle,19.52,78.1,0.0,Local
2010-09-25,Home,Cinema,Bicycle,16.66,66.6,0.0,Local
2010-09-26,Home,Shopping Centre,Tram,8.77,26.3,526.2,Local
2010-09-29,Home,Park,Car,8.22,12.3,1578.2,Local
2010-09-30,Home,Park,Train,14.25,19.0,584.2,Local
2010-10-01,Home,Friend's Place,Train,16.65,22.2,682.6,Local
2010-10-02,Home,Library,Train,16.87,22.5,691.7,Local
2010-10-02,Library,Park,Tram,7.66,23.0,459.6,Local
2010-10-02,Park,Cinema,Tram,6.63,19.9,397.8,Local
2010-10-03,Home,Library,Bicycle,15.24,61.0,0.0,Local
2010-10-03,Library,Home,Train,16.27,21.7,667.1,Local
2010-10-05,Home,Cinema,Train,13.39,17.9,549.0,Local
2010-10-06,Home,Library,Train,7.19,9.6,294.8,Local
2010-10-07,Home,Friend's Place,Train,18.0,24.0,738.0,Local
2010-10-07,Friend's Place,Park,Bus,5.52,13.2,579.6,Local
2010-10-07,Park,Library,Bicycle,7.6,30.4,0.0,Local
2010-10-09,School,Shopping Centre,Walk,6.14,73.7,0.0,Local
2010-10-09,Home,School,Bus,10.72,25.7,1125.6,Local
2010-10-10,Home,School,Bus,18.55,44.5,1947.8,Local
2010-10-12,Home,Shopping Centre,Train,7.01,9.3,287.4,Local
2010-10-13,Home,Shopping Centre,Train,6.38,8.5,261.6,Local
2010-10-13,Shopping Centre,Friend's Place,Walk,4.33,52.0,0.0,Local
2010-10-14,Home,Cinema,Train,9.99,13.3,409.6,Local
2010-10-15,Home,Friend's Place,Train,8.9,11.9,364.9,Local
2010-10-15,Friend's Place,Park,Tram,0.94,2.8,56.4,Local
2010-10-16,Home,Park,Car,19.58,29.4,3759.4,Local
2010-10-16,Park,Home,Bicycle,13.24,53.0,0.0,Local
2010-10-17,Home,Cinema,Bus,6.58,15.8,690.9,Local
2010-10-18,Home,Library,Car,15.36,23.0,2949.1,Local
2010-10-19,Home,Park,Tram,19.89,59.7,1193.4,Local
2010-10-20,Home,Library,Bus,6.45,15.5,677.2,Local
2010-10-20,Library,Shopping Centre,Tram,5.46,16.4,327.6,Local
2010-10-21,Friend's Place,Cinema,Train,7.06,9.4,289.5,Local
2010-10-21,Home,Friend's Place,Train,15.2,20.3,623.2,Local
2010-10-22,Home,Shopping Centre,Bus,12.33,29.6,1294.7,Local
2010-10-23,Home,Friend's Place,Car,6.49,9.7,1246.1,Local
2010-10-24,Home,Library,Walk,11.17,134.0,0.0,Local
2010-10-24,Library,Cinema,Bus,3.68,8.8,386.4,Local
2010-10-25,Home,School,Bus,16.51,39.6,1733.6,Local
2010-10-26,Home,Cinema,Train,16.06,21.4,658.5,Local
2010-10-27,Home,Library,Walk,16.64,199.7,0.0,Local
2010-10-27,Library,Friend's Place,Tram,7.71,23.1,462.6,Local
2010-10-27,Friend's Place,Park,Bus,4.53,10.9,475.7,Local
2010-10-28,Home,Shopping Centre,Train,8.63,11.5,353.8,Local
2010-10-29,Home,Friend's Place,Train,10.82,14.4,443.6,Local
2010-10-30,Home,School,Bus,10.09,24.2,1059.5,Local
2010-10-31,Home,School,Bus,17.7,42.5,1858.5,Local
2010-10-31,School,Friend's Place,Car,3.29,4.9,631.7,Local
2010-11-02,Home,School,Bus,13.03,31.3,1368.1,Local
2010-11-03,Home,School,Bus,6.39,15.3,670.9,Local
2010-11-04,Home,School,Bus,18.5,44.4,1942.5,Local
2010-11-05,Home,Friend's Place,Train,8.34,11.1,341.9,Local
2010-11-05,Friend's Place,Park,Bus,6.21,14.9,652.0,Local
2010-11-06,Cinema,Park,Walk,5.64,67.7,0.0,Local
2010-11-06,Home,Shopping Centre,Car,9.66,14.5,1854.7,Local
2010-11-06,Shopping Centre,Cinema,Car,3.18,4.8,610.6,Local
2010-11-07,Home,School,Bus,17.62,42.3,1850.1,Local
2010-11-08,Home,School,Bus,19.06,45.7,2001.3,Local
2010-11-09,Home,Park,Bicycle,11.41,45.6,0.0,Local
2010-11-09,Park,Library,Tram,5.69,17.1,341.4,Local
2010-11-10,Home,Shopping Centre,Car,13.0,19.5,2496.0,Local
2010-11-11,Home,Friend's Place,Bicycle,8.4,33.6,0.0,Local
2010-11-11,Friend's Place,Library,Bus,3.59,8.6,376.9,Local
2010-11-11,Library,Cinema,Car,3.04,4.6,583.7,Local
2010-11-12,Home,Friend's Place,Walk,10.79,129.5,0.0,Local
2010-11-13,Home,Friend's Place,Bicycle,13.83,55.3,0.0,Local
2010-11-15,Home,Cinema,Car,19.73,29.6,3788.2,Local
2010-11-16,Home,Park,Bicycle,12.31,49.2,0.0,Local
2010-11-16,Park,Cinema,Train,3.48,4.6,142.7,Local
2010-11-17,Home,School,Bus,19.32,46.4,2028.6,Local
2010-11-18,Home,Shopping Centre,Bicycle,19.53,78.1,0.0,Local
2010-11-19,Home,Library,Walk,14.32,171.8,0.0,Local
2010-11-20,Home,Library,Train,7.07,9.4,289.9,Local
2010-11-21,Home,School,Bus,7.98,19.2,837.9,Local
2010-11-22,Home,Library,Tram,5.32,16.0,319.2,Local
2010-11-24,Home,Park,Train,14.39,19.2,590.0,Local
2010-11-24,Park,Shopping Centre,Tram,5.02,15.1,301.2,Local
2010-11-24,Shopping Centre,Park,Walk,2.05,24.6,0.0,Local
2010-11-25,Home,School,Bus,9.4,22.6,987.0,Local
2010-11-26,School,Shopping Centre,Bicycle,4.09,16.4,0.0,Local
2010-11-26,Shopping Centre,School,Bus,7.53,18.1,790.6,Local
2010-11-26,Home,Shopping Centre,Car,9.34,14.0,1793.3,Local
2010-11-28,Home,Park,Train,16.25,21.7,666.2,Local
2010-11-29,Home,Friend's Place,Walk,9.23,110.8,0.0,Local
2010-11-29,Friend's Place,Shopping Centre,Tram,6.31,18.9,378.6,Local
2010-11-29,Shopping Centre,Friend's Place,Train,2.27,3.0,93.1,Local
2010-12-01,Home,Shopping Centre,Bicycle,9.22,36.9,0.0,Local
2010-12-02,Home,Park,Tram,6.36,19.1,381.6,Local
2010-12-04,Home,Library,Walk,7.32,87.8,0.0,Local
2010-12-05,Home,Shopping Centre,Car,14.82,22.2,2845.4,Local
2010-12-06,Home,Friend's Place,Walk,5.83,70.0,0.0,Local
2010-12-07,Home,Park,Walk,16.86,202.3,0.0,Local
2010-12-08,Home,Friend's Place,Tram,12.54,37.6,752.4,Local
2010-12-08,Friend's Place,Library,Train,7.62,10.2,312.4,Local
2010-12-08,Library,Park,Car,1.18,1.8,226.6,Local
2010-12-10,Home,Park,Train,7.32,9.8,300.1,Local
2010-12-11,Home,Library,Walk,12.99,155.9,0.0,Local
2010-12-12,Home,Friend's Place,Train,11.51,15.3,471.9,Local
2010-12-13,Home,Cinema,Tram,7.41,22.2,444.6,Local
2010-12-14,Home,Park,Tram,9.34,28.0,560.4,Local
2010-12-14,Park,Library,Walk,1.98,23.8,0.0,Local
2010-12-15,Home,Park,Bicycle,19.07,76.3,0.0,Local
2010-12-16,Home,Shopping Centre,Walk,18.1,217.2,0.0,Local
2010-12-17,Home,Cinema,Car,5.09,7.6,977.3,Local
2010-12-19,Home,Library,Bicycle,18.23,72.9,0.0,Local
2010-12-21,Home,Library,Bus,13.29,31.9,1395.4,Local
2010-12-22,Home,School,Bus,12.9,31.0,1354.5,Local
2010-12-23,Friend's Place,Library,Tram,3.38,10.1,202.8,Local
2010-12-23,Home,School,Bus,12.12,29.1,1272.6,Local
2010-12-23,School,Friend's Place,Bus,5.39,12.9,565.9,Local
2010-12-24,Home,Cinema,Bus,14.0,33.6,1470.0,Local
2010-12-24,Cinema,School,Bus,4.81,11.5,505.0,Local
2010-12-24,School,Library,Bicycle,6.36,25.4,0.0,Local
2010-12-25,Home,Friend's Place,Walk,17.34,208.1,0.0,Local
2010-12-26,Home,Park,Tram,14.49,43.5,869.4,Local
2010-12-27,Home,Shopping Centre,Bicycle,17.51,70.0,0.0,Local
2010-12-27,Shopping Centre,School,Bus,2.7,6.5,283.5,Local
2010-12-28,Home,Friend's Place,Car,9.88,14.8,1897.0,Local
2010-12-29,Home,Friend's Place,Bus,14.89,35.7,1563.5,Local
2010-12-29,Friend's Place,Park,Tram,6.92,20.8,415.2,Local
2010-12-29,Park,School,Bus,7.25,17.4,761.2,Local
2010-12-30,Home,Cinema,Bicycle,9.97,39.9,0.0,Local
2010-12-31,Home,Park,Walk,5.96,71.5,0.0,Local
2010-12-31,Park,Home,Bicycle,5.66,22.6,0.0,Local
2011-01-01,Home,Shopping Centre,Bus,13.2,31.7,1386.0,Local
2011-01-02,Home,Cinema,Car,11.39,17.1,2186.9,Local
2011-01-03,Shopping Centre,Park,Car,6.21,9.3,1192.3,Local
2011-01-03,Home,Shopping Centre,Bus,6.44,15.5,676.2,Local
2011-01-04,Home,Library,Car,12.43,18.6,2386.6,Local
2011-01-04,Library,Friend's Place,Bicycle,4.42,17.7,0.0,Local
2011-01-06,Home,Friend's Place,Car,7.53,11.3,1445.8,Local
2011-01-07,Home,Friend's Place,Walk,16.91,202.9,0.0,Local
2011-01-07,Friend's Place,Library,Walk,4.09,49.1,0.0,Local
2011-01-08,Home,Cinema,Walk,17.59,211.1,0.0,Local
2011-01-08,Cinema,Library,Tram,6.5,19.5,390.0,Local
2011-01-10,Home,Shopping Centre,Walk,14.19,170.3,0.0,Local
2011-01-11,Home,Park,Train,18.65,24.9,764.6,Local
2011-01-12,Home,Shopping Centre,Tram,14.18,42.5,850.8,Local
2011-01-13,Home,Library,Bus,13.38,32.1,1404.9,Local
2011-01-14,Home,Cinema,Bus,12.26,29.4,1287.3,Local
2011-01-15,Home,Friend's Place,Car,12.86,19.3,2469.1,Local
2011-01-16,Home,Shopping Centre,Bus,10.71,25.7,1124.6,Local
2011-01-18,Home,Shopping Centre,Walk,9.55,114.6,0.0,Local
2011-01-19,Friend's Place,Library,Bicycle,2.44,9.8,0.0,Local
2011-01-19,Cinema,Friend's Place,Bicycle,1.41,5.6,0.0,Local
2011-01-19,Home,Cinema,Bus,19.02,45.6,1997.1,Local
2011-01-20,Home,Friend's Place,Car,10.26,15.4,1969.9,Local
2011-01-21,Home,Friend's Place,Car,12.99,19.5,2494.1,Local
2011-01-22,Home,Cinema,Car,15.84,23.8,3041.3,Local
2011-01-23,Home,School,Bus,17.5,42.0,1837.5,Local
2011-01-23,School,Park,Train,5.2,6.9,213.2,Local
2011-01-24,Home,Friend's Place,Tram,11.32,34.0,679.2,Local
2011-01-25,Home,Park,Walk,10.73,128.8,0.0,Local
2011-01-25,Park,Shopping Centre,Bus,4.15,10.0,435.8,Local
2011-01-27,Home,Library,Walk,15.11,181.3,0.0,Local
2011-01-27,Library,School,Bus,6.58,15.8,690.9,Local
2011-01-28,Home,School,Bus,8.02,19.2,842.1,Local
2011-01-29,Home,Park,Bicycle,12.47,49.9,0.0,Local
2011-01-30,Home,Library,Train,9.14,12.2,374.7,Local
2011-02-01,Home,Library,Train,15.02,20.0,615.8,Local
2011-02-02,Home,Friend's Place,Bus,16.71,40.1,1754.6,Local
2011-02-03,Cinema,Shopping Centre,Train,5.04,6.7,206.6,Local
2011-02-03,Home,Cinema,Walk,16.93,203.2,0.0,Local
2011-02-04,Home,Friend's Place,Walk,16.29,195.5,0.0,Local
2011-02-05,Home,Park,Train,10.25,13.7,420.2,Local
2011-02-06,Home,School,Bus,10.44,25.1,1096.2,Local
2011-02-07,Home,Park,Walk,15.94,191.3,0.0,Local
2011-02-07,Park,Home,Car,7.11,10.7,1365.1,Local
2011-02-07,Home,Friend's Place,Walk,15.75,189.0,0.0,Local
2011-02-08,Home,Shopping Centre,Bicycle,14.68,58.7,0.0,Local
2011-02-09,Shopping Centre,Friend's Place,Walk,4.49,53.9,0.0,Local
2011-02-09,Home,Shopping Centre,Bus,15.77,37.8,1655.8,Local
2011-02-09,Friend's Place,School,Bus,7.58,18.2,795.9,Local
2011-02-10,Home,Park,Walk,12.26,147.1,0.0,Local
2011-02-10,Park,School,Bus,5.64,13.5,592.2,Local
2011-02-10,School,Park,Train,1.03,1.4,42.2,Local
2011-02-11,Home,Friend's Place,Train,14.08,18.8,577.3,Local
2011-02-12,Home,Friend's Place,Car,19.16,28.7,3678.7,Local
2011-02-13,School,Park,Bicycle,4.2,16.8,0.0,Local
2011-02-13,Home,School,Bus,9.61,23.1,1009.0,Local
2011-02-13,Park,School,Bus,2.51,6.0,263.5,Local
2011-02-14,Home,Library,Bus,19.09,45.8,2004.5,Local
2011-02-15,Home,Cinema,Walk,6.52,78.2,0.0,Local
2011-02-18,Home,Park,Bus,10.7,25.7,1123.5,Local
2011-02-18,Park,Friend's Place,Car,5.18,7.8,994.6,Local
2011-02-18,Friend's Place,Cinema,Walk,0.97,11.6,0.0,Local
2011-02-19,Home,Cinema,Bicycle,10.18,40.7,0.0,Local
2011-02-19,Cinema,Park,Tram,5.32,16.0,319.2,Local
2011-02-21,Home,Library,Train,17.48,23.3,716.7,Local
2011-02-22,Home,School,Bus,7.23,17.4,759.2,Local
2011-02-23,Home,Shopping Centre,Bus,9.92,23.8,1041.6,Local
2011-02-23,Shopping Centre,Home,Bus,7.18,17.2,753.9,Local
2011-02-24,Home,Shopping Centre,Tram,18.02,54.1,1081.2,Local
2011-02-25,Home,School,Bus,8.49,20.4,891.5,Local
2011-02-25,School,Cinema,Bicycle,6.77,27.1,0.0,Local
2011-02-26,Home,Library,Bicycle,18.34,73.4,0.0,Local
2011-02-27,Home,Library,Bicycle,12.84,51.4,0.0,Local
2011-02-28,Home,Shopping Centre,Tram,15.05,45.2,903.0,Local
2011-03-01,Shopping Centre,Friend's Place,Bus,0.87,2.1,91.3,Local
2011-03-01,Home,Shopping Centre,Bicycle,15.24,61.0,0.0,Local
2011-03-02,Home,Cinema,Train,8.41,11.2,344.8,Local
2011-03-03,Home,Cinema,Car,19.06,28.6,3659.5,Local
2011-03-04,Home,Park,Bicycle,16.16,64.6,0.0,Local
2011-03-05,Home,Park,Bicycle,11.55,46.2,0.0,Local
2011-03-05,Park,Library,Car,3.77,5.7,723.8,Local
2011-03-05,Library,Shopping Centre,Walk,6.88,82.6,0.0,Local
2011-03-06,Home,Shopping Centre,Walk,13.35,160.2,0.0,Local
2011-03-09,Home,Park,Car,17.29,25.9,3319.7,Local
2011-03-09,Park,Cinema,Bicycle,5.3,21.2,0.0,Local
2011-03-09,Cinema,Friend's Place,Tram,3.13,9.4,187.8,Local
2011-03-10,Home,Library,Tram,11.91,35.7,714.6,Local
2011-03-10,Library,Friend's Place,Tram,4.46,13.4,267.6,Local
2011-03-12,Home,Friend's Place,Walk,10.89,130.7,0.0,Local
2011-03-13,Home,Park,Bicycle,16.08,64.3,0.0,Local
2011-03-13,Park,School,Bus,3.49,8.4,366.5,Local
2011-03-14,Home,Shopping Centre,Walk,6.18,74.2,0.0,Local
2011-03-14,Shopping Centre,Cinema,Walk,1.55,18.6,0.0,Local
2011-03-16,Home,Friend's Place,Bus,18.24,43.8,1915.2,Local
2011-03-18,Home,Cinema,Car,5.65,8.5,1084.8,Local
2011-03-18,Cinema,Friend's Place,Train,7.82,10.4,320.6,Local
2011-03-19,Home,Library,Train,6.87,9.2,281.7,Local
2011-03-19,Library,School,Bus,4.07,9.8,427.4,Local
2011-03-20,Home,Shopping Centre,Bicycle,16.07,64.3,0.0,Local
2011-03-20,Shopping Centre,School,Bus,5.89,14.1,618.4,Local
2011-03-21,Home,School,Bus,16.48,39.6,1730.4,Local
2011-03-22,Home,Cinema,Bicycle,10.75,43.0,0.0,Local
2011-03-23,Library,Park,Walk,6.35,76.2,0.0,Local
2011-03-23,Home,Library,Tram,16.67,50.0,1000.2,Local
2011-03-24,Home,Shopping Centre,Bicycle,18.03,72.1,0.0,Local
2011-03-25,Home,School,Bus,13.07,31.4,1372.4,Local
2011-03-25,School,Home,Car,14.0,21.0,2688.0,Local
2011-03-26,Home,Cinema,Walk,7.18,86.2,0.0,Local
2011-03-27,Home,School,Bus,13.02,31.2,1367.1,Local
2011-03-29,Home,Cinema,Train,5.5,7.3,225.5,Local
2011-03-30,Home,Shopping Centre,Train,11.88,15.8,487.1,Local
2011-03-31,Home,Shopping Centre,Bicycle,12.89,51.6,0.0,Local
2011-04-01,Home,Shopping Centre,Walk,18.3,219.6,0.0,Local
2011-04-02,Home,Park,Train,14.64,19.5,600.2,Local
2011-04-03,Home,Park,Tram,6.32,19.0,379.2,Local
2011-04-04,Home,Library,Bus,13.12,31.5,1377.6,Local
2011-04-05,Home,Cinema,Bicycle,5.96,23.8,0.0,Local
2011-04-06,Home,Cinema,Bicycle,10.71,42.8,0.0,Local
2011-04-06,Cinema,Library,Bicycle,3.75,15.0,0.0,Local
2011-04-07,Home,Park,Car,16.65,25.0,3196.8,Local
2011-04-08,Cinema,Park,Train,3.48,4.6,142.7,Local
2011-04-08,Home,Cinema,Car,6.89,10.3,1322.9,Local
2011-04-09,Home,Park,Walk,9.94,119.3,0.0,Local
2011-04-09,Park,Library,Bicycle,2.07,8.3,0.0,Local
2011-04-09,Library,School,Bus,4.44,10.7,466.2,Local
2011-04-10,Home,Library,Car,5.86,8.8,1125.1,Local
2011-04-12,Home,Cinema,Bicycle,16.17,64.7,0.0,Local
2011-04-13,Home,Shopping Centre,Tram,10.33,31.0,619.8,Local
2011-04-14,Shopping Centre,Cinema,Walk,3.5,42.0,0.0,Local
2011-04-14,School,Shopping Centre,Train,3.22,4.3,132.0,Local
2011-04-14,Home,School,Bus,15.16,36.4,1591.8,Local
2011-04-15,Home,Library,Train,10.88,14.5,446.1,Local
2011-04-15,Library,Cinema,Train,6.75,9.0,276.8,Local
2011-04-16,Home,Library,Bicycle,18.19,72.8,0.0,Local
2011-04-18,Home,Cinema,Walk,16.37,196.4,0.0,Local
2011-04-20,Home,Library,Tram,17.79,53.4,1067.4,Local
2011-04-23,Home,Shopping Centre,Tram,8.31,24.9,498.6,Local
2011-04-24,Home,Library,Train,10.63,14.2,435.8,Local
2011-04-24,Library,Park,Car,1.96,2.9,376.3,Local
2011-04-24,Park,Friend's Place,Walk,5.07,60.8,0.0,Local
2011-04-25,Home,Cinema,Car,8.1,12.1,1555.2,Local
2011-04-26,Home,Shopping Centre,Walk,18.64,223.7,0.0,Local
2011-04-26,Shopping Centre,Home,Walk,17.38,208.6,0.0,Local
2011-04-27,Home,Cinema,Car,5.77,8.7,1107.8,Local
2011-04-27,Cinema,School,Bus,1.01,2.4,106.0,Local
2011-04-28,Home,Shopping Centre,Train,7.67,10.2,314.5,Local
2011-04-29,Friend's Place,Cinema,Train,1.88,2.5,77.1,Local
2011-04-29,Home,Friend's Place,Train,9.77,13.0,400.6,Local
2011-04-30,Home,Friend's Place,Bus,19.67,47.2,2065.4,Local
2011-05-01,Home,Cinema,Bus,7.45,17.9,782.2,Local
2011-05-02,Home,Library,Train,13.36,17.8,547.8,Local
2011-05-02,Library,Friend's Place,Train,4.04,5.4,165.6,Local
2011-05-03,Home,Cinema,Walk,17.55,210.6,0.0,Local
2011-05-04,Home,Park,Bus,16.22,38.9,1703.1,Local
2011-05-05,Home,Cinema,Walk,7.45,89.4,0.0,Local
2011-05-06,Home,Cinema,Bus,15.45,37.1,1622.2,Local
2011-05-07,Home,Shopping Centre,Car,5.61,8.4,1077.1,Local
2011-05-08,Home,Friend's Place,Tram,7.86,23.6,471.6,Local
2011-05-08,Friend's Place,Cinema,Walk,0.89,10.7,0.0,Local
2011-05-08,Cinema,School,Bus,5.07,12.2,532.4,Local
2011-05-11,Home,Park,Bicycle,8.1,32.4,0.0,Local
2011-05-11,Park,Library,Car,2.2,3.3,422.4,Local
2011-05-12,Home,Shopping Centre,Bicycle,16.89,67.6,0.0,Local
2011-05-13,Home,Shopping Centre,Walk,6.18,74.2,0.0,Local
2011-05-14,Cinema,Home,Bus,15.45,37.1,1622.2,Local
2011-05-14,Home,Cinema,Walk,5.88,70.6,0.0,Local
2011-05-14,Home,Cinema,Tram,9.68,29.0,580.8,Local
2011-05-15,Home,Library,Train,9.96,13.3,408.4,Local
2011-05-16,Home,Shopping Centre,Car,11.95,17.9,2294.4,Local
2011-05-17,Home,Shopping Centre,Car,6.52,9.8,1251.8,Local
2011-05-17,Shopping Centre,Home,Bicycle,5.09,20.4,0.0,Local
2011-05-18,Home,Cinema,Bicycle,10.64,42.6,0.0,Local
2011-05-19,Home,Friend's Place,Walk,9.36,112.3,0.0,Local
2011-05-20,Home,Park,Walk,9.04,108.5,0.0,Local
2011-05-21,Home,Park,Bicycle,19.89,79.6,0.0,Local
2011-05-23,Home,School,Bus,12.19,29.3,1280.0,Local
2011-05-23,School,Cinema,Train,2.38,3.2,97.6,Local
2011-05-24,Home,Friend's Place,Walk,9.0,108.0,0.0,Local
2011-05-24,Friend's Place,Park,Walk,7.44,89.3,0.0,Local
2011-05-25,Home,Friend's Place,Tram,17.74,53.2,1064.4,Local
2011-05-26,Home,School,Bus,12.7,30.5,1333.5,Local
2011-05-27,Home,Library,Train,15.55,20.7,637.6,Local
2011-05-27,Library,Home,Bus,16.91,40.6,1775.5,Local
2011-05-28,Home,Shopping Centre,Train,6.34,8.5,259.9,Local
2011-05-29,Home,Cinema,Tram,8.92,26.8,535.2,Local
2011-05-30,Home,Friend's Place,Bus,7.68,18.4,806.4,Local
2011-05-31,Home,Park,Bicycle,5.48,21.9,0.0,Local
2011-06-01,Home,Park,Train,6.07,8.1,248.9,Local
2011-06-02,Home,Shopping Centre,Bus,9.06,21.7,951.3,Local
2011-06-02,Shopping Centre,Park,Tram,7.26,21.8,435.6,Local
2011-06-03,Home,Cinema,Tram,9.53,28.6,571.8,Local
2011-06-04,Home,Shopping Centre,Tram,11.46,34.4,687.6,Local
2011-06-04,Shopping Centre,Home,Tram,18.73,56.2,1123.8,Local
2011-06-04,Home,Library,Bicycle,5.45,21.8,0.0,Local
2011-06-05,Home,Park,Car,12.86,19.3,2469.1,Local
2011-06-07,Home,Library,Train,15.73,21.0,644.9,Local
2011-06-08,Home,Friend's Place,Tram,18.61,55.8,1116.6,Local
2011-06-08,Friend's Place,Home,Train,13.68,18.2,560.9,Local
2011-06-10,Home,Cinema,Tram,14.58,43.7,874.8,Local
2011-06-11,Cinema,Shopping Centre,Bus,2.26,5.4,237.3,Local
2011-06-11,Home,Cinema,Bus,8.12,19.5,852.6,Local
2011-06-12,Shopping Centre,Cinema,Tram,5.57,16.7,334.2,Local
2011-06-12,Home,Shopping Centre,Bus,5.37,12.9,563.9,Local
2011-06-13,Home,Library,Train,13.52,18.0,554.3,Local
2011-06-14,Home,Friend's Place,Train,19.52,26.0,800.3,Local
2011-06-15,Home,Library,Car,12.67,19.0,2432.6,Local
2011-06-17,Home,Friend's Place,Tram,15.71,47.1,942.6,Local
2011-06-18,Home,Park,Bus,9.55,22.9,1002.8,Local
2011-06-18,Park,Home,Bicycle,16.2,64.8,0.0,Local
2011-06-18,Home,Park,Tram,6.03,18.1,361.8,Local
2011-06-20,Home,Cinema,Bicycle,7.18,28.7,0.0,Local
2011-06-21,Home,Friend's Place,Bicycle,19.69,78.8,0.0,Local
2011-06-21,Friend's Place,Park,Walk,7.02,84.2,0.0,Local
2011-06-22,Home,School,Bus,11.71,28.1,1229.6,Local
2011-06-22,School,Cinema,Train,4.74,6.3,194.3,Local
2011-06-23,Home,Cinema,Train,11.52,15.4,472.3,Local
2011-06-24,Home,Friend's Place,Train,17.8,23.7,729.8,Local
2011-06-25,Home,Shopping Centre,Bicycle,10.29,41.2,0.0,Local
2011-06-26,Shopping Centre,Home,Bus,7.8,18.7,819.0,Local
2011-06-26,Park,Shopping Centre,Train,1.34,1.8,54.9,Local
2011-06-26,Home,Park,Car,8.33,12.5,1599.4,Local
2011-06-27,Home,Park,Bus,5.45,13.1,572.2,Local
2011-06-28,Home,Shopping Centre,Tram,6.69,20.1,401.4,Local
2011-06-29,Home,Cinema,Tram,5.13,15.4,307.8,Local
2011-06-30,Home,Library,Tram,17.16,51.5,1029.6,Local
2011-07-01,Home,Park,Bus,8.04,19.3,844.2,Local
2011-07-02,Home,Shopping Centre,Bus,16.22,38.9,1703.1,Local
2011-07-02,Shopping Centre,Home,Bicycle,10.14,40.6,0.0,Local
2011-07-03,Home,Cinema,Car,14.81,22.2,2843.5,Local
2011-07-04,Home,Cinema,Car,5.69,8.5,1092.5,Local
2011-07-04,Cinema,Park,Car,4.68,7.0,898.6,Local
2011-07-05,Home,Friend's Place,Car,16.64,25.0,3194.9,Local
2011-07-05,Friend's Place,School,Bus,7.19,17.3,755.0,Local
2011-07-06,Home,School,Bus,19.65,47.2,2063.2,Local
2011-07-06,School,Home,Walk,13.83,166.0,0.0,Local
2011-07-07,Home,Friend's Place,Tram,11.76,35.3,705.6,Local
2011-07-08,Home,Shopping Centre,Walk,18.19,218.3,0.0,Local
2011-07-09,Home,Library,Train,7.09,9.5,290.7,Local
2011-07-10,Home,Cinema,Tram,19.93,59.8,1195.8,Local
2011-07-10,Cinema,Home,Train,16.02,21.4,656.8,Local
2011-07-13,Home,Park,Car,11.93,17.9,2290.6,Local
2011-07-14,Home,Shopping Centre,Bicycle,14.07,56.3,0.0,Local
2011-07-16,Home,Park,Bus,15.19,36.5,1595.0,Local
2011-07-17,Home,School,Bus,15.25,36.6,1601.2,Local
2011-07-17,School,Library,Bus,4.92,11.8,516.6,Local
2011-07-19,Home,Library,Car,6.56,9.8,1259.5,Local
2011-07-20,Home,Shopping Centre,Tram,19.53,58.6,1171.8,Local
2011-07-22,Home,Cinema,Car,5.48,8.2,1052.2,Local
2011-07-24,Home,Park,Walk,17.53,210.4,0.0,Local
2011-07-24,Park,Shopping Centre,Train,1.8,2.4,73.8,Local
2011-07-25,Home,Cinema,Train,15.62,20.8,640.4,Local
2011-07-26,Home,School,Bus,18.4,44.2,1932.0,Local
2011-07-26,School,Park,Bus,6.31,15.1,662.5,Local
2011-07-26,Park,Cinema,Bicycle,4.72,18.9,0.0,Local
2011-07-27,Shopping Centre,Cinema,Walk,6.57,78.8,0.0,Local
2011-07-27,Home,Shopping Centre,Walk,11.12,133.4,0.0,Local
2011-07-28,Home,Cinema,Car,10.98,16.5,2108.2,Local
2011-07-28,Cinema,Park,Bicycle,3.29,13.2,0.0,Local
2011-07-28,Park,Home,Walk,11.82,141.8,0.0,Local
2011-07-30,Home,Library,Bicycle,10.76,43.0,0.0,Local
2011-07-31,Home,Library,Walk,5.95,71.4,0.0,Local
2011-08-01,Home,Library,Walk,9.43,113.2,0.0,Local
2011-08-02,Home,Friend's Place,Bicycle,10.89,43.6,0.0,Local
2011-08-03,Home,Park,Tram,17.05,51.2,1023.0,Local
2011-08-03,Park,Cinema,Bicycle,2.3,9.2,0.0,Local
2011-08-04,Home,Shopping Centre,Car,7.6,11.4,1459.2,Local
2011-08-05,Home,Shopping Centre,Walk,6.48,77.8,0.0,Local
2011-08-05,Shopping Centre,Friend's Place,Tram,0.83,2.5,49.8,Local
2011-08-06,Home,Shopping Centre,Bicycle,6.76,27.0,0.0,Local
2011-08-07,Home,Shopping Centre,Train,16.24,21.7,665.8,Local
2011-08-08,Home,Friend's Place,Car,12.88,19.3,2473.0,Local
2011-08-08,Friend's Place,Library,Bicycle,4.8,19.2,0.0,Local
2011-08-09,Home,Library,Bus,17.41,41.8,1828.0,Local
2011-08-10,Home,Library,Bus,5.24,12.6,550.2,Local
2011-08-11,Home,Friend's Place,Bicycle,6.28,25.1,0.0,Local
2011-08-12,Home,Shopping Centre,Train,9.29,12.4,380.9,Local
2011-08-13,Home,Park,Walk,7.52,90.2,0.0,Local
2011-08-13,Park,Shopping Centre,Train,5.9,7.9,241.9,Local
2011-08-14,Home,School,Bus,8.81,21.1,925.1,Local
2011-08-16,Home,Friend's Place,Bicycle,12.76,51.0,0.0,Local
2011-08-16,Friend's Place,Shopping Centre,Car,2.33,3.5,447.4,Local
2011-08-17,Home,Shopping Centre,Bicycle,8.18,32.7,0.0,Local
2011-08-18,Home,Park,Bicycle,17.44,69.8,0.0,Local
2011-08-18,Park,Shopping Centre,Train,2.92,3.9,119.7,Local
2011-08-18,Shopping Centre,Cinema,Car,6.18,9.3,1186.6,Local
2011-08-19,Home,Friend's Place,Bus,12.97,31.1,1361.9,Local
2011-08-20,Home,Friend's Place,Walk,19.75,237.0,0.0,Local
2011-08-21,Home,Shopping Centre,Walk,19.75,237.0,0.0,Local
2011-08-22,Home,School,Bus,5.47,13.1,574.4,Local
2011-08-22,School,Library,Bicycle,6.24,25.0,0.0,Local
2011-08-24,Park,Shopping Centre,Car,5.4,8.1,1036.8,Local
2011-08-24,Home,Park,Bus,7.23,17.4,759.2,Local
2011-08-25,Home,Friend's Place,Bicycle,10.1,40.4,0.0,Local
2011-08-25,Friend's Place,Cinema,Walk,4.08,49.0,0.0,Local
2011-08-27,Home,Cinema,Walk,15.92,191.0,0.0,Local
2011-08-27,Cinema,School,Bus,3.67,8.8,385.3,Local
2011-08-28,Home,School,Bus,12.78,30.7,1341.9,Local
2011-08-29,Home,School,Bus,16.46,39.5,1728.3,Local
2011-08-30,School,Park,Walk,2.89,34.7,0.0,Local
2011-08-30,Home,School,Bus,10.47,25.1,1099.4,Local
2011-09-01,Home,School,Bus,19.45,46.7,2042.2,Local
2011-09-02,Home,Library,Walk,6.67,80.0,0.0,Local
2011-09-02,Library,Cinema,Train,6.24,8.3,255.8,Local
2011-09-02,Cinema,Park,Bicycle,6.29,25.2,0.0,Local
2011-09-03,Home,Shopping Centre,Walk,9.45,113.4,0.0,Local
2011-09-04,Home,Shopping Centre,Car,11.55,17.3,2217.6,Local
2011-09-04,Shopping Centre,Home,Bus,17.95,43.1,1884.8,Local
2011-09-05,Home,Park,Walk,6.87,82.4,0.0,Local
2011-09-05,Park,School,Bus,2.0,4.8,210.0,Local
2011-09-06,Friend's Place,Library,Bicycle,7.62,30.5,0.0,Local
2011-09-06,Home,Friend's Place,Walk,12.74,152.9,0.0,Local
2011-09-07,Home,Shopping Centre,Car,11.69,17.5,2244.5,Local
2011-09-08,Home,Cinema,Train,20.0,26.7,820.0,Local
2011-09-09,Home,Friend's Place,Train,17.33,23.1,710.5,Local
2011-09-10,Home,Park,Tram,17.91,53.7,1074.6,Local
2011-09-11,Home,Friend's Place,Bicycle,12.6,50.4,0.0,Local
2011-09-12,Home,Library,Train,5.02,6.7,205.8,Local
2011-09-13,Cinema,Friend's Place,Bus,7.65,18.4,803.2,Local
2011-09-13,Home,Cinema,Train,19.83,26.4,813.0,Local
2011-09-14,Home,Cinema,Bicycle,8.34,33.4,0.0,Local
2011-09-14,Cinema,Home,Tram,9.28,27.8,556.8,Local
2011-09-15,Home,School,Bus,17.79,42.7,1867.9,Local
2011-09-17,Home,Shopping Centre,Bicycle,10.61,42.4,0.0,Local
2011-09-17,Shopping Centre,Park,Walk,2.01,24.1,0.0,Local
2011-09-21,Home,Library,Bus,8.12,19.5,852.6,Local
2011-09-22,Home,Park,Walk,8.95,107.4,0.0,Local
2011-09-22,Park,Cinema,Bicycle,4.75,19.0,0.0,Local
2011-09-23,Home,Library,Walk,13.77,165.2,0.0,Local
2011-09-24,Home,Friend's Place,Train,5.01,6.7,205.4,Local
2011-09-24,Friend's Place,Park,Car,4.69,7.0,900.5,Local
2011-09-25,Home,Friend's Place,Tram,18.0,54.0,1080.0,Local
2011-09-25,Friend's Place,Home,Bus,10.95,26.3,1149.8,Local
2011-09-25,Home,Friend's Place,Car,12.53,18.8,2405.8,Local
2011-09-27,Home,Park,Walk,7.54,90.5,0.0,Local
2011-09-28,Home,Library,Bicycle,7.55,30.2,0.0,Local
2011-09-29,Home,Library,Train,11.42,15.2,468.2,Local
2011-09-29,Library,Park,Tram,3.6,10.8,216.0,Local
2011-09-30,Home,Park,Bus,16.51,39.6,1733.6,Local
2011-10-01,Home,Library,Walk,10.58,127.0,0.0,Local
2011-10-02,Home,Library,Car,14.7,22.1,2822.4,Local
2011-10-02,Library,Cinema,Walk,6.29,75.5,0.0,Local
2011-10-05,Home,Park,Walk,14.56,174.7,0.0,Local
2011-10-05,Park,Library,Car,7.05,10.6,1353.6,Local
2011-10-06,Library,Park,Car,3.9,5.9,748.8,Local
2011-10-06,Home,Library,Tram,19.96,59.9,1197.6,Local
2011-10-06,Park,Library,Bus,3.29,7.9,345.4,Local
2011-10-07,Home,Friend's Place,Bus,13.05,31.3,1370.2,Local
2011-10-08,Home,Friend's Place,Car,13.95,20.9,2678.4,Local
2011-10-08,Friend's Place,Library,Tram,4.99,15.0,299.4,Local
2011-10-09,Home,Shopping Centre,Walk,6.51,78.1,0.0,Local
2011-10-10,Home,Cinema,Tram,13.12,39.4,787.2,Local
2011-10-10,Cinema,Park,Car,0.94,1.4,180.5,Local
2011-10-10,Park,School,Bus,0.59,1.4,61.9,Local
2011-10-11,Home,Cinema,Bicycle,7.53,30.1,0.0,Local
2011-10-13,Home,Cinema,Tram,19.91,59.7,1194.6,Local
2011-10-14,Home,School,Bus,7.21,17.3,757.0,Local
2011-10-15,Home,School,Bus,10.66,25.6,1119.3,Local
2011-10-16,Home,Friend's Place,Tram,17.7,53.1,1062.0,Local
2011-10-16,Friend's Place,Shopping Centre,Car,7.52,11.3,1443.8,Local
2011-10-17,Home,Park,Walk,8.74,104.9,0.0,Local
2011-10-17,Park,Library,Walk,3.06,36.7,0.0,Local
2011-10-18,Home,Friend's Place,Train,5.28,7.0,216.5,Local
2011-10-19,Home,Library,Bus,15.55,37.3,1632.8,Local
2011-10-19,Library,Cinema,Bus,7.33,17.6,769.6,Local
2011-10-20,Home,School,Bus,13.73,33.0,1441.7,Local
2011-10-22,Home,School,Bus,6.4,15.4,672.0,Local
2011-10-22,School,Home,Train,11.01,14.7,451.4,Local
2011-10-22,Home,Cinema,Car,15.68,23.5,3010.6,Local
2011-10-24,Home,School,Bus,11.97,28.7,1256.9,Local
2011-10-24,School,Shopping Centre,Bicycle,1.6,6.4,0.0,Local
2011-10-25,Home,Shopping Centre,Tram,17.12,51.4,1027.2,Local
2011-10-26,Home,Cinema,Bus,7.2,17.3,756.0,Local
2011-10-27,Home,Friend's Place,Bicycle,14.75,59.0,0.0,Local
2011-10-28,Home,Park,Train,6.58,8.8,269.8,Local
2011-10-29,Home,School,Bus,8.21,19.7,862.1,Local
2011-10-29,School,Shopping Centre,Train,4.04,5.4,165.6,Local
2011-10-30,Home,Shopping Centre,Bus,7.74,18.6,812.7,Local
2011-10-30,Shopping Centre,School,Bus,3.81,9.1,400.1,Local
2011-10-30,School,Home,Tram,14.66,44.0,879.6,Local
2011-10-31,Home,School,Bus,15.66,37.6,1644.3,Local
2011-11-01,Home,School,Bus,17.48,42.0,1835.4,Local
2011-11-01,School,Library,Tram,5.9,17.7,354.0,Local
2011-11-03,Home,Shopping Centre,Bus,13.34,32.0,1400.7,Local
2011-11-04,Home,Library,Bicycle,11.66,46.6,0.0,Local
2011-11-06,Home,Park,Tram,15.09,45.3,905.4,Local
2011-11-07,Home,Library,Bicycle,18.97,75.9,0.0,Local
2011-11-08,Home,School,Bus,11.29,27.1,1185.4,Local
2011-11-09,Home,Shopping Centre,Walk,17.56,210.7,0.0,Local
2011-11-10,Home,Friend's Place,Walk,16.09,193.1,0.0,Local
2011-11-10,Friend's Place,School,Bus,1.13,2.7,118.6,Local
2011-11-11,Home,School,Bus,14.28,34.3,1499.4,Local
2011-11-12,Home,School,Bus,8.45,20.3,887.2,Local
2011-11-13,Home,Shopping Centre,Bicycle,6.64,26.6,0.0,Local
2011-11-14,Home,Friend's Place,Bus,5.55,13.3,582.8,Local
2011-11-15,Home,Library,Bicycle,8.99,36.0,0.0,Local
2011-11-15,Library,Park,Bicycle,1.21,4.8,0.0,Local
2011-11-16,Home,Friend's Place,Train,16.16,21.5,662.6,Local
2011-11-16,Friend's Place,School,Bus,5.74,13.8,602.7,Local
2011-11-16,School,Friend's Place,Bicycle,6.72,26.9,0.0,Local
2011-11-17,Home,Cinema,Walk,14.13,169.6,0.0,Local
2011-11-18,Home,School,Bus,7.14,17.1,749.7,Local
2011-11-19,Home,Friend's Place,Bicycle,15.03,60.1,0.0,Local
2011-11-20,Home,Library,Bus,12.05,28.9,1265.2,Local
2011-11-21,Home,Park,Train,10.62,14.2,435.4,Local
2011-11-21,Park,Friend's Place,Car,5.35,8.0,1027.2,Local
2011-11-24,Home,Friend's Place,Tram,11.7,35.1,702.0,Local
2011-11-25,Home,Shopping Centre,Tram,14.51,43.5,870.6,Local
2011-11-26,Park,Shopping Centre,Bicycle,1.82,7.3,0.0,Local
2011-11-26,Shopping Centre,Home,Bicycle,14.98,59.9,0.0,Local
2011-11-26,Home,Park,Car,6.05,9.1,1161.6,Local
2011-11-27,Home,Shopping Centre,Bus,6.95,16.7,729.8,Local
2011-11-27,Shopping Centre,School,Bus,5.77,13.8,605.8,Local
2011-11-27,School,Cinema,Train,5.63,7.5,230.8,Local
2011-11-28,Home,Library,Bicycle,7.85,31.4,0.0,Local
2011-11-30,Home,Cinema,Bicycle,19.76,79.0,0.0,Local
2011-12-01,Home,School,Bus,16.44,39.5,1726.2,Local
2011-12-04,Home,School,Bus,10.02,24.0,1052.1,Local
2011-12-06,Home,Friend's Place,Walk,16.2,194.4,0.0,Local
2011-12-08,Home,Friend's Place,Train,8.27,11.0,339.1,Local
2011-12-09,Home,Friend's Place,Car,8.5,12.8,1632.0,Local
2011-12-11,Home,Shopping Centre,Tram,9.22,27.7,553.2,Local
2011-12-12,Home,Friend's Place,Car,12.84,19.3,2465.3,Local
2011-12-12,Friend's Place,Shopping Centre,Car,7.58,11.4,1455.4,Local
2011-12-12,Shopping Centre,Cinema,Car,4.37,6.6,839.0,Local
2011-12-13,Home,Library,Bicycle,12.96,51.8,0.0,Local
2011-12-14,Home,Shopping Centre,Tram,19.04,57.1,1142.4,Local
2011-12-17,Home,Friend's Place,Car,8.84,13.3,1697.3,Local
2011-12-17,Friend's Place,Library,Bus,2.12,5.1,222.6,Local
2011-12-18,Home,Friend's Place,Bus,15.02,36.0,1577.1,Local
2011-12-19,Home,Library,Bus,9.61,23.1,1009.0,Local
2011-12-21,Home,Friend's Place,Tram,14.14,42.4,848.4,Local
2011-12-22,Home,Library,Bicycle,6.46,25.8,0.0,Local
2011-12-23,Home,School,Bus,5.95,14.3,624.8,Local
2011-12-24,Home,Park,Car,18.13,27.2,3481.0,Local
2011-12-25,Home,Library,Train,7.63,10.2,312.8,Local
2011-12-26,Friend's Place,Library,Walk,7.8,93.6,0.0,Local
2011-12-26,Library,Home,Train,16.53,22.0,677.7,Local
2011-12-26,Home,Friend's Place,Tram,18.06,54.2,1083.6,Local
2011-12-27,Home,Shopping Centre,Train,18.41,24.5,754.8,Local
2011-12-28,Home,Shopping Centre,Walk,16.77,201.2,0.0,Local
2011-12-29,Home,Friend's Place,Car,19.42,29.1,3728.6,Local
2011-12-30,Home,School,Bus,7.68,18.4,806.4,Local
2011-12-31,Home,Park,Train,5.24,7.0,214.8,Local
2011-12-31,Park,Cinema,Bicycle,4.74,19.0,0.0,Local
2011-12-31,Cinema,Park,Walk,1.29,15.5,0.0,Local
2012-01-01,Home,Library,Bus,18.59,44.6,1952.0,Local
2012-01-01,Library,Shopping Centre,Car,5.5,8.2,1056.0,Local
2012-01-03,Home,Cinema,Bicycle,19.75,79.0,0.0,Local
2012-01-04,Home,School,Bus,19.78,47.5,2076.9,Local
2012-01-05,Home,Shopping Centre,Bicycle,8.86,35.4,0.0,Local
2012-01-05,Shopping Centre,Cinema,Walk,6.52,78.2,0.0,Local
2012-01-06,Home,Friend's Place,Car,9.74,14.6,1870.1,Local
2012-01-06,Friend's Place,Cinema,Bus,0.77,1.8,80.9,Local
2012-01-07,Home,Shopping Centre,Bus,12.59,30.2,1322.0,Local
2012-01-08,School,Park,Train,7.03,9.4,288.2,Local
2012-01-08,Library,School,Bus,2.72,6.5,285.6,Local
2012-01-08,Home,Library,Bus,9.91,23.8,1040.5,Local
2012-01-09,Home,Cinema,Bus,6.88,16.5,722.4,Local
2012-01-09,Cinema,School,Bus,5.08,12.2,533.4,Local
2012-01-09,School,Shopping Centre,Tram,6.99,21.0,419.4,Local
2012-01-10,Home,Cinema,Tram,19.28,57.8,1156.8,Local
2012-01-11,Home,School,Bus,13.33,32.0,1399.7,Local
2012-01-14,Home,Friend's Place,Bicycle,12.47,49.9,0.0,Local
2012-01-14,Friend's Place,Park,Train,1.43,1.9,58.6,Local
2012-01-16,Home,School,Bus,13.93,33.4,1462.6,Local
2012-01-17,Home,Library,Bus,7.2,17.3,756.0,Local
2012-01-19,Home,Cinema,Bicycle,15.41,61.6,0.0,Local
2012-01-20,Home,Cinema,Tram,9.71,29.1,582.6,Local
2012-01-21,Home,Park,Tram,18.93,56.8,1135.8,Local
2012-01-21,Park,School,Bus,0.76,1.8,79.8,Local
2012-01-21,School,Home,Bus,16.38,39.3,1719.9,Local
2012-01-23,Home,Library,Train,11.97,16.0,490.8,Local
2012-01-23,Library,Friend's Place,Bicycle,2.57,10.3,0.0,Local
2012-01-24,Friend's Place,School,Bus,6.76,16.2,709.8,Local
2012-01-24,Home,Shopping Centre,Walk,15.38,184.6,0.0,Local
2012-01-24,Shopping Centre,Friend's Place,Train,6.82,9.1,279.6,Local
2012-01-25,Home,Cinema,Bicycle,18.24,73.0,0.0,Local
2012-01-26,Home,Library,Train,18.66,24.9,765.1,Local
2012-01-27,Home,Park,Car,18.42,27.6,3536.6,Local
2012-01-27,Park,Shopping Centre,Walk,7.45,89.4,0.0,Local
2012-01-28,Home,School,Bus,18.66,44.8,1959.3,Local
2012-01-30,Home,Park,Bicycle,5.92,23.7,0.0,Local
2012-01-30,Park,Cinema,Bicycle,6.88,27.5,0.0,Local
2012-01-31,Home,Library,Tram,10.34,31.0,620.4,Local
2012-02-02,Home,School,Bus,13.44,32.3,1411.2,Local
2012-02-03,Home,Library,Bicycle,19.39,77.6,0.0,Local
2012-02-05,Home,School,Bus,19.26,46.2,2022.3,Local
2012-02-05,School,Library,Train,1.62,2.2,66.4,Local
2012-02-05,Library,Friend's Place,Car,0.77,1.2,147.8,Local
2012-02-06,Friend's Place,Cinema,Tram,1.04,3.1,62.4,Local
2012-02-06,Home,Friend's Place,Train,8.85,11.8,362.8,Local
2012-02-07,Library,Park,Bus,6.74,16.2,707.7,Local
2012-02-07,Friend's Place,Library,Walk,5.88,70.6,0.0,Local
2012-02-07,Home,Friend's Place,Bicycle,19.62,78.5,0.0,Local
2012-02-09,Home,School,Bus,18.65,44.8,1958.2,Local
2012-02-09,School,Park,Train,5.48,7.3,224.7,Local
2012-02-09,Park,Cinema,Walk,6.28,75.4,0.0,Local
2012-02-10,Home,Friend's Place,Tram,12.09,36.3,725.4,Local
2012-02-11,Home,Shopping Centre,Tram,8.01,24.0,480.6,Local
2012-02-12,Home,Friend's Place,Car,9.3,14.0,1785.6,Local
2012-02-12,Friend's Place,Cinema,Car,3.06,4.6,587.5,Local
2012-02-14,Home,Park,Walk,17.6,211.2,0.0,Local
2012-02-16,Home,Shopping Centre,Bicycle,6.83,27.3,0.0,Local
2012-02-16,Shopping Centre,Cinema,Train,3.87,5.2,158.7,Local
2012-02-17,Home,School,Bus,19.63,47.1,2061.2,Local
2012-02-18,Home,School,Bus,19.56,46.9,2053.8,Local
2012-02-18,School,Park,Tram,5.25,15.8,315.0,Local
2012-02-19,Home,Cinema,Bicycle,5.54,22.2,0.0,Local
2012-02-19,Cinema,Library,Tram,1.14,3.4,68.4,Local
2012-02-20,Home,School,Bus,19.2,46.1,2016.0,Local
2012-02-22,Park,School,Bus,3.19,7.7,334.9,Local
2012-02-22,Home,Park,Train,11.57,15.4,474.4,Local
2012-02-23,Home,School,Bus,16.06,38.5,1686.3,Local
2012-02-24,Home,Park,Bicycle,15.02,60.1,0.0,Local
2012-02-24,Park,Cinema,Bus,2.74,6.6,287.7,Local
2012-02-25,Home,Shopping Centre,Car,19.96,29.9,3832.3,Local
2012-02-26,Home,School,Bus,19.51,46.8,2048.6,Local
2012-02-26,School,Park,Car,6.2,9.3,1190.4,Local
2012-02-26,Park,Library,Bicycle,5.81,23.2,0.0,Local
2012-02-27,Home,Shopping Centre,Walk,16.51,198.1,0.0,Local
2012-02-27,Shopping Centre,Park,Car,2.07,3.1,397.4,Local
2012-02-28,Home,School,Bus,15.91,38.2,1670.5,Local
2012-02-29,Home,Friend's Place,Car,16.2,24.3,3110.4,Local
2012-03-01,Home,Cinema,Train,11.81,15.7,484.2,Local
2012-03-03,Home,Shopping Centre,Tram,10.1,30.3,606.0,Local
2012-03-04,Home,Park,Bicycle,6.08,24.3,0.0,Local
2012-03-04,Park,Cinema,Train,1.47,2.0,60.3,Local
2012-03-04,Cinema,Friend's Place,Tram,7.67,23.0,460.2,Local
2012-03-06,Home,Cinema,Walk,19.78,237.4,0.0,Local
2012-03-07,Home,Cinema,Car,7.95,11.9,1526.4,Local
2012-03-08,Home,School,Bus,11.63,27.9,1221.2,Local
2012-03-09,Home,Friend's Place,Bicycle,10.5,42.0,0.0,Local
2012-03-10,Home,School,Bus,18.42,44.2,1934.1,Local
2012-03-13,Home,Cinema,Car,13.52,20.3,2595.8,Local
2012-03-14,Home,Cinema,Car,17.22,25.8,3306.2,Local
2012-03-16,Home,Park,Train,10.73,14.3,439.9,Local
2012-03-16,Park,Library,Walk,4.69,56.3,0.0,Local
2012-03-17,Shopping Centre,Park,Walk,2.76,33.1,0.0,Local
2012-03-17,Home,Shopping Centre,Walk,14.96,179.5,0.0,Local
2012-03-18,Home,Library,Train,17.76,23.7,728.2,Local
2012-03-19,Home,School,Bus,13.86,33.3,1455.3,Local
2012-03-19,School,Library,Car,3.69,5.5,708.5,Local
2012-03-19,Library,Home,Bicycle,6.52,26.1,0.0,Local
2012-03-20,Home,Friend's Place,Walk,8.59,103.1,0.0,Local
2012-03-20,Friend's Place,Shopping Centre,Bicycle,2.43,9.7,0.0,Local
2012-03-22,Home,Shopping Centre,Tram,11.75,35.2,705.0,Local
2012-03-23,Home,Park,Tram,9.84,29.5,590.4,Local
2012-03-26,Home,Library,Car,5.36,8.0,1029.1,Local
2012-03-27,Home,Shopping Centre,Tram,13.7,41.1,822.0,Local
2012-03-27,Shopping Centre,Library,Walk,5.52,66.2,0.0,Local
2012-03-28,Melbourne,Tokyo,Flight,8500.0,566.7,1150000.0,International-Out
2012-03-29,Home,Park,Car,7.13,10.7,1369.0,Local
2012-03-29,Park,School,Bus,7.66,18.4,804.3,Local
2012-03-30,Home,Library,Train,8.75,11.7,358.8,Local
2012-03-30,Library,Cinema,Tram,0.69,2.1,41.4,Local
2012-03-31,Home,Shopping Centre,Walk,7.2,86.4,0.0,Local
2012-04-01,Home,Cinema,Bicycle,8.52,34.1,0.0,Local
2012-04-02,Home,Library,Bus,12.7,30.5,1333.5,Local
2012-04-03,Home,Library,Tram,10.2,30.6,612.0,Local
2012-04-04,Tokyo,Melbourne,Flight,8500.0,566.7,1150000.0,International-Return
2012-04-05,Home,Park,Train,5.81,7.7,238.2,Local
2012-04-06,Home,Library,Bus,16.59,39.8,1742.0,Local
2012-04-08,Friend's Place,School,Bus,6.04,14.5,634.2,Local
2012-04-08,Home,Friend's Place,Bus,16.43,39.4,1725.1,Local
2012-04-09,Home,Shopping Centre,Walk,13.11,157.3,0.0,Local
2012-04-10,Home,Shopping Centre,Car,6.5,9.8,1248.0,Local
2012-04-11,Home,Cinema,Walk,7.73,92.8,0.0,Local
2012-04-11,Cinema,School,Bus,2.95,7.1,309.8,Local
2012-04-11,School,Friend's Place,Walk,6.02,72.2,0.0,Local
2012-04-12,Home,Shopping Centre,Car,10.57,15.9,2029.4,Local
2012-04-13,Home,Park,Train,12.74,17.0,522.3,Local
2012-04-14,Home,Park,Tram,18.42,55.3,1105.2,Local
2012-04-14,Park,Friend's Place,Bicycle,1.51,6.0,0.0,Local
2012-04-15,Home,Library,Bicycle,13.35,53.4,0.0,Local
2012-04-15,Library,Friend's Place,Bus,5.21,12.5,547.0,Local
2012-04-16,Home,School,Bus,9.17,22.0,962.9,Local
2012-04-17,Home,Library,Tram,18.37,55.1,1102.2,Local
2012-04-17,Library,Cinema,Bicycle,3.72,14.9,0.0,Local
2012-04-17,Cinema,Home,Bicycle,19.09,76.4,0.0,Local
2012-04-19,Home,Cinema,Tram,19.13,57.4,1147.8,Local
2012-04-20,Home,School,Bus,8.5,20.4,892.5,Local
2012-04-21,Home,Cinema,Bicycle,10.35,41.4,0.0,Local
2012-04-25,Home,Friend's Place,Bicycle,8.43,33.7,0.0,Local
2012-04-26,Home,Library,Bicycle,11.99,48.0,0.0,Local
2012-04-27,Shopping Centre,Cinema,Car,1.88,2.8,361.0,Local
2012-04-27,Home,Shopping Centre,Bicycle,15.77,63.1,0.0,Local
2012-04-28,Home,Library,Tram,6.38,19.1,382.8,Local
2012-04-28,Library,Home,Train,9.32,12.4,382.1,Local
2012-04-29,Home,Cinema,Walk,16.58,199.0,0.0,Local
2012-04-30,Home,Park,Walk,6.65,79.8,0.0,Local
2012-05-01,Home,Library,Tram,19.2,57.6,1152.0,Local
2012-05-01,Library,Home,Bus,8.91,21.4,935.6,Local
2012-05-02,Home,School,Bus,5.93,14.2,622.6,Local
2012-05-04,Home,School,Bus,14.21,34.1,1492.1,Local
2012-05-05,Home,Library,Car,17.48,26.2,3356.2,Local
2012-05-07,Home,Cinema,Bicycle,16.59,66.4,0.0,Local
2012-05-08,Home,Cinema,Walk,13.85,166.2,0.0,Local
2012-05-09,Home,Shopping Centre,Walk,6.39,76.7,0.0,Local
2012-05-12,Home,Library,Bicycle,17.82,71.3,0.0,Local
2012-05-13,Home,Cinema,Bicycle,9.93,39.7,0.0,Local
2012-05-15,Home,Shopping Centre,Train,7.69,10.3,315.3,Local
2012-05-15,Shopping Centre,Home,Car,6.62,9.9,1271.0,Local
2012-05-16,Cinema,Friend's Place,Tram,7.0,21.0,420.0,Local
2012-05-16,Home,Cinema,Walk,17.51,210.1,0.0,Local
2012-05-17,Home,School,Bus,10.96,26.3,1150.8,Local
2012-05-18,Home,Cinema,Bicycle,6.64,26.6,0.0,Local
2012-05-19,Home,Park,Bus,19.52,46.8,2049.6,Local
2012-05-19,Park,Friend's Place,Train,7.65,10.2,313.7,Local
2012-05-21,Home,Library,Tram,8.26,24.8,495.6,Local
2012-05-22,Home,Library,Walk,11.22,134.6,0.0,Local
2012-05-23,Home,Shopping Centre,Bicycle,9.54,38.2,0.0,Local
2012-05-24,Home,Friend's Place,Bus,12.15,29.2,1275.8,Local
2012-05-26,Friend's Place,Home,Train,7.25,9.7,297.2,Local
2012-05-26,Home,Library,Tram,14.09,42.3,845.4,Local
2012-05-26,Library,Friend's Place,Walk,5.68,68.2,0.0,Local
2012-05-27,Home,Friend's Place,Bus,5.09,12.2,534.4,Local
2012-05-27,Friend's Place,Shopping Centre,Bicycle,7.92,31.7,0.0,Local
2012-05-27,Shopping Centre,Park,Train,2.43,3.2,99.6,Local
2012-05-28,Home,Park,Car,16.09,24.1,3089.3,Local
2012-05-29,Home,Park,Walk,13.34,160.1,0.0,Local
2012-05-30,School,Home,Walk,10.11,121.3,0.0,Local
2012-05-30,Park,School,Bus,1.08,2.6,113.4,Local
2012-05-30,Home,Park,Walk,8.2,98.4,0.0,Local
2012-06-01,Home,School,Bus,14.22,34.1,1493.1,Local
2012-06-02,Home,Shopping Centre,Bicycle,14.15,56.6,0.0,Local
2012-06-03,Home,Library,Walk,17.62,211.4,0.0,Local
2012-06-06,Home,School,Bus,17.2,41.3,1806.0,Local
2012-06-06,School,Shopping Centre,Bus,4.81,11.5,505.0,Local
2012-06-07,Home,Friend's Place,Walk,10.14,121.7,0.0,Local
2012-06-08,Shopping Centre,School,Bus,7.06,16.9,741.3,Local
2012-06-08,Home,Shopping Centre,Walk,13.67,164.0,0.0,Local
2012-06-09,Home,Park,Bus,14.27,34.2,1498.3,Local
2012-06-10,Home,Cinema,Walk,16.48,197.8,0.0,Local
2012-06-12,Home,Park,Car,17.03,25.5,3269.8,Local
2012-06-12,Park,Shopping Centre,Walk,1.87,22.4,0.0,Local
2012-06-13,Home,Friend's Place,Train,8.92,11.9,365.7,Local
2012-06-15,Library,School,Bus,4.05,9.7,425.2,Local
2012-06-15,Home,Library,Walk,6.33,76.0,0.0,Local
2012-06-16,Cinema,Shopping Centre,Walk,6.51,78.1,0.0,Local
2012-06-16,Home,Cinema,Bus,12.97,31.1,1361.9,Local
2012-06-17,Home,School,Bus,18.13,43.5,1903.6,Local
2012-06-19,Home,Shopping Centre,Bicycle,13.23,52.9,0.0,Local
2012-06-20,Home,Cinema,Train,10.4,13.9,426.4,Local
2012-06-22,Home,School,Bus,18.62,44.7,1955.1,Local
2012-06-23,Home,School,Bus,12.8,30.7,1344.0,Local
2012-06-23,School,Cinema,Car,7.75,11.6,1488.0,Local
2012-06-24,Home,Park,Walk,16.91,202.9,0.0,Local
2012-06-25,Home,Friend's Place,Bicycle,13.41,53.6,0.0,Local
2012-06-25,Friend's Place,Shopping Centre,Walk,6.7,80.4,0.0,Local
2012-06-26,Home,Park,Tram,19.29,57.9,1157.4,Local
2012-06-28,Home,Library,Walk,14.15,169.8,0.0,Local
2012-06-29,Home,Friend's Place,Walk,19.34,232.1,0.0,Local
2012-06-30,Home,School,Bus,10.95,26.3,1149.8,Local
2012-06-30,School,Home,Train,16.33,21.8,669.5,Local
2012-07-01,Home,Library,Car,19.64,29.5,3770.9,Local
2012-07-03,Cinema,Park,Train,2.62,3.5,107.4,Local
2012-07-03,Home,Cinema,Car,17.85,26.8,3427.2,Local
2012-07-04,Home,Library,Walk,15.9,190.8,0.0,Local
2012-07-04,Library,Park,Car,7.77,11.7,1491.8,Local
2012-07-05,Home,School,Bus,6.65,16.0,698.2,Local
2012-07-05,School,Cinema,Bus,5.03,12.1,528.1,Local
2012-07-06,Home,Shopping Centre,Bicycle,17.34,69.4,0.0,Local
2012-07-07,Home,School,Bus,14.38,34.5,1509.9,Local
2012-07-08,Home,Cinema,Walk,6.13,73.6,0.0,Local
2012-07-09,Home,Friend's Place,Walk,15.53,186.4,0.0,Local
2012-07-10,Home,Library,Bus,19.97,47.9,2096.8,Local
2012-07-10,Library,Park,Tram,7.62,22.9,457.2,Local
2012-07-12,Home,Cinema,Car,7.77,11.7,1491.8,Local
2012-07-14,Home,School,Bus,15.86,38.1,1665.3,Local
2012-07-14,School,Shopping Centre,Train,4.38,5.8,179.6,Local
2012-07-15,Home,Friend's Place,Tram,18.99,57.0,1139.4,Local
2012-07-16,School,Library,Train,5.79,7.7,237.4,Local
2012-07-16,Home,School,Bus,18.23,43.8,1914.2,Local
2012-07-17,Home,Shopping Centre,Tram,18.38,55.1,1102.8,Local
2012-07-18,Shopping Centre,Cinema,Train,6.47,8.6,265.3,Local
2012-07-18,Home,Shopping Centre,Tram,16.59,49.8,995.4,Local
2012-07-19,Home,Library,Train,17.8,23.7,729.8,Local
2012-07-20,Home,Friend's Place,Walk,8.25,99.0,0.0,Local
2012-07-20,Friend's Place,Cinema,Bicycle,7.48,29.9,0.0,Local
2012-07-22,Home,Shopping Centre,Train,11.98,16.0,491.2,Local
2012-07-22,Shopping Centre,Home,Bus,19.2,46.1,2016.0,Local
2012-07-23,Home,Library,Walk,8.09,97.1,0.0,Local
2012-07-23,Library,Park,Train,4.9,6.5,200.9,Local
2012-07-24,Cinema,School,Bus,2.88,6.9,302.4,Local
2012-07-24,Home,Cinema,Car,13.62,20.4,2615.0,Local
2012-07-25,Home,School,Bus,14.67,35.2,1540.3,Local
2012-07-25,School,Shopping Centre,Bus,7.56,18.1,793.8,Local
2012-07-26,Home,Park,Bus,16.31,39.1,1712.5,Local
2012-07-26,Park,Shopping Centre,Walk,7.48,89.8,0.0,Local
2012-07-27,Home,School,Bus,7.62,18.3,800.1,Local
2012-07-29,Home,Shopping Centre,Bicycle,18.62,74.5,0.0,Local
2012-07-31,Friend's Place,Shopping Centre,Bicycle,2.72,10.9,0.0,Local
2012-07-31,Home,Friend's Place,Bicycle,17.3,69.2,0.0,Local
2012-08-01,Home,Cinema,Bus,14.7,35.3,1543.5,Local
2012-08-01,Cinema,Park,Train,4.71,6.3,193.1,Local
2012-08-02,Home,Library,Car,14.28,21.4,2741.8,Local
2012-08-04,Home,School,Bus,18.0,43.2,1890.0,Local
2012-08-04,School,Home,Car,6.56,9.8,1259.5,Local
2012-08-04,Home,Cinema,Bus,7.33,17.6,769.6,Local
2012-08-05,Home,Library,Bus,9.23,22.2,969.2,Local
2012-08-06,Home,Library,Walk,13.17,158.0,0.0,Local
2012-08-06,Library,Cinema,Train,0.63,0.8,25.8,Local
2012-08-06,Cinema,Library,Tram,2.43,7.3,145.8,Local
2012-08-07,Home,School,Bus,9.65,23.2,1013.2,Local
2012-08-07,School,Home,Car,13.91,20.9,2670.7,Local
2012-08-08,Home,Park,Bus,8.27,19.8,868.3,Local
2012-08-08,Park,Friend's Place,Bus,1.66,4.0,174.3,Local
2012-08-09,Home,School,Bus,13.42,32.2,1409.1,Local
2012-08-09,School,Library,Bicycle,6.28,25.1,0.0,Local
2012-08-10,Home,Cinema,Tram,6.14,18.4,368.4,Local
2012-08-11,Cinema,Home,Car,10.14,15.2,1946.9,Local
2012-08-11,Home,Cinema,Bus,11.58,27.8,1215.9,Local
2012-08-12,Home,Park,Bicycle,17.41,69.6,0.0,Local
2012-08-12,Park,School,Bus,4.98,12.0,522.9,Local
2012-08-13,Home,School,Bus,19.26,46.2,2022.3,Local
2012-08-14,Home,Shopping Centre,Bicycle,12.69,50.8,0.0,Local
2012-08-15,Home,Park,Tram,18.99,57.0,1139.4,Local
2012-08-15,Park,Cinema,Tram,5.47,16.4,328.2,Local
2012-08-16,Home,School,Bus,12.66,30.4,1329.3,Local
2012-08-17,Home,School,Bus,6.95,16.7,729.8,Local
2012-08-20,Home,School,Bus,6.4,15.4,672.0,Local
2012-08-20,School,Home,Tram,10.08,30.2,604.8,Local
2012-08-21,Home,Park,Tram,7.36,22.1,441.6,Local
2012-08-22,Home,School,Bus,5.43,13.0,570.1,Local
2012-08-24,Home,School,Bus,13.36,32.1,1402.8,Local
2012-08-25,Home,Library,Train,10.58,14.1,433.8,Local
2012-08-26,Home,Cinema,Walk,13.53,162.4,0.0,Local
2012-08-27,Home,School,Bus,9.44,22.7,991.2,Local
2012-08-27,Friend's Place,Home,Walk,6.62,79.4,0.0,Local
2012-08-27,Home,Friend's Place,Walk,17.03,204.4,0.0,Local
2012-08-28,Home,Shopping Centre,Bus,12.44,29.9,1306.2,Local
2012-08-30,Home,School,Bus,10.07,24.2,1057.4,Local
2012-08-30,School,Friend's Place,Bicycle,2.86,11.4,0.0,Local
2012-08-31,Home,School,Bus,7.52,18.0,789.6,Local
2012-09-01,Home,Park,Bicycle,5.51,22.0,0.0,Local
2012-09-01,Park,Shopping Centre,Bicycle,6.6,26.4,0.0,Local
2012-09-01,Shopping Centre,Library,Train,3.08,4.1,126.3,Local
2012-09-02,Home,Park,Car,17.02,25.5,3267.8,Local
2012-09-03,Home,Library,Train,18.23,24.3,747.4,Local
2012-09-03,Library,Friend's Place,Bicycle,7.56,30.2,0.0,Local
2012-09-04,Home,School,Bus,18.21,43.7,1912.1,Local
2012-09-05,Home,Library,Walk,11.86,142.3,0.0,Local
2012-09-06,Home,Shopping Centre,Walk,10.19,122.3,0.0,Local
2012-09-07,Home,Friend's Place,Walk,10.26,123.1,0.0,Local
2012-09-07,Friend's Place,Shopping Centre,Car,5.5,8.2,1056.0,Local
2012-09-08,Home,Shopping Centre,Bicycle,12.28,49.1,0.0,Local
2012-09-09,Library,School,Bus,6.95,16.7,729.8,Local
2012-09-09,Home,Library,Bicycle,10.27,41.1,0.0,Local
2012-09-10,Home,Shopping Centre,Walk,17.21,206.5,0.0,Local
2012-09-10,Shopping Centre,Friend's Place,Bicycle,3.99,16.0,0.0,Local
2012-09-11,Home,Cinema,Bicycle,16.48,65.9,0.0,Local
2012-09-12,Home,Library,Bicycle,6.43,25.7,0.0,Local
2012-09-13,Home,Shopping Centre,Bicycle,17.66,70.6,0.0,Local
2012-09-14,Home,Friend's Place,Train,9.83,13.1,403.0,Local
2012-09-14,Friend's Place,Library,Bus,6.56,15.7,688.8,Local
2012-09-15,Library,Cinema,Walk,7.35,88.2,0.0,Local
2012-09-15,Home,Library,Car,15.97,24.0,3066.2,Local
2012-09-17,Home,Shopping Centre,Bicycle,13.96,55.8,0.0,Local
2012-09-18,Home,Cinema,Bicycle,5.0,20.0,0.0,Local
2012-09-18,Cinema,Friend's Place,Walk,5.56,66.7,0.0,Local
2012-09-19,Home,Friend's Place,Car,7.55,11.3,1449.6,Local
2012-09-20,Home,Library,Walk,8.06,96.7,0.0,Local
2012-09-21,Home,Shopping Centre,Tram,11.69,35.1,701.4,Local
2012-09-21,Shopping Centre,Library,Bicycle,1.86,7.4,0.0,Local
2012-09-22,Home,School,Bus,18.29,43.9,1920.4,Local
2012-09-23,Home,Friend's Place,Bus,15.11,36.3,1586.5,Local
2012-09-24,Home,Friend's Place,Tram,7.23,21.7,433.8,Local
2012-09-25,Home,Cinema,Car,19.33,29.0,3711.4,Local
2012-09-26,Home,Shopping Centre,Walk,11.84,142.1,0.0,Local
2012-09-27,Home,Shopping Centre,Bicycle,15.64,62.6,0.0,Local
2012-09-29,Home,Shopping Centre,Car,12.08,18.1,2319.4,Local
2012-09-30,Home,Friend's Place,Bus,11.56,27.7,1213.8,Local
2012-09-30,Friend's Place,Cinema,Train,0.74,1.0,30.3,Local
2012-09-30,Cinema,Park,Car,6.82,10.2,1309.4,Local
2012-10-01,Home,Cinema,Car,14.32,21.5,2749.4,Local
2012-10-01,Cinema,Friend's Place,Car,5.04,7.6,967.7,Local
2012-10-01,Friend's Place,Shopping Centre,Tram,1.13,3.4,67.8,Local
2012-10-02,Home,Cinema,Bicycle,7.17,28.7,0.0,Local
2012-10-04,Home,Park,Tram,17.94,53.8,1076.4,Local
2012-10-05,Home,Shopping Centre,Train,8.93,11.9,366.1,Local
2012-10-05,Shopping Centre,Friend's Place,Bus,0.57,1.4,59.8,Local
2012-10-07,Home,Shopping Centre,Tram,9.39,28.2,563.4,Local
2012-10-08,Home,Shopping Centre,Walk,8.34,100.1,0.0,Local
2012-10-09,Home,School,Bus,6.61,15.9,694.1,Local
2012-10-10,Home,Shopping Centre,Tram,7.9,23.7,474.0,Local
2012-10-10,Shopping Centre,Friend's Place,Bicycle,7.57,30.3,0.0,Local
2012-10-11,Home,School,Bus,13.1,31.4,1375.5,Local
2012-10-12,Home,Friend's Place,Walk,9.15,109.8,0.0,Local
2012-10-13,Home,Park,Train,10.71,14.3,439.1,Local
2012-10-14,Home,Park,Walk,9.54,114.5,0.0,Local
2012-10-14,Park,Library,Walk,2.93,35.2,0.0,Local
2012-10-16,Home,Park,Bicycle,7.23,28.9,0.0,Local
2012-10-17,Home,Park,Tram,13.78,41.3,826.8,Local
2012-10-18,Home,Park,Walk,11.48,137.8,0.0,Local
2012-10-18,Park,Shopping Centre,Tram,1.44,4.3,86.4,Local
2012-10-19,Home,Shopping Centre,Tram,17.73,53.2,1063.8,Local
2012-10-20,Home,Shopping Centre,Bus,15.58,37.4,1635.9,Local
2012-10-21,Home,Cinema,Car,5.99,9.0,1150.1,Local
2012-10-22,Home,Library,Car,19.3,29.0,3705.6,Local
2012-10-23,Home,Cinema,Bicycle,17.81,71.2,0.0,Local
2012-10-24,Home,Friend's Place,Tram,13.05,39.2,783.0,Local
2012-10-25,Home,Shopping Centre,Tram,5.07,15.2,304.2,Local
2012-10-27,Home,Cinema,Tram,6.98,20.9,418.8,Local
2012-10-28,Home,Shopping Centre,Bicycle,7.75,31.0,0.0,Local
2012-10-29,Home,School,Bus,10.64,25.5,1117.2,Local
2012-10-31,Home,Cinema,Bicycle,14.91,59.6,0.0,Local
2012-11-01,Home,School,Bus,9.05,21.7,950.3,Local
2012-11-01,School,Shopping Centre,Tram,5.72,17.2,343.2,Local
2012-11-02,Park,Library,Walk,2.45,29.4,0.0,Local
2012-11-02,Home,Park,Bus,12.31,29.5,1292.5,Local
2012-11-03,Home,Shopping Centre,Car,11.01,16.5,2113.9,Local
2012-11-04,Home,Shopping Centre,Tram,6.41,19.2,384.6,Local
2012-11-06,Home,Cinema,Car,11.3,17.0,2169.6,Local
2012-11-07,Home,School,Bus,10.03,24.1,1053.1,Local
2012-11-07,School,Library,Car,5.48,8.2,1052.2,Local
2012-11-08,Home,School,Bus,6.18,14.8,648.9,Local
2012-11-09,Home,Friend's Place,Car,17.96,26.9,3448.3,Local
2012-11-09,Friend's Place,Park,Car,6.73,10.1,1292.2,Local
2012-11-10,Library,Shopping Centre,Bicycle,6.25,25.0,0.0,Local
2012-11-10,Home,Library,Tram,16.26,48.8,975.6,Local
2012-11-11,Home,Park,Walk,5.51,66.1,0.0,Local
2012-11-12,Home,Shopping Centre,Bicycle,6.19,24.8,0.0,Local
2012-11-13,Home,Library,Train,10.33,13.8,423.5,Local
2012-11-14,Home,Park,Car,14.08,21.1,2703.4,Local
2012-11-14,Park,Cinema,Car,0.83,1.2,159.4,Local
2012-11-18,Home,Park,Tram,12.81,38.4,768.6,Local
2012-11-18,Park,Shopping Centre,Walk,0.85,10.2,0.0,Local
2012-11-20,Home,Cinema,Tram,5.36,16.1,321.6,Local
2012-11-22,Home,School,Bus,7.64,18.3,802.2,Local
2012-11-22,School,Park,Tram,6.24,18.7,374.4,Local
2012-11-25,Home,Friend's Place,Tram,19.47,58.4,1168.2,Local
2012-11-25,Friend's Place,School,Bus,0.79,1.9,83.0,Local
2012-11-26,Home,Park,Tram,13.26,39.8,795.6,Local
2012-11-28,Home,Library,Walk,18.35,220.2,0.0,Local
2012-11-29,Home,Friend's Place,Train,9.07,12.1,371.9,Local
2012-11-29,Friend's Place,School,Bus,6.77,16.2,710.8,Local
2012-11-29,School,Cinema,Train,7.32,9.8,300.1,Local
2012-11-30,Home,Shopping Centre,Bus,19.12,45.9,2007.6,Local
2012-12-01,Home,Library,Train,19.84,26.5,813.4,Local
2012-12-02,Home,Park,Tram,7.39,22.2,443.4,Local
2012-12-03,Home,Cinema,Car,18.13,27.2,3481.0,Local
2012-12-03,Cinema,Library,Tram,0.61,1.8,36.6,Local
2012-12-04,Home,Shopping Centre,Train,16.41,21.9,672.8,Local
2012-12-06,Home,Park,Walk,14.96,179.5,0.0,Local
2012-12-07,Home,Park,Tram,8.38,25.1,502.8,Local
2012-12-07,Park,Library,Bus,0.52,1.2,54.6,Local
2012-12-08,Home,Shopping Centre,Tram,5.52,16.6,331.2,Local
2012-12-08,Shopping Centre,School,Bus,7.23,17.4,759.2,Local
2012-12-08,School,Friend's Place,Tram,1.96,5.9,117.6,Local
2012-12-09,Home,Cinema,Train,13.37,17.8,548.2,Local
2012-12-10,Home,School,Bus,13.06,31.3,1371.3,Local
2012-12-10,School,Park,Tram,7.64,22.9,458.4,Local
2012-12-11,Home,Park,Tram,9.04,27.1,542.4,Local
2012-12-12,Home,School,Bus,7.07,17.0,742.4,Local
2012-12-14,Home,Park,Bicycle,13.84,55.4,0.0,Local
2012-12-15,School,Park,Bicycle,1.09,4.4,0.0,Local
2012-12-15,Home,Shopping Centre,Tram,10.24,30.7,614.4,Local
2012-12-15,Shopping Centre,School,Bus,3.3,7.9,346.5,Local
2012-12-16,Home,Friend's Place,Bicycle,17.31,69.2,0.0,Local
2012-12-16,Friend's Place,Cinema,Bicycle,3.52,14.1,0.0,Local
2012-12-17,Home,Friend's Place,Car,5.05,7.6,969.6,Local
2012-12-17,Friend's Place,Park,Bus,0.6,1.4,63.0,Local
2012-12-18,Home,School,Bus,6.5,15.6,682.5,Local
2012-12-18,School,Park,Walk,0.9,10.8,0.0,Local
2012-12-18,Park,School,Bus,6.21,14.9,652.0,Local
2012-12-19,Home,Cinema,Bus,8.57,20.6,899.9,Local
2012-12-20,Home,Friend's Place,Train,8.54,11.4,350.1,Local
2012-12-21,Home,Friend's Place,Train,14.53,19.4,595.7,Local
2012-12-21,Friend's Place,Park,Bicycle,1.38,5.5,0.0,Local
2012-12-22,Home,Shopping Centre,Train,9.1,12.1,373.1,Local
2012-12-22,Shopping Centre,School,Bus,6.82,16.4,716.1,Local
2012-12-23,Home,Shopping Centre,Car,16.65,25.0,3196.8,Local
2012-12-24,Home,Library,Bicycle,10.33,41.3,0.0,Local
2012-12-25,Home,Park,Train,19.47,26.0,798.3,Local
2012-12-26,Home,Cinema,Car,14.36,21.5,2757.1,Local
2012-12-27,Home,Friend's Place,Bus,19.29,46.3,2025.4,Local
2012-12-28,Home,Shopping Centre,Bicycle,15.54,62.2,0.0,Local
2012-12-28,Shopping Centre,Park,Walk,7.06,84.7,0.0,Local
2012-12-29,Home,Cinema,Walk,5.72,68.6,0.0,Local
2012-12-31,Home,Friend's Place,Tram,19.79,59.4,1187.4,Local
2013-01-01,Home,School,Bus,14.32,34.4,1503.6,Local
2013-01-02,Home,Shopping Centre,Bus,18.26,43.8,1917.3,Local
2013-01-04,Home,Friend's Place,Tram,7.51,22.5,450.6,Local
2013-01-05,Library,Cinema,Bicycle,2.59,10.4,0.0,Local
2013-01-05,Home,Shopping Centre,Walk,17.07,204.8,0.0,Local
2013-01-05,Shopping Centre,Library,Tram,3.23,9.7,193.8,Local
2013-01-06,Home,Park,Walk,14.85,178.2,0.0,Local
2013-01-07,Home,Library,Tram,7.14,21.4,428.4,Local
2013-01-08,Home,School,Bus,15.2,36.5,1596.0,Local
2013-01-11,Home,Shopping Centre,Car,15.87,23.8,3047.0,Local
2013-01-12,Home,School,Bus,8.9,21.4,934.5,Local
2013-01-13,Library,Cinema,Bus,7.85,18.8,824.2,Local
2013-01-13,Friend's Place,Library,Tram,3.47,10.4,208.2,Local
2013-01-13,Home,Friend's Place,Car,5.66,8.5,1086.7,Local
2013-01-14,Home,Library,Walk,11.36,136.3,0.0,Local
2013-01-14,Library,Cinema,Bus,7.64,18.3,802.2,Local
2013-01-15,Home,Cinema,Tram,17.1,51.3,1026.0,Local
2013-01-16,Home,Shopping Centre,Walk,13.22,158.6,0.0,Local
2013-01-18,Home,Park,Tram,5.97,17.9,358.2,Local
2013-01-19,Home,School,Bus,12.37,29.7,1298.8,Local
2013-01-20,Home,Library,Bus,18.19,43.7,1910.0,Local
2013-01-22,Home,Library,Tram,15.95,47.9,957.0,Local
2013-01-26,Home,School,Bus,14.12,33.9,1482.6,Local
2013-01-27,Home,Shopping Centre,Walk,11.6,139.2,0.0,Local
2013-01-29,Home,Friend's Place,Walk,11.09,133.1,0.0,Local
2013-01-30,Home,Friend's Place,Train,18.2,24.3,746.2,Local
2013-01-31,Home,Cinema,Bicycle,16.27,65.1,0.0,Local
2013-01-31,Cinema,Library,Train,2.86,3.8,117.3,Local
2013-01-31,Library,Cinema,Walk,5.53,66.4,0.0,Local
2013-02-01,Home,Library,Tram,18.44,55.3,1106.4,Local
2013-02-02,Home,Friend's Place,Tram,18.36,55.1,1101.6,Local
2013-02-03,Home,School,Bus,11.31,27.1,1187.5,Local
2013-02-05,Home,Shopping Centre,Train,17.12,22.8,701.9,Local
2013-02-06,Home,Park,Car,14.4,21.6,2764.8,Local
2013-02-08,Home,Park,Train,10.45,13.9,428.4,Local
2013-02-08,Park,Shopping Centre,Bicycle,5.32,21.3,0.0,Local
2013-02-08,Shopping Centre,Park,Car,1.38,2.1,265.0,Local
2013-02-09,Home,Shopping Centre,Tram,9.04,27.1,542.4,Local
2013-02-09,Shopping Centre,School,Bus,2.72,6.5,285.6,Local
2013-02-10,Home,Shopping Centre,Bicycle,8.76,35.0,0.0,Local
2013-02-11,Home,Cinema,Car,19.26,28.9,3697.9,Local
2013-02-11,Cinema,Home,Train,11.04,14.7,452.6,Local
2013-02-11,Home,Park,Walk,8.42,101.0,0.0,Local
2013-02-12,Home,Library,Tram,8.91,26.7,534.6,Local
2013-02-13,Home,School,Bus,16.19,38.9,1700.0,Local
2013-02-14,Home,Cinema,Bicycle,13.86,55.4,0.0,Local
2013-02-14,Cinema,Library,Bus,6.86,16.5,720.3,Local
2013-02-14,Library,School,Bus,7.68,18.4,806.4,Local
2013-02-16,Shopping Centre,Home,Walk,6.17,74.0,0.0,Local
2013-02-16,Library,Shopping Centre,Tram,0.96,2.9,57.6,Local
2013-02-16,Home,Library,Bus,13.45,32.3,1412.2,Local
2013-02-17,Home,Library,Bus,17.09,41.0,1794.5,Local
2013-02-17,Library,Shopping Centre,Walk,1.64,19.7,0.0,Local
2013-02-18,Home,Cinema,Walk,5.69,68.3,0.0,Local
2013-02-18,Cinema,School,Bus,6.26,15.0,657.3,Local
2013-02-19,Home,Friend's Place,Bus,8.66,20.8,909.3,Local
2013-02-20,Home,Library,Tram,10.33,31.0,619.8,Local
2013-02-21,Home,Cinema,Bus,8.9,21.4,934.5,Local
2013-02-21,Cinema,Library,Bus,3.48,8.4,365.4,Local
2013-02-22,Home,Park,Bus,14.64,35.1,1537.2,Local
2013-02-24,Home,Friend's Place,Walk,12.56,150.7,0.0,Local
2013-02-25,Home,Park,Train,10.47,14.0,429.3,Local
2013-02-26,Home,Friend's Place,Bicycle,5.96,23.8,0.0,Local
2013-02-27,Home,Cinema,Bicycle,5.09,20.4,0.0,Local
2013-03-01,Home,School,Bus,10.52,25.2,1104.6,Local
2013-03-04,Home,Cinema,Train,15.39,20.5,631.0,Local
2013-03-05,Friend's Place,Park,Walk,4.55,54.6,0.0,Local
2013-03-05,Home,Friend's Place,Walk,13.25,159.0,0.0,Local
2013-03-06,Home,Friend's Place,Train,9.81,13.1,402.2,Local
2013-03-07,Home,School,Bus,12.24,29.4,1285.2,Local
2013-03-07,School,Library,Walk,2.13,25.6,0.0,Local
2013-03-07,Library,Friend's Place,Train,0.94,1.3,38.5,Local
2013-03-09,Home,Park,Car,10.75,16.1,2064.0,Local
2013-03-10,Home,School,Bus,11.28,27.1,1184.4,Local
2013-03-11,School,Cinema,Train,3.88,5.2,159.1,Local
2013-03-11,Home,School,Bus,18.73,45.0,1966.7,Local
2013-03-12,Home,Shopping Centre,Train,15.58,20.8,638.8,Local
2013-03-13,Home,Library,Car,12.97,19.5,2490.2,Local
2013-03-14,Home,Cinema,Car,7.96,11.9,1528.3,Local
2013-03-15,Home,School,Bus,15.63,37.5,1641.2,Local
2013-03-16,Home,Park,Tram,12.63,37.9,757.8,Local
2013-03-17,Home,Cinema,Car,14.99,22.5,2878.1,Local
2013-03-18,Home,Library,Train,10.24,13.7,419.8,Local
2013-03-19,Home,Friend's Place,Train,5.23,7.0,214.4,Local
2013-03-21,Friend's Place,School,Bus,4.62,11.1,485.1,Local
2013-03-21,Shopping Centre,Friend's Place,Car,0.71,1.1,136.3,Local
2013-03-21,Home,Shopping Centre,Tram,10.27,30.8,616.2,Local
2013-03-22,Home,Friend's Place,Bus,9.19,22.1,964.9,Local
2013-03-23,Home,Friend's Place,Car,8.29,12.4,1591.7,Local
2013-03-24,Home,Cinema,Bus,15.7,37.7,1648.5,Local
2013-03-25,Home,Cinema,Train,18.2,24.3,746.2,Local
2013-03-25,Cinema,School,Bus,4.11,9.9,431.6,Local
2013-03-26,School,Park,Car,2.16,3.2,414.7,Local
2013-03-26,Park,School,Bus,7.86,18.9,825.3,Local
2013-03-26,Home,School,Bus,10.61,25.5,1114.0,Local
2013-03-27,Home,Friend's Place,Car,11.76,17.6,2257.9,Local
2013-03-28,Home,Shopping Centre,Tram,15.25,45.8,915.0,Local
2013-03-29,Home,Library,Car,12.78,19.2,2453.8,Local
2013-03-29,Library,Cinema,Bicycle,5.08,20.3,0.0,Local
2013-03-29,Cinema,Library,Tram,7.02,21.1,421.2,Local
2013-04-01,Home,Park,Tram,16.75,50.2,1005.0,Local
2013-04-02,Cinema,School,Bus,6.4,15.4,672.0,Local
2013-04-02,Home,Cinema,Train,6.55,8.7,268.6,Local
2013-04-03,Friend's Place,Cinema,Tram,4.45,13.3,267.0,Local
2013-04-03,Home,Friend's Place,Bicycle,9.68,38.7,0.0,Local
2013-04-04,Home,Park,Car,15.8,23.7,3033.6,Local
2013-04-06,Home,Park,Walk,17.68,212.2,0.0,Local
2013-04-07,Home,Shopping Centre,Tram,5.9,17.7,354.0,Local
2013-04-08,Home,Shopping Centre,Bus,15.42,37.0,1619.1,Local
2013-04-10,Home,Cinema,Tram,19.06,57.2,1143.6,Local
2013-04-11,Home,School,Bus,10.4,25.0,1092.0,Local
2013-04-11,School,Library,Walk,6.62,79.4,0.0,Local
2013-04-13,Home,Park,Walk,5.07,60.8,0.0,Local
2013-04-13,Park,Home,Walk,8.28,99.4,0.0,Local
2013-04-13,Home,Park,Bicycle,10.1,40.4,0.0,Local
2013-04-14,Home,Park,Train,19.37,25.8,794.2,Local
2013-04-15,Home,Library,Bus,10.44,25.1,1096.2,Local
2013-04-16,Home,Friend's Place,Tram,10.47,31.4,628.2,Local
2013-04-16,Friend's Place,Library,Walk,4.13,49.6,0.0,Local
2013-04-17,Home,Library,Walk,13.77,165.2,0.0,Local
2013-04-18,Home,Cinema,Bicycle,11.79,47.2,0.0,Local
2013-04-19,Friend's Place,School,Bus,5.89,14.1,618.4,Local
2013-04-19,Home,Friend's Place,Train,6.67,8.9,273.5,Local
2013-04-20,Home,Friend's Place,Bicycle,7.21,28.8,0.0,Local
2013-04-21,Home,Park,Car,19.49,29.2,3742.1,Local
2013-04-22,Home,Library,Train,14.63,19.5,599.8,Local
2013-04-22,Library,Home,Tram,6.09,18.3,365.4,Local
2013-04-23,Home,Shopping Centre,Bus,5.77,13.8,605.8,Local
2013-04-24,Home,Library,Bicycle,7.01,28.0,0.0,Local
2013-04-25,Home,Cinema,Car,17.15,25.7,3292.8,Local
2013-04-25,Cinema,Friend's Place,Bus,2.96,7.1,310.8,Local
2013-04-26,Friend's Place,Park,Walk,4.05,48.6,0.0,Local
2013-04-26,Home,Friend's Place,Car,19.84,29.8,3809.3,Local
2013-04-28,Home,Library,Tram,15.11,45.3,906.6,Local
2013-04-28,Library,Cinema,Tram,2.13,6.4,127.8,Local
2013-04-28,Cinema,School,Bus,4.53,10.9,475.7,Local
2013-04-29,Home,Friend's Place,Bus,14.23,34.2,1494.2,Local
2013-04-30,Home,Friend's Place,Bicycle,6.29,25.2,0.0,Local
2013-05-01,Home,Friend's Place,Bus,5.93,14.2,622.6,Local
2013-05-02,Home,Cinema,Walk,13.87,166.4,0.0,Local
2013-05-03,Home,Friend's Place,Tram,12.21,36.6,732.6,Local
2013-05-05,Home,Park,Car,13.37,20.1,2567.0,Local
2013-05-06,Home,Park,Bus,7.93,19.0,832.6,Local
2013-05-06,Park,Library,Car,7.57,11.4,1453.4,Local
2013-05-06,Library,Friend's Place,Bicycle,1.12,4.5,0.0,Local
2013-05-07,Home,Shopping Centre,Car,13.57,20.4,2605.4,Local
2013-05-08,Home,Friend's Place,Bus,11.55,27.7,1212.8,Local
2013-05-08,Friend's Place,Home,Walk,14.42,173.0,0.0,Local
2013-05-09,Cinema,Friend's Place,Train,7.78,10.4,319.0,Local
2013-05-09,Home,Cinema,Train,15.04,20.1,616.6,Local
2013-05-10,Home,Park,Bicycle,7.04,28.2,0.0,Local
2013-05-10,Park,Library,Bus,0.59,1.4,61.9,Local
2013-05-10,Library,School,Bus,3.04,7.3,319.2,Local
2013-05-11,Home,Shopping Centre,Car,18.2,27.3,3494.4,Local
2013-05-12,Home,Shopping Centre,Car,15.36,23.0,2949.1,Local
2013-05-14,Park,School,Bus,3.37,8.1,353.9,Local
2013-05-14,Home,Park,Train,15.32,20.4,628.1,Local
2013-05-17,Home,Cinema,Train,11.13,14.8,456.3,Local
2013-05-18,Home,Friend's Place,Tram,13.97,41.9,838.2,Local
2013-05-19,Home,Shopping Centre,Train,12.75,17.0,522.8,Local
2013-05-20,Home,Friend's Place,Walk,14.14,169.7,0.0,Local
2013-05-21,Home,Friend's Place,Car,17.92,26.9,3440.6,Local
2013-05-22,Home,Library,Bicycle,6.18,24.7,0.0,Local
2013-05-22,Library,Cinema,Tram,6.28,18.8,376.8,Local
2013-05-23,Home,Shopping Centre,Bus,19.79,47.5,2077.9,Local
2013-05-23,Shopping Centre,School,Bus,0.71,1.7,74.5,Local
2013-05-24,Home,Friend's Place,Car,12.02,18.0,2307.8,Local
2013-05-25,Home,Shopping Centre,Train,19.99,26.7,819.6,Local
2013-05-26,Home,Park,Walk,8.79,105.5,0.0,Local
2013-05-26,Park,Cinema,Tram,2.93,8.8,175.8,Local
2013-05-26,Cinema,Friend's Place,Bus,5.09,12.2,534.4,Local
2013-05-27,Home,Park,Bus,10.87,26.1,1141.3,Local
2013-05-29,Home,Park,Car,6.68,10.0,1282.6,Local
2013-05-29,Park,Friend's Place,Walk,1.01,12.1,0.0,Local
2013-05-30,Home,Park,Walk,13.89,166.7,0.0,Local
2013-05-30,Park,Friend's Place,Train,2.22,3.0,91.0,Local
2013-05-31,Home,Library,Bicycle,6.51,26.0,0.0,Local
2013-06-01,Home,Cinema,Walk,16.77,201.2,0.0,Local
2013-06-02,Home,Park,Car,14.48,21.7,2780.2,Local
2013-06-03,Home,Park,Tram,11.41,34.2,684.6,Local
2013-06-03,Park,Home,Tram,9.47,28.4,568.2,Local
2013-06-04,Home,Friend's Place,Bus,8.55,20.5,897.8,Local
2013-06-05,Home,Park,Car,11.95,17.9,2294.4,Local
2013-06-07,Home,Library,Bus,7.98,19.2,837.9,Local
2013-06-08,Friend's Place,Park,Bicycle,6.24,25.0,0.0,Local
2013-06-08,Home,Friend's Place,Bicycle,6.28,25.1,0.0,Local
2013-06-09,Home,Cinema,Walk,14.73,176.8,0.0,Local
2013-06-10,Home,Park,Tram,15.03,45.1,901.8,Local
2013-06-11,Home,Friend's Place,Bicycle,12.17,48.7,0.0,Local
2013-06-11,Friend's Place,School,Bus,2.5,6.0,262.5,Local
2013-06-12,Home,Library,Tram,16.97,50.9,1018.2,Local
2013-06-13,Home,Library,Train,12.4,16.5,508.4,Local
2013-06-14,Home,Library,Bicycle,19.09,76.4,0.0,Local
2013-06-15,Home,Shopping Centre,Tram,14.49,43.5,869.4,Local
2013-06-16,School,Park,Bus,1.52,3.6,159.6,Local
2013-06-16,Home,School,Bus,9.95,23.9,1044.8,Local
2013-06-18,Home,Cinema,Train,9.73,13.0,398.9,Local
2013-06-18,Cinema,Library,Car,0.57,0.9,109.4,Local
2013-06-19,Home,Friend's Place,Walk,12.6,151.2,0.0,Local
2013-06-19,Friend's Place,Library,Walk,6.75,81.0,0.0,Local
2013-06-20,Home,Library,Bus,16.42,39.4,1724.1,Local
2013-06-23,Home,Park,Train,8.46,11.3,346.9,Local
2013-06-24,Home,Cinema,Walk,13.34,160.1,0.0,Local
2013-06-25,Home,Cinema,Tram,5.24,15.7,314.4,Local
2013-06-27,Home,Cinema,Tram,19.95,59.8,1197.0,Local
2013-06-28,Home,Library,Tram,11.81,35.4,708.6,Local
2013-06-29,Home,Library,Car,17.02,25.5,3267.8,Local
2013-06-29,Library,School,Bus,2.49,6.0,261.5,Local
2013-06-30,Home,Cinema,Walk,9.81,117.7,0.0,Local
2013-07-01,Home,Library,Bus,11.48,27.6,1205.4,Local
2013-07-01,Library,School,Bus,6.47,15.5,679.4,Local
2013-07-02,Library,School,Bus,3.42,8.2,359.1,Local
2013-07-02,Home,Library,Bicycle,18.89,75.6,0.0,Local
2013-07-03,Home,Friend's Place,Tram,8.36,25.1,501.6,Local
2013-07-03,Friend's Place,Home,Car,16.74,25.1,3214.1,Local
2013-07-04,Home,Shopping Centre,Car,7.08,10.6,1359.4,Local
2013-07-07,Home,Library,Walk,9.84,118.1,0.0,Local
2013-07-08,Home,School,Bus,5.8,13.9,609.0,Local
2013-07-09,Home,Park,Bicycle,9.38,37.5,0.0,Local
2013-07-10,Park,Friend's Place,Tram,5.7,17.1,342.0,Local
2013-07-10,Home,Park,Train,14.35,19.1,588.4,Local
2013-07-11,Home,Cinema,Walk,17.89,214.7,0.0,Local
2013-07-12,Home,Shopping Centre,Bicycle,9.05,36.2,0.0,Local
2013-07-13,Home,Shopping Centre,Bus,5.49,13.2,576.5,Local
2013-07-14,Home,School,Bus,19.83,47.6,2082.1,Local
2013-07-15,Home,Cinema,Bus,5.41,13.0,568.1,Local
2013-07-16,Home,Shopping Centre,Bicycle,8.7,34.8,0.0,Local
2013-07-17,Home,Friend's Place,Walk,12.26,147.1,0.0,Local
2013-07-19,Library,School,Bus,5.93,14.2,622.6,Local
2013-07-19,School,Home,Tram,13.62,40.9,817.2,Local
2013-07-19,Home,Library,Walk,6.78,81.4,0.0,Local
2013-07-20,Home,Friend's Place,Train,5.98,8.0,245.2,Local
2013-07-20,Friend's Place,Shopping Centre,Car,3.83,5.7,735.4,Local
2013-07-21,Home,Cinema,Train,5.36,7.1,219.8,Local
2013-07-23,Home,Park,Tram,5.34,16.0,320.4,Local
2013-07-23,Park,School,Bus,5.11,12.3,536.6,Local
2013-07-24,Home,Cinema,Tram,7.57,22.7,454.2,Local
2013-07-25,Home,School,Bus,9.06,21.7,951.3,Local
2013-07-26,Library,School,Bus,0.73,1.8,76.6,Local
2013-07-26,Home,Library,Train,8.02,10.7,328.8,Local
2013-07-27,Home,Library,Car,17.85,26.8,3427.2,Local
2013-07-29,Home,Park,Bicycle,8.4,33.6,0.0,Local
2013-07-29,Park,Library,Train,2.53,3.4,103.7,Local
2013-07-29,Library,School,Bus,0.56,1.3,58.8,Local
2013-07-30,Home,School,Bus,7.24,17.4,760.2,Local
2013-07-30,School,Park,Bus,4.97,11.9,521.9,Local
2013-07-30,Park,Home,Walk,13.03,156.4,0.0,Local
2013-07-31,Home,Friend's Place,Tram,18.26,54.8,1095.6,Local
2013-08-01,Home,School,Bus,19.83,47.6,2082.1,Local
2013-08-02,Home,Friend's Place,Walk,18.21,218.5,0.0,Local
2013-08-02,Friend's Place,Park,Car,6.68,10.0,1282.6,Local
2013-08-03,Home,Library,Bus,7.89,18.9,828.4,Local
2013-08-04,Home,Friend's Place,Walk,6.71,80.5,0.0,Local
2013-08-06,Home,School,Bus,6.93,16.6,727.6,Local
2013-08-06,School,Friend's Place,Train,4.89,6.5,200.5,Local
2013-08-07,Home,Friend's Place,Bus,16.14,38.7,1694.7,Local
2013-08-08,Home,Shopping Centre,Walk,8.29,99.5,0.0,Local
2013-08-10,Home,Friend's Place,Bus,8.47,20.3,889.4,Local
2013-08-11,Home,Park,Tram,15.87,47.6,952.2,Local
2013-08-12,Home,Friend's Place,Walk,6.4,76.8,0.0,Local
2013-08-12,Friend's Place,Cinema,Tram,7.24,21.7,434.4,Local
2013-08-13,Home,School,Bus,8.67,20.8,910.4,Local
2013-08-13,School,Library,Bicycle,4.06,16.2,0.0,Local
2013-08-14,Home,Park,Bicycle,15.55,62.2,0.0,Local
2013-08-15,Home,Park,Bicycle,14.26,57.0,0.0,Local
2013-08-16,Home,Park,Car,6.63,9.9,1273.0,Local
2013-08-18,Home,Park,Bus,5.01,12.0,526.0,Local
2013-08-19,Home,Shopping Centre,Train,18.63,24.8,763.8,Local
2013-08-19,Shopping Centre,Cinema,Car,2.92,4.4,560.6,Local
2013-08-20,Home,Friend's Place,Walk,16.36,196.3,0.0,Local
2013-08-20,Friend's Place,Cinema,Car,7.03,10.5,1349.8,Local
2013-08-21,Home,Park,Train,13.71,18.3,562.1,Local
2013-08-22,Home,Shopping Centre,Walk,13.78,165.4,0.0,Local
2013-08-22,Shopping Centre,Library,Train,3.2,4.3,131.2,Local
2013-08-22,Library,Home,Train,7.28,9.7,298.5,Local
2013-08-23,Home,Library,Walk,8.08,97.0,0.0,Local
2013-08-23,Library,School,Bus,7.79,18.7,818.0,Local
2013-08-24,Home,Shopping Centre,Bus,7.25,17.4,761.2,Local
2013-08-26,Home,School,Bus,8.53,20.5,895.6,Local
2013-08-27,Home,Cinema,Walk,11.51,138.1,0.0,Local
2013-08-28,Home,Friend's Place,Train,8.77,11.7,359.6,Local
2013-08-29,Home,Library,Bus,8.58,20.6,900.9,Local
2013-08-30,Library,Home,Bicycle,11.78,47.1,0.0,Local
2013-08-30,Home,Cinema,Car,18.53,27.8,3557.8,Local
2013-08-30,Home,Library,Train,16.58,22.1,679.8,Local
2013-08-31,Home,Friend's Place,Car,7.18,10.8,1378.6,Local
2013-08-31,Friend's Place,School,Bus,1.51,3.6,158.6,Local
2013-09-02,Home,Library,Bicycle,16.46,65.8,0.0,Local
2013-09-07,Home,Cinema,Train,8.7,11.6,356.7,Local
2013-09-08,Home,School,Bus,17.86,42.9,1875.3,Local
2013-09-10,Home,Cinema,Bicycle,5.0,20.0,0.0,Local
2013-09-11,Home,Park,Tram,15.81,47.4,948.6,Local
2013-09-12,Home,Cinema,Car,8.23,12.3,1580.2,Local
2013-09-13,Home,School,Bus,16.66,40.0,1749.3,Local
2013-09-15,Home,Park,Walk,12.27,147.2,0.0,Local
2013-09-18,Home,Park,Walk,13.67,164.0,0.0,Local
2013-09-18,Park,Cinema,Car,3.53,5.3,677.8,Local
2013-09-19,Home,School,Bus,9.93,23.8,1042.6,Local
2013-09-20,Home,Cinema,Car,12.84,19.3,2465.3,Local
2013-09-22,Home,Cinema,Train,15.77,21.0,646.6,Local
2013-09-23,Home,Friend's Place,Bus,11.29,27.1,1185.4,Local
2013-09-24,Home,School,Bus,17.3,41.5,1816.5,Local
2013-09-25,Home,Park,Tram,6.58,19.7,394.8,Local
2013-09-27,Home,Cinema,Walk,5.63,67.6,0.0,Local
2013-09-27,Cinema,Shopping Centre,Bus,2.26,5.4,237.3,Local
2013-09-27,Shopping Centre,Cinema,Tram,3.52,10.6,211.2,Local
2013-09-29,Home,Park,Tram,9.87,29.6,592.2,Local
2013-09-30,Home,School,Bus,17.65,42.4,1853.2,Local
2013-09-30,School,Shopping Centre,Bus,6.45,15.5,677.2,Local
2013-10-01,Home,Shopping Centre,Train,18.09,24.1,741.7,Local
2013-10-03,Home,Park,Bus,6.78,16.3,711.9,Local
2013-10-04,Home,Library,Train,5.54,7.4,227.1,Local
2013-10-05,Home,Park,Car,13.34,20.0,2561.3,Local
2013-10-06,Home,School,Bus,17.42,41.8,1829.1,Local
2013-10-06,School,Shopping Centre,Car,7.7,11.6,1478.4,Local
2013-10-08,Home,School,Bus,17.54,42.1,1841.7,Local
2013-10-09,Home,Cinema,Bus,19.84,47.6,2083.2,Local
2013-10-10,Home,Cinema,Walk,13.53,162.4,0.0,Local
2013-10-11,Home,Friend's Place,Walk,14.92,179.0,0.0,Local
2013-10-11,Friend's Place,Park,Car,3.2,4.8,614.4,Local
2013-10-12,Home,Friend's Place,Tram,7.13,21.4,427.8,Local
2013-10-13,Home,Cinema,Tram,9.29,27.9,557.4,Local
2013-10-14,Home,Friend's Place,Train,14.58,19.4,597.8,Local
2013-10-14,Friend's Place,Shopping Centre,Bus,1.16,2.8,121.8,Local
2013-10-15,Home,Shopping Centre,Bicycle,7.15,28.6,0.0,Local
2013-10-16,Home,Friend's Place,Car,12.54,18.8,2407.7,Local
2013-10-17,Home,School,Bus,16.14,38.7,1694.7,Local
2013-10-18,Home,Cinema,Bus,18.89,45.3,1983.5,Local
2013-10-19,Home,Park,Bicycle,15.96,63.8,0.0,Local
2013-10-20,Home,Shopping Centre,Walk,18.23,218.8,0.0,Local
2013-10-23,Home,Park,Bicycle,6.78,27.1,0.0,Local
2013-10-23,Park,Shopping Centre,Train,6.17,8.2,253.0,Local
2013-10-23,Shopping Centre,Park,Tram,2.46,7.4,147.6,Local
2013-10-24,Home,School,Bus,18.77,45.0,1970.8,Local
2013-10-25,Home,School,Bus,14.47,34.7,1519.4,Local
2013-10-25,School,Home,Car,8.27,12.4,1587.8,Local
2013-10-26,Home,Friend's Place,Train,13.89,18.5,569.5,Local
2013-10-28,Home,Park,Tram,10.58,31.7,634.8,Local
2013-10-29,Home,School,Bus,15.69,37.7,1647.5,Local
2013-10-30,Home,Park,Bicycle,5.81,23.2,0.0,Local
2013-10-31,Home,Cinema,Tram,11.11,33.3,666.6,Local
2013-11-01,Home,Library,Tram,10.78,32.3,646.8,Local
2013-11-02,Home,Library,Train,7.73,10.3,316.9,Local
2013-11-02,Library,Cinema,Train,4.6,6.1,188.6,Local
2013-11-03,Home,Library,Bus,14.44,34.7,1516.2,Local
2013-11-04,Home,Friend's Place,Bus,6.08,14.6,638.4,Local
2013-11-05,Home,School,Bus,15.2,36.5,1596.0,Local
2013-11-07,Home,Library,Train,18.42,24.6,755.2,Local
2013-11-08,Home,Cinema,Train,17.57,23.4,720.4,Local
2013-11-09,Home,Shopping Centre,Train,12.79,17.1,524.4,Local
2013-11-10,Home,Shopping Centre,Tram,18.09,54.3,1085.4,Local
2013-11-11,Home,School,Bus,11.88,28.5,1247.4,Local
2013-11-12,Home,Shopping Centre,Bus,11.11,26.7,1166.5,Local
2013-11-13,Home,Library,Car,10.38,15.6,1993.0,Local
2013-11-14,Home,Shopping Centre,Bus,19.13,45.9,2008.6,Local
2013-11-15,School,Home,Train,14.56,19.4,597.0,Local
2013-11-15,Home,School,Bus,16.31,39.1,1712.5,Local
2013-11-16,Home,Friend's Place,Car,14.89,22.3,2858.9,Local
2013-11-16,Friend's Place,School,Bus,1.34,3.2,140.7,Local
2013-11-16,School,Home,Bus,14.28,34.3,1499.4,Local
2013-11-18,Home,Cinema,Train,6.74,9.0,276.3,Local
2013-11-19,Home,Library,Car,10.7,16.0,2054.4,Local
2013-11-20,Home,Friend's Place,Bus,7.47,17.9,784.4,Local
2013-11-20,Friend's Place,Library,Car,3.63,5.4,697.0,Local
2013-11-20,Library,Park,Bus,4.48,10.8,470.4,Local
2013-11-21,Home,School,Bus,16.04,38.5,1684.2,Local
2013-11-21,School,Cinema,Train,3.22,4.3,132.0,Local
2013-11-21,Cinema,Library,Train,4.2,5.6,172.2,Local
2013-11-22,Home,School,Bus,10.44,25.1,1096.2,Local
2013-11-25,Home,Park,Train,19.51,26.0,799.9,Local
2013-11-25,Park,Home,Walk,11.59,139.1,0.0,Local
2013-11-26,Shopping Centre,Friend's Place,Car,3.77,5.7,723.8,Local
2013-11-26,Friend's Place,Park,Bus,5.45,13.1,572.2,Local
2013-11-26,Home,Shopping Centre,Bus,9.83,23.6,1032.2,Local
2013-11-28,Friend's Place,School,Bus,1.56,3.7,163.8,Local
2013-11-28,Home,Shopping Centre,Car,12.38,18.6,2377.0,Local
2013-11-28,Shopping Centre,Friend's Place,Bicycle,4.57,18.3,0.0,Local
2013-11-29,Home,Library,Bicycle,14.24,57.0,0.0,Local
2013-11-30,Home,Friend's Place,Car,14.8,22.2,2841.6,Local
2013-11-30,Friend's Place,School,Bus,3.56,8.5,373.8,Local
2013-11-30,School,Home,Bicycle,5.04,20.2,0.0,Local
2013-12-03,Home,Friend's Place,Tram,15.24,45.7,914.4,Local
2013-12-04,Home,Friend's Place,Walk,8.38,100.6,0.0,Local
2013-12-05,Home,Friend's Place,Train,5.66,7.5,232.1,Local
2013-12-06,Cinema,Library,Bicycle,0.86,3.4,0.0,Local
2013-12-06,Home,Cinema,Car,9.68,14.5,1858.6,Local
2013-12-07,Home,Friend's Place,Car,12.72,19.1,2442.2,Local
2013-12-07,Friend's Place,Library,Bicycle,3.85,15.4,0.0,Local
2013-12-08,Home,Park,Bicycle,17.63,70.5,0.0,Local
2013-12-09,Home,Friend's Place,Car,12.38,18.6,2377.0,Local
2013-12-09,Friend's Place,Cinema,Bus,6.37,15.3,668.9,Local
2013-12-09,Cinema,Shopping Centre,Bus,3.89,9.3,408.4,Local
2013-12-10,Home,Library,Car,9.88,14.8,1897.0,Local
2013-12-11,Park,Cinema,Walk,7.27,87.2,0.0,Local
2013-12-11,Home,School,Bus,5.09,12.2,534.4,Local
2013-12-11,School,Park,Bus,3.57,8.6,374.8,Local
2013-12-12,Home,Park,Train,11.08,14.8,454.3,Local
2013-12-13,Home,Library,Tram,10.06,30.2,603.6,Local
2013-12-13,Library,Friend's Place,Tram,2.86,8.6,171.6,Local
2013-12-14,Home,School,Bus,13.24,31.8,1390.2,Local
2013-12-15,Home,Shopping Centre,Bus,18.16,43.6,1906.8,Local
2013-12-16,Home,Cinema,Car,13.74,20.6,2638.1,Local
2013-12-16,Cinema,School,Bus,5.74,13.8,602.7,Local
2013-12-17,Home,Friend's Place,Walk,14.55,174.6,0.0,Local
2013-12-17,Friend's Place,Park,Bus,2.85,6.8,299.2,Local
2013-12-18,Home,Shopping Centre,Bus,10.18,24.4,1068.9,Local
2013-12-19,Home,School,Bus,7.34,17.6,770.7,Local
2013-12-19,School,Home,Bicycle,11.41,45.6,0.0,Local
2013-12-20,Shopping Centre,Cinema,Train,5.19,6.9,212.8,Local
2013-12-20,Home,Shopping Centre,Bus,10.47,25.1,1099.4,Local
2013-12-23,Cinema,Shopping Centre,Bicycle,1.86,7.4,0.0,Local
2013-12-23,Home,School,Bus,18.69,44.9,1962.5,Local
2013-12-23,School,Cinema,Car,3.34,5.0,641.3,Local
2013-12-27,Home,Shopping Centre,Bus,19.91,47.8,2090.6,Local
2013-12-28,Home,Friend's Place,Walk,17.7,212.4,0.0,Local
2013-12-28,Friend's Place,School,Bus,5.75,13.8,603.8,Local
2013-12-28,School,Park,Walk,3.31,39.7,0.0,Local
2013-12-29,Home,Friend's Place,Train,11.77,15.7,482.6,Local
2013-12-30,Home,Library,Bus,7.92,19.0,831.6,Local
2013-12-31,Park,Cinema,Train,1.14,1.5,46.7,Local
2013-12-31,Home,Park,Walk,17.24,206.9,0.0,Local
2014-01-01,Home,Friend's Place,Bus,13.87,33.3,1456.3,Local
2014-01-02,Home,Library,Bus,12.99,31.2,1364.0,Local
2014-01-03,Home,Shopping Centre,Bus,12.53,30.1,1315.6,Local
2014-01-05,Home,Friend's Place,Bicycle,14.11,56.4,0.0,Local
2014-01-05,Friend's Place,Cinema,Car,5.25,7.9,1008.0,Local
2014-01-05,Cinema,Home,Bus,12.72,30.5,1335.6,Local
2014-01-06,Home,Park,Bus,11.17,26.8,1172.8,Local
2014-01-07,Home,Park,Walk,9.49,113.9,0.0,Local
2014-01-08,School,Friend's Place,Bus,4.05,9.7,425.2,Local
2014-01-08,Home,School,Bus,7.1,17.0,745.5,Local
2014-01-09,Home,Cinema,Tram,19.02,57.1,1141.2,Local
2014-01-10,Home,Cinema,Walk,6.06,72.7,0.0,Local
2014-01-11,Home,School,Bus,15.11,36.3,1586.5,Local
2014-01-11,School,Library,Bicycle,7.47,29.9,0.0,Local
2014-01-11,Library,Cinema,Train,5.69,7.6,233.3,Local
2014-01-12,Home,Friend's Place,Walk,6.91,82.9,0.0,Local
2014-01-12,Friend's Place,Home,Car,8.12,12.2,1559.0,Local
2014-01-13,Home,Friend's Place,Tram,5.15,15.5,309.0,Local
2014-01-14,Cinema,Shopping Centre,Bus,7.36,17.7,772.8,Local
2014-01-14,Home,Cinema,Car,9.25,13.9,1776.0,Local
2014-01-15,Home,Cinema,Bus,11.98,28.8,1257.9,Local
2014-01-16,Home,Park,Car,17.57,26.4,3373.4,Local
2014-01-17,Home,Park,Bicycle,15.57,62.3,0.0,Local
2014-01-17,Park,Library,Train,6.73,9.0,275.9,Local
2014-01-18,Home,Cinema,Tram,17.66,53.0,1059.6,Local
2014-01-18,Cinema,Shopping Centre,Walk,6.03,72.4,0.0,Local
2014-01-19,Cinema,Home,Train,13.07,17.4,535.9,Local
2014-01-19,Home,Cinema,Car,18.02,27.0,3459.8,Local
2014-01-20,Home,Library,Tram,8.7,26.1,522.0,Local
2014-01-22,Home,Cinema,Bicycle,13.92,55.7,0.0,Local
2014-01-22,Cinema,Library,Bicycle,3.39,13.6,0.0,Local
2014-01-23,Home,Cinema,Tram,13.22,39.7,793.2,Local
2014-01-23,Cinema,Home,Walk,18.45,221.4,0.0,Local
2014-01-24,Home,Park,Bus,13.94,33.5,1463.7,Local
2014-01-27,Home,Library,Walk,9.81,117.7,0.0,Local
2014-01-28,Home,Library,Train,16.86,22.5,691.3,Local
2014-01-29,Home,Cinema,Bicycle,15.45,61.8,0.0,Local
2014-01-30,Home,Park,Car,5.09,7.6,977.3,Local
2014-01-31,Home,School,Bus,7.35,17.6,771.8,Local
2014-01-31,School,Park,Train,3.87,5.2,158.7,Local
2014-01-31,Park,Cinema,Bicycle,1.96,7.8,0.0,Local
2014-02-01,Home,Park,Bus,9.59,23.0,1006.9,Local
2014-02-05,Home,Shopping Centre,Car,14.31,21.5,2747.5,Local
2014-02-05,Shopping Centre,Cinema,Tram,7.72,23.2,463.2,Local
2014-02-06,Home,Library,Bus,13.04,31.3,1369.2,Local
2014-02-07,Home,Library,Car,10.93,16.4,2098.6,Local
2014-02-08,Home,Park,Walk,16.75,201.0,0.0,Local
2014-02-08,Park,Home,Bicycle,17.55,70.2,0.0,Local
2014-02-09,Home,Library,Bus,19.69,47.3,2067.5,Local
2014-02-10,Home,School,Bus,19.84,47.6,2083.2,Local
2014-02-11,Home,School,Bus,19.61,47.1,2059.0,Local
2014-02-11,School,Shopping Centre,Train,5.56,7.4,228.0,Local
2014-02-11,Shopping Centre,Friend's Place,Bicycle,6.01,24.0,0.0,Local
2014-02-12,Home,Shopping Centre,Tram,5.69,17.1,341.4,Local
2014-02-14,Home,Park,Car,10.64,16.0,2042.9,Local
2014-02-15,Home,Shopping Centre,Bicycle,13.82,55.3,0.0,Local
2014-02-16,Home,Library,Tram,17.47,52.4,1048.2,Local
2014-02-18,Home,Library,Bus,16.42,39.4,1724.1,Local
2014-02-19,Home,Park,Walk,10.91,130.9,0.0,Local
2014-02-19,Park,Library,Walk,3.56,42.7,0.0,Local
2014-02-20,Home,Library,Car,18.74,28.1,3598.1,Local
2014-02-22,Home,School,Bus,13.22,31.7,1388.1,Local
2014-02-22,School,Home,Tram,5.15,15.5,309.0,Local
2014-02-22,Home,School,Bus,5.6,13.4,588.0,Local
2014-02-23,Home,Park,Tram,10.08,30.2,604.8,Local
2014-02-23,Park,Shopping Centre,Bicycle,7.64,30.6,0.0,Local
2014-02-23,Shopping Centre,Library,Walk,4.87,58.4,0.0,Local
2014-02-24,Home,Cinema,Train,14.58,19.4,597.8,Local
2014-02-24,Cinema,Shopping Centre,Walk,6.11,73.3,0.0,Local
2014-02-26,Home,Park,Car,8.59,12.9,1649.3,Local
2014-02-26,Park,Home,Train,14.76,19.7,605.2,Local
2014-02-26,Home,Library,Walk,18.33,220.0,0.0,Local
2014-03-02,Home,School,Bus,13.67,32.8,1435.3,Local
2014-03-02,School,Friend's Place,Bus,3.55,8.5,372.8,Local
2014-03-03,Home,Park,Walk,18.04,216.5,0.0,Local
2014-03-03,Park,Friend's Place,Car,7.16,10.7,1374.7,Local
2014-03-03,Friend's Place,Shopping Centre,Bicycle,1.57,6.3,0.0,Local
2014-03-05,Home,Friend's Place,Car,5.58,8.4,1071.4,Local
2014-03-07,Home,Shopping Centre,Bus,18.53,44.5,1945.7,Local
2014-03-07,Library,Home,Train,10.17,13.6,417.0,Local
2014-03-07,Home,Library,Train,10.96,14.6,449.4,Local
2014-03-08,Home,Library,Walk,14.72,176.6,0.0,Local
2014-03-09,Home,Library,Train,9.61,12.8,394.0,Local
2014-03-11,Home,Park,Car,15.1,22.6,2899.2,Local
2014-03-12,Home,Friend's Place,Bicycle,17.3,69.2,0.0,Local
2014-03-12,Friend's Place,Home,Car,12.23,18.3,2348.2,Local
2014-03-12,Home,Friend's Place,Car,7.39,11.1,1418.9,Local
2014-03-15,Home,Cinema,Bus,7.05,16.9,740.2,Local
2014-03-16,Home,Cinema,Walk,12.06,144.7,0.0,Local
2014-03-17,Home,Cinema,Tram,17.07,51.2,1024.2,Local
2014-03-17,Cinema,Shopping Centre,Tram,3.14,9.4,188.4,Local
2014-03-17,Shopping Centre,Friend's Place,Bus,4.6,11.0,483.0,Local
2014-03-18,Home,School,Bus,7.87,18.9,826.4,Local
2014-03-18,School,Friend's Place,Bicycle,4.68,18.7,0.0,Local
2014-03-19,Home,Friend's Place,Car,18.51,27.8,3553.9,Local
2014-03-20,Home,Library,Bus,11.65,28.0,1223.2,Local
2014-03-22,Park,Library,Tram,1.39,4.2,83.4,Local
2014-03-22,Home,Park,Bicycle,7.79,31.2,0.0,Local
2014-03-23,Home,School,Bus,5.99,14.4,629.0,Local
2014-03-24,Home,Shopping Centre,Tram,12.13,36.4,727.8,Local
2014-03-25,Home,Friend's Place,Walk,5.79,69.5,0.0,Local
2014-03-26,Home,School,Bus,19.59,47.0,2056.9,Local
2014-03-27,Home,Shopping Centre,Car,12.9,19.4,2476.8,Local
2014-03-27,Shopping Centre,Cinema,Walk,0.83,10.0,0.0,Local
2014-03-28,Home,Cinema,Walk,17.41,208.9,0.0,Local
2014-03-29,Home,Friend's Place,Car,16.96,25.4,3256.3,Local
2014-03-30,Home,Shopping Centre,Car,12.63,18.9,2425.0,Local
2014-03-31,Home,Cinema,Car,13.87,20.8,2663.0,Local
2014-03-31,Cinema,School,Bus,7.36,17.7,772.8,Local
2014-04-01,Home,School,Bus,16.33,39.2,1714.6,Local
2014-04-02,Home,Park,Walk,8.43,101.2,0.0,Local
2014-04-02,Park,Shopping Centre,Bicycle,4.84,19.4,0.0,Local
2014-04-03,Home,Shopping Centre,Car,18.44,27.7,3540.5,Local
2014-04-03,Shopping Centre,Home,Bus,7.69,18.5,807.5,Local
2014-04-04,Home,Library,Train,13.62,18.2,558.4,Local
2014-04-05,Home,Cinema,Walk,16.38,196.6,0.0,Local
2014-04-05,Cinema,Home,Walk,15.36,184.3,0.0,Local
2014-04-05,Home,School,Bus,6.72,16.1,705.6,Local
2014-04-06,Home,Shopping Centre,Bus,9.11,21.9,956.5,Local
2014-04-06,Shopping Centre,Park,Tram,1.18,3.5,70.8,Local
2014-04-07,Home,Cinema,Bicycle,9.12,36.5,0.0,Local
2014-04-08,Home,Cinema,Walk,5.25,63.0,0.0,Local
2014-04-09,Home,Friend's Place,Bus,5.77,13.8,605.8,Local
2014-04-11,Home,Library,Tram,12.36,37.1,741.6,Local
2014-04-12,Home,Library,Train,7.43,9.9,304.6,Local
2014-04-13,Home,Cinema,Tram,12.26,36.8,735.6,Local
2014-04-13,Cinema,Home,Walk,15.91,190.9,0.0,Local
2014-04-13,Home,School,Bus,6.25,15.0,656.2,Local
2014-04-14,Home,Park,Walk,5.75,69.0,0.0,Local
2014-04-15,Shopping Centre,Cinema,Walk,0.87,10.4,0.0,Local
2014-04-15,Home,Shopping Centre,Bicycle,14.88,59.5,0.0,Local
2014-04-16,Home,Park,Bicycle,8.52,34.1,0.0,Local
2014-04-17,Home,Park,Train,5.42,7.2,222.2,Local
2014-04-17,Park,Cinema,Bus,1.14,2.7,119.7,Local
2014-04-18,Home,Library,Car,7.92,11.9,1520.6,Local
2014-04-19,Home,Friend's Place,Train,15.2,20.3,623.2,Local
2014-04-20,Home,Library,Tram,11.04,33.1,662.4,Local
2014-04-21,Home,School,Bus,5.45,13.1,572.2,Local
2014-04-21,School,Shopping Centre,Bus,0.85,2.0,89.2,Local
2014-04-22,Home,Shopping Centre,Tram,17.95,53.8,1077.0,Local
2014-04-23,Home,Library,Walk,12.14,145.7,0.0,Local
2014-04-24,Home,Library,Walk,15.37,184.4,0.0,Local
2014-04-24,Library,Cinema,Bicycle,3.08,12.3,0.0,Local
2014-04-25,Home,Library,Tram,10.14,30.4,608.4,Local
2014-04-25,Library,Friend's Place,Car,4.48,6.7,860.2,Local
2014-04-26,Park,Home,Car,11.21,16.8,2152.3,Local
2014-04-26,Home,School,Bus,6.16,14.8,646.8,Local
2014-04-26,School,Park,Tram,6.85,20.5,411.0,Local
2014-04-28,Home,Park,Bus,9.29,22.3,975.4,Local
2014-04-28,Park,School,Bus,3.8,9.1,399.0,Local
2014-04-28,School,Park,Car,2.66,4.0,510.7,Local
2014-04-29,Home,Cinema,Tram,17.59,52.8,1055.4,Local
2014-04-30,Home,Friend's Place,Car,13.25,19.9,2544.0,Local
2014-05-01,Home,Library,Bus,8.11,19.5,851.5,Local
2014-05-02,Home,Library,Walk,8.45,101.4,0.0,Local
2014-05-03,Home,Shopping Centre,Tram,15.71,47.1,942.6,Local
2014-05-04,Home,Cinema,Bus,6.46,15.5,678.3,Local
2014-05-05,Home,Library,Walk,16.24,194.9,0.0,Local
2014-05-06,Home,Cinema,Train,9.04,12.1,370.6,Local
2014-05-06,Cinema,Park,Bus,3.53,8.5,370.6,Local
2014-05-06,Park,Friend's Place,Car,2.07,3.1,397.4,Local
2014-05-07,Home,Friend's Place,Train,14.49,19.3,594.1,Local
2014-05-08,Home,Park,Walk,11.94,143.3,0.0,Local
2014-05-12,Home,Park,Bus,7.97,19.1,836.9,Local
2014-05-13,Home,Park,Car,8.94,13.4,1716.5,Local
2014-05-13,Park,Cinema,Bicycle,1.16,4.6,0.0,Local
2014-05-13,Cinema,Shopping Centre,Car,6.49,9.7,1246.1,Local
2014-05-14,Home,Shopping Centre,Tram,10.56,31.7,633.6,Local
2014-05-14,Shopping Centre,School,Bus,1.83,4.4,192.2,Local
2014-05-14,School,Park,Bicycle,5.23,20.9,0.0,Local
2014-05-15,Home,Shopping Centre,Tram,7.06,21.2,423.6,Local
2014-05-16,School,Home,Bicycle,18.75,75.0,0.0,Local
2014-05-16,Home,Library,Bus,17.45,41.9,1832.2,Local
2014-05-16,Library,School,Bus,3.81,9.1,400.1,Local
2014-05-17,Home,Park,Walk,9.11,109.3,0.0,Local
2014-05-18,Home,School,Bus,17.11,41.1,1796.5,Local
2014-05-19,Home,School,Bus,10.11,24.3,1061.5,Local
2014-05-19,School,Library,Bus,2.76,6.6,289.8,Local
2014-05-20,Home,Park,Train,16.74,22.3,686.3,Local
2014-05-21,Home,Shopping Centre,Train,12.85,17.1,526.9,Local
2014-05-21,Shopping Centre,Home,Train,15.82,21.1,648.6,Local
2014-05-22,Home,Shopping Centre,Car,10.81,16.2,2075.5,Local
2014-05-23,Home,School,Bus,12.64,30.3,1327.2,Local
2014-05-24,Home,Cinema,Bicycle,8.19,32.8,0.0,Local
2014-05-25,Home,Library,Bus,11.74,28.2,1232.7,Local
2014-05-26,Home,Shopping Centre,Train,14.49,19.3,594.1,Local
2014-05-26,Shopping Centre,School,Bus,1.89,4.5,198.4,Local
2014-05-27,Home,Cinema,Bus,17.23,41.4,1809.2,Local
2014-05-29,Friend's Place,Shopping Centre,Tram,2.96,8.9,177.6,Local
2014-05-29,Shopping Centre,Friend's Place,Bus,4.01,9.6,421.0,Local
2014-05-29,Home,Shopping Centre,Car,16.58,24.9,3183.4,Local
2014-05-30,Home,Friend's Place,Walk,18.38,220.6,0.0,Local
2014-06-01,Home,Shopping Centre,Train,19.94,26.6,817.5,Local
2014-06-01,Shopping Centre,Library,Car,4.6,6.9,883.2,Local
2014-06-03,Home,School,Bus,19.9,47.8,2089.5,Local
2014-06-05,Home,Friend's Place,Bicycle,8.4,33.6,0.0,Local
2014-06-05,Friend's Place,School,Bus,1.64,3.9,172.2,Local
2014-06-05,School,Park,Bus,3.92,9.4,411.6,Local
2014-06-07,Home,Park,Train,15.16,20.2,621.6,Local
2014-06-08,Home,Park,Bicycle,19.12,76.5,0.0,Local
2014-06-08,Park,Library,Tram,5.55,16.6,333.0,Local
2014-06-10,Home,Shopping Centre,Car,17.07,25.6,3277.4,Local
2014-06-11,Home,Cinema,Tram,10.24,30.7,614.4,Local
2014-06-11,Cinema,Home,Bus,14.13,33.9,1483.7,Local
2014-06-13,Library,School,Bus,1.23,3.0,129.2,Local
2014-06-13,Home,Library,Train,15.43,20.6,632.6,Local
2014-06-14,Home,Friend's Place,Train,17.27,23.0,708.1,Local
2014-06-15,Shopping Centre,Park,Tram,5.15,15.5,309.0,Local
2014-06-15,Home,Shopping Centre,Bicycle,6.54,26.2,0.0,Local
2014-06-16,Home,Park,Bus,7.71,18.5,809.5,Local
2014-06-16,Park,School,Bus,7.05,16.9,740.2,Local
2014-06-16,School,Library,Tram,0.9,2.7,54.0,Local
2014-06-18,Home,Friend's Place,Walk,15.73,188.8,0.0,Local
2014-06-19,Home,Friend's Place,Bus,19.55,46.9,2052.8,Local
2014-06-19,Friend's Place,School,Bus,6.01,14.4,631.0,Local
2014-06-20,Home,Library,Bus,9.41,22.6,988.1,Local
2014-06-22,Home,Park,Bicycle,12.79,51.2,0.0,Local
2014-06-24,Home,Friend's Place,Tram,11.31,33.9,678.6,Local
2014-06-24,Friend's Place,Shopping Centre,Train,4.68,6.2,191.9,Local
2014-06-25,Home,School,Bus,12.83,30.8,1347.2,Local
2014-06-26,Home,Park,Bicycle,6.44,25.8,0.0,Local
2014-06-27,Home,Friend's Place,Tram,16.79,50.4,1007.4,Local
2014-06-28,Home,Shopping Centre,Walk,15.24,182.9,0.0,Local
2014-06-29,Home,School,Bus,5.35,12.8,561.8,Local
2014-06-29,School,Cinema,Tram,1.22,3.7,73.2,Local
2014-07-03,School,Park,Tram,0.83,2.5,49.8,Local
2014-07-03,Home,School,Bus,17.34,41.6,1820.7,Local
2014-07-05,Home,Shopping Centre,Walk,17.98,215.8,0.0,Local
2014-07-06,Home,Cinema,Car,8.14,12.2,1562.9,Local
2014-07-08,Home,Shopping Centre,Bus,9.85,23.6,1034.2,Local
2014-07-08,Shopping Centre,School,Bus,1.62,3.9,170.1,Local
2014-07-09,Home,Friend's Place,Tram,18.95,56.9,1137.0,Local
2014-07-09,Friend's Place,Library,Bicycle,6.98,27.9,0.0,Local
2014-07-10,Home,Shopping Centre,Bus,8.07,19.4,847.4,Local
2014-07-11,Home,Friend's Place,Tram,14.97,44.9,898.2,Local
2014-07-13,Home,Shopping Centre,Car,6.63,9.9,1273.0,Local
2014-07-13,Shopping Centre,Home,Bus,8.93,21.4,937.6,Local
2014-07-13,Home,Cinema,Bicycle,19.0,76.0,0.0,Local
2014-07-14,Home,Friend's Place,Bus,14.66,35.2,1539.3,Local
2014-07-14,Friend's Place,Home,Train,10.05,13.4,412.1,Local
2014-07-14,Home,Park,Bicycle,9.56,38.2,0.0,Local
2014-07-15,Home,Shopping Centre,Tram,7.73,23.2,463.8,Local
2014-07-15,Shopping Centre,Cinema,Bus,5.71,13.7,599.5,Local
2014-07-16,Home,Friend's Place,Car,16.54,24.8,3175.7,Local
2014-07-17,Home,Friend's Place,Car,16.3,24.5,3129.6,Local
2014-07-17,Friend's Place,Home,Bicycle,18.92,75.7,0.0,Local
2014-07-18,Home,Shopping Centre,Car,12.33,18.5,2367.4,Local
2014-07-18,Shopping Centre,Library,Train,3.62,4.8,148.4,Local
2014-07-19,Home,Park,Tram,19.36,58.1,1161.6,Local
2014-07-21,Home,School,Bus,8.4,20.2,882.0,Local
2014-07-22,Home,Cinema,Bus,8.03,19.3,843.1,Local
2014-07-23,Home,School,Bus,11.66,28.0,1224.3,Local
2014-07-25,Home,Friend's Place,Walk,14.14,169.7,0.0,Local
2014-07-26,Home,Friend's Place,Bicycle,9.62,38.5,0.0,Local
2014-07-27,Home,Cinema,Train,7.82,10.4,320.6,Local
2014-07-27,Cinema,Friend's Place,Walk,3.8,45.6,0.0,Local
2014-07-28,Home,Cinema,Bus,8.58,20.6,900.9,Local
2014-07-29,Home,Friend's Place,Bicycle,6.32,25.3,0.0,Local
2014-07-31,Home,Shopping Centre,Walk,12.66,151.9,0.0,Local
2014-08-01,Home,Cinema,Bus,11.62,27.9,1220.1,Local
2014-08-03,Home,Park,Train,18.82,25.1,771.6,Local
2014-08-04,Home,School,Bus,16.45,39.5,1727.2,Local
2014-08-04,School,Library,Train,6.47,8.6,265.3,Local
2014-08-05,Home,School,Bus,12.14,29.1,1274.7,Local
2014-08-06,Home,School,Bus,11.89,28.5,1248.5,Local
2014-08-06,School,Library,Tram,5.97,17.9,358.2,Local
2014-08-07,Home,School,Bus,9.99,24.0,1049.0,Local
2014-08-07,School,Shopping Centre,Bicycle,0.59,2.4,0.0,Local
2014-08-09,Park,Library,Walk,1.03,12.4,0.0,Local
2014-08-09,Cinema,Park,Bus,7.52,18.0,789.6,Local
2014-08-09,Home,Cinema,Car,18.65,28.0,3580.8,Local
2014-08-10,Home,Cinema,Car,9.1,13.6,1747.2,Local
2014-08-11,Home,School,Bus,19.37,46.5,2033.9,Local
2014-08-11,School,Park,Walk,7.18,86.2,0.0,Local
2014-08-12,Home,Park,Bicycle,19.02,76.1,0.0,Local
2014-08-13,Home,Friend's Place,Tram,14.3,42.9,858.0,Local
2014-08-13,Friend's Place,Shopping Centre,Bus,6.76,16.2,709.8,Local
2014-08-13,Shopping Centre,Friend's Place,Train,5.7,7.6,233.7,Local
2014-08-14,Home,Cinema,Walk,11.62,139.4,0.0,Local
2014-08-14,Cinema,School,Bus,1.66,4.0,174.3,Local
2014-08-15,Home,Friend's Place,Car,15.08,22.6,2895.4,Local
2014-08-16,Home,Shopping Centre,Car,13.02,19.5,2499.8,Local
2014-08-17,Home,Library,Tram,8.49,25.5,509.4,Local
2014-08-17,Library,Park,Bus,0.66,1.6,69.3,Local
2014-08-17,Park,Home,Bicycle,5.42,21.7,0.0,Local
2014-08-18,Home,Friend's Place,Bus,12.08,29.0,1268.4,Local
2014-08-18,Friend's Place,Home,Train,6.96,9.3,285.4,Local
2014-08-19,Home,Shopping Centre,Train,17.17,22.9,704.0,Local
2014-08-19,Shopping Centre,School,Bus,7.26,17.4,762.3,Local
2014-08-20,Shopping Centre,Park,Bus,6.18,14.8,648.9,Local
2014-08-20,Home,Shopping Centre,Train,10.96,14.6,449.4,Local
2014-08-21,Home,School,Bus,7.11,17.1,746.6,Local
2014-08-22,Home,School,Bus,18.32,44.0,1923.6,Local
2014-08-23,Home,Shopping Centre,Bicycle,5.97,23.9,0.0,Local
2014-08-24,Home,Park,Bicycle,8.26,33.0,0.0,Local
2014-08-28,Home,Cinema,Walk,18.08,217.0,0.0,Local
2014-08-28,Cinema,Friend's Place,Walk,1.16,13.9,0.0,Local
2014-08-28,Friend's Place,Park,Train,0.93,1.2,38.1,Local
2014-08-29,Home,Cinema,Bus,19.75,47.4,2073.8,Local
2014-08-30,Home,School,Bus,15.79,37.9,1657.9,Local
2014-08-30,School,Friend's Place,Walk,4.26,51.1,0.0,Local
2014-08-30,Friend's Place,Park,Car,6.97,10.5,1338.2,Local
2014-09-01,Home,School,Bus,10.77,25.8,1130.8,Local
2014-09-02,Home,School,Bus,19.1,45.8,2005.5,Local
2014-09-02,School,Library,Tram,0.79,2.4,47.4,Local
2014-09-03,Home,Library,Car,13.02,19.5,2499.8,Local
2014-09-04,Home,Cinema,Train,16.54,22.1,678.1,Local
2014-09-05,Friend's Place,School,Bus,7.87,18.9,826.4,Local
2014-09-05,Home,School,Bus,19.65,47.2,2063.2,Local
2014-09-05,School,Friend's Place,Tram,4.65,14.0,279.0,Local
2014-09-06,Home,Friend's Place,Bicycle,19.34,77.4,0.0,Local
2014-09-07,Home,Cinema,Bicycle,14.61,58.4,0.0,Local
2014-09-07,Cinema,Home,Tram,15.8,47.4,948.0,Local
2014-09-07,Home,Shopping Centre,Train,10.32,13.8,423.1,Local
2014-09-09,Home,Park,Tram,14.93,44.8,895.8,Local
2014-09-10,Park,School,Bus,1.0,2.4,105.0,Local
2014-09-10,Home,Friend's Place,Train,10.33,13.8,423.5,Local
2014-09-10,Friend's Place,Park,Car,3.92,5.9,752.6,Local
2014-09-11,Home,Friend's Place,Tram,19.37,58.1,1162.2,Local
2014-09-11,Friend's Place,Park,Car,2.92,4.4,560.6,Local
2014-09-12,Home,Cinema,Train,6.1,8.1,250.1,Local
2014-09-12,Cinema,Park,Tram,3.24,9.7,194.4,Local
2014-09-13,Home,Park,Bus,14.44,34.7,1516.2,Local
2014-09-13,Park,Shopping Centre,Train,3.76,5.0,154.2,Local
2014-09-13,Shopping Centre,Library,Bicycle,1.69,6.8,0.0,Local
2014-09-14,Home,School,Bus,17.73,42.6,1861.7,Local
2014-09-15,Home,Cinema,Bus,15.91,38.2,1670.5,Local
2014-09-16,Home,Park,Walk,6.23,74.8,0.0,Local
2014-09-16,Park,Library,Train,5.63,7.5,230.8,Local
2014-09-17,Home,Library,Train,13.12,17.5,537.9,Local
2014-09-18,Home,School,Bus,9.06,21.7,951.3,Local
2014-09-19,Home,Cinema,Walk,8.21,98.5,0.0,Local
2014-09-21,Home,Library,Tram,9.44,28.3,566.4,Local
2014-09-22,Home,Park,Walk,12.88,154.6,0.0,Local
2014-09-23,Home,Friend's Place,Bicycle,13.13,52.5,0.0,Local
2014-09-23,Friend's Place,School,Bus,1.15,2.8,120.7,Local
2014-09-24,Home,Shopping Centre,Tram,14.58,43.7,874.8,Local
2014-09-24,Shopping Centre,Friend's Place,Bicycle,1.91,7.6,0.0,Local
2014-09-24,Friend's Place,School,Bus,5.1,12.2,535.5,Local
2014-09-25,Home,Park,Train,16.34,21.8,669.9,Local
2014-09-26,Home,Park,Bicycle,10.96,43.8,0.0,Local
2014-09-28,Home,Library,Walk,19.83,238.0,0.0,Local
2014-09-29,Home,Shopping Centre,Train,17.76,23.7,728.2,Local
2014-10-02,Home,Shopping Centre,Car,13.4,20.1,2572.8,Local
2014-10-02,Shopping Centre,School,Bus,2.81,6.7,295.1,Local
2014-10-02,School,Cinema,Bus,2.16,5.2,226.8,Local
2014-10-03,Home,Shopping Centre,Tram,8.17,24.5,490.2,Local
2014-10-04,Home,Shopping Centre,Train,17.69,23.6,725.3,Local
2014-10-05,Home,Park,Walk,6.21,74.5,0.0,Local
2014-10-06,Home,Park,Bus,18.49,44.4,1941.4,Local
2014-10-07,Home,Park,Tram,19.12,57.4,1147.2,Local
2014-10-08,Park,Friend's Place,Walk,1.82,21.8,0.0,Local
2014-10-08,Home,Park,Car,9.75,14.6,1872.0,Local
2014-10-09,Home,School,Bus,10.88,26.1,1142.4,Local
2014-10-09,School,Home,Bicycle,16.5,66.0,0.0,Local
2014-10-10,Home,School,Bus,6.44,15.5,676.2,Local
2014-10-11,Home,Cinema,Train,8.66,11.5,355.1,Local
2014-10-11,Cinema,Friend's Place,Car,6.41,9.6,1230.7,Local
2014-10-11,Friend's Place,School,Bus,7.09,17.0,744.4,Local
2014-10-12,Library,School,Bus,3.01,7.2,316.0,Local
2014-10-12,Home,Library,Tram,13.4,40.2,804.0,Local
2014-10-13,Home,Library,Train,12.09,16.1,495.7,Local
2014-10-14,Home,Library,Train,6.92,9.2,283.7,Local
2014-10-15,Home,Park,Car,17.73,26.6,3404.2,Local
2014-10-15,Park,Home,Bus,16.26,39.0,1707.3,Local
2014-10-15,Home,Library,Car,6.68,10.0,1282.6,Local
2014-10-16,Shopping Centre,School,Bus,1.66,4.0,174.3,Local
2014-10-16,Home,Shopping Centre,Train,12.55,16.7,514.6,Local
2014-10-16,School,Cinema,Bus,4.07,9.8,427.4,Local
2014-10-17,Home,Friend's Place,Walk,5.55,66.6,0.0,Local
2014-10-18,Home,Friend's Place,Bus,18.88,45.3,1982.4,Local
2014-10-18,Friend's Place,Cinema,Bus,0.56,1.3,58.8,Local
2014-10-19,Home,Park,Bus,12.87,30.9,1351.3,Local
2014-10-21,Home,Library,Bus,14.5,34.8,1522.5,Local
2014-10-21,Library,Home,Walk,8.06,96.7,0.0,Local
2014-10-22,Home,School,Bus,6.37,15.3,668.9,Local
2014-10-22,School,Cinema,Train,5.55,7.4,227.5,Local
2014-10-24,Home,Friend's Place,Tram,18.91,56.7,1134.6,Local
2014-10-26,Home,Library,Car,5.96,8.9,1144.3,Local
2014-10-27,Home,Library,Tram,6.07,18.2,364.2,Local
2014-10-28,Home,School,Bus,12.06,28.9,1266.3,Local
2014-10-28,School,Home,Train,17.88,23.8,733.1,Local
2014-10-30,Home,School,Bus,6.83,16.4,717.1,Local
2014-10-31,Home,School,Bus,13.68,32.8,1436.4,Local
2014-11-02,Home,Park,Walk,17.91,214.9,0.0,Local
2014-11-02,Park,Shopping Centre,Tram,3.91,11.7,234.6,Local
2014-11-02,Shopping Centre,Park,Tram,2.87,8.6,172.2,Local
2014-11-03,Home,Park,Car,7.13,10.7,1369.0,Local
2014-11-05,Home,Friend's Place,Walk,8.2,98.4,0.0,Local
2014-11-06,Home,Shopping Centre,Bicycle,17.01,68.0,0.0,Local
2014-11-06,Shopping Centre,Home,Tram,11.87,35.6,712.2,Local
2014-11-07,Home,School,Bus,12.52,30.0,1314.6,Local
2014-11-07,School,Cinema,Car,4.0,6.0,768.0,Local
2014-11-07,Cinema,Home,Car,9.93,14.9,1906.6,Local
2014-11-08,Home,Park,Tram,5.27,15.8,316.2,Local
2014-11-09,Home,Friend's Place,Walk,18.51,222.1,0.0,Local
2014-11-09,Friend's Place,Park,Train,4.24,5.7,173.8,Local
2014-11-09,Park,Cinema,Tram,1.04,3.1,62.4,Local
2014-11-10,Home,Library,Car,5.03,7.5,965.8,Local
2014-11-12,Home,School,Bus,15.36,36.9,1612.8,Local
2014-11-12,School,Library,Train,2.05,2.7,84.0,Local
2014-11-13,Home,Friend's Place,Tram,5.07,15.2,304.2,Local
2014-11-14,Home,Park,Tram,14.94,44.8,896.4,Local
2014-11-16,School,Home,Bus,15.02,36.0,1577.1,Local
2014-11-16,Home,School,Bus,6.36,15.3,667.8,Local
2014-11-16,Home,School,Bus,6.2,14.9,651.0,Local
2014-11-17,Home,Library,Train,13.93,18.6,571.1,Local
2014-11-17,Library,Cinema,Bus,6.8,16.3,714.0,Local
2014-11-18,Home,School,Bus,6.11,14.7,641.6,Local
2014-11-18,School,Home,Bus,14.71,35.3,1544.6,Local
2014-11-19,Home,School,Bus,19.71,47.3,2069.6,Local
2014-11-19,School,Cinema,Bus,1.12,2.7,117.6,Local
2014-11-21,Home,Shopping Centre,Bus,6.27,15.0,658.3,Local
2014-11-22,Home,Park,Train,6.78,9.0,278.0,Local
2014-11-25,Home,Cinema,Train,14.34,19.1,587.9,Local
2014-11-26,Home,Cinema,Train,15.0,20.0,615.0,Local
2014-11-26,Cinema,Home,Tram,16.25,48.8,975.0,Local
2014-11-26,Home,School,Bus,11.92,28.6,1251.6,Local
2014-11-27,Home,Library,Bus,13.03,31.3,1368.1,Local
2014-11-28,Home,Park,Tram,7.67,23.0,460.2,Local
2014-11-29,Home,Cinema,Bus,5.39,12.9,565.9,Local
2014-12-01,Home,Cinema,Car,6.47,9.7,1242.2,Local
2014-12-01,Cinema,Park,Train,0.64,0.9,26.2,Local
2014-12-04,Home,Library,Tram,6.69,20.1,401.4,Local
2014-12-05,Home,Library,Tram,13.77,41.3,826.2,Local
2014-12-06,Home,Library,Train,9.38,12.5,384.6,Local
2014-12-07,Home,Library,Car,9.68,14.5,1858.6,Local
2014-12-07,Library,Shopping Centre,Train,1.02,1.4,41.8,Local
2014-12-08,Home,School,Bus,17.33,41.6,1819.6,Local
2014-12-09,Home,Library,Bus,18.17,43.6,1907.9,Local
2014-12-10,Home,Cinema,Walk,5.55,66.6,0.0,Local
2014-12-10,Cinema,School,Bus,1.2,2.9,126.0,Local
2014-12-10,School,Library,Bicycle,2.14,8.6,0.0,Local
2014-12-11,Home,Library,Tram,17.16,51.5,1029.6,Local
2014-12-12,Home,School,Bus,17.58,42.2,1845.9,Local
2014-12-13,Home,Shopping Centre,Bus,9.51,22.8,998.5,Local
2014-12-15,Home,School,Bus,5.86,14.1,615.3,Local
2014-12-16,Home,Cinema,Tram,13.05,39.2,783.0,Local
2014-12-17,Home,Friend's Place,Tram,10.66,32.0,639.6,Local
2014-12-18,Home,Park,Bus,17.07,41.0,1792.4,Local
2014-12-19,Home,Friend's Place,Car,5.53,8.3,1061.8,Local
2014-12-20,Home,Friend's Place,Tram,11.66,35.0,699.6,Local
2014-12-20,Friend's Place,Library,Car,3.35,5.0,643.2,Local
2014-12-21,Home,Cinema,Tram,7.83,23.5,469.8,Local
2014-12-22,Home,Park,Car,15.28,22.9,2933.8,Local
2014-12-22,Park,Friend's Place,Car,2.56,3.8,491.5,Local
2014-12-23,Home,School,Bus,16.74,40.2,1757.7,Local
2014-12-23,School,Park,Car,6.82,10.2,1309.4,Local
2014-12-23,Park,School,Bus,6.68,16.0,701.4,Local
2014-12-24,Home,Shopping Centre,Bus,13.85,33.2,1454.2,Local
2014-12-24,Shopping Centre,Cinema,Bicycle,4.8,19.2,0.0,Local
2014-12-25,Home,School,Bus,11.12,26.7,1167.6,Local
2014-12-25,Cinema,Home,Car,16.65,25.0,3196.8,Local
2014-12-25,Home,Cinema,Bus,14.34,34.4,1505.7,Local
2014-12-26,Home,Friend's Place,Bus,14.65,35.2,1538.2,Local
2014-12-27,Home,Park,Bus,8.07,19.4,847.4,Local
2014-12-28,Home,Cinema,Bus,10.32,24.8,1083.6,Local
2014-12-30,Home,Library,Bicycle,19.76,79.0,0.0,Local
2014-12-30,Library,Friend's Place,Car,1.97,3.0,378.2,Local
2015-01-01,Home,Library,Walk,7.68,92.2,0.0,Local
2015-01-01,Library,Home,Train,18.29,24.4,749.9,Local
2015-01-02,Cinema,Friend's Place,Walk,6.11,73.3,0.0,Local
2015-01-02,Home,Cinema,Bicycle,15.44,61.8,0.0,Local
2015-01-03,Home,Cinema,Bicycle,8.42,33.7,0.0,Local
2015-01-04,Home,Friend's Place,Walk,15.19,182.3,0.0,Local
2015-01-04,Friend's Place,Home,Train,6.36,8.5,260.8,Local
2015-01-06,Home,Park,Bicycle,5.01,20.0,0.0,Local
2015-01-07,Home,School,Bus,11.0,26.4,1155.0,Local
2015-01-07,School,Shopping Centre,Train,6.15,8.2,252.2,Local
2015-01-08,Home,School,Bus,9.18,22.0,963.9,Local
2015-01-09,Home,Cinema,Car,15.93,23.9,3058.6,Local
2015-01-09,Cinema,Shopping Centre,Car,2.99,4.5,574.1,Local
2015-01-09,Shopping Centre,Home,Walk,15.38,184.6,0.0,Local
2015-01-10,Home,Park,Bicycle,15.16,60.6,0.0,Local
2015-01-10,Park,Shopping Centre,Walk,4.57,54.8,0.0,Local
2015-01-11,Home,School,Bus,18.01,43.2,1891.1,Local
2015-01-12,Home,Friend's Place,Tram,11.57,34.7,694.2,Local
2015-01-12,Friend's Place,School,Bus,4.86,11.7,510.3,Local
2015-01-12,School,Shopping Centre,Bus,2.24,5.4,235.2,Local
2015-01-13,Cinema,Shopping Centre,Train,2.27,3.0,93.1,Local
2015-01-13,Home,Cinema,Car,18.75,28.1,3600.0,Local
2015-01-15,Home,Shopping Centre,Walk,15.61,187.3,0.0,Local
2015-01-15,Shopping Centre,School,Bus,5.49,13.2,576.5,Local
2015-01-16,Home,Shopping Centre,Bus,15.5,37.2,1627.5,Local
2015-01-17,Home,Cinema,Bus,11.56,27.7,1213.8,Local
2015-01-18,Home,Friend's Place,Bus,13.89,33.3,1458.5,Local
2015-01-18,Friend's Place,Cinema,Walk,5.79,69.5,0.0,Local
2015-01-20,Home,School,Bus,5.41,13.0,568.1,Local
2015-01-21,Home,School,Bus,11.33,27.2,1189.7,Local
2015-01-21,School,Park,Bus,5.63,13.5,591.1,Local
2015-01-23,Home,School,Bus,19.53,46.9,2050.7,Local
2015-01-23,School,Friend's Place,Car,1.61,2.4,309.1,Local
2015-01-25,Home,School,Bus,19.99,48.0,2098.9,Local
2015-01-25,School,Home,Car,6.3,9.4,1209.6,Local
2015-01-26,Cinema,Shopping Centre,Train,5.58,7.4,228.8,Local
2015-01-26,Shopping Centre,Park,Bicycle,6.17,24.7,0.0,Local
2015-01-26,Home,Cinema,Bicycle,12.95,51.8,0.0,Local
2015-01-27,Shopping Centre,Cinema,Car,3.9,5.9,748.8,Local
2015-01-27,Home,Library,Train,19.26,25.7,789.7,Local
2015-01-27,Library,Shopping Centre,Walk,6.31,75.7,0.0,Local
2015-01-29,Home,Friend's Place,Car,19.2,28.8,3686.4,Local
2015-01-30,Home,Library,Bicycle,12.95,51.8,0.0,Local
2015-01-31,Home,Library,Bicycle,9.24,37.0,0.0,Local
2015-02-01,Home,Shopping Centre,Tram,17.72,53.2,1063.2,Local
2015-02-03,Home,Park,Walk,13.35,160.2,0.0,Local
2015-02-03,Park,Library,Car,3.58,5.4,687.4,Local
2015-02-04,Friend's Place,Park,Tram,4.88,14.6,292.8,Local
2015-02-04,Home,Friend's Place,Bicycle,7.14,28.6,0.0,Local
2015-02-05,Home,Park,Car,6.87,10.3,1319.0,Local
2015-02-06,Home,School,Bus,10.75,25.8,1128.8,Local
2015-02-07,Home,Cinema,Bus,10.89,26.1,1143.5,Local
2015-02-07,Cinema,Friend's Place,Tram,3.28,9.8,196.8,Local
2015-02-08,Home,Park,Walk,12.48,149.8,0.0,Local
2015-02-11,School,Shopping Centre,Bus,4.52,10.8,474.6,Local
2015-02-11,Home,School,Bus,18.01,43.2,1891.1,Local
2015-02-11,Shopping Centre,Friend's Place,Car,3.5,5.2,672.0,Local
2015-02-13,Home,Shopping Centre,Car,11.68,17.5,2242.6,Local
2015-02-14,Home,Library,Bicycle,18.08,72.3,0.0,Local
2015-02-15,Home,Library,Walk,16.21,194.5,0.0,Local
2015-02-16,Home,Friend's Place,Bicycle,14.45,57.8,0.0,Local
2015-02-17,Home,Park,Walk,18.4,220.8,0.0,Local
2015-02-17,Park,Shopping Centre,Bicycle,0.54,2.2,0.0,Local
2015-02-19,Home,Shopping Centre,Car,8.64,13.0,1658.9,Local
2015-02-20,Home,Park,Walk,7.58,91.0,0.0,Local
2015-02-21,Home,Shopping Centre,Bicycle,8.38,33.5,0.0,Local
2015-02-22,Park,Cinema,Car,2.46,3.7,472.3,Local
2015-02-22,Home,Park,Bicycle,6.69,26.8,0.0,Local
2015-02-23,Home,Cinema,Car,14.34,21.5,2753.3,Local
2015-02-24,Home,Friend's Place,Car,10.93,16.4,2098.6,Local
2015-02-25,Home,Cinema,Tram,14.68,44.0,880.8,Local
2015-02-26,Home,Library,Bus,11.65,28.0,1223.2,Local
2015-02-26,Library,Friend's Place,Bus,6.51,15.6,683.5,Local
2015-02-28,Home,Park,Tram,6.66,20.0,399.6,Local
2015-03-01,Friend's Place,Park,Train,4.35,5.8,178.3,Local
2015-03-01,Home,Friend's Place,Train,7.89,10.5,323.5,Local
2015-03-03,Home,School,Bus,9.02,21.6,947.1,Local
2015-03-04,Home,Park,Walk,12.7,152.4,0.0,Local
2015-03-05,Home,Library,Walk,18.33,220.0,0.0,Local
2015-03-05,Library,Friend's Place,Car,4.15,6.2,796.8,Local
2015-03-05,Friend's Place,Shopping Centre,Walk,2.0,24.0,0.0,Local
2015-03-06,Home,Library,Train,18.6,24.8,762.6,Local
2015-03-07,Home,Friend's Place,Bicycle,9.19,36.8,0.0,Local
2015-03-07,Friend's Place,Park,Train,7.39,9.9,303.0,Local
2015-03-08,Home,Library,Walk,16.52,198.2,0.0,Local
2015-03-10,Home,School,Bus,10.55,25.3,1107.8,Local
2015-03-11,Home,School,Bus,7.42,17.8,779.1,Local
2015-03-11,School,Shopping Centre,Bicycle,3.01,12.0,0.0,Local
2015-03-12,Home,Park,Car,11.04,16.6,2119.7,Local
2015-03-13,Home,Park,Bus,12.65,30.4,1328.2,Local
2015-03-13,Park,Home,Bus,17.4,41.8,1827.0,Local
2015-03-14,Library,Park,Train,6.91,9.2,283.3,Local
2015-03-14,Home,Library,Bus,6.31,15.1,662.5,Local
2015-03-15,Home,Friend's Place,Bus,5.92,14.2,621.6,Local
2015-03-16,Home,School,Bus,9.12,21.9,957.6,Local
2015-03-16,School,Library,Walk,5.2,62.4,0.0,Local
2015-03-17,Home,School,Bus,9.76,23.4,1024.8,Local
2015-03-18,Home,School,Bus,6.11,14.7,641.6,Local
2015-03-18,School,Home,Walk,8.93,107.2,0.0,Local
2015-03-19,Home,School,Bus,11.14,26.7,1169.7,Local
2015-03-20,Home,Shopping Centre,Tram,11.03,33.1,661.8,Local
2015-03-21,Home,Library,Bus,11.28,27.1,1184.4,Local
2015-03-22,Home,Friend's Place,Walk,19.98,239.8,0.0,Local
2015-03-23,Home,Shopping Centre,Bicycle,14.23,56.9,0.0,Local
2015-03-23,Shopping Centre,School,Bus,1.86,4.5,195.3,Local
2015-03-25,Home,Library,Tram,12.26,36.8,735.6,Local
2015-03-25,Library,Shopping Centre,Bicycle,1.42,5.7,0.0,Local
2015-03-25,Shopping Centre,Park,Bicycle,6.97,27.9,0.0,Local
2015-03-27,Home,School,Bus,13.78,33.1,1446.9,Local
2015-03-27,School,Library,Bicycle,4.46,17.8,0.0,Local
2015-03-28,Home,Cinema,Tram,14.75,44.2,885.0,Local
2015-03-29,Home,Park,Bus,15.6,37.4,1638.0,Local
2015-03-29,Park,Cinema,Walk,0.84,10.1,0.0,Local
2015-03-30,Home,Cinema,Train,8.68,11.6,355.9,Local
2015-03-30,Cinema,Library,Bus,6.57,15.8,689.9,Local
2015-03-31,Home,Shopping Centre,Walk,9.8,117.6,0.0,Local
2015-04-01,Home,Cinema,Car,15.58,23.4,2991.4,Local
2015-04-02,Home,School,Bus,17.79,42.7,1867.9,Local
2015-04-02,School,Park,Car,5.9,8.9,1132.8,Local
2015-04-03,Friend's Place,School,Bus,3.25,7.8,341.2,Local
2015-04-03,Home,Cinema,Train,6.95,9.3,284.9,Local
2015-04-03,Cinema,Friend's Place,Tram,1.13,3.4,67.8,Local
2015-04-04,Home,Cinema,Train,12.51,16.7,512.9,Local
2015-04-04,Cinema,Park,Walk,6.0,72.0,0.0,Local
2015-04-05,Friend's Place,Library,Bus,7.82,18.8,821.1,Local
2015-04-05,Home,Park,Bicycle,13.28,53.1,0.0,Local
2015-04-05,Park,Friend's Place,Bicycle,3.31,13.2,0.0,Local
2015-04-06,Home,Park,Walk,16.51,198.1,0.0,Local
2015-04-06,Friend's Place,Home,Bicycle,8.94,35.8,0.0,Local
2015-04-06,Home,Friend's Place,Walk,14.42,173.0,0.0,Local
2015-04-07,Home,Park,Walk,5.59,67.1,0.0,Local
2015-04-08,Home,Cinema,Car,11.3,17.0,2169.6,Local
2015-04-09,Home,Shopping Centre,Bus,13.38,32.1,1404.9,Local
2015-04-10,Home,Library,Train,14.52,19.4,595.3,Local
2015-04-11,Home,Friend's Place,Bicycle,18.5,74.0,0.0,Local
2015-04-12,Home,Park,Train,11.27,15.0,462.1,Local
2015-04-14,Home,Park,Bus,12.81,30.7,1345.0,Local
2015-04-15,Friend's Place,Cinema,Car,5.1,7.7,979.2,Local
2015-04-15,Home,Friend's Place,Train,10.11,13.5,414.5,Local
2015-04-16,Home,Cinema,Car,11.22,16.8,2154.2,Local
2015-04-16,Cinema,Friend's Place,Walk,2.81,33.7,0.0,Local
2015-04-16,Friend's Place,Park,Walk,0.5,6.0,0.0,Local
2015-04-17,Home,Friend's Place,Tram,10.07,30.2,604.2,Local
2015-04-17,Friend's Place,Library,Bus,7.83,18.8,822.1,Local
2015-04-19,Home,Cinema,Train,9.9,13.2,405.9,Local
2015-04-20,Home,School,Bus,14.98,36.0,1572.9,Local
2015-04-21,Home,Cinema,Walk,6.18,74.2,0.0,Local
2015-04-23,Home,Library,Car,9.59,14.4,1841.3,Local
2015-04-23,Library,Home,Tram,14.36,43.1,861.6,Local
2015-04-26,Home,Park,Bicycle,19.86,79.4,0.0,Local
2015-04-26,Park,Friend's Place,Bus,6.16,14.8,646.8,Local
2015-04-27,Home,Park,Train,6.96,9.3,285.4,Local
2015-04-28,Home,Library,Bicycle,18.22,72.9,0.0,Local
2015-04-30,Home,School,Bus,9.42,22.6,989.1,Local
2015-05-01,Home,School,Bus,16.97,40.7,1781.8,Local
2015-05-02,Library,School,Bus,5.25,12.6,551.2,Local
2015-05-02,Home,Cinema,Tram,6.11,18.3,366.6,Local
2015-05-02,Cinema,Library,Train,1.41,1.9,57.8,Local
2015-05-03,Home,Library,Tram,9.97,29.9,598.2,Local
2015-05-05,Home,School,Bus,18.7,44.9,1963.5,Local
2015-05-06,Home,Shopping Centre,Bicycle,6.4,25.6,0.0,Local
2015-05-07,Home,Park,Tram,7.41,22.2,444.6,Local
2015-05-08,Home,Park,Car,6.41,9.6,1230.7,Local
2015-05-08,Park,Home,Bus,10.2,24.5,1071.0,Local
2015-05-10,Home,Library,Walk,9.96,119.5,0.0,Local
2015-05-11,Home,Library,Train,7.09,9.5,290.7,Local
2015-05-12,Home,Friend's Place,Walk,11.66,139.9,0.0,Local
2015-05-13,Home,Friend's Place,Bus,13.35,32.0,1401.8,Local
2015-05-14,Home,Park,Bus,5.97,14.3,626.9,Local
2015-05-17,Home,Friend's Place,Bicycle,18.74,75.0,0.0,Local
2015-05-18,Home,Park,Car,19.32,29.0,3709.4,Local
2015-05-18,Park,Friend's Place,Tram,4.57,13.7,274.2,Local
2015-05-19,Home,Park,Walk,15.35,184.2,0.0,Local
2015-05-20,Home,Park,Train,5.96,7.9,244.4,Local
2015-05-21,Home,Shopping Centre,Bicycle,19.75,79.0,0.0,Local
2015-05-22,Home,School,Bus,6.73,16.2,706.7,Local
2015-05-24,Home,Friend's Place,Train,11.25,15.0,461.2,Local
2015-05-25,Home,School,Bus,6.37,15.3,668.9,Local
2015-05-26,Home,Shopping Centre,Train,11.99,16.0,491.6,Local
2015-05-27,Home,Friend's Place,Bicycle,8.12,32.5,0.0,Local
2015-05-27,Friend's Place,Home,Car,16.2,24.3,3110.4,Local
2015-05-28,Home,Cinema,Tram,18.34,55.0,1100.4,Local
2015-05-30,School,Library,Car,2.15,3.2,412.8,Local
2015-05-30,Home,School,Bus,7.18,17.2,753.9,Local
2015-05-31,Home,Shopping Centre,Bicycle,8.34,33.4,0.0,Local
2015-05-31,Shopping Centre,Park,Bus,7.12,17.1,747.6,Local
2015-06-02,Home,Park,Car,7.98,12.0,1532.2,Local
2015-06-03,Home,Cinema,Tram,9.69,29.1,581.4,Local
2015-06-04,Home,Friend's Place,Bus,14.78,35.5,1551.9,Local
2015-06-04,Friend's Place,Library,Car,1.04,1.6,199.7,Local
2015-06-06,Home,Park,Bicycle,6.63,26.5,0.0,Local
2015-06-09,Home,Cinema,Bicycle,13.0,52.0,0.0,Local
2015-06-09,Cinema,Friend's Place,Train,6.98,9.3,286.2,Local
2015-06-11,Home,Cinema,Tram,19.89,59.7,1193.4,Local
2015-06-11,Cinema,Park,Bicycle,1.87,7.5,0.0,Local
2015-06-12,Home,Shopping Centre,Walk,13.48,161.8,0.0,Local
2015-06-12,Shopping Centre,School,Bus,7.98,19.2,837.9,Local
2015-06-15,Home,Friend's Place,Train,14.12,18.8,578.9,Local
2015-06-16,Home,Park,Bus,14.32,34.4,1503.6,Local
2015-06-17,Park,Shopping Centre,Car,4.64,7.0,890.9,Local
2015-06-17,Shopping Centre,Home,Car,17.92,26.9,3440.6,Local
2015-06-17,Home,Park,Car,11.37,17.1,2183.0,Local
2015-06-18,Home,Park,Walk,10.49,125.9,0.0,Local
2015-06-18,Park,Home,Car,10.98,16.5,2108.2,Local
2015-06-21,Home,School,Bus,13.95,33.5,1464.8,Local
2015-06-21,School,Friend's Place,Train,0.59,0.8,24.2,Local
2015-06-22,Home,Park,Bicycle,13.1,52.4,0.0,Local
2015-06-23,Home,Friend's Place,Train,14.32,19.1,587.1,Local
2015-06-23,Friend's Place,Shopping Centre,Train,2.67,3.6,109.5,Local
2015-06-24,Home,Library,Train,11.62,15.5,476.4,Local
2015-06-24,Library,Shopping Centre,Train,4.01,5.3,164.4,Local
2015-06-25,Home,Friend's Place,Car,15.6,23.4,2995.2,Local
2015-06-25,Friend's Place,Home,Bus,14.49,34.8,1521.5,Local
2015-06-26,Home,Shopping Centre,Tram,19.79,59.4,1187.4,Local
2015-06-27,Home,Shopping Centre,Train,18.48,24.6,757.7,Local
2015-06-28,Home,Friend's Place,Tram,13.17,39.5,790.2,Local
2015-06-29,Home,Library,Tram,17.09,51.3,1025.4,Local
2015-06-30,Home,School,Bus,8.13,19.5,853.7,Local
2015-07-01,Home,Library,Bus,15.23,36.6,1599.2,Local
2015-07-02,Home,Friend's Place,Bicycle,10.02,40.1,0.0,Local
2015-07-03,Home,Library,Walk,12.06,144.7,0.0,Local
2015-07-04,Home,Shopping Centre,Bicycle,12.73,50.9,0.0,Local
2015-07-05,Home,Cinema,Tram,8.04,24.1,482.4,Local
2015-07-07,Home,School,Bus,7.79,18.7,818.0,Local
2015-07-07,School,Shopping Centre,Tram,0.89,2.7,53.4,Local
2015-07-07,Shopping Centre,Library,Bus,0.66,1.6,69.3,Local
2015-07-08,Home,School,Bus,17.09,41.0,1794.5,Local
2015-07-09,Home,Friend's Place,Bicycle,10.88,43.5,0.0,Local
2015-07-10,Home,Friend's Place,Walk,9.81,117.7,0.0,Local
2015-07-13,Home,Library,Bus,10.77,25.8,1130.8,Local
2015-07-13,Library,Cinema,Train,3.6,4.8,147.6,Local
2015-07-13,Cinema,Friend's Place,Bicycle,6.94,27.8,0.0,Local
2015-07-14,Home,Shopping Centre,Bicycle,17.38,69.5,0.0,Local
2015-07-15,Home,Library,Train,18.36,24.5,752.8,Local
2015-07-16,Home,Park,Train,8.18,10.9,335.4,Local
2015-07-18,Home,Park,Bus,15.79,37.9,1657.9,Local
2015-07-19,Shopping Centre,Library,Tram,1.46,4.4,87.6,Local
2015-07-19,Home,Shopping Centre,Bus,9.0,21.6,945.0,Local
2015-07-20,Home,School,Bus,16.44,39.5,1726.2,Local
2015-07-21,Home,School,Bus,16.39,39.3,1721.0,Local
2015-07-21,School,Park,Bicycle,7.8,31.2,0.0,Local
2015-07-22,Home,Cinema,Car,14.87,22.3,2855.0,Local
2015-07-23,Home,Shopping Centre,Walk,16.79,201.5,0.0,Local
2015-07-24,Home,Shopping Centre,Tram,18.09,54.3,1085.4,Local
2015-07-25,Home,Friend's Place,Tram,6.61,19.8,396.6,Local
2015-07-26,Home,School,Bus,5.9,14.2,619.5,Local
2015-07-27,Home,School,Bus,18.66,44.8,1959.3,Local
2015-07-28,Home,Cinema,Bicycle,7.92,31.7,0.0,Local
2015-07-28,Cinema,Shopping Centre,Bus,1.59,3.8,167.0,Local
2015-07-29,Home,Library,Bicycle,17.1,68.4,0.0,Local
2015-08-01,Home,Cinema,Bicycle,9.21,36.8,0.0,Local
2015-08-02,Home,Shopping Centre,Bus,16.21,38.9,1702.1,Local
2015-08-04,Home,Library,Bus,14.54,34.9,1526.7,Local
2015-08-05,Home,Shopping Centre,Tram,17.17,51.5,1030.2,Local
2015-08-05,Shopping Centre,School,Bus,1.34,3.2,140.7,Local
2015-08-06,Shopping Centre,School,Bus,5.9,14.2,619.5,Local
2015-08-06,Home,Shopping Centre,Bicycle,13.36,53.4,0.0,Local
2015-08-08,Cinema,School,Bus,2.1,5.0,220.5,Local
2015-08-08,Home,Cinema,Tram,10.82,32.5,649.2,Local
2015-08-09,Home,Shopping Centre,Car,11.58,17.4,2223.4,Local
2015-08-10,Home,Park,Bus,18.0,43.2,1890.0,Local
2015-08-11,Home,Shopping Centre,Car,13.1,19.7,2515.2,Local
2015-08-11,Shopping Centre,Friend's Place,Car,5.03,7.5,965.8,Local
2015-08-12,Home,Cinema,Walk,15.05,180.6,0.0,Local
2015-08-12,Cinema,Library,Tram,1.1,3.3,66.0,Local
2015-08-12,Library,Home,Bicycle,10.66,42.6,0.0,Local
2015-08-13,Park,Friend's Place,Car,0.61,0.9,117.1,Local
2015-08-13,Friend's Place,Park,Walk,5.85,70.2,0.0,Local
2015-08-13,Home,Friend's Place,Bicycle,6.03,24.1,0.0,Local
2015-08-14,Home,Friend's Place,Walk,17.91,214.9,0.0,Local
2015-08-15,Home,Shopping Centre,Bicycle,15.25,61.0,0.0,Local
2015-08-15,Shopping Centre,Library,Bicycle,5.21,20.8,0.0,Local
2015-08-16,Home,Park,Train,8.96,11.9,367.4,Local
2015-08-16,Park,Shopping Centre,Bus,7.28,17.5,764.4,Local
2015-08-17,Home,Library,Tram,9.06,27.2,543.6,Local
2015-08-18,Home,Shopping Centre,Bus,14.65,35.2,1538.2,Local
2015-08-19,Home,Friend's Place,Bus,6.27,15.0,658.3,Local
2015-08-22,Home,Friend's Place,Bus,13.28,31.9,1394.4,Local
2015-08-22,Friend's Place,Cinema,Car,1.75,2.6,336.0,Local
2015-08-23,Home,School,Bus,19.31,46.3,2027.5,Local
2015-08-24,Home,Shopping Centre,Car,10.74,16.1,2062.1,Local
2015-08-25,Home,Cinema,Bus,8.28,19.9,869.4,Local
2015-08-25,Cinema,Park,Walk,7.27,87.2,0.0,Local
2015-08-27,Home,Friend's Place,Tram,12.33,37.0,739.8,Local
2015-08-28,Friend's Place,Library,Bus,3.43,8.2,360.2,Local
2015-08-28,Home,Friend's Place,Bicycle,18.62,74.5,0.0,Local
2015-08-29,Home,School,Bus,11.5,27.6,1207.5,Local
2015-08-31,Home,School,Bus,10.9,26.2,1144.5,Local
2015-08-31,School,Park,Walk,5.63,67.6,0.0,Local
2015-09-01,Home,Library,Bicycle,10.01,40.0,0.0,Local
2015-09-01,Library,Park,Bus,6.27,15.0,658.3,Local
2015-09-01,Park,School,Bus,6.34,15.2,665.7,Local
2015-09-02,Home,Library,Bus,8.37,20.1,878.8,Local
2015-09-02,Library,Cinema,Train,6.07,8.1,248.9,Local
2015-09-03,Home,Friend's Place,Bicycle,10.38,41.5,0.0,Local
2015-09-04,Home,Park,Car,5.28,7.9,1013.8,Local
2015-09-05,Home,Shopping Centre,Walk,17.65,211.8,0.0,Local
2015-09-05,Shopping Centre,Cinema,Car,1.36,2.0,261.1,Local
2015-09-05,Cinema,Friend's Place,Bicycle,0.78,3.1,0.0,Local
2015-09-06,Home,Shopping Centre,Walk,10.99,131.9,0.0,Local
2015-09-07,Home,Park,Train,17.09,22.8,700.7,Local
2015-09-08,Home,School,Bus,18.92,45.4,1986.6,Local
2015-09-09,Home,Library,Bicycle,5.64,22.6,0.0,Local
2015-09-09,Library,Shopping Centre,Bicycle,5.33,21.3,0.0,Local
2015-09-10,Home,Library,Tram,15.06,45.2,903.6,Local
2015-09-12,Home,Library,Walk,9.27,111.2,0.0,Local
2015-09-12,Library,Cinema,Bus,6.49,15.6,681.5,Local
2015-09-12,Cinema,Friend's Place,Tram,2.46,7.4,147.6,Local
2015-09-13,Home,Friend's Place,Tram,18.22,54.7,1093.2,Local
2015-09-13,Friend's Place,Shopping Centre,Train,5.77,7.7,236.6,Local
2015-09-13,Shopping Centre,Cinema,Bus,2.6,6.2,273.0,Local
2015-09-14,Shopping Centre,Home,Walk,12.43,149.2,0.0,Local
2015-09-14,Home,Shopping Centre,Bus,16.84,40.4,1768.2,Local
2015-09-15,Home,Shopping Centre,Bicycle,11.87,47.5,0.0,Local
2015-09-16,Home,School,Bus,5.95,14.3,624.8,Local
2015-09-17,Home,Shopping Centre,Walk,16.77,201.2,0.0,Local
2015-09-17,Shopping Centre,School,Bus,1.97,4.7,206.8,Local
2015-09-19,Home,School,Bus,13.7,32.9,1438.5,Local
2015-09-20,Home,School,Bus,10.3,24.7,1081.5,Local
2015-09-22,Library,Shopping Centre,Walk,5.05,60.6,0.0,Local
2015-09-22,Cinema,Library,Walk,4.63,55.6,0.0,Local
2015-09-22,Home,Cinema,Walk,8.62,103.4,0.0,Local
2015-09-23,Home,Shopping Centre,Car,7.65,11.5,1468.8,Local
2015-09-24,Home,Friend's Place,Tram,12.8,38.4,768.0,Local
2015-09-24,Friend's Place,Park,Car,7.25,10.9,1392.0,Local
2015-09-25,Home,Library,Walk,6.4,76.8,0.0,Local
2015-09-26,Home,Park,Bicycle,18.95,75.8,0.0,Local
2015-09-27,Home,Park,Tram,10.48,31.4,628.8,Local
2015-09-29,Home,Shopping Centre,Car,7.77,11.7,1491.8,Local
2015-10-01,Home,Library,Bicycle,11.73,46.9,0.0,Local
2015-10-02,Home,Library,Walk,13.5,162.0,0.0,Local
2015-10-02,Friend's Place,Home,Train,9.1,12.1,373.1,Local
2015-10-02,Home,Friend's Place,Train,13.08,17.4,536.3,Local
2015-10-03,Home,School,Bus,18.82,45.2,1976.1,Local
2015-10-03,School,Library,Tram,3.34,10.0,200.4,Local
2015-10-04,Home,Park,Walk,6.05,72.6,0.0,Local
2015-10-06,Home,Friend's Place,Walk,9.16,109.9,0.0,Local
2015-10-08,Home,Friend's Place,Tram,5.12,15.4,307.2,Local
2015-10-10,Home,Library,Bus,13.98,33.6,1467.9,Local
2015-10-10,Library,Cinema,Bicycle,6.89,27.6,0.0,Local
2015-10-10,Cinema,Park,Bicycle,4.93,19.7,0.0,Local
2015-10-11,Home,Cinema,Bus,9.91,23.8,1040.5,Local
2015-10-12,Home,Cinema,Walk,6.95,83.4,0.0,Local
2015-10-12,Cinema,Home,Car,11.79,17.7,2263.7,Local
2015-10-13,Home,Park,Train,19.79,26.4,811.4,Local
2015-10-14,Home,Cinema,Bus,10.09,24.2,1059.5,Local
2015-10-14,Cinema,Friend's Place,Tram,2.55,7.7,153.0,Local
2015-10-15,Home,School,Bus,16.78,40.3,1761.9,Local
2015-10-16,Library,Home,Tram,16.9,50.7,1014.0,Local
2015-10-16,Home,Library,Bicycle,12.37,49.5,0.0,Local
2015-10-17,Home,Cinema,Walk,6.16,73.9,0.0,Local
2015-10-18,Home,Friend's Place,Car,17.53,26.3,3365.8,Local
2015-10-18,Friend's Place,Shopping Centre,Bicycle,4.3,17.2,0.0,Local
2015-10-19,Home,Park,Bicycle,12.97,51.9,0.0,Local
2015-10-19,Park,Shopping Centre,Bus,2.24,5.4,235.2,Local
2015-10-19,Shopping Centre,Library,Car,4.58,6.9,879.4,Local
2015-10-20,Friend's Place,Shopping Centre,Walk,4.17,50.0,0.0,Local
2015-10-20,Home,Friend's Place,Bicycle,16.94,67.8,0.0,Local
2015-10-21,Home,Shopping Centre,Walk,5.24,62.9,0.0,Local
2015-10-22,Home,Friend's Place,Bicycle,17.47,69.9,0.0,Local
2015-10-23,Home,Cinema,Car,15.01,22.5,2881.9,Local
2015-10-25,Home,Park,Walk,16.62,199.4,0.0,Local
2015-10-27,Home,Park,Bus,10.99,26.4,1154.0,Local
2015-10-28,Home,Park,Car,15.44,23.2,2964.5,Local
2015-10-29,Home,Park,Train,10.63,14.2,435.8,Local
2015-10-29,Park,Friend's Place,Tram,6.2,18.6,372.0,Local
2015-10-30,Home,School,Bus,5.84,14.0,613.2,Local
2015-10-31,Cinema,Library,Car,5.16,7.7,990.7,Local
2015-10-31,Home,Cinema,Tram,17.58,52.7,1054.8,Local
2015-11-01,Home,Library,Car,19.91,29.9,3822.7,Local
2015-11-02,Home,Friend's Place,Tram,12.6,37.8,756.0,Local
2015-11-03,Home,Library,Walk,8.82,105.8,0.0,Local
2015-11-03,Library,School,Bus,0.62,1.5,65.1,Local
2015-11-03,School,Cinema,Bicycle,7.14,28.6,0.0,Local
2015-11-04,Home,School,Bus,14.79,35.5,1552.9,Local
2015-11-05,Home,Friend's Place,Train,10.43,13.9,427.6,Local
2015-11-07,Home,Cinema,Bus,13.28,31.9,1394.4,Local
2015-11-08,Home,Cinema,Bicycle,16.37,65.5,0.0,Local
2015-11-09,Home,School,Bus,6.75,16.2,708.8,Local
2015-11-10,Home,Park,Walk,13.68,164.2,0.0,Local
2015-11-11,Home,Library,Car,13.64,20.5,2618.9,Local
2015-11-11,Library,School,Bus,6.41,15.4,673.1,Local
2015-11-11,School,Park,Walk,3.96,47.5,0.0,Local
2015-11-12,Home,Library,Walk,17.09,205.1,0.0,Local
2015-11-13,Park,Library,Train,0.82,1.1,33.6,Local
2015-11-13,Library,Friend's Place,Train,0.5,0.7,20.5,Local
2015-11-13,Home,Park,Walk,11.68,140.2,0.0,Local
2015-11-14,Home,Park,Car,8.08,12.1,1551.4,Local
2015-11-16,Home,Cinema,Car,19.25,28.9,3696.0,Local
2015-11-16,Cinema,Library,Train,7.11,9.5,291.5,Local
2015-11-17,Home,Library,Tram,5.63,16.9,337.8,Local
2015-11-18,Home,Cinema,Car,7.54,11.3,1447.7,Local
2015-11-20,Home,Cinema,Walk,6.22,74.6,0.0,Local
2015-11-20,Cinema,School,Bus,1.94,4.7,203.7,Local
2015-11-21,Home,Cinema,Walk,18.58,223.0,0.0,Local
2015-11-22,Home,Friend's Place,Walk,6.31,75.7,0.0,Local
2015-11-22,Friend's Place,Library,Walk,5.74,68.9,0.0,Local
2015-11-23,Home,Park,Bus,17.79,42.7,1867.9,Local
2015-11-24,Home,School,Bus,12.99,31.2,1364.0,Local
2015-11-26,Home,Cinema,Train,19.98,26.6,819.2,Local
2015-11-27,Home,School,Bus,19.07,45.8,2002.4,Local
2015-12-02,Home,School,Bus,19.55,46.9,2052.8,Local
2015-12-04,Home,Library,Train,16.98,22.6,696.2,Local
2015-12-06,Friend's Place,Home,Walk,8.84,106.1,0.0,Local
2015-12-06,Home,Shopping Centre,Bus,17.95,43.1,1884.8,Local
2015-12-06,Shopping Centre,Friend's Place,Bus,2.99,7.2,314.0,Local
2015-12-07,Home,Cinema,Walk,19.34,232.1,0.0,Local
2015-12-09,Home,Library,Car,15.35,23.0,2947.2,Local
2015-12-10,Home,Shopping Centre,Train,18.47,24.6,757.3,Local
2015-12-10,Shopping Centre,Library,Train,6.83,9.1,280.0,Local
2015-12-10,Library,Park,Bus,4.99,12.0,524.0,Local
2015-12-11,Home,Shopping Centre,Bus,18.19,43.7,1910.0,Local
2015-12-11,Shopping Centre,School,Bus,4.88,11.7,512.4,Local
2015-12-12,Home,Park,Bicycle,18.46,73.8,0.0,Local
2015-12-13,Home,Shopping Centre,Car,17.41,26.1,3342.7,Local
2015-12-13,Shopping Centre,Home,Tram,15.15,45.5,909.0,Local
2015-12-14,Home,Shopping Centre,Bicycle,8.79,35.2,0.0,Local
2015-12-15,Home,School,Bus,11.1,26.6,1165.5,Local
2015-12-15,School,Friend's Place,Bicycle,6.53,26.1,0.0,Local
2015-12-16,Home,School,Bus,15.78,37.9,1656.9,Local
2015-12-17,Home,Library,Train,6.05,8.1,248.0,Local
2015-12-18,Home,Friend's Place,Train,9.9,13.2,405.9,Local
2015-12-19,Home,Friend's Place,Train,9.03,12.0,370.2,Local
2015-12-20,Home,School,Bus,18.28,43.9,1919.4,Local
2015-12-23,Home,Library,Walk,10.58,127.0,0.0,Local
2015-12-24,Home,School,Bus,18.23,43.8,1914.2,Local
2015-12-25,Home,Friend's Place,Bicycle,16.25,65.0,0.0,Local
2015-12-27,Home,Library,Train,18.43,24.6,755.6,Local
2015-12-27,Library,Home,Car,15.82,23.7,3037.4,Local
2015-12-28,Home,School,Bus,6.76,16.2,709.8,Local
2015-12-30,Home,Friend's Place,Walk,15.95,191.4,0.0,Local
2015-12-31,Home,Friend's Place,Train,5.41,7.2,221.8,Local
2016-01-02,Home,Cinema,Bus,11.54,27.7,1211.7,Local
2016-01-03,Home,Library,Walk,16.81,201.7,0.0,Local
2016-01-04,Home,Park,Tram,11.05,33.1,663.0,Local
2016-01-04,Park,Shopping Centre,Train,4.79,6.4,196.4,Local
2016-01-06,Home,Friend's Place,Bus,10.31,24.7,1082.5,Local
2016-01-07,Home,Shopping Centre,Train,15.2,20.3,623.2,Local
2016-01-07,Shopping Centre,Park,Train,0.97,1.3,39.8,Local
2016-01-09,Cinema,Park,Bicycle,5.62,22.5,0.0,Local
2016-01-09,Home,Cinema,Bus,5.56,13.3,583.8,Local
2016-01-10,Home,Cinema,Bus,11.48,27.6,1205.4,Local
2016-01-11,Home,Cinema,Train,16.6,22.1,680.6,Local
2016-01-13,Home,Friend's Place,Car,8.78,13.2,1685.8,Local
2016-01-13,Friend's Place,Park,Car,3.87,5.8,743.0,Local
2016-01-14,Home,Library,Train,12.95,17.3,530.9,Local
2016-01-16,Home,Friend's Place,Train,14.74,19.7,604.3,Local
2016-01-17,Home,Park,Train,5.5,7.3,225.5,Local
2016-01-18,Home,Shopping Centre,Tram,19.57,58.7,1174.2,Local
2016-01-18,Shopping Centre,Park,Walk,2.23,26.8,0.0,Local
2016-01-19,Home,School,Bus,15.69,37.7,1647.5,Local
2016-01-19,School,Cinema,Bicycle,1.56,6.2,0.0,Local
2016-01-20,Home,Library,Train,17.58,23.4,720.8,Local
2016-01-21,Home,Shopping Centre,Bicycle,16.08,64.3,0.0,Local
2016-01-21,Shopping Centre,Library,Train,8.0,10.7,328.0,Local
2016-01-21,Library,Shopping Centre,Bicycle,4.24,17.0,0.0,Local
2016-01-22,Home,Library,Bus,16.3,39.1,1711.5,Local
2016-01-23,Home,Library,Walk,17.0,204.0,0.0,Local
2016-01-24,Home,School,Bus,16.36,39.3,1717.8,Local
2016-01-25,Home,Shopping Centre,Walk,15.2,182.4,0.0,Local
2016-01-26,Home,Park,Bicycle,13.64,54.6,0.0,Local
2016-01-28,Home,Shopping Centre,Tram,5.24,15.7,314.4,Local
2016-01-29,Home,Friend's Place,Bus,11.29,27.1,1185.4,Local
2016-01-29,Friend's Place,Cinema,Tram,3.35,10.1,201.0,Local
2016-02-01,School,Home,Tram,9.99,30.0,599.4,Local
2016-02-01,Home,Friend's Place,Train,10.06,13.4,412.5,Local
2016-02-01,Home,School,Bus,5.24,12.6,550.2,Local
2016-02-03,Home,Park,Bus,15.92,38.2,1671.6,Local
2016-02-04,Home,School,Bus,11.69,28.1,1227.5,Local
2016-02-05,Home,Library,Walk,19.67,236.0,0.0,Local
2016-02-06,Home,Park,Walk,9.25,111.0,0.0,Local
2016-02-07,Park,Shopping Centre,Tram,7.83,23.5,469.8,Local
2016-02-07,Home,Cinema,Car,5.35,8.0,1027.2,Local
2016-02-07,Cinema,Park,Tram,6.05,18.1,363.0,Local
2016-02-08,Home,Friend's Place,Tram,17.19,51.6,1031.4,Local
2016-02-09,Library,Cinema,Bus,6.82,16.4,716.1,Local
2016-02-09,Home,Library,Tram,16.75,50.2,1005.0,Local
2016-02-10,Home,Library,Train,7.36,9.8,301.8,Local
2016-02-11,Home,School,Bus,7.87,18.9,826.4,Local
2016-02-11,School,Home,Tram,16.52,49.6,991.2,Local
2016-02-12,Home,Park,Car,10.21,15.3,1960.3,Local
2016-02-12,Park,Shopping Centre,Train,3.48,4.6,142.7,Local
2016-02-13,Home,Friend's Place,Walk,16.67,200.0,0.0,Local
2016-02-15,Park,Library,Bus,4.03,9.7,423.2,Local
2016-02-15,Home,Park,Bus,16.69,40.1,1752.5,Local
2016-02-16,Home,Cinema,Car,9.13,13.7,1753.0,Local
2016-02-16,Cinema,Library,Car,1.04,1.6,199.7,Local
2016-02-18,Home,Cinema,Train,11.04,14.7,452.6,Local
2016-02-18,Cinema,Home,Walk,11.35,136.2,0.0,Local
2016-02-18,Home,Library,Bus,14.75,35.4,1548.8,Local
2016-02-19,Home,Library,Bicycle,12.19,48.8,0.0,Local
2016-02-20,Home,Friend's Place,Car,7.13,10.7,1369.0,Local
2016-02-21,Park,Library,Bus,4.67,11.2,490.3,Local
2016-02-21,Friend's Place,Park,Bus,1.1,2.6,115.5,Local
2016-02-21,Home,Friend's Place,Train,11.4,15.2,467.4,Local
2016-02-22,Home,Friend's Place,Train,9.43,12.6,386.6,Local
2016-02-23,Home,Library,Bus,16.49,39.6,1731.4,Local
2016-02-23,Library,Friend's Place,Tram,4.03,12.1,241.8,Local
2016-02-24,Home,Park,Tram,6.36,19.1,381.6,Local
2016-02-25,Home,Friend's Place,Car,11.88,17.8,2281.0,Local
2016-02-25,Friend's Place,Home,Bicycle,10.72,42.9,0.0,Local
2016-02-25,Home,Cinema,Train,18.4,24.5,754.4,Local
2016-02-27,Home,Library,Tram,17.34,52.0,1040.4,Local
2016-02-28,Home,Cinema,Bicycle,11.73,46.9,0.0,Local
2016-02-29,Home,Shopping Centre,Bicycle,17.04,68.2,0.0,Local
2016-03-02,Home,Friend's Place,Car,9.22,13.8,1770.2,Local
2016-03-03,Home,Shopping Centre,Tram,11.78,35.3,706.8,Local
2016-03-04,Home,School,Bus,18.66,44.8,1959.3,Local
2016-03-04,School,Library,Walk,5.94,71.3,0.0,Local
2016-03-04,Library,Park,Tram,7.33,22.0,439.8,Local
2016-03-06,Shopping Centre,Library,Train,2.01,2.7,82.4,Local
2016-03-06,Home,Shopping Centre,Tram,18.87,56.6,1132.2,Local
2016-03-07,Home,School,Bus,12.08,29.0,1268.4,Local
2016-03-08,Home,Park,Walk,17.58,211.0,0.0,Local
2016-03-08,Park,Home,Car,15.43,23.1,2962.6,Local
2016-03-09,Home,Library,Train,18.94,25.3,776.5,Local
2016-03-09,Library,Friend's Place,Walk,0.62,7.4,0.0,Local
2016-03-10,Home,Park,Walk,17.98,215.8,0.0,Local
2016-03-11,Home,Friend's Place,Walk,16.78,201.4,0.0,Local
2016-03-12,Home,Library,Train,10.12,13.5,414.9,Local
2016-03-13,Home,School,Bus,7.59,18.2,796.9,Local
2016-03-14,Home,Cinema,Bicycle,19.44,77.8,0.0,Local
2016-03-15,Home,Park,Train,14.2,18.9,582.2,Local
2016-03-17,Home,Library,Bicycle,9.02,36.1,0.0,Local
2016-03-18,Home,Library,Tram,15.23,45.7,913.8,Local
2016-03-18,Library,Home,Bicycle,11.93,47.7,0.0,Local
2016-03-19,Park,Home,Bus,17.08,41.0,1793.4,Local
2016-03-19,Cinema,Park,Train,3.92,5.2,160.7,Local
2016-03-19,Home,Cinema,Walk,10.89,130.7,0.0,Local
2016-03-20,Home,Library,Bicycle,8.75,35.0,0.0,Local
2016-03-21,Home,Shopping Centre,Bus,7.34,17.6,770.7,Local
2016-03-21,Shopping Centre,Cinema,Tram,7.97,23.9,478.2,Local
2016-03-22,Home,Cinema,Train,15.53,20.7,636.7,Local
2016-03-23,Home,Cinema,Walk,14.01,168.1,0.0,Local
2016-03-23,Cinema,Friend's Place,Walk,4.32,51.8,0.0,Local
2016-03-23,Friend's Place,School,Bus,7.39,17.7,775.9,Local
2016-03-25,Home,School,Bus,9.17,22.0,962.9,Local
2016-03-25,School,Library,Tram,3.4,10.2,204.0,Local
2016-03-25,Library,Cinema,Car,0.78,1.2,149.8,Local
2016-03-26,Home,Library,Walk,6.95,83.4,0.0,Local
2016-03-27,Home,Park,Bicycle,14.42,57.7,0.0,Local
2016-03-27,Park,Cinema,Train,4.21,5.6,172.6,Local
2016-03-27,Cinema,School,Bus,6.31,15.1,662.5,Local
2016-03-29,Home,Cinema,Train,14.93,19.9,612.1,Local
2016-03-30,Home,Cinema,Car,8.75,13.1,1680.0,Local
2016-04-01,Shopping Centre,School,Bus,2.1,5.0,220.5,Local
2016-04-01,Home,Shopping Centre,Car,11.87,17.8,2279.0,Local
2016-04-01,School,Cinema,Tram,2.6,7.8,156.0,Local
2016-04-04,Home,Park,Bus,11.46,27.5,1203.3,Local
2016-04-05,Home,Shopping Centre,Tram,16.88,50.6,1012.8,Local
2016-04-06,Home,Park,Car,16.85,25.3,3235.2,Local
2016-04-09,Home,School,Bus,8.27,19.8,868.3,Local
2016-04-09,School,Park,Bus,3.86,9.3,405.3,Local
2016-04-09,Park,School,Bus,4.87,11.7,511.4,Local
2016-04-10,Home,Cinema,Train,14.1,18.8,578.1,Local
2016-04-10,Cinema,Shopping Centre,Bicycle,6.07,24.3,0.0,Local
2016-04-11,Home,Cinema,Bicycle,15.52,62.1,0.0,Local
2016-04-11,Cinema,Library,Train,7.29,9.7,298.9,Local
2016-04-11,Library,Park,Walk,5.62,67.4,0.0,Local
2016-04-13,Home,Shopping Centre,Bicycle,10.6,42.4,0.0,Local
2016-04-14,Home,Park,Bicycle,9.58,38.3,0.0,Local
2016-04-15,Home,Friend's Place,Tram,8.34,25.0,500.4,Local
2016-04-16,Home,Library,Bus,8.27,19.8,868.3,Local
2016-04-16,Library,Cinema,Bus,1.0,2.4,105.0,Local
2016-04-18,Home,Park,Tram,6.09,18.3,365.4,Local
2016-04-19,Friend's Place,Library,Car,3.27,4.9,627.8,Local
2016-04-19,Home,Friend's Place,Bus,18.66,44.8,1959.3,Local
2016-04-20,Home,Friend's Place,Bicycle,19.49,78.0,0.0,Local
2016-04-21,Home,School,Bus,17.67,42.4,1855.4,Local
2016-04-22,Home,Friend's Place,Bicycle,18.45,73.8,0.0,Local
2016-04-23,Home,Park,Bus,12.52,30.0,1314.6,Local
2016-04-23,Park,Home,Tram,19.06,57.2,1143.6,Local
2016-04-24,Home,Cinema,Tram,8.62,25.9,517.2,Local
2016-04-24,Cinema,Friend's Place,Bus,0.63,1.5,66.2,Local
2016-04-25,Home,Cinema,Bicycle,8.1,32.4,0.0,Local
2016-04-26,Home,Friend's Place,Tram,7.53,22.6,451.8,Local
2016-04-27,Home,Shopping Centre,Train,19.97,26.6,818.8,Local
2016-04-27,Shopping Centre,Park,Car,3.12,4.7,599.0,Local
2016-04-27,Park,Home,Train,19.04,25.4,780.6,Local
2016-04-28,Home,Friend's Place,Car,7.86,11.8,1509.1,Local
2016-04-28,Friend's Place,Home,Walk,19.64,235.7,0.0,Local
2016-04-30,Home,Shopping Centre,Tram,15.87,47.6,952.2,Local
2016-05-01,Home,Shopping Centre,Train,17.61,23.5,722.0,Local
2016-05-02,Home,Library,Car,6.42,9.6,1232.6,Local
2016-05-04,Home,School,Bus,10.11,24.3,1061.5,Local
2016-05-05,Home,Library,Bicycle,16.4,65.6,0.0,Local
2016-05-05,Library,Home,Bicycle,11.42,45.7,0.0,Local
2016-05-06,Home,Park,Train,19.84,26.5,813.4,Local
2016-05-08,Home,Park,Bus,6.99,16.8,734.0,Local
2016-05-10,Home,Friend's Place,Bicycle,11.13,44.5,0.0,Local
2016-05-10,Friend's Place,Cinema,Tram,6.6,19.8,396.0,Local
2016-05-11,Home,Library,Bicycle,13.8,55.2,0.0,Local
2016-05-12,Cinema,Home,Bus,19.68,47.2,2066.4,Local
2016-05-12,School,Cinema,Tram,6.78,20.3,406.8,Local
2016-05-12,Home,School,Bus,18.97,45.5,1991.8,Local
2016-05-13,Home,Friend's Place,Car,19.2,28.8,3686.4,Local
2016-05-14,Home,Library,Walk,6.11,73.3,0.0,Local
2016-05-15,Home,Friend's Place,Bus,18.32,44.0,1923.6,Local
2016-05-15,Friend's Place,Cinema,Bus,5.05,12.1,530.2,Local
2016-05-17,Home,Shopping Centre,Car,13.95,20.9,2678.4,Local
2016-05-18,Home,School,Bus,9.49,22.8,996.5,Local
2016-05-19,Home,Shopping Centre,Car,19.88,29.8,3817.0,Local
2016-05-20,Home,School,Bus,13.32,32.0,1398.6,Local
2016-05-22,Home,School,Bus,15.82,38.0,1661.1,Local
2016-05-22,School,Home,Car,11.82,17.7,2269.4,Local
2016-05-23,Home,Friend's Place,Train,10.48,14.0,429.7,Local
2016-05-24,Home,School,Bus,15.17,36.4,1592.8,Local
2016-05-25,Home,Friend's Place,Car,10.27,15.4,1971.8,Local
2016-05-26,Home,Cinema,Tram,17.01,51.0,1020.6,Local
2016-05-27,Home,Shopping Centre,Train,10.54,14.1,432.1,Local
2016-05-27,Shopping Centre,Library,Train,0.68,0.9,27.9,Local
2016-05-28,Home,Shopping Centre,Car,7.4,11.1,1420.8,Local
2016-05-29,Home,Cinema,Train,9.05,12.1,371.1,Local
2016-05-30,Home,Friend's Place,Car,6.04,9.1,1159.7,Local
2016-06-01,Home,Cinema,Walk,5.78,69.4,0.0,Local
2016-06-02,Home,Cinema,Tram,19.37,58.1,1162.2,Local
2016-06-02,Cinema,Friend's Place,Train,2.81,3.7,115.2,Local
2016-06-03,Home,Shopping Centre,Car,9.08,13.6,1743.4,Local
2016-06-03,Shopping Centre,Park,Bicycle,2.68,10.7,0.0,Local
2016-06-03,Park,Shopping Centre,Train,2.43,3.2,99.6,Local
2016-06-04,Home,School,Bus,15.36,36.9,1612.8,Local
2016-06-06,Home,Cinema,Train,19.13,25.5,784.3,Local
2016-06-07,Home,School,Bus,14.47,34.7,1519.4,Local
2016-06-08,Home,Library,Tram,19.3,57.9,1158.0,Local
2016-06-09,Home,Shopping Centre,Walk,14.09,169.1,0.0,Local
2016-06-10,Home,Library,Bicycle,11.7,46.8,0.0,Local
2016-06-12,Home,Shopping Centre,Train,11.73,15.6,480.9,Local
2016-06-13,Home,Cinema,Bicycle,17.74,71.0,0.0,Local
2016-06-13,Cinema,Shopping Centre,Bus,2.16,5.2,226.8,Local
2016-06-13,Shopping Centre,Friend's Place,Walk,5.48,65.8,0.0,Local
2016-06-14,Library,Shopping Centre,Car,4.64,7.0,890.9,Local
2016-06-14,Home,Library,Car,6.11,9.2,1173.1,Local
2016-06-16,Home,Park,Bus,12.5,30.0,1312.5,Local
2016-06-16,Park,Home,Bicycle,11.86,47.4,0.0,Local
2016-06-17,Home,Friend's Place,Tram,6.31,18.9,378.6,Local
2016-06-17,Friend's Place,Library,Tram,4.19,12.6,251.4,Local
2016-06-17,Library,Home,Walk,13.68,164.2,0.0,Local
2016-06-18,Home,Library,Bus,8.14,19.5,854.7,Local
2016-06-18,Library,Friend's Place,Bicycle,6.1,24.4,0.0,Local
2016-06-19,Home,Shopping Centre,Car,7.03,10.5,1349.8,Local
2016-06-20,Home,School,Bus,12.48,30.0,1310.4,Local
2016-06-21,Home,Park,Walk,10.77,129.2,0.0,Local
2016-06-21,Park,Friend's Place,Car,3.64,5.5,698.9,Local
2016-06-22,Home,Park,Car,16.38,24.6,3145.0,Local
2016-06-23,Home,Library,Tram,16.06,48.2,963.6,Local
2016-06-24,Home,Library,Bicycle,14.04,56.2,0.0,Local
2016-06-26,Home,Park,Bus,13.29,31.9,1395.4,Local
2016-06-27,Park,Friend's Place,Bus,2.88,6.9,302.4,Local
2016-06-27,Home,Park,Tram,19.98,59.9,1198.8,Local
2016-06-28,Home,Shopping Centre,Tram,13.97,41.9,838.2,Local
2016-06-28,Shopping Centre,Park,Bicycle,7.87,31.5,0.0,Local
2016-06-29,Home,Cinema,Train,5.21,6.9,213.6,Local
2016-06-30,Home,Library,Bus,17.82,42.8,1871.1,Local
2016-07-01,Home,Shopping Centre,Tram,10.92,32.8,655.2,Local
2016-07-01,Shopping Centre,Library,Bicycle,2.27,9.1,0.0,Local
2016-07-02,Home,Cinema,Bicycle,9.61,38.4,0.0,Local
2016-07-02,Cinema,Shopping Centre,Bicycle,2.03,8.1,0.0,Local
2016-07-04,Home,Shopping Centre,Car,8.16,12.2,1566.7,Local
2016-07-06,Home,Cinema,Walk,9.4,112.8,0.0,Local
2016-07-07,Home,School,Bus,7.16,17.2,751.8,Local
2016-07-09,Home,Park,Bus,10.07,24.2,1057.4,Local
2016-07-09,Park,Friend's Place,Bus,1.76,4.2,184.8,Local
2016-07-10,Home,Friend's Place,Train,12.93,17.2,530.1,Local
2016-07-11,Home,Shopping Centre,Walk,18.31,219.7,0.0,Local
2016-07-12,Home,Library,Car,19.7,29.6,3782.4,Local
2016-07-13,School,Home,Tram,15.75,47.2,945.0,Local
2016-07-13,Friend's Place,School,Bus,2.28,5.5,239.4,Local
2016-07-13,Home,Friend's Place,Bus,18.58,44.6,1950.9,Local
2016-07-14,Home,School,Bus,16.2,38.9,1701.0,Local
2016-07-15,Home,Park,Walk,8.61,103.3,0.0,Local
2016-07-18,Home,Shopping Centre,Car,16.71,25.1,3208.3,Local
2016-07-18,Shopping Centre,Library,Bicycle,2.23,8.9,0.0,Local
2016-07-20,Home,Park,Walk,19.27,231.2,0.0,Local
2016-07-21,Home,School,Bus,14.64,35.1,1537.2,Local
2016-07-23,Home,School,Bus,16.04,38.5,1684.2,Local
2016-07-24,Shopping Centre,Friend's Place,Car,3.56,5.3,683.5,Local
2016-07-24,Home,Shopping Centre,Bus,19.81,47.5,2080.0,Local
2016-07-25,Home,Friend's Place,Bicycle,19.38,77.5,0.0,Local
2016-07-26,Home,Park,Car,18.54,27.8,3559.7,Local
2016-07-27,Home,Park,Tram,13.81,41.4,828.6,Local
2016-07-27,Park,Library,Tram,7.48,22.4,448.8,Local
2016-07-28,Home,Library,Bicycle,14.31,57.2,0.0,Local
2016-07-30,Home,Shopping Centre,Bus,14.54,34.9,1526.7,Local
2016-07-30,Shopping Centre,School,Bus,1.1,2.6,115.5,Local
2016-07-31,School,Shopping Centre,Bicycle,6.44,25.8,0.0,Local
2016-07-31,Home,School,Bus,7.52,18.0,789.6,Local
2016-08-01,Home,Park,Tram,18.14,54.4,1088.4,Local
2016-08-02,Home,Cinema,Tram,11.92,35.8,715.2,Local
2016-08-05,Home,School,Bus,11.22,26.9,1178.1,Local
2016-08-08,Home,Library,Walk,16.52,198.2,0.0,Local
2016-08-09,Home,Friend's Place,Tram,17.89,53.7,1073.4,Local
2016-08-10,Home,Cinema,Car,17.62,26.4,3383.0,Local
2016-08-11,Home,Cinema,Car,15.04,22.6,2887.7,Local
2016-08-12,Shopping Centre,School,Bus,2.65,6.4,278.2,Local
2016-08-12,Home,Shopping Centre,Bus,6.17,14.8,647.9,Local
2016-08-13,Home,Cinema,Walk,8.77,105.2,0.0,Local
2016-08-15,Home,Friend's Place,Walk,12.85,154.2,0.0,Local
2016-08-15,Friend's Place,Cinema,Tram,3.29,9.9,197.4,Local
2016-08-16,Home,School,Bus,6.18,14.8,648.9,Local
2016-08-18,Home,Park,Walk,15.16,181.9,0.0,Local
2016-08-19,Home,Park,Car,6.88,10.3,1321.0,Local
2016-08-21,Home,Park,Walk,13.63,163.6,0.0,Local
2016-08-21,Park,Home,Train,7.72,10.3,316.5,Local
2016-08-24,Home,Library,Train,10.17,13.6,417.0,Local
2016-08-24,Library,Home,Car,15.62,23.4,2999.0,Local
2016-08-24,Home,Cinema,Bicycle,14.53,58.1,0.0,Local
2016-08-25,Home,Shopping Centre,Walk,14.1,169.2,0.0,Local
2016-08-25,Shopping Centre,Park,Car,4.72,7.1,906.2,Local
2016-08-25,Park,Friend's Place,Tram,7.22,21.7,433.2,Local
2016-08-26,Shopping Centre,Library,Train,7.04,9.4,288.6,Local
2016-08-26,Library,Home,Bicycle,7.07,28.3,0.0,Local
2016-08-26,Home,Shopping Centre,Bicycle,16.4,65.6,0.0,Local
2016-08-27,Home,Shopping Centre,Tram,14.67,44.0,880.2,Local
2016-08-27,Shopping Centre,Home,Bus,10.45,25.1,1097.2,Local
2016-08-27,Home,Park,Bicycle,19.42,77.7,0.0,Local
2016-08-28,Home,Park,Bus,15.56,37.3,1633.8,Local
2016-08-28,Park,Home,Bus,12.9,31.0,1354.5,Local
2016-08-31,Friend's Place,Shopping Centre,Walk,4.1,49.2,0.0,Local
2016-08-31,Home,School,Bus,5.95,14.3,624.8,Local
2016-08-31,School,Friend's Place,Car,6.08,9.1,1167.4,Local
2016-09-03,Home,Park,Walk,8.11,97.3,0.0,Local
2016-09-04,Home,Library,Tram,19.7,59.1,1182.0,Local
2016-09-04,Library,Park,Bicycle,3.78,15.1,0.0,Local
2016-09-05,Home,Shopping Centre,Bicycle,14.21,56.8,0.0,Local
2016-09-05,Shopping Centre,Library,Bus,5.46,13.1,573.3,Local
2016-09-06,Home,Library,Train,7.26,9.7,297.7,Local
2016-09-08,Library,Friend's Place,Tram,1.28,3.8,76.8,Local
2016-09-08,Home,Library,Walk,13.98,167.8,0.0,Local
2016-09-09,Park,Library,Bicycle,3.15,12.6,0.0,Local
2016-09-09,Library,Park,Bus,5.76,13.8,604.8,Local
2016-09-09,Home,Park,Train,19.71,26.3,808.1,Local
2016-09-10,Home,Cinema,Bicycle,16.04,64.2,0.0,Local
2016-09-11,Home,School,Bus,7.47,17.9,784.4,Local
2016-09-13,Home,Park,Car,19.16,28.7,3678.7,Local
2016-09-13,Park,Home,Walk,5.29,63.5,0.0,Local
2016-09-14,Home,Shopping Centre,Tram,15.18,45.5,910.8,Local
2016-09-14,Shopping Centre,Friend's Place,Car,5.68,8.5,1090.6,Local
2016-09-15,Home,Shopping Centre,Train,15.29,20.4,626.9,Local
2016-09-15,Shopping Centre,Home,Train,16.8,22.4,688.8,Local
2016-09-15,Home,Shopping Centre,Train,16.76,22.3,687.2,Local
2016-09-16,Home,Shopping Centre,Walk,10.47,125.6,0.0,Local
2016-09-18,Home,Friend's Place,Car,7.95,11.9,1526.4,Local
2016-09-19,Home,Friend's Place,Car,13.71,20.6,2632.3,Local
2016-09-20,Home,Cinema,Train,13.9,18.5,569.9,Local
2016-09-20,Cinema,Library,Walk,5.09,61.1,0.0,Local
2016-09-21,Home,Park,Train,10.99,14.7,450.6,Local
2016-09-22,Shopping Centre,Park,Bus,6.85,16.4,719.2,Local
2016-09-22,Park,Shopping Centre,Train,3.64,4.9,149.2,Local
2016-09-22,Home,Park,Bus,10.61,25.5,1114.0,Local
2016-09-24,Home,School,Bus,19.42,46.6,2039.1,Local
2016-09-25,Home,Library,Tram,10.54,31.6,632.4,Local
2016-09-25,Library,Home,Walk,5.04,60.5,0.0,Local
2016-09-26,Home,Library,Train,13.31,17.7,545.7,Local
2016-09-29,Home,Library,Walk,18.58,223.0,0.0,Local
2016-09-30,Home,Friend's Place,Walk,9.81,117.7,0.0,Local
2016-10-01,Home,Library,Bus,9.06,21.7,951.3,Local
2016-10-01,Library,Cinema,Bus,2.87,6.9,301.4,Local
2016-10-01,Cinema,Shopping Centre,Train,3.81,5.1,156.2,Local
2016-10-02,Home,Friend's Place,Train,10.34,13.8,423.9,Local
2016-10-02,Friend's Place,Home,Bus,11.28,27.1,1184.4,Local
2016-10-03,Home,Library,Bicycle,10.02,40.1,0.0,Local
2016-10-03,Library,Shopping Centre,Tram,7.76,23.3,465.6,Local
2016-10-03,Shopping Centre,School,Bus,5.51,13.2,578.5,Local
2016-10-05,Home,Library,Bicycle,17.49,70.0,0.0,Local
2016-10-06,Home,Shopping Centre,Walk,6.32,75.8,0.0,Local
2016-10-07,Home,Shopping Centre,Car,18.47,27.7,3546.2,Local
2016-10-09,Home,Library,Bicycle,5.2,20.8,0.0,Local
2016-10-10,Home,Library,Bicycle,17.46,69.8,0.0,Local
2016-10-11,Home,Shopping Centre,Car,7.63,11.4,1465.0,Local
2016-10-12,Home,Shopping Centre,Tram,12.12,36.4,727.2,Local
2016-10-13,Home,Friend's Place,Bicycle,15.05,60.2,0.0,Local
2016-10-14,Home,Cinema,Walk,13.49,161.9,0.0,Local
2016-10-15,Home,Park,Bus,12.74,30.6,1337.7,Local
2016-10-16,Home,Park,Train,18.02,24.0,738.8,Local
2016-10-17,Home,Park,Train,8.08,10.8,331.3,Local
2016-10-18,Library,School,Bus,5.4,13.0,567.0,Local
2016-10-18,Home,Cinema,Train,13.42,17.9,550.2,Local
2016-10-18,Cinema,Library,Car,1.35,2.0,259.2,Local
2016-10-19,Home,Library,Train,13.46,17.9,551.9,Local
2016-10-20,Home,Shopping Centre,Car,13.29,19.9,2551.7,Local
2016-10-21,Home,Shopping Centre,Tram,11.3,33.9,678.0,Local
2016-10-22,Home,Shopping Centre,Tram,10.02,30.1,601.2,Local
2016-10-24,Home,Library,Train,11.05,14.7,453.1,Local
2016-10-25,Shopping Centre,School,Bus,7.98,19.2,837.9,Local
2016-10-25,Home,Shopping Centre,Bus,12.38,29.7,1299.9,Local
2016-10-27,Home,Shopping Centre,Bicycle,14.61,58.4,0.0,Local
2016-10-28,Home,Park,Bus,5.6,13.4,588.0,Local
2016-10-29,Home,School,Bus,12.22,29.3,1283.1,Local
2016-10-30,Home,Park,Car,17.4,26.1,3340.8,Local
2016-10-31,Home,Shopping Centre,Car,16.82,25.2,3229.4,Local
2016-10-31,Shopping Centre,Home,Bicycle,7.51,30.0,0.0,Local
2016-11-01,Home,Park,Bicycle,5.37,21.5,0.0,Local
2016-11-02,Home,Shopping Centre,Train,13.3,17.7,545.3,Local
2016-11-03,Home,Library,Train,17.18,22.9,704.4,Local
2016-11-04,Home,Park,Bicycle,13.11,52.4,0.0,Local
2016-11-05,Home,Cinema,Train,15.34,20.5,628.9,Local
2016-11-05,Cinema,Park,Car,6.22,9.3,1194.2,Local
2016-11-06,Home,Cinema,Bus,9.98,24.0,1047.9,Local
2016-11-06,Cinema,Friend's Place,Bicycle,6.4,25.6,0.0,Local
2016-11-07,Home,Library,Bus,10.9,26.2,1144.5,Local
2016-11-08,Home,Friend's Place,Tram,8.25,24.8,495.0,Local
2016-11-09,Library,Cinema,Tram,2.4,7.2,144.0,Local
2016-11-09,Home,Library,Walk,10.07,120.8,0.0,Local
2016-11-10,Home,Cinema,Bus,14.4,34.6,1512.0,Local
2016-11-11,Home,Park,Walk,13.16,157.9,0.0,Local
2016-11-12,Home,Shopping Centre,Tram,5.07,15.2,304.2,Local
2016-11-13,Home,Cinema,Walk,7.73,92.8,0.0,Local
2016-11-14,Home,School,Bus,11.46,27.5,1203.3,Local
2016-11-15,Home,Cinema,Car,14.45,21.7,2774.4,Local
2016-11-16,Home,Library,Bus,7.76,18.6,814.8,Local
2016-11-17,Home,Library,Walk,18.42,221.0,0.0,Local
2016-11-18,Home,Library,Bus,19.6,47.0,2058.0,Local
2016-11-19,Home,Library,Train,12.38,16.5,507.6,Local
2016-11-20,Home,Park,Bicycle,14.43,57.7,0.0,Local
2016-11-21,Home,Library,Train,19.9,26.5,815.9,Local
2016-11-21,Library,School,Bus,3.39,8.1,355.9,Local
2016-11-21,School,Friend's Place,Car,3.33,5.0,639.4,Local
2016-11-22,Home,Library,Bus,13.74,33.0,1442.7,Local
2016-11-22,Library,Park,Bicycle,5.26,21.0,0.0,Local
2016-11-22,Park,Library,Bus,2.53,6.1,265.6,Local
2016-11-23,Home,Library,Bicycle,6.47,25.9,0.0,Local
2016-11-24,Home,Shopping Centre,Walk,7.75,93.0,0.0,Local
2016-11-25,Home,Library,Bicycle,11.08,44.3,0.0,Local
2016-11-27,Home,Park,Bus,19.6,47.0,2058.0,Local
2016-11-28,Home,Park,Bus,8.09,19.4,849.4,Local
2016-11-28,Park,Cinema,Car,3.13,4.7,601.0,Local
2016-11-29,Home,Library,Train,13.64,18.2,559.2,Local
2016-11-30,Home,Library,Walk,10.23,122.8,0.0,Local
2016-12-01,Home,School,Bus,12.48,30.0,1310.4,Local
2016-12-01,School,Park,Car,5.62,8.4,1079.0,Local
2016-12-02,Home,Shopping Centre,Car,17.18,25.8,3298.6,Local
2016-12-02,Shopping Centre,Home,Walk,10.08,121.0,0.0,Local
2016-12-03,Home,Park,Car,17.2,25.8,3302.4,Local
2016-12-07,Home,Library,Bicycle,9.73,38.9,0.0,Local
2016-12-07,Library,Home,Walk,10.5,126.0,0.0,Local
2016-12-08,Home,School,Bus,19.71,47.3,2069.6,Local
2016-12-09,Home,Shopping Centre,Walk,15.71,188.5,0.0,Local
2016-12-10,Home,Park,Bicycle,19.78,79.1,0.0,Local
2016-12-11,Home,Friend's Place,Tram,8.69,26.1,521.4,Local
2016-12-13,Home,School,Bus,7.97,19.1,836.9,Local
2016-12-14,Home,School,Bus,15.91,38.2,1670.5,Local
2016-12-16,Home,Cinema,Bus,10.45,25.1,1097.2,Local
2016-12-16,Cinema,Shopping Centre,Bicycle,4.23,16.9,0.0,Local
2016-12-17,Home,Library,Car,11.78,17.7,2261.8,Local
2016-12-17,Library,Park,Tram,6.94,20.8,416.4,Local
2016-12-18,Home,School,Bus,13.39,32.1,1406.0,Local
2016-12-18,School,Shopping Centre,Walk,4.62,55.4,0.0,Local
2016-12-19,Home,Friend's Place,Car,18.91,28.4,3630.7,Local
2016-12-22,Home,Cinema,Walk,18.9,226.8,0.0,Local
2016-12-23,Home,Library,Bicycle,13.45,53.8,0.0,Local
2016-12-23,Library,School,Bus,3.62,8.7,380.1,Local
2016-12-24,Home,Shopping Centre,Walk,10.01,120.1,0.0,Local
2016-12-26,Home,School,Bus,19.05,45.7,2000.2,Local
2016-12-26,School,Friend's Place,Bus,4.74,11.4,497.7,Local
2016-12-27,Home,Cinema,Bus,5.8,13.9,609.0,Local
2016-12-27,Cinema,School,Bus,1.24,3.0,130.2,Local
2016-12-28,Home,Shopping Centre,Car,19.07,28.6,3661.4,Local
2016-12-29,Park,School,Bus,3.04,7.3,319.2,Local
2016-12-29,Home,Park,Bicycle,12.19,48.8,0.0,Local
2016-12-30,Home,Cinema,Bicycle,11.15,44.6,0.0,Local
2016-12-31,Home,Library,Bus,14.16,34.0,1486.8,Local
2017-01-01,Home,School,Bus,7.95,19.1,834.8,Local
2017-01-01,School,Library,Tram,6.34,19.0,380.4,Local
2017-01-03,Home,Park,Bus,11.79,28.3,1237.9,Local
2017-01-04,Home,Park,Bicycle,12.71,50.8,0.0,Local
2017-01-06,Home,Friend's Place,Train,13.39,17.9,549.0,Local
2017-01-06,Friend's Place,Home,Train,13.14,17.5,538.7,Local
2017-01-06,Home,Friend's Place,Car,18.42,27.6,3536.6,Local
2017-01-08,Home,School,Bus,18.42,44.2,1934.1,Local
2017-01-08,School,Friend's Place,Car,0.79,1.2,151.7,Local
2017-01-08,Friend's Place,Library,Car,5.53,8.3,1061.8,Local
2017-01-09,Home,School,Bus,16.08,38.6,1688.4,Local
2017-01-10,Home,Friend's Place,Bus,17.38,41.7,1824.9,Local
2017-01-11,Home,Shopping Centre,Walk,16.19,194.3,0.0,Local
2017-01-13,Home,Park,Car,7.39,11.1,1418.9,Local
2017-01-14,Home,Library,Tram,19.66,59.0,1179.6,Local
2017-01-15,Home,Cinema,Bus,10.89,26.1,1143.5,Local
2017-01-15,Cinema,Friend's Place,Car,3.06,4.6,587.5,Local
2017-01-16,Home,Shopping Centre,Tram,18.82,56.5,1129.2,Local
2017-01-18,Home,Shopping Centre,Train,8.99,12.0,368.6,Local
2017-01-19,Home,Shopping Centre,Tram,17.07,51.2,1024.2,Local
2017-01-20,Home,School,Bus,16.85,40.4,1769.3,Local
2017-01-21,Home,Cinema,Bicycle,6.59,26.4,0.0,Local
2017-01-22,School,Cinema,Tram,0.82,2.5,49.2,Local
2017-01-22,Home,School,Bus,5.99,14.4,629.0,Local
2017-01-23,Home,Cinema,Bicycle,15.2,60.8,0.0,Local
2017-01-23,Cinema,Friend's Place,Car,4.75,7.1,912.0,Local
2017-01-23,Friend's Place,Shopping Centre,Walk,5.18,62.2,0.0,Local
2017-01-24,Home,Cinema,Walk,16.63,199.6,0.0,Local
2017-01-26,Home,Cinema,Bicycle,18.36,73.4,0.0,Local
2017-01-26,Cinema,Park,Bus,7.05,16.9,740.2,Local
2017-01-26,Park,School,Bus,3.83,9.2,402.2,Local
2017-01-29,Home,School,Bus,12.43,29.8,1305.1,Local
2017-01-30,Cinema,Home,Car,12.18,18.3,2338.6,Local
2017-01-30,Home,Cinema,Car,17.69,26.5,3396.5,Local
2017-02-01,Home,Cinema,Train,11.4,15.2,467.4,Local
2017-02-01,Cinema,Friend's Place,Bicycle,4.35,17.4,0.0,Local
2017-02-02,Home,Friend's Place,Train,5.5,7.3,225.5,Local
2017-02-03,Home,Library,Car,9.92,14.9,1904.6,Local
2017-02-04,Home,Shopping Centre,Train,10.62,14.2,435.4,Local
2017-02-05,Home,Shopping Centre,Bicycle,7.14,28.6,0.0,Local
2017-02-05,Shopping Centre,Friend's Place,Bus,3.37,8.1,353.9,Local
2017-02-07,Library,Shopping Centre,Bus,2.43,5.8,255.2,Local
2017-02-07,Home,Library,Car,7.26,10.9,1393.9,Local
2017-02-08,Home,School,Bus,15.6,37.4,1638.0,Local
2017-02-09,Home,Friend's Place,Walk,8.54,102.5,0.0,Local
2017-02-10,Home,Park,Bicycle,14.53,58.1,0.0,Local
2017-02-10,Park,School,Bus,1.41,3.4,148.0,Local
2017-02-11,Home,Cinema,Bicycle,13.83,55.3,0.0,Local
2017-02-12,Home,Library,Tram,5.58,16.7,334.8,Local
2017-02-13,Home,Friend's Place,Bicycle,16.21,64.8,0.0,Local
2017-02-14,Home,Friend's Place,Car,11.06,16.6,2123.5,Local
2017-02-15,Home,Shopping Centre,Train,15.03,20.0,616.2,Local
2017-02-16,Home,Friend's Place,Bicycle,16.26,65.0,0.0,Local
2017-02-17,Home,Park,Bus,16.33,39.2,1714.6,Local
2017-02-18,Home,Cinema,Tram,11.23,33.7,673.8,Local
2017-02-18,Cinema,Shopping Centre,Tram,3.9,11.7,234.0,Local
2017-02-18,Shopping Centre,Friend's Place,Car,6.38,9.6,1225.0,Local
2017-02-19,Home,Friend's Place,Tram,6.33,19.0,379.8,Local
2017-02-22,Home,Cinema,Tram,13.58,40.7,814.8,Local
2017-02-22,Cinema,Shopping Centre,Bicycle,6.94,27.8,0.0,Local
2017-02-23,Home,Library,Walk,14.05,168.6,0.0,Local
2017-02-24,Home,Cinema,Train,15.97,21.3,654.8,Local
2017-02-24,Cinema,Shopping Centre,Train,1.51,2.0,61.9,Local
2017-02-24,Shopping Centre,Friend's Place,Car,6.83,10.2,1311.4,Local
2017-02-27,Home,Park,Train,14.33,19.1,587.5,Local
2017-02-27,Park,Friend's Place,Bus,1.11,2.7,116.6,Local
2017-03-01,Home,Library,Car,6.77,10.2,1299.8,Local
2017-03-02,Home,School,Bus,13.16,31.6,1381.8,Local
2017-03-03,Library,School,Bus,2.83,6.8,297.2,Local
2017-03-03,Home,Library,Tram,16.59,49.8,995.4,Local
2017-03-04,Home,Park,Train,17.11,22.8,701.5,Local
2017-03-05,Home,School,Bus,8.43,20.2,885.1,Local
2017-03-06,Home,Library,Train,7.13,9.5,292.3,Local
2017-03-07,Home,Park,Bicycle,11.45,45.8,0.0,Local
2017-03-08,Home,School,Bus,11.94,28.7,1253.7,Local
2017-03-09,Home,Shopping Centre,Bicycle,17.71,70.8,0.0,Local
2017-03-10,Home,Park,Car,12.12,18.2,2327.0,Local
2017-03-14,Home,School,Bus,15.42,37.0,1619.1,Local
2017-03-15,Home,Park,Bus,6.35,15.2,666.8,Local
2017-03-15,Park,Shopping Centre,Bus,2.72,6.5,285.6,Local
2017-03-15,Shopping Centre,School,Bus,2.85,6.8,299.2,Local
2017-03-17,Home,Shopping Centre,Walk,19.55,234.6,0.0,Local
2017-03-17,Shopping Centre,School,Bus,3.61,8.7,379.1,Local
2017-03-17,School,Home,Train,6.7,8.9,274.7,Local
2017-03-18,Shopping Centre,Library,Walk,7.91,94.9,0.0,Local
2017-03-18,Home,Shopping Centre,Tram,14.55,43.7,873.0,Local
2017-03-18,Library,Cinema,Bicycle,3.58,14.3,0.0,Local
2017-03-19,Home,Shopping Centre,Bicycle,15.48,61.9,0.0,Local
2017-03-20,Home,Park,Walk,7.48,89.8,0.0,Local
2017-03-20,Park,Home,Bus,15.95,38.3,1674.8,Local
2017-03-22,Home,School,Bus,5.93,14.2,622.6,Local
2017-03-23,Home,Park,Tram,7.52,22.6,451.2,Local
2017-03-23,Park,Friend's Place,Tram,7.47,22.4,448.2,Local
2017-03-23,Friend's Place,School,Bus,2.1,5.0,220.5,Local
2017-03-24,Home,Library,Bicycle,14.93,59.7,0.0,Local
2017-03-24,Library,Home,Bicycle,7.3,29.2,0.0,Local
2017-03-25,Home,School,Bus,12.12,29.1,1272.6,Local
2017-03-26,Home,Shopping Centre,Car,18.89,28.3,3626.9,Local
2017-03-27,Home,Library,Bus,11.55,27.7,1212.8,Local
2017-03-28,Home,Library,Bicycle,5.77,23.1,0.0,Local
2017-03-29,Home,School,Bus,19.33,46.4,2029.6,Local
2017-03-29,School,Park,Tram,2.62,7.9,157.2,Local
2017-03-29,Park,Library,Bus,4.8,11.5,504.0,Local
2017-03-30,Home,School,Bus,11.47,27.5,1204.4,Local
2017-03-30,School,Friend's Place,Tram,6.41,19.2,384.6,Local
2017-03-31,Shopping Centre,School,Bus,4.47,10.7,469.3,Local
2017-03-31,Home,School,Bus,5.27,12.6,553.3,Local
2017-03-31,School,Shopping Centre,Train,3.2,4.3,131.2,Local
2017-04-01,Home,Cinema,Train,8.81,11.7,361.2,Local
2017-04-02,Home,Cinema,Car,12.22,18.3,2346.2,Local
2017-04-02,Cinema,Friend's Place,Tram,6.05,18.1,363.0,Local
2017-04-02,Friend's Place,Park,Car,4.56,6.8,875.5,Local
2017-04-03,Home,Park,Bicycle,18.56,74.2,0.0,Local
2017-04-04,Home,Shopping Centre,Walk,19.25,231.0,0.0,Local
2017-04-04,Shopping Centre,Home,Car,6.98,10.5,1340.2,Local
2017-04-05,Home,Shopping Centre,Train,6.07,8.1,248.9,Local
2017-04-05,Shopping Centre,Park,Walk,7.24,86.9,0.0,Local
2017-04-06,Home,Friend's Place,Car,11.72,17.6,2250.2,Local
2017-04-06,Friend's Place,Library,Walk,1.29,15.5,0.0,Local
2017-04-07,Home,Library,Walk,17.03,204.4,0.0,Local
2017-04-08,Home,Friend's Place,Train,14.05,18.7,576.1,Local
2017-04-09,Home,Friend's Place,Train,7.63,10.2,312.8,Local
2017-04-12,Home,Library,Train,6.89,9.2,282.5,Local
2017-04-13,Shopping Centre,Friend's Place,Walk,1.05,12.6,0.0,Local
2017-04-13,Home,Shopping Centre,Bicycle,15.79,63.2,0.0,Local
2017-04-14,Home,School,Bus,13.36,32.1,1402.8,Local
2017-04-14,School,Friend's Place,Train,5.72,7.6,234.5,Local
2017-04-15,Home,Park,Car,6.07,9.1,1165.4,Local
2017-04-15,Park,School,Bus,1.69,4.1,177.4,Local
2017-04-16,Home,Cinema,Car,13.86,20.8,2661.1,Local
2017-04-17,Home,School,Bus,12.51,30.0,1313.5,Local
2017-04-19,Home,Cinema,Walk,19.23,230.8,0.0,Local
2017-04-19,Cinema,Library,Car,1.63,2.4,313.0,Local
2017-04-19,Library,Home,Walk,10.69,128.3,0.0,Local
2017-04-20,Home,Library,Bus,9.32,22.4,978.6,Local
2017-04-21,Home,Park,Car,7.78,11.7,1493.8,Local
2017-04-22,Home,Cinema,Walk,11.72,140.6,0.0,Local
2017-04-23,Home,Library,Bus,10.61,25.5,1114.0,Local
2017-04-24,Home,Library,Train,15.77,21.0,646.6,Local
2017-04-24,Library,Shopping Centre,Bus,7.12,17.1,747.6,Local
2017-04-25,Home,School,Bus,17.71,42.5,1859.6,Local
2017-04-26,Home,Library,Walk,19.27,231.2,0.0,Local
2017-04-27,Home,Park,Car,14.18,21.3,2722.6,Local
2017-04-27,Park,Home,Car,6.25,9.4,1200.0,Local
2017-04-29,Home,Library,Bicycle,9.41,37.6,0.0,Local
2017-05-02,Home,Cinema,Train,6.14,8.2,251.7,Local
2017-05-03,Home,Cinema,Car,5.06,7.6,971.5,Local
2017-05-04,Home,Park,Car,9.81,14.7,1883.5,Local
2017-05-05,Home,Shopping Centre,Tram,6.11,18.3,366.6,Local
2017-05-06,Home,Friend's Place,Bus,14.08,33.8,1478.4,Local
2017-05-07,Home,Cinema,Car,5.37,8.1,1031.0,Local
2017-05-09,Home,Park,Car,14.95,22.4,2870.4,Local
2017-05-10,Home,Library,Car,16.5,24.8,3168.0,Local
2017-05-10,Library,Cinema,Tram,0.94,2.8,56.4,Local
2017-05-11,Home,School,Bus,9.17,22.0,962.9,Local
2017-05-11,School,Cinema,Bus,3.57,8.6,374.8,Local
2017-05-12,Home,Cinema,Tram,8.82,26.5,529.2,Local
2017-05-12,Cinema,School,Bus,3.74,9.0,392.7,Local
2017-05-13,Home,Park,Tram,8.72,26.2,523.2,Local
2017-05-15,Park,Home,Car,5.91,8.9,1134.7,Local
2017-05-15,Home,Park,Train,18.49,24.7,758.1,Local
2017-05-16,Home,Shopping Centre,Train,14.91,19.9,611.3,Local
2017-05-17,Home,Friend's Place,Walk,9.07,108.8,0.0,Local
2017-05-19,Home,Cinema,Walk,15.21,182.5,0.0,Local
2017-05-20,Home,Library,Train,11.91,15.9,488.3,Local
2017-05-20,Library,Cinema,Walk,7.39,88.7,0.0,Local
2017-05-21,Home,School,Bus,5.05,12.1,530.2,Local
2017-05-22,Home,Library,Walk,14.13,169.6,0.0,Local
2017-05-23,Friend's Place,School,Bus,3.27,7.8,343.4,Local
2017-05-23,Home,Park,Walk,15.11,181.3,0.0,Local
2017-05-23,Park,Friend's Place,Bus,0.78,1.9,81.9,Local
2017-05-24,Home,Shopping Centre,Bicycle,12.55,50.2,0.0,Local
2017-05-25,Home,Cinema,Bus,7.64,18.3,802.2,Local
2017-05-25,Cinema,Home,Tram,15.28,45.8,916.8,Local
2017-05-26,Home,Shopping Centre,Car,15.07,22.6,2893.4,Local
2017-05-26,Shopping Centre,Park,Bicycle,4.36,17.4,0.0,Local
2017-05-27,School,Cinema,Walk,6.82,81.8,0.0,Local
2017-05-27,Park,School,Bus,3.61,8.7,379.1,Local
2017-05-27,Home,Park,Tram,10.34,31.0,620.4,Local
2017-05-29,Home,School,Bus,7.77,18.6,815.8,Local
2017-05-29,School,Park,Train,3.21,4.3,131.6,Local
2017-05-30,Home,Shopping Centre,Train,7.26,9.7,297.7,Local
2017-05-31,Home,Shopping Centre,Bus,18.72,44.9,1965.6,Local
2017-06-03,Home,Library,Bicycle,16.45,65.8,0.0,Local
2017-06-06,Home,Shopping Centre,Bus,13.33,32.0,1399.7,Local
2017-06-06,Shopping Centre,School,Bus,2.68,6.4,281.4,Local
2017-06-07,Home,Park,Walk,6.34,76.1,0.0,Local
2017-06-09,Home,Cinema,Bicycle,8.18,32.7,0.0,Local
2017-06-10,Home,Library,Tram,15.02,45.1,901.2,Local
2017-06-10,Library,Home,Walk,5.8,69.6,0.0,Local
2017-06-11,Home,Park,Bus,6.43,15.4,675.1,Local
2017-06-12,Home,Shopping Centre,Bus,7.26,17.4,762.3,Local
2017-06-12,Shopping Centre,Home,Tram,8.33,25.0,499.8,Local
2017-06-12,Home,Park,Walk,12.47,149.6,0.0,Local
2017-06-13,Home,Cinema,Walk,9.9,118.8,0.0,Local
2017-06-13,Cinema,Friend's Place,Bicycle,2.93,11.7,0.0,Local
2017-06-14,Home,Park,Bicycle,15.63,62.5,0.0,Local
2017-06-15,Home,Shopping Centre,Car,10.77,16.2,2067.8,Local
2017-06-18,Home,Shopping Centre,Bicycle,5.22,20.9,0.0,Local
2017-06-18,Shopping Centre,Park,Tram,5.35,16.0,321.0,Local
2017-06-19,Home,School,Bus,10.18,24.4,1068.9,Local
2017-06-20,Home,Shopping Centre,Bus,5.51,13.2,578.5,Local
2017-06-21,Home,Library,Walk,5.81,69.7,0.0,Local
2017-06-21,Library,Friend's Place,Bicycle,2.87,11.5,0.0,Local
2017-06-21,Friend's Place,Cinema,Bicycle,1.35,5.4,0.0,Local
2017-06-22,Home,Shopping Centre,Bus,5.73,13.8,601.7,Local
2017-06-22,Shopping Centre,School,Bus,5.92,14.2,621.6,Local
2017-06-22,School,Park,Car,2.79,4.2,535.7,Local
2017-06-23,Home,Cinema,Bus,18.88,45.3,1982.4,Local
2017-06-23,Cinema,Friend's Place,Bus,1.86,4.5,195.3,Local
2017-06-25,Home,Friend's Place,Tram,17.35,52.1,1041.0,Local
2017-06-25,Friend's Place,Cinema,Bus,3.75,9.0,393.8,Local
2017-06-26,Shopping Centre,Friend's Place,Bus,3.15,7.6,330.8,Local
2017-06-26,Cinema,Shopping Centre,Bus,4.69,11.3,492.5,Local
2017-06-26,Home,Cinema,Bicycle,19.91,79.6,0.0,Local
2017-06-27,Home,School,Bus,7.45,17.9,782.2,Local
2017-06-28,Home,Library,Train,8.64,11.5,354.2,Local
2017-07-01,Home,Library,Bicycle,15.16,60.6,0.0,Local
2017-07-02,Home,Friend's Place,Bus,16.47,39.5,1729.3,Local
2017-07-03,Home,Library,Train,8.51,11.3,348.9,Local
2017-07-04,Cinema,Home,Car,8.88,13.3,1705.0,Local
2017-07-04,Home,Cinema,Bicycle,17.96,71.8,0.0,Local
2017-07-04,Home,Cinema,Walk,7.28,87.4,0.0,Local
2017-07-06,Home,Cinema,Tram,15.28,45.8,916.8,Local
2017-07-07,Home,Library,Bicycle,15.06,60.2,0.0,Local
2017-07-08,Home,Cinema,Tram,12.86,38.6,771.6,Local
2017-07-08,Cinema,Friend's Place,Tram,4.18,12.5,250.8,Local
2017-07-09,Home,Friend's Place,Bicycle,5.88,23.5,0.0,Local
2017-07-11,Home,Library,Bicycle,8.31,33.2,0.0,Local
2017-07-12,Home,Library,Train,6.18,8.2,253.4,Local
2017-07-12,Library,School,Bus,7.68,18.4,806.4,Local
2017-07-13,Shopping Centre,Cinema,Tram,7.78,23.3,466.8,Local
2017-07-13,Home,Shopping Centre,Car,9.35,14.0,1795.2,Local
2017-07-14,Home,Park,Car,7.34,11.0,1409.3,Local
2017-07-15,Home,Cinema,Car,6.23,9.3,1196.2,Local
2017-07-16,Home,Library,Walk,18.26,219.1,0.0,Local
2017-07-17,Home,Park,Bus,13.73,33.0,1441.7,Local
2017-07-17,Park,Home,Tram,7.2,21.6,432.0,Local
2017-07-17,Home,Library,Bus,19.06,45.7,2001.3,Local
2017-07-18,Home,School,Bus,10.01,24.0,1051.0,Local
2017-07-19,Library,Shopping Centre,Walk,6.61,79.3,0.0,Local
2017-07-19,School,Library,Car,3.83,5.7,735.4,Local
2017-07-19,Home,School,Bus,6.55,15.7,687.8,Local
2017-07-20,Home,Cinema,Walk,15.33,184.0,0.0,Local
2017-07-20,Cinema,Park,Bus,1.1,2.6,115.5,Local
2017-07-21,Home,Friend's Place,Tram,5.37,16.1,322.2,Local
2017-07-21,Friend's Place,Shopping Centre,Train,7.07,9.4,289.9,Local
2017-07-22,Home,Library,Train,16.9,22.5,692.9,Local
2017-07-23,Home,Shopping Centre,Bicycle,15.87,63.5,0.0,Local
2017-07-24,Home,Library,Bus,14.54,34.9,1526.7,Local
2017-07-26,Library,Home,Walk,16.51,198.1,0.0,Local
2017-07-26,Home,Shopping Centre,Bus,18.8,45.1,1974.0,Local
2017-07-26,Shopping Centre,Library,Car,5.18,7.8,994.6,Local
2017-07-27,Home,Library,Walk,7.4,88.8,0.0,Local
2017-07-27,Library,Park,Tram,6.21,18.6,372.6,Local
2017-07-27,Park,Shopping Centre,Bicycle,2.01,8.0,0.0,Local
2017-07-29,Home,Park,Train,7.91,10.5,324.3,Local
2017-07-30,Home,Cinema,Bicycle,10.34,41.4,0.0,Local
2017-07-31,Home,Library,Car,7.7,11.6,1478.4,Local
2017-07-31,Library,Friend's Place,Walk,1.4,16.8,0.0,Local
2017-08-01,Home,Friend's Place,Walk,16.18,194.2,0.0,Local
2017-08-02,Home,Park,Car,8.02,12.0,1539.8,Local
2017-08-02,Park,Library,Bicycle,3.09,12.4,0.0,Local
2017-08-03,Home,Library,Train,17.83,23.8,731.0,Local
2017-08-04,School,Shopping Centre,Train,4.3,5.7,176.3,Local
2017-08-04,Home,School,Bus,7.42,17.8,779.1,Local
2017-08-05,Home,School,Bus,18.04,43.3,1894.2,Local
2017-08-07,Home,Friend's Place,Bicycle,19.8,79.2,0.0,Local
2017-08-08,Home,Friend's Place,Train,19.37,25.8,794.2,Local
2017-08-09,Home,Cinema,Train,6.88,9.2,282.1,Local
2017-08-10,Home,Cinema,Bicycle,10.9,43.6,0.0,Local
2017-08-11,Home,School,Bus,8.14,19.5,854.7,Local
2017-08-12,Home,Park,Bus,7.58,18.2,795.9,Local
2017-08-13,Home,Park,Car,13.61,20.4,2613.1,Local
2017-08-13,Park,Home,Car,16.65,25.0,3196.8,Local
2017-08-14,Home,Shopping Centre,Tram,6.69,20.1,401.4,Local
2017-08-15,Home,Park,Bicycle,19.22,76.9,0.0,Local
2017-08-18,Library,Friend's Place,Bus,4.08,9.8,428.4,Local
2017-08-18,Cinema,Library,Tram,2.23,6.7,133.8,Local
2017-08-18,Home,Cinema,Car,10.72,16.1,2058.2,Local
2017-08-19,Home,Friend's Place,Bicycle,9.68,38.7,0.0,Local
2017-08-19,Friend's Place,Cinema,Train,3.48,4.6,142.7,Local
2017-08-20,Home,School,Bus,12.78,30.7,1341.9,Local
2017-08-22,Home,Shopping Centre,Tram,9.11,27.3,546.6,Local
2017-08-23,Home,Cinema,Tram,6.48,19.4,388.8,Local
2017-08-23,Cinema,School,Bus,7.71,18.5,809.5,Local
2017-08-23,School,Library,Car,4.81,7.2,923.5,Local
2017-08-24,Home,School,Bus,10.49,25.2,1101.5,Local
2017-08-27,Home,Shopping Centre,Walk,13.32,159.8,0.0,Local
2017-08-28,Home,Park,Walk,16.51,198.1,0.0,Local
2017-08-29,Home,Library,Car,5.73,8.6,1100.2,Local
2017-08-29,Library,Shopping Centre,Bus,6.0,14.4,630.0,Local
2017-08-29,Shopping Centre,Cinema,Car,5.53,8.3,1061.8,Local
2017-08-31,Home,Shopping Centre,Bus,11.64,27.9,1222.2,Local
2017-09-01,Home,School,Bus,19.15,46.0,2010.7,Local
2017-09-03,Home,School,Bus,15.32,36.8,1608.6,Local
2017-09-04,Home,Library,Bicycle,10.99,44.0,0.0,Local
2017-09-05,Home,School,Bus,8.61,20.7,904.0,Local
2017-09-07,Home,Cinema,Walk,19.76,237.1,0.0,Local
2017-09-07,Cinema,School,Bus,1.86,4.5,195.3,Local
2017-09-07,School,Library,Tram,2.99,9.0,179.4,Local
2017-09-08,Home,Friend's Place,Tram,18.0,54.0,1080.0,Local
2017-09-08,Friend's Place,Shopping Centre,Bicycle,1.89,7.6,0.0,Local
2017-09-09,Home,Park,Walk,19.94,239.3,0.0,Local
2017-09-12,Home,Shopping Centre,Bicycle,16.56,66.2,0.0,Local
2017-09-12,Home,Friend's Place,Car,11.62,17.4,2231.0,Local
2017-09-12,Friend's Place,Home,Tram,5.99,18.0,359.4,Local
2017-09-13,Home,Cinema,Bicycle,10.93,43.7,0.0,Local
2017-09-13,Cinema,Shopping Centre,Bus,1.94,4.7,203.7,Local
2017-09-15,Home,Library,Train,17.28,23.0,708.5,Local
2017-09-16,Home,Library,Train,18.44,24.6,756.0,Local
2017-09-17,Home,Friend's Place,Car,11.29,16.9,2167.7,Local
2017-09-18,Home,Park,Bicycle,10.98,43.9,0.0,Local
2017-09-19,Home,Cinema,Car,10.66,16.0,2046.7,Local
2017-09-19,Cinema,School,Bus,6.93,16.6,727.6,Local
2017-09-21,Home,Park,Walk,18.34,220.1,0.0,Local
2017-09-22,Home,Shopping Centre,Tram,10.89,32.7,653.4,Local
2017-09-23,Home,Cinema,Bus,7.07,17.0,742.4,Local
2017-09-24,Home,Shopping Centre,Bicycle,9.38,37.5,0.0,Local
2017-09-25,Home,School,Bus,18.75,45.0,1968.8,Local
2017-09-26,Home,Park,Car,18.31,27.5,3515.5,Local
2017-09-27,Park,Shopping Centre,Walk,3.76,45.1,0.0,Local
2017-09-27,Home,Park,Bus,13.93,33.4,1462.6,Local
2017-09-28,Home,School,Bus,15.46,37.1,1623.3,Local
2017-09-29,Home,Friend's Place,Bicycle,16.14,64.6,0.0,Local
2017-09-29,Friend's Place,Home,Car,14.69,22.0,2820.5,Local
2017-10-01,Home,Friend's Place,Bus,19.89,47.7,2088.5,Local
2017-10-02,Home,Shopping Centre,Bicycle,18.5,74.0,0.0,Local
2017-10-03,Home,Park,Bicycle,5.88,23.5,0.0,Local
2017-10-03,Park,Cinema,Car,7.45,11.2,1430.4,Local
2017-10-04,Home,Shopping Centre,Car,14.81,22.2,2843.5,Local
2017-10-05,Home,Friend's Place,Bus,11.43,27.4,1200.1,Local
2017-10-05,Friend's Place,Home,Walk,8.47,101.6,0.0,Local
2017-10-06,Home,Friend's Place,Bicycle,17.2,68.8,0.0,Local
2017-10-07,Home,Cinema,Walk,8.01,96.1,0.0,Local
2017-10-08,Home,Friend's Place,Bicycle,7.37,29.5,0.0,Local
2017-10-09,Home,Shopping Centre,Car,10.96,16.4,2104.3,Local
2017-10-10,Library,Friend's Place,Walk,3.28,39.4,0.0,Local
2017-10-10,Home,Library,Walk,19.63,235.6,0.0,Local
2017-10-11,Friend's Place,Shopping Centre,Bus,4.73,11.4,496.7,Local
2017-10-11,Shopping Centre,Cinema,Car,4.67,7.0,896.6,Local
2017-10-11,Home,Friend's Place,Tram,9.01,27.0,540.6,Local
2017-10-13,Home,Shopping Centre,Bus,10.9,26.2,1144.5,Local
2017-10-14,Home,Cinema,Car,11.19,16.8,2148.5,Local
2017-10-15,Home,Library,Tram,14.69,44.1,881.4,Local
2017-10-16,Home,School,Bus,11.51,27.6,1208.5,Local
2017-10-17,Home,Park,Bicycle,13.09,52.4,0.0,Local
2017-10-18,Home,Park,Tram,13.68,41.0,820.8,Local
2017-10-18,Park,Cinema,Bicycle,0.88,3.5,0.0,Local
2017-10-19,Home,School,Bus,16.42,39.4,1724.1,Local
2017-10-20,Home,Shopping Centre,Tram,12.49,37.5,749.4,Local
2017-10-20,Shopping Centre,Park,Walk,7.71,92.5,0.0,Local
2017-10-20,Park,Home,Train,18.84,25.1,772.4,Local
2017-10-22,Home,Park,Car,14.47,21.7,2778.2,Local
2017-10-22,Park,Shopping Centre,Bicycle,7.82,31.3,0.0,Local
2017-10-23,Home,School,Bus,15.91,38.2,1670.5,Local
2017-10-23,School,Park,Walk,1.33,16.0,0.0,Local
2017-10-24,Home,Shopping Centre,Train,12.09,16.1,495.7,Local
2017-10-24,School,Home,Tram,7.48,22.4,448.8,Local
2017-10-24,Home,School,Bus,8.12,19.5,852.6,Local
2017-10-25,Home,School,Bus,17.48,42.0,1835.4,Local
2017-10-25,School,Library,Train,5.91,7.9,242.3,Local
2017-10-26,Home,Shopping Centre,Tram,14.86,44.6,891.6,Local
2017-10-27,Home,Park,Train,16.3,21.7,668.3,Local
2017-10-27,Park,Friend's Place,Walk,6.97,83.6,0.0,Local
2017-10-28,Home,School,Bus,11.65,28.0,1223.2,Local
2017-10-28,School,Friend's Place,Bus,7.01,16.8,736.0,Local
2017-10-29,School,Friend's Place,Tram,0.93,2.8,55.8,Local
2017-10-29,Home,Park,Car,10.19,15.3,1956.5,Local
2017-10-29,Park,School,Bus,5.84,14.0,613.2,Local
2017-10-30,Home,Library,Car,10.58,15.9,2031.4,Local
2017-10-30,Library,Cinema,Bus,7.74,18.6,812.7,Local
2017-10-31,Home,School,Bus,8.95,21.5,939.7,Local
2017-11-01,Home,Park,Train,18.86,25.1,773.3,Local
2017-11-01,Park,School,Bus,0.76,1.8,79.8,Local
2017-11-03,Home,School,Bus,5.03,12.1,528.1,Local
2017-11-04,Park,School,Bus,4.84,11.6,508.2,Local
2017-11-04,Home,Park,Tram,13.23,39.7,793.8,Local
2017-11-05,Home,Friend's Place,Train,11.42,15.2,468.2,Local
2017-11-06,Home,Library,Tram,11.87,35.6,712.2,Local
2017-11-07,Home,Shopping Centre,Bus,19.2,46.1,2016.0,Local
2017-11-09,Home,Park,Train,7.47,10.0,306.3,Local
2017-11-10,Home,Library,Bicycle,12.74,51.0,0.0,Local
2017-11-11,Home,Library,Car,7.47,11.2,1434.2,Local
2017-11-11,Library,School,Bus,7.17,17.2,752.9,Local
2017-11-12,Home,Park,Train,19.64,26.2,805.2,Local
2017-11-12,Park,Home,Car,17.8,26.7,3417.6,Local
2017-11-12,Home,Park,Walk,15.82,189.8,0.0,Local
2017-11-13,Home,Cinema,Train,8.9,11.9,364.9,Local
2017-11-16,Home,Shopping Centre,Train,12.34,16.5,505.9,Local
2017-11-16,Shopping Centre,Cinema,Tram,0.96,2.9,57.6,Local
2017-11-17,Home,Friend's Place,Car,15.32,23.0,2941.4,Local
2017-11-18,Library,Shopping Centre,Tram,7.54,22.6,452.4,Local
2017-11-18,Shopping Centre,Friend's Place,Car,3.72,5.6,714.2,Local
2017-11-18,Home,Library,Train,6.25,8.3,256.2,Local
2017-11-23,Home,Cinema,Bus,7.24,17.4,760.2,Local
2017-11-26,Home,Library,Car,14.24,21.4,2734.1,Local
2017-11-26,Library,Cinema,Train,1.36,1.8,55.8,Local
2017-11-26,Cinema,School,Bus,7.34,17.6,770.7,Local
2017-11-28,Home,Library,Bicycle,13.63,54.5,0.0,Local
2017-11-29,Home,Park,Bus,9.73,23.4,1021.7,Local
2017-11-29,Park,Shopping Centre,Bus,2.75,6.6,288.8,Local
2017-11-30,Home,Shopping Centre,Tram,14.18,42.5,850.8,Local
2017-11-30,Shopping Centre,Park,Car,3.72,5.6,714.2,Local
2017-12-01,Home,Shopping Centre,Walk,19.61,235.3,0.0,Local
2017-12-01,Shopping Centre,Friend's Place,Bus,6.09,14.6,639.4,Local
2017-12-02,Home,Park,Bus,9.1,21.8,955.5,Local
2017-12-03,Home,Park,Bus,6.35,15.2,666.8,Local
2017-12-04,Home,Cinema,Car,15.55,23.3,2985.6,Local
2017-12-05,Home,Park,Bus,17.34,41.6,1820.7,Local
2017-12-06,Home,Cinema,Bus,15.72,37.7,1650.6,Local
2017-12-07,Home,Cinema,Tram,11.33,34.0,679.8,Local
2017-12-09,Park,Cinema,Bicycle,5.61,22.4,0.0,Local
2017-12-09,Cinema,Friend's Place,Tram,3.46,10.4,207.6,Local
2017-12-09,Home,Park,Walk,15.04,180.5,0.0,Local
2017-12-10,Home,Shopping Centre,Bus,8.01,19.2,841.0,Local
2017-12-10,Shopping Centre,Home,Bicycle,16.77,67.1,0.0,Local
2017-12-11,Home,School,Bus,18.06,43.3,1896.3,Local
2017-12-12,Home,Shopping Centre,Bus,18.26,43.8,1917.3,Local
2017-12-14,Home,Library,Car,6.06,9.1,1163.5,Local
2017-12-15,Home,Friend's Place,Car,19.87,29.8,3815.0,Local
2017-12-16,Home,Friend's Place,Tram,6.53,19.6,391.8,Local
2017-12-19,Home,Library,Tram,12.25,36.8,735.0,Local
2017-12-20,Home,Park,Train,8.39,11.2,344.0,Local
2017-12-20,Park,Cinema,Bicycle,5.1,20.4,0.0,Local
2017-12-20,Cinema,Library,Car,1.35,2.0,259.2,Local
2017-12-21,Home,Shopping Centre,Bicycle,18.9,75.6,0.0,Local
2017-12-21,Shopping Centre,Friend's Place,Walk,6.96,83.5,0.0,Local
2017-12-22,Home,Friend's Place,Train,8.8,11.7,360.8,Local
2017-12-23,Home,Shopping Centre,Car,14.7,22.1,2822.4,Local
2017-12-25,Home,Cinema,Train,14.84,19.8,608.4,Local
2017-12-26,Home,Library,Walk,14.96,179.5,0.0,Local
2017-12-27,Home,Cinema,Bicycle,9.33,37.3,0.0,Local
2017-12-28,Home,Park,Bicycle,14.67,58.7,0.0,Local
2017-12-29,Home,School,Bus,6.23,15.0,654.2,Local
2017-12-30,Home,School,Bus,5.35,12.8,561.8,Local
2017-12-31,Home,Cinema,Bicycle,9.02,36.1,0.0,Local
2018-01-01,Home,Cinema,Car,10.22,15.3,1962.2,Local
2018-01-02,Home,Park,Walk,18.3,219.6,0.0,Local
2018-01-03,Home,School,Bus,5.74,13.8,602.7,Local
2018-01-04,Home,Shopping Centre,Tram,9.56,28.7,573.6,Local
2018-01-05,Home,Park,Bicycle,5.79,23.2,0.0,Local
2018-01-06,Home,Library,Bus,10.25,24.6,1076.2,Local
2018-01-07,Home,Friend's Place,Bicycle,13.04,52.2,0.0,Local
2018-01-07,Friend's Place,Park,Walk,7.52,90.2,0.0,Local
2018-01-07,Park,Library,Car,5.43,8.1,1042.6,Local
2018-01-08,Home,Library,Walk,19.6,235.2,0.0,Local
2018-01-09,Home,Friend's Place,Car,6.43,9.6,1234.6,Local
2018-01-09,Friend's Place,Home,Car,7.13,10.7,1369.0,Local
2018-01-09,Home,Friend's Place,Car,15.27,22.9,2931.8,Local
2018-01-11,Home,School,Bus,13.67,32.8,1435.3,Local
2018-01-12,Home,Friend's Place,Bicycle,11.27,45.1,0.0,Local
2018-01-12,Friend's Place,Park,Tram,5.85,17.5,351.0,Local
2018-01-14,Home,Cinema,Walk,13.88,166.6,0.0,Local
2018-01-15,Home,Cinema,Walk,17.95,215.4,0.0,Local
2018-01-16,Home,Friend's Place,Bus,12.79,30.7,1342.9,Local
2018-01-17,Home,School,Bus,19.39,46.5,2036.0,Local
2018-01-18,Home,Friend's Place,Bus,14.18,34.0,1488.9,Local
2018-01-21,Shopping Centre,Park,Bicycle,2.63,10.5,0.0,Local
2018-01-21,Home,Shopping Centre,Tram,7.56,22.7,453.6,Local
2018-01-22,Home,Park,Bus,10.42,25.0,1094.1,Local
2018-01-25,Home,Friend's Place,Tram,13.26,39.8,795.6,Local
2018-01-25,Friend's Place,Home,Bicycle,18.47,73.9,0.0,Local
2018-01-26,Home,Library,Bus,13.87,33.3,1456.3,Local
2018-01-27,Home,Friend's Place,Bicycle,5.46,21.8,0.0,Local
2018-01-27,Friend's Place,Library,Tram,4.56,13.7,273.6,Local
2018-01-28,Home,School,Bus,10.4,25.0,1092.0,Local
2018-01-29,Cinema,School,Bus,5.75,13.8,603.8,Local
2018-01-29,Shopping Centre,Cinema,Bus,1.48,3.6,155.4,Local
2018-01-29,Home,Shopping Centre,Walk,7.8,93.6,0.0,Local
2018-01-30,Home,Shopping Centre,Bus,14.84,35.6,1558.2,Local
2018-02-02,Home,Shopping Centre,Train,10.32,13.8,423.1,Local
2018-02-03,Home,Cinema,Tram,9.89,29.7,593.4,Local
2018-02-04,Home,Library,Tram,9.0,27.0,540.0,Local
2018-02-05,Home,Cinema,Car,7.05,10.6,1353.6,Local
2018-02-05,Cinema,Library,Walk,0.55,6.6,0.0,Local
2018-02-06,Park,Home,Tram,9.1,27.3,546.0,Local
2018-02-06,Home,Park,Car,9.65,14.5,1852.8,Local
2018-02-09,Home,Shopping Centre,Car,10.71,16.1,2056.3,Local
2018-02-09,Shopping Centre,Cinema,Car,5.99,9.0,1150.1,Local
2018-02-09,Cinema,Park,Train,4.72,6.3,193.5,Local
2018-02-10,Home,Shopping Centre,Car,16.8,25.2,3225.6,Local
2018-02-11,Home,Cinema,Bicycle,18.26,73.0,0.0,Local
2018-02-13,Home,Friend's Place,Train,16.65,22.2,682.6,Local
2018-02-14,Home,Library,Tram,14.37,43.1,862.2,Local
2018-02-15,Home,Park,Tram,13.85,41.5,831.0,Local
2018-02-16,Cinema,Shopping Centre,Tram,5.37,16.1,322.2,Local
2018-02-16,Home,Cinema,Walk,15.77,189.2,0.0,Local
2018-02-17,Home,Library,Bus,12.7,30.5,1333.5,Local
2018-02-18,Home,Shopping Centre,Bicycle,7.47,29.9,0.0,Local
2018-02-21,Home,School,Bus,17.65,42.4,1853.2,Local
2018-02-21,School,Friend's Place,Bus,5.57,13.4,584.9,Local
2018-02-22,Home,Cinema,Walk,11.43,137.2,0.0,Local
2018-02-22,Cinema,Friend's Place,Car,0.65,1.0,124.8,Local
2018-02-23,Home,Library,Tram,13.39,40.2,803.4,Local
2018-02-23,Library,Park,Bus,1.54,3.7,161.7,Local
2018-02-27,Home,Shopping Centre,Bus,19.61,47.1,2059.0,Local
2018-02-28,Home,Library,Car,11.61,17.4,2229.1,Local
2018-03-02,Home,Library,Bus,11.86,28.5,1245.3,Local
2018-03-03,Home,Shopping Centre,Car,13.42,20.1,2576.6,Local
2018-03-04,Home,Friend's Place,Bus,14.3,34.3,1501.5,Local
2018-03-05,Home,Friend's Place,Bicycle,6.6,26.4,0.0,Local
2018-03-06,Home,Library,Train,10.99,14.7,450.6,Local
2018-03-06,Library,School,Bus,7.14,17.1,749.7,Local
2018-03-07,Home,Shopping Centre,Car,13.8,20.7,2649.6,Local
2018-03-08,Home,Shopping Centre,Train,13.45,17.9,551.4,Local
2018-03-09,Home,Shopping Centre,Train,10.87,14.5,445.7,Local
2018-03-09,Shopping Centre,Cinema,Train,0.89,1.2,36.5,Local
2018-03-11,Home,School,Bus,9.45,22.7,992.2,Local
2018-03-11,School,Shopping Centre,Car,7.42,11.1,1424.6,Local
2018-03-12,Home,Shopping Centre,Train,6.68,8.9,273.9,Local
2018-03-13,Home,Park,Tram,6.0,18.0,360.0,Local
2018-03-14,Home,Friend's Place,Tram,19.61,58.8,1176.6,Local
2018-03-15,School,Friend's Place,Car,1.21,1.8,232.3,Local
2018-03-15,Home,School,Bus,15.72,37.7,1650.6,Local
2018-03-16,Home,Shopping Centre,Bicycle,8.72,34.9,0.0,Local
2018-03-18,Home,Friend's Place,Car,11.42,17.1,2192.6,Local
2018-03-18,Friend's Place,Shopping Centre,Walk,1.31,15.7,0.0,Local
2018-03-18,Shopping Centre,Home,Train,18.09,24.1,741.7,Local
2018-03-19,Home,Library,Bicycle,8.59,34.4,0.0,Local
2018-03-20,Home,Cinema,Car,9.19,13.8,1764.5,Local
2018-03-20,Cinema,Park,Bicycle,6.2,24.8,0.0,Local
2018-03-21,Home,Friend's Place,Train,10.02,13.4,410.8,Local
2018-03-22,Home,Friend's Place,Walk,15.33,184.0,0.0,Local
2018-03-23,Home,Library,Car,19.79,29.7,3799.7,Local
2018-03-24,Home,Library,Train,17.51,23.3,717.9,Local
2018-03-24,Library,Friend's Place,Bus,5.92,14.2,621.6,Local
2018-03-26,Home,School,Bus,15.09,36.2,1584.5,Local
2018-03-26,School,Home,Car,17.54,26.3,3367.7,Local
2018-03-27,Home,Shopping Centre,Car,14.88,22.3,2857.0,Local
2018-03-28,Library,Home,Bus,6.1,14.6,640.5,Local
2018-03-28,Home,Library,Tram,14.5,43.5,870.0,Local
2018-03-29,Home,Park,Bus,14.38,34.5,1509.9,Local
2018-03-29,Park,Library,Train,4.1,5.5,168.1,Local
2018-03-30,Home,Library,Bicycle,7.31,29.2,0.0,Local
2018-03-31,Home,Park,Train,19.85,26.5,813.9,Local
2018-04-01,Home,Friend's Place,Bus,12.01,28.8,1261.0,Local
2018-04-02,Friend's Place,Library,Train,4.0,5.3,164.0,Local
2018-04-02,Home,Friend's Place,Car,8.26,12.4,1585.9,Local
2018-04-03,Home,Shopping Centre,Bus,13.15,31.6,1380.8,Local
2018-04-04,Home,Park,Train,11.57,15.4,474.4,Local
2018-04-05,Home,Library,Train,7.31,9.7,299.7,Local
2018-04-06,Home,Park,Bus,16.97,40.7,1781.8,Local
2018-04-07,Home,Library,Bus,13.45,32.3,1412.2,Local
2018-04-08,Home,Shopping Centre,Car,18.33,27.5,3519.4,Local
2018-04-08,Shopping Centre,Library,Walk,3.13,37.6,0.0,Local
2018-04-10,Home,Cinema,Bus,12.92,31.0,1356.6,Local
2018-04-10,Cinema,Home,Car,10.64,16.0,2042.9,Local
2018-04-11,Home,School,Bus,14.88,35.7,1562.4,Local
2018-04-12,Park,Library,Tram,2.46,7.4,147.6,Local
2018-04-12,Home,Park,Walk,12.91,154.9,0.0,Local
2018-04-13,Home,Park,Walk,17.21,206.5,0.0,Local
2018-04-13,Park,Library,Tram,5.66,17.0,339.6,Local
2018-04-14,Home,Park,Walk,10.51,126.1,0.0,Local
2018-04-14,Park,Cinema,Walk,6.66,79.9,0.0,Local
2018-04-17,Home,Cinema,Bicycle,17.59,70.4,0.0,Local
2018-04-18,Home,School,Bus,12.44,29.9,1306.2,Local
2018-04-18,School,Park,Bus,7.87,18.9,826.4,Local
2018-04-19,Home,Shopping Centre,Tram,7.56,22.7,453.6,Local
2018-04-21,Cinema,Park,Tram,5.39,16.2,323.4,Local
2018-04-21,Home,Cinema,Walk,12.95,155.4,0.0,Local
2018-04-23,Home,Friend's Place,Walk,17.99,215.9,0.0,Local
2018-04-25,Home,Shopping Centre,Walk,17.8,213.6,0.0,Local
2018-04-26,Home,Friend's Place,Walk,19.51,234.1,0.0,Local
2018-04-26,Friend's Place,Park,Tram,1.9,5.7,114.0,Local
2018-04-26,Park,Shopping Centre,Bus,2.63,6.3,276.1,Local
2018-04-27,Home,Friend's Place,Bus,14.9,35.8,1564.5,Local
2018-04-28,Home,Park,Tram,5.41,16.2,324.6,Local
2018-04-29,Home,Library,Bus,13.66,32.8,1434.3,Local
2018-04-30,Park,Home,Bicycle,19.66,78.6,0.0,Local
2018-04-30,Home,Cinema,Bicycle,14.45,57.8,0.0,Local
2018-04-30,Cinema,Park,Car,3.7,5.5,710.4,Local
2018-05-01,Home,Library,Walk,8.98,107.8,0.0,Local
2018-05-01,Library,Friend's Place,Tram,6.51,19.5,390.6,Local
2018-05-02,Home,Cinema,Bicycle,7.82,31.3,0.0,Local
2018-05-02,Cinema,Home,Bus,6.16,14.8,646.8,Local
2018-05-03,Home,Park,Train,14.91,19.9,611.3,Local
2018-05-04,Home,School,Bus,11.03,26.5,1158.1,Local
2018-05-05,School,Home,Walk,15.99,191.9,0.0,Local
2018-05-05,Home,School,Bus,7.45,17.9,782.2,Local
2018-05-06,Home,Friend's Place,Tram,18.41,55.2,1104.6,Local
2018-05-07,Home,Cinema,Bicycle,13.85,55.4,0.0,Local
2018-05-08,Home,School,Bus,5.24,12.6,550.2,Local
2018-05-08,School,Home,Bicycle,16.21,64.8,0.0,Local
2018-05-08,Home,Library,Walk,12.18,146.2,0.0,Local
2018-05-10,Home,Park,Train,12.55,16.7,514.6,Local
2018-05-11,Home,Cinema,Car,9.55,14.3,1833.6,Local
2018-05-12,Home,Shopping Centre,Bicycle,11.6,46.4,0.0,Local
2018-05-13,Home,Library,Bicycle,17.82,71.3,0.0,Local
2018-05-14,Home,Friend's Place,Bicycle,17.25,69.0,0.0,Local
2018-05-14,Friend's Place,Library,Tram,5.13,15.4,307.8,Local
2018-05-15,Home,Shopping Centre,Bus,6.41,15.4,673.1,Local
2018-05-17,Home,Friend's Place,Walk,11.95,143.4,0.0,Local
2018-05-17,Friend's Place,Home,Car,15.48,23.2,2972.2,Local
2018-05-17,Home,Cinema,Bicycle,9.52,38.1,0.0,Local
2018-05-18,Home,Friend's Place,Car,12.8,19.2,2457.6,Local
2018-05-20,Home,Library,Tram,7.33,22.0,439.8,Local
2018-05-21,Home,Shopping Centre,Tram,13.62,40.9,817.2,Local
2018-05-23,Home,School,Bus,12.62,30.3,1325.1,Local
2018-05-23,School,Library,Train,7.6,10.1,311.6,Local
2018-05-23,Library,School,Bus,6.5,15.6,682.5,Local
2018-05-24,Home,Friend's Place,Bus,8.39,20.1,881.0,Local
2018-05-25,Home,Cinema,Tram,6.06,18.2,363.6,Local
2018-05-26,Home,School,Bus,19.09,45.8,2004.5,Local
2018-05-27,Home,Friend's Place,Bus,5.13,12.3,538.6,Local
2018-05-30,Home,Library,Walk,11.07,132.8,0.0,Local
2018-05-30,Library,Cinema,Bicycle,6.11,24.4,0.0,Local
2018-05-31,Home,Library,Tram,7.04,21.1,422.4,Local
2018-06-01,Home,Cinema,Bus,6.97,16.7,731.9,Local
2018-06-03,Home,Library,Train,9.55,12.7,391.6,Local
2018-06-03,Library,Cinema,Train,0.66,0.9,27.1,Local
2018-06-03,Cinema,School,Bus,6.55,15.7,687.8,Local
2018-06-04,Cinema,Friend's Place,Walk,2.57,30.8,0.0,Local
2018-06-04,Friend's Place,Shopping Centre,Tram,1.84,5.5,110.4,Local
2018-06-04,Home,Cinema,Bicycle,12.96,51.8,0.0,Local
2018-06-05,Home,Cinema,Bus,9.43,22.6,990.1,Local
2018-06-06,Home,Park,Bicycle,14.08,56.3,0.0,Local
2018-06-07,Home,Shopping Centre,Walk,19.01,228.1,0.0,Local
2018-06-07,Shopping Centre,Park,Car,4.87,7.3,935.0,Local
2018-06-08,Home,Cinema,Bus,6.4,15.4,672.0,Local
2018-06-09,Home,Friend's Place,Tram,16.93,50.8,1015.8,Local
2018-06-10,Library,Cinema,Train,1.32,1.8,54.1,Local
2018-06-10,Home,Library,Walk,6.43,77.2,0.0,Local
2018-06-11,Home,Friend's Place,Train,5.22,7.0,214.0,Local
2018-06-11,Friend's Place,Home,Tram,12.28,36.8,736.8,Local
2018-06-11,Home,Friend's Place,Train,10.78,14.4,442.0,Local
2018-06-12,Home,Library,Tram,10.89,32.7,653.4,Local
2018-06-12,Library,School,Bus,7.46,17.9,783.3,Local
2018-06-12,School,Shopping Centre,Tram,6.37,19.1,382.2,Local
2018-06-13,Home,Park,Bus,18.59,44.6,1952.0,Local
2018-06-14,Home,Park,Car,9.79,14.7,1879.7,Local
2018-06-14,Park,Home,Walk,18.09,217.1,0.0,Local
2018-06-15,Home,School,Bus,19.9,47.8,2089.5,Local
2018-06-16,Home,Cinema,Tram,19.79,59.4,1187.4,Local
2018-06-16,Cinema,Park,Train,5.48,7.3,224.7,Local
2018-06-16,Park,School,Bus,2.05,4.9,215.2,Local
2018-06-18,Home,Park,Walk,16.56,198.7,0.0,Local
2018-06-20,Home,Park,Bus,6.5,15.6,682.5,Local
2018-06-20,Park,Friend's Place,Tram,5.82,17.5,349.2,Local
2018-06-20,Friend's Place,Home,Walk,19.78,237.4,0.0,Local
2018-06-22,Home,School,Bus,11.12,26.7,1167.6,Local
2018-06-23,Shopping Centre,Friend's Place,Bicycle,6.36,25.4,0.0,Local
2018-06-23,Home,Shopping Centre,Walk,18.65,223.8,0.0,Local
2018-06-24,Home,Park,Tram,10.47,31.4,628.2,Local
2018-06-24,Park,Cinema,Bus,6.45,15.5,677.2,Local
2018-06-24,Cinema,Friend's Place,Bicycle,1.27,5.1,0.0,Local
2018-06-25,Home,School,Bus,10.55,25.3,1107.8,Local
2018-06-26,Home,Friend's Place,Bicycle,19.57,78.3,0.0,Local
2018-06-26,Friend's Place,Cinema,Tram,6.54,19.6,392.4,Local
2018-06-27,Home,Cinema,Bus,18.58,44.6,1950.9,Local
2018-06-27,Cinema,Home,Car,10.6,15.9,2035.2,Local
2018-06-27,Home,Cinema,Car,12.76,19.1,2449.9,Local
2018-06-28,Home,Friend's Place,Bus,10.83,26.0,1137.2,Local
2018-06-28,Friend's Place,Cinema,Bus,6.16,14.8,646.8,Local
2018-06-30,Home,Friend's Place,Walk,19.91,238.9,0.0,Local
2018-06-30,Friend's Place,Library,Train,2.34,3.1,95.9,Local
2018-06-30,Library,School,Bus,7.83,18.8,822.1,Local
2018-07-01,Home,Cinema,Walk,5.14,61.7,0.0,Local
2018-07-04,Home,Friend's Place,Bus,5.48,13.2,575.4,Local
2018-07-05,Home,Library,Bus,17.08,41.0,1793.4,Local
2018-07-06,Home,Shopping Centre,Bus,16.61,39.9,1744.0,Local
2018-07-06,Shopping Centre,Park,Train,7.42,9.9,304.2,Local
2018-07-07,Home,Park,Bicycle,11.62,46.5,0.0,Local
2018-07-07,Park,Friend's Place,Bicycle,6.9,27.6,0.0,Local
2018-07-08,Home,Shopping Centre,Train,18.78,25.0,770.0,Local
2018-07-08,Shopping Centre,Home,Train,14.94,19.9,612.5,Local
2018-07-09,Home,Friend's Place,Bus,19.95,47.9,2094.8,Local
2018-07-09,Friend's Place,Library,Bicycle,1.94,7.8,0.0,Local
2018-07-10,Shopping Centre,Friend's Place,Bicycle,7.92,31.7,0.0,Local
2018-07-10,Home,Shopping Centre,Tram,8.81,26.4,528.6,Local
2018-07-13,Home,School,Bus,8.64,20.7,907.2,Local
2018-07-13,School,Library,Train,7.26,9.7,297.7,Local
2018-07-14,Home,Friend's Place,Tram,8.99,27.0,539.4,Local
2018-07-14,Friend's Place,Home,Car,8.63,12.9,1657.0,Local
2018-07-14,Home,School,Bus,10.2,24.5,1071.0,Local
2018-07-15,Home,Library,Tram,15.4,46.2,924.0,Local
2018-07-17,Home,Friend's Place,Bicycle,10.45,41.8,0.0,Local
2018-07-18,Home,Friend's Place,Walk,8.22,98.6,0.0,Local
2018-07-19,Home,Library,Bicycle,18.34,73.4,0.0,Local
2018-07-19,Library,Home,Train,8.84,11.8,362.4,Local
2018-07-19,Home,School,Bus,9.4,22.6,987.0,Local
2018-07-22,Home,Shopping Centre,Car,13.27,19.9,2547.8,Local
2018-07-22,Shopping Centre,Cinema,Train,3.53,4.7,144.7,Local
2018-07-22,Cinema,Park,Tram,1.08,3.2,64.8,Local
2018-07-24,Home,Library,Bus,16.48,39.6,1730.4,Local
2018-07-25,Home,Cinema,Tram,15.87,47.6,952.2,Local
2018-07-26,Home,Library,Bus,6.32,15.2,663.6,Local
2018-07-28,Home,Cinema,Tram,14.75,44.2,885.0,Local
2018-07-28,Cinema,School,Bus,2.94,7.1,308.7,Local
2018-07-28,School,Park,Bus,6.73,16.2,706.7,Local
2018-07-29,Home,School,Bus,12.68,30.4,1331.4,Local
2018-07-30,Home,School,Bus,11.84,28.4,1243.2,Local
2018-07-31,Home,Cinema,Bicycle,14.58,58.3,0.0,Local
2018-08-01,Home,Library,Walk,9.82,117.8,0.0,Local
2018-08-02,Home,Cinema,Bus,6.96,16.7,730.8,Local
2018-08-03,Home,School,Bus,6.74,16.2,707.7,Local
2018-08-04,Home,Shopping Centre,Car,9.27,13.9,1779.8,Local
2018-08-04,Shopping Centre,Library,Car,3.1,4.7,595.2,Local
2018-08-05,Home,Shopping Centre,Walk,17.47,209.6,0.0,Local
2018-08-05,Shopping Centre,Home,Car,11.15,16.7,2140.8,Local
2018-08-06,Home,Friend's Place,Bicycle,5.72,22.9,0.0,Local
2018-08-07,Home,Library,Bus,16.32,39.2,1713.6,Local
2018-08-08,Home,Cinema,Bicycle,9.73,38.9,0.0,Local
2018-08-09,Home,Park,Walk,9.4,112.8,0.0,Local
2018-08-10,Library,Cinema,Bus,5.61,13.5,589.1,Local
2018-08-10,Home,Library,Tram,8.42,25.3,505.2,Local
2018-08-11,Home,Library,Bus,12.89,30.9,1353.5,Local
2018-08-12,Home,Friend's Place,Train,13.73,18.3,562.9,Local
2018-08-13,Home,Park,Tram,7.3,21.9,438.0,Local
2018-08-14,Home,Park,Car,11.92,17.9,2288.6,Local
2018-08-16,Home,Cinema,Car,16.16,24.2,3102.7,Local
2018-08-17,Home,Friend's Place,Car,8.28,12.4,1589.8,Local
2018-08-17,Friend's Place,Shopping Centre,Tram,2.61,7.8,156.6,Local
2018-08-17,Shopping Centre,Home,Bus,10.97,26.3,1151.9,Local
2018-08-18,Home,School,Bus,10.63,25.5,1116.2,Local
2018-08-19,Home,Shopping Centre,Train,11.49,15.3,471.1,Local
2018-08-20,Home,Cinema,Train,17.59,23.5,721.2,Local
2018-08-20,Cinema,School,Bus,7.02,16.8,737.1,Local
2018-08-21,Home,Library,Walk,12.11,145.3,0.0,Local
2018-08-21,Library,Friend's Place,Train,4.57,6.1,187.4,Local
2018-08-23,Park,Shopping Centre,Car,6.61,9.9,1269.1,Local
2018-08-23,Shopping Centre,Cinema,Bus,3.52,8.4,369.6,Local
2018-08-23,Home,Park,Train,11.2,14.9,459.2,Local
2018-08-24,Home,Shopping Centre,Train,15.78,21.0,647.0,Local
2018-08-24,Shopping Centre,Cinema,Train,3.61,4.8,148.0,Local
2018-08-24,Cinema,Shopping Centre,Train,2.22,3.0,91.0,Local
2018-08-26,Home,Park,Train,8.85,11.8,362.8,Local
2018-08-27,Home,School,Bus,13.49,32.4,1416.5,Local
2018-08-27,School,Library,Bicycle,6.07,24.3,0.0,Local
2018-08-28,Home,School,Bus,12.87,30.9,1351.3,Local
2018-08-29,Friend's Place,School,Bus,2.29,5.5,240.5,Local
2018-08-29,Home,Friend's Place,Bicycle,9.47,37.9,0.0,Local
2018-08-30,Home,School,Bus,18.24,43.8,1915.2,Local
2018-08-30,School,Home,Car,9.64,14.5,1850.9,Local
2018-08-31,Home,Library,Car,5.47,8.2,1050.2,Local
2018-09-01,Home,School,Bus,12.82,30.8,1346.1,Local
2018-09-03,Home,Library,Walk,7.65,91.8,0.0,Local
2018-09-03,Library,Shopping Centre,Bicycle,5.53,22.1,0.0,Local
2018-09-03,Shopping Centre,Library,Bus,5.83,14.0,612.1,Local
2018-09-04,Home,Park,Bus,16.48,39.6,1730.4,Local
2018-09-05,Home,Library,Bicycle,16.68,66.7,0.0,Local
2018-09-06,Home,Park,Bicycle,18.09,72.4,0.0,Local
2018-09-07,Home,Library,Car,6.81,10.2,1307.5,Local
2018-09-10,Home,Library,Car,12.84,19.3,2465.3,Local
2018-09-10,Library,Shopping Centre,Car,3.86,5.8,741.1,Local
2018-09-11,Home,Friend's Place,Tram,7.5,22.5,450.0,Local
2018-09-11,Friend's Place,Shopping Centre,Walk,7.15,85.8,0.0,Local
2018-09-12,Home,School,Bus,9.36,22.5,982.8,Local
2018-09-12,School,Cinema,Bicycle,5.94,23.8,0.0,Local
2018-09-12,Cinema,Library,Walk,6.01,72.1,0.0,Local
2018-09-13,Home,Cinema,Train,7.01,9.3,287.4,Local
2018-09-14,Home,Cinema,Tram,8.5,25.5,510.0,Local
2018-09-14,Cinema,Park,Walk,7.24,86.9,0.0,Local
2018-09-15,Home,Cinema,Train,18.59,24.8,762.2,Local
2018-09-16,Home,Friend's Place,Bicycle,7.05,28.2,0.0,Local
2018-09-16,Friend's Place,School,Bus,5.47,13.1,574.4,Local
2018-09-16,School,Friend's Place,Bicycle,3.94,15.8,0.0,Local
2018-09-17,Home,Library,Tram,8.11,24.3,486.6,Local
2018-09-17,Library,Home,Bus,12.62,30.3,1325.1,Local
2018-09-18,Home,Park,Car,10.87,16.3,2087.0,Local
2018-09-19,Home,Shopping Centre,Walk,8.88,106.6,0.0,Local
2018-09-19,Shopping Centre,Park,Bus,6.58,15.8,690.9,Local
2018-09-20,Home,School,Bus,9.0,21.6,945.0,Local
2018-09-21,Home,Cinema,Train,12.69,16.9,520.3,Local
2018-09-21,Cinema,Park,Car,2.27,3.4,435.8,Local
2018-09-21,Park,Home,Bus,9.96,23.9,1045.8,Local
2018-09-23,Home,Cinema,Car,12.94,19.4,2484.5,Local
2018-09-24,Friend's Place,Shopping Centre,Train,6.58,8.8,269.8,Local
2018-09-24,Home,Friend's Place,Walk,19.66,235.9,0.0,Local
2018-09-25,Home,School,Bus,7.51,18.0,788.5,Local
2018-09-26,Home,School,Bus,8.37,20.1,878.8,Local
2018-09-27,Home,Friend's Place,Bicycle,13.53,54.1,0.0,Local
2018-09-29,Home,Friend's Place,Train,16.26,21.7,666.7,Local
2018-10-01,Home,School,Bus,12.69,30.5,1332.5,Local
2018-10-02,Home,Park,Bus,13.15,31.6,1380.8,Local
2018-10-02,Park,Shopping Centre,Walk,0.97,11.6,0.0,Local
2018-10-03,Home,Park,Car,10.64,16.0,2042.9,Local
2018-10-04,Park,Cinema,Walk,6.8,81.6,0.0,Local
2018-10-04,Home,Park,Train,7.37,9.8,302.2,Local
2018-10-05,Home,Park,Bus,5.29,12.7,555.5,Local
2018-10-05,Park,School,Bus,1.51,3.6,158.6,Local
2018-10-06,Home,School,Bus,18.61,44.7,1954.0,Local
2018-10-06,School,Friend's Place,Train,6.15,8.2,252.2,Local
2018-10-07,Home,Shopping Centre,Train,16.93,22.6,694.1,Local
2018-10-08,Home,Shopping Centre,Tram,14.84,44.5,890.4,Local
2018-10-09,Home,Friend's Place,Train,8.71,11.6,357.1,Local
2018-10-09,Friend's Place,School,Bus,2.46,5.9,258.3,Local
2018-10-09,School,Park,Train,1.6,2.1,65.6,Local
2018-10-10,Home,Park,Bicycle,11.11,44.4,0.0,Local
2018-10-11,Home,Friend's Place,Bus,13.77,33.0,1445.8,Local
2018-10-11,Friend's Place,Shopping Centre,Bus,3.0,7.2,315.0,Local
2018-10-11,Shopping Centre,Cinema,Tram,0.68,2.0,40.8,Local
2018-10-13,Home,Friend's Place,Walk,13.86,166.3,0.0,Local
2018-10-14,Home,Shopping Centre,Tram,11.8,35.4,708.0,Local
2018-10-14,Shopping Centre,School,Bus,7.75,18.6,813.8,Local
2018-10-15,Home,Park,Bicycle,8.75,35.0,0.0,Local
2018-10-16,Home,Shopping Centre,Bicycle,12.96,51.8,0.0,Local
2018-10-17,Home,School,Bus,12.11,29.1,1271.5,Local
2018-10-18,Home,Cinema,Car,9.97,15.0,1914.2,Local
2018-10-19,Home,Shopping Centre,Bus,7.41,17.8,778.1,Local
2018-10-19,Shopping Centre,School,Bus,4.52,10.8,474.6,Local
2018-10-21,Home,Park,Train,16.09,21.5,659.7,Local
2018-10-22,Home,Library,Bicycle,8.06,32.2,0.0,Local
2018-10-23,Home,Library,Bicycle,10.27,41.1,0.0,Local
2018-10-23,Library,Shopping Centre,Tram,3.77,11.3,226.2,Local
2018-10-24,Home,School,Bus,18.48,44.4,1940.4,Local
2018-10-25,Home,Cinema,Tram,19.06,57.2,1143.6,Local
2018-10-26,Home,Friend's Place,Walk,10.19,122.3,0.0,Local
2018-10-26,Friend's Place,Park,Bus,4.68,11.2,491.4,Local
2018-10-27,Home,Shopping Centre,Train,12.04,16.1,493.6,Local
2018-10-28,Home,Shopping Centre,Train,16.56,22.1,679.0,Local
2018-10-28,Shopping Centre,Friend's Place,Bicycle,4.38,17.5,0.0,Local
2018-10-29,Home,Friend's Place,Walk,7.4,88.8,0.0,Local
2018-10-30,Home,Friend's Place,Train,9.26,12.3,379.7,Local
2018-10-31,Home,Friend's Place,Tram,10.69,32.1,641.4,Local
2018-11-01,Home,Library,Car,10.57,15.9,2029.4,Local
2018-11-02,Home,Friend's Place,Bicycle,10.3,41.2,0.0,Local
2018-11-02,Friend's Place,Park,Bus,4.29,10.3,450.4,Local
2018-11-03,Home,Cinema,Tram,19.4,58.2,1164.0,Local
2018-11-03,Cinema,Home,Tram,7.99,24.0,479.4,Local
2018-11-04,Home,School,Bus,10.48,25.2,1100.4,Local
2018-11-05,Home,School,Bus,13.38,32.1,1404.9,Local
2018-11-06,Home,Cinema,Car,13.22,19.8,2538.2,Local
2018-11-07,Home,School,Bus,18.86,45.3,1980.3,Local
2018-11-08,Home,Park,Tram,8.72,26.2,523.2,Local
2018-11-09,Home,Park,Car,16.01,24.0,3073.9,Local
2018-11-10,Home,Library,Train,14.83,19.8,608.0,Local
2018-11-10,Library,School,Bus,7.39,17.7,775.9,Local
2018-11-10,School,Home,Bus,19.46,46.7,2043.3,Local
2018-11-11,Home,Cinema,Train,18.89,25.2,774.5,Local
2018-11-12,Home,Park,Train,16.83,22.4,690.0,Local
2018-11-13,Home,Friend's Place,Bicycle,17.98,71.9,0.0,Local
2018-11-13,Friend's Place,Cinema,Train,2.19,2.9,89.8,Local
2018-11-13,Cinema,Library,Walk,4.41,52.9,0.0,Local
2018-11-15,Home,Cinema,Car,14.35,21.5,2755.2,Local
2018-11-16,Home,Friend's Place,Bus,19.44,46.7,2041.2,Local
2018-11-16,Friend's Place,Cinema,Bicycle,7.77,31.1,0.0,Local
2018-11-16,Cinema,Library,Bus,7.93,19.0,832.6,Local
2018-11-17,Park,Library,Bicycle,1.17,4.7,0.0,Local
2018-11-17,Home,School,Bus,9.44,22.7,991.2,Local
2018-11-17,School,Park,Walk,1.32,15.8,0.0,Local
2018-11-18,Home,Library,Train,14.92,19.9,611.7,Local
2018-11-19,Home,Cinema,Bus,12.45,29.9,1307.2,Local
2018-11-19,Cinema,School,Bus,2.62,6.3,275.1,Local
2018-11-19,School,Shopping Centre,Train,0.73,1.0,29.9,Local
2018-11-20,Home,Library,Walk,15.08,181.0,0.0,Local
2018-11-22,Home,Park,Walk,15.22,182.6,0.0,Local
2018-11-24,Park,Home,Bicycle,18.79,75.2,0.0,Local
2018-11-24,Home,Park,Bus,10.32,24.8,1083.6,Local
2018-11-25,Park,Home,Bicycle,5.0,20.0,0.0,Local
2018-11-25,Shopping Centre,Park,Car,3.92,5.9,752.6,Local
2018-11-25,Home,Shopping Centre,Bicycle,14.2,56.8,0.0,Local
2018-11-27,Home,Library,Bicycle,11.72,46.9,0.0,Local
2018-11-29,Home,Library,Walk,12.56,150.7,0.0,Local
2018-11-30,Home,Park,Car,7.73,11.6,1484.2,Local
2018-11-30,Park,School,Bus,7.11,17.1,746.6,Local
2018-11-30,School,Park,Train,6.45,8.6,264.4,Local
2018-12-01,Home,School,Bus,19.09,45.8,2004.5,Local
2018-12-03,Home,Friend's Place,Bicycle,11.57,46.3,0.0,Local
2018-12-04,Home,Cinema,Bus,13.11,31.5,1376.5,Local
2018-12-05,Home,Library,Bus,18.67,44.8,1960.4,Local
2018-12-06,Home,Park,Train,5.22,7.0,214.0,Local
2018-12-07,Home,Cinema,Bicycle,8.61,34.4,0.0,Local
2018-12-10,Home,Shopping Centre,Bicycle,5.98,23.9,0.0,Local
2018-12-11,Home,Friend's Place,Walk,19.54,234.5,0.0,Local
2018-12-12,Home,Park,Tram,7.16,21.5,429.6,Local
2018-12-13,Friend's Place,Library,Walk,5.27,63.2,0.0,Local
2018-12-13,Shopping Centre,Friend's Place,Walk,1.88,22.6,0.0,Local
2018-12-13,Home,Shopping Centre,Tram,6.88,20.6,412.8,Local
2018-12-14,Home,Park,Train,13.96,18.6,572.4,Local
2018-12-15,Home,Park,Train,16.08,21.4,659.3,Local
2018-12-16,Home,Park,Bicycle,14.62,58.5,0.0,Local
2018-12-16,Park,Library,Bus,6.08,14.6,638.4,Local
2018-12-17,Home,Library,Bicycle,13.85,55.4,0.0,Local
2018-12-18,Home,Park,Walk,6.38,76.6,0.0,Local
2018-12-19,Home,Friend's Place,Walk,19.61,235.3,0.0,Local
2018-12-20,Home,School,Bus,18.68,44.8,1961.4,Local
2018-12-21,Home,Friend's Place,Bicycle,17.02,68.1,0.0,Local
2018-12-22,Home,Shopping Centre,Bicycle,15.44,61.8,0.0,Local
2018-12-23,Home,School,Bus,14.14,33.9,1484.7,Local
2018-12-24,Home,Shopping Centre,Bicycle,7.75,31.0,0.0,Local
2018-12-25,Home,Library,Bus,18.47,44.3,1939.3,Local
2018-12-26,Home,School,Bus,15.29,36.7,1605.4,Local
2018-12-27,Home,Friend's Place,Train,5.65,7.5,231.7,Local
2018-12-28,Home,Library,Car,12.99,19.5,2494.1,Local
2018-12-29,Home,Friend's Place,Walk,10.38,124.6,0.0,Local
2018-12-30,Home,School,Bus,13.74,33.0,1442.7,Local
2018-12-31,Home,School,Bus,19.78,47.5,2076.9,Local
2019-01-01,Home,Park,Bicycle,16.33,65.3,0.0,Local
2019-01-02,Home,Cinema,Bus,16.47,39.5,1729.3,Local
2019-01-03,Home,Library,Tram,18.49,55.5,1109.4,Local
2019-01-05,Home,Friend's Place,Walk,19.38,232.6,0.0,Local
2019-01-05,Friend's Place,Park,Bus,1.05,2.5,110.2,Local
2019-01-06,Home,Shopping Centre,Tram,13.3,39.9,798.0,Local
2019-01-07,Home,School,Bus,5.4,13.0,567.0,Local
2019-01-08,Home,School,Bus,8.78,21.1,921.9,Local
2019-01-08,School,Library,Bus,1.63,3.9,171.1,Local
2019-01-08,Library,School,Bus,4.87,11.7,511.4,Local
2019-01-09,Home,School,Bus,19.5,46.8,2047.5,Local
2019-01-10,Home,Friend's Place,Bicycle,14.93,59.7,0.0,Local
2019-01-11,Home,Library,Tram,13.21,39.6,792.6,Local
2019-01-11,Library,Home,Bicycle,13.3,53.2,0.0,Local
2019-01-12,Library,Home,Car,19.24,28.9,3694.1,Local
2019-01-12,Home,Library,Bicycle,17.5,70.0,0.0,Local
2019-01-13,Home,Park,Bus,15.93,38.2,1672.6,Local
2019-01-14,Home,School,Bus,17.3,41.5,1816.5,Local
2019-01-16,Home,Friend's Place,Walk,5.53,66.4,0.0,Local
2019-01-17,Home,Library,Walk,14.54,174.5,0.0,Local
2019-01-17,Library,Shopping Centre,Bicycle,6.52,26.1,0.0,Local
2019-01-18,Home,Cinema,Bus,12.86,30.9,1350.3,Local
2019-01-19,Home,Shopping Centre,Bus,7.82,18.8,821.1,Local
2019-01-20,Home,Friend's Place,Tram,5.94,17.8,356.4,Local
2019-01-20,Friend's Place,Shopping Centre,Bus,3.26,7.8,342.3,Local
2019-01-21,Home,Shopping Centre,Walk,15.55,186.6,0.0,Local
2019-01-22,Home,Cinema,Train,6.02,8.0,246.8,Local
2019-01-22,Cinema,School,Bus,3.51,8.4,368.5,Local
2019-01-23,Home,School,Bus,16.17,38.8,1697.9,Local
2019-01-24,Home,School,Bus,8.82,21.2,926.1,Local
2019-01-25,Shopping Centre,Cinema,Bicycle,6.49,26.0,0.0,Local
2019-01-25,Home,Shopping Centre,Bicycle,10.15,40.6,0.0,Local
2019-01-25,Cinema,Friend's Place,Bus,6.92,16.6,726.6,Local
2019-01-26,Cinema,Park,Walk,5.55,66.6,0.0,Local
2019-01-26,Home,Cinema,Bus,8.33,20.0,874.6,Local
2019-01-27,Home,Library,Tram,13.17,39.5,790.2,Local
2019-01-28,Home,Shopping Centre,Train,11.18,14.9,458.4,Local
2019-01-29,Home,Friend's Place,Train,19.72,26.3,808.5,Local
2019-01-30,Home,Friend's Place,Bus,10.93,26.2,1147.6,Local
2019-01-31,Home,Shopping Centre,Bicycle,16.85,67.4,0.0,Local
2019-02-01,Home,School,Bus,19.5,46.8,2047.5,Local
2019-02-03,Home,School,Bus,12.82,30.8,1346.1,Local
2019-02-04,Home,Library,Walk,8.87,106.4,0.0,Local
2019-02-05,Home,Cinema,Train,5.18,6.9,212.4,Local
2019-02-05,Cinema,Park,Walk,1.93,23.2,0.0,Local
2019-02-06,Home,Library,Car,15.16,22.7,2910.7,Local
2019-02-06,Library,Home,Train,11.01,14.7,451.4,Local
2019-02-06,Home,Library,Bicycle,10.13,40.5,0.0,Local
2019-02-07,Home,Cinema,Tram,16.23,48.7,973.8,Local
2019-02-08,School,Cinema,Train,3.04,4.1,124.6,Local
2019-02-08,Cinema,Friend's Place,Tram,7.83,23.5,469.8,Local
2019-02-08,Home,School,Bus,5.03,12.1,528.1,Local
2019-02-09,Home,Cinema,Car,16.97,25.5,3258.2,Local
2019-02-10,Home,Park,Train,12.05,16.1,494.1,Local
2019-02-11,Home,Friend's Place,Train,10.23,13.6,419.4,Local
2019-02-11,Friend's Place,Cinema,Bicycle,1.29,5.2,0.0,Local
2019-02-12,Home,School,Bus,5.58,13.4,585.9,Local
2019-02-12,School,Park,Walk,1.59,19.1,0.0,Local
2019-02-13,School,Park,Bus,2.65,6.4,278.2,Local
2019-02-13,Home,School,Bus,8.42,20.2,884.1,Local
2019-02-13,Park,Shopping Centre,Train,4.88,6.5,200.1,Local
2019-02-14,Home,Shopping Centre,Bicycle,16.83,67.3,0.0,Local
2019-02-14,Shopping Centre,School,Bus,1.48,3.6,155.4,Local
2019-02-14,School,Cinema,Tram,1.11,3.3,66.6,Local
2019-02-16,Home,School,Bus,9.62,23.1,1010.1,Local
2019-02-16,School,Cinema,Tram,7.74,23.2,464.4,Local
2019-02-17,Home,Library,Tram,13.24,39.7,794.4,Local
2019-02-18,Home,Library,Train,17.87,23.8,732.7,Local
2019-02-19,Home,School,Bus,17.68,42.4,1856.4,Local
2019-02-20,Home,Shopping Centre,Car,13.3,20.0,2553.6,Local
2019-02-21,Home,Cinema,Walk,5.97,71.6,0.0,Local
2019-02-21,Cinema,Shopping Centre,Bicycle,3.05,12.2,0.0,Local
2019-02-22,Home,Friend's Place,Car,15.34,23.0,2945.3,Local
2019-02-23,Home,Cinema,Car,7.6,11.4,1459.2,Local
2019-02-24,Home,Park,Bicycle,12.02,48.1,0.0,Local
2019-02-25,Home,Park,Train,7.49,10.0,307.1,Local
2019-02-27,Cinema,Friend's Place,Car,5.01,7.5,961.9,Local
2019-02-27,Friend's Place,School,Bus,6.06,14.5,636.3,Local
2019-02-27,Home,Cinema,Train,17.16,22.9,703.6,Local
2019-02-28,Home,Cinema,Tram,18.15,54.4,1089.0,Local
2019-03-01,Home,Shopping Centre,Walk,19.5,234.0,0.0,Local
2019-03-01,Shopping Centre,Home,Car,9.12,13.7,1751.0,Local
2019-03-02,Home,Shopping Centre,Train,17.37,23.2,712.2,Local
2019-03-03,Home,School,Bus,10.28,24.7,1079.4,Local
2019-03-03,School,Park,Walk,7.51,90.1,0.0,Local
2019-03-04,Home,Cinema,Walk,12.5,150.0,0.0,Local
2019-03-06,Friend's Place,Shopping Centre,Bicycle,2.06,8.2,0.0,Local
2019-03-06,Home,Friend's Place,Car,15.55,23.3,2985.6,Local
2019-03-07,Home,Park,Bus,13.23,31.8,1389.2,Local
2019-03-08,Home,Cinema,Bicycle,12.64,50.6,0.0,Local
2019-03-08,Cinema,Home,Bicycle,15.0,60.0,0.0,Local
2019-03-08,Home,Friend's Place,Bus,11.5,27.6,1207.5,Local
2019-03-11,Home,Friend's Place,Walk,7.2,86.4,0.0,Local
2019-03-12,Home,Shopping Centre,Train,13.6,18.1,557.6,Local
2019-03-13,Home,School,Bus,17.43,41.8,1830.1,Local
2019-03-13,School,Shopping Centre,Bus,1.95,4.7,204.8,Local
2019-03-14,Home,Shopping Centre,Train,14.03,18.7,575.2,Local
2019-03-15,Home,School,Bus,5.52,13.2,579.6,Local
2019-03-16,Home,Library,Bicycle,8.94,35.8,0.0,Local
2019-03-16,Library,Park,Car,5.82,8.7,1117.4,Local
2019-03-16,Park,School,Bus,1.77,4.2,185.8,Local
2019-03-17,Home,Friend's Place,Train,16.73,22.3,685.9,Local
2019-03-17,Friend's Place,Library,Car,1.05,1.6,201.6,Local
2019-03-18,Home,Cinema,Tram,7.78,23.3,466.8,Local
2019-03-19,Home,Library,Bicycle,9.27,37.1,0.0,Local
2019-03-19,Library,School,Bus,6.01,14.4,631.0,Local
2019-03-21,Park,Shopping Centre,Bus,2.79,6.7,292.9,Local
2019-03-21,Home,Park,Bicycle,6.63,26.5,0.0,Local
2019-03-22,Home,Friend's Place,Tram,12.09,36.3,725.4,Local
2019-03-22,Friend's Place,Park,Tram,0.9,2.7,54.0,Local
2019-03-22,Park,Friend's Place,Train,5.49,7.3,225.1,Local
2019-03-24,Home,Shopping Centre,Tram,6.72,20.2,403.2,Local
2019-03-25,Home,Shopping Centre,Train,13.56,18.1,556.0,Local
2019-03-26,Home,Library,Tram,18.72,56.2,1123.2,Local
2019-03-27,Home,Friend's Place,Bus,11.14,26.7,1169.7,Local
2019-03-28,Home,Friend's Place,Bicycle,6.34,25.4,0.0,Local
2019-03-30,Home,School,Bus,12.67,30.4,1330.3,Local
2019-03-31,Home,School,Bus,17.88,42.9,1877.4,Local
2019-03-31,School,Shopping Centre,Car,7.69,11.5,1476.5,Local
2019-04-02,Home,School,Bus,11.61,27.9,1219.0,Local
2019-04-03,Home,Park,Walk,14.88,178.6,0.0,Local
2019-04-06,Home,School,Bus,18.17,43.6,1907.9,Local
2019-04-07,Home,Shopping Centre,Train,18.4,24.5,754.4,Local
2019-04-09,Home,Library,Bicycle,14.9,59.6,0.0,Local
2019-04-10,Home,Park,Bicycle,17.92,71.7,0.0,Local
2019-04-11,Home,School,Bus,15.61,37.5,1639.0,Local
2019-04-11,School,Library,Walk,4.12,49.4,0.0,Local
2019-04-12,Home,Cinema,Tram,18.51,55.5,1110.6,Local
2019-04-13,Home,Shopping Centre,Tram,13.61,40.8,816.6,Local
2019-04-13,Shopping Centre,Park,Car,1.56,2.3,299.5,Local
2019-04-14,Home,School,Bus,6.02,14.4,632.1,Local
2019-04-16,Home,Cinema,Bicycle,15.39,61.6,0.0,Local
2019-04-17,Home,School,Bus,18.54,44.5,1946.7,Local
2019-04-18,Home,Shopping Centre,Train,12.14,16.2,497.7,Local
2019-04-19,Home,Shopping Centre,Bicycle,11.35,45.4,0.0,Local
2019-04-19,Shopping Centre,Cinema,Bus,1.11,2.7,116.6,Local
2019-04-19,Cinema,School,Bus,1.25,3.0,131.2,Local
2019-04-21,Home,Friend's Place,Bicycle,15.53,62.1,0.0,Local
2019-04-21,Friend's Place,Library,Bus,1.18,2.8,123.9,Local
2019-04-22,Home,School,Bus,10.41,25.0,1093.0,Local
2019-04-22,School,Library,Tram,7.47,22.4,448.2,Local
2019-04-22,Library,Shopping Centre,Tram,2.32,7.0,139.2,Local
2019-04-23,Home,Park,Bus,16.91,40.6,1775.5,Local
2019-04-24,Home,Shopping Centre,Car,18.76,28.1,3601.9,Local
2019-04-25,Home,Friend's Place,Tram,8.46,25.4,507.6,Local
2019-04-26,Home,Park,Car,7.83,11.7,1503.4,Local
2019-04-26,Park,Cinema,Tram,4.42,13.3,265.2,Local
2019-04-26,Cinema,School,Bus,1.79,4.3,188.0,Local
2019-04-28,Home,Park,Car,8.46,12.7,1624.3,Local
2019-04-29,Home,Friend's Place,Walk,18.94,227.3,0.0,Local
2019-04-30,Home,Library,Bus,18.91,45.4,1985.5,Local
2019-05-03,Home,Shopping Centre,Car,16.74,25.1,3214.1,Local
2019-05-04,Home,School,Bus,19.19,46.1,2015.0,Local
2019-05-05,Home,Cinema,Tram,11.34,34.0,680.4,Local
2019-05-06,Home,Park,Tram,19.2,57.6,1152.0,Local
2019-05-06,Park,Library,Tram,3.98,11.9,238.8,Local
2019-05-07,Home,School,Bus,19.22,46.1,2018.1,Local
2019-05-08,Home,Cinema,Tram,10.03,30.1,601.8,Local
2019-05-09,Home,Cinema,Bicycle,5.78,23.1,0.0,Local
2019-05-10,Home,Library,Car,19.41,29.1,3726.7,Local
2019-05-11,Home,Shopping Centre,Walk,9.41,112.9,0.0,Local
2019-05-13,Home,Library,Train,5.08,6.8,208.3,Local
2019-05-14,Home,Cinema,Car,19.84,29.8,3809.3,Local
2019-05-16,Home,Friend's Place,Train,19.04,25.4,780.6,Local
2019-05-18,Home,Friend's Place,Bicycle,6.63,26.5,0.0,Local
2019-05-19,Home,Cinema,Walk,12.96,155.5,0.0,Local
2019-05-19,Cinema,Park,Train,5.13,6.8,210.3,Local
2019-05-20,Home,School,Bus,15.66,37.6,1644.3,Local
2019-05-20,School,Library,Bus,5.89,14.1,618.4,Local
2019-05-20,Library,Shopping Centre,Walk,1.49,17.9,0.0,Local
2019-05-21,Home,Friend's Place,Tram,15.5,46.5,930.0,Local
2019-05-21,Friend's Place,Home,Train,14.01,18.7,574.4,Local
2019-05-21,Home,School,Bus,17.47,41.9,1834.3,Local
2019-05-22,Home,Cinema,Tram,16.59,49.8,995.4,Local
2019-05-22,Cinema,Library,Bicycle,6.7,26.8,0.0,Local
2019-05-23,Library,Home,Car,18.97,28.5,3642.2,Local
2019-05-23,Home,Friend's Place,Car,16.85,25.3,3235.2,Local
2019-05-23,Home,Library,Car,12.15,18.2,2332.8,Local
2019-05-24,Home,Friend's Place,Bicycle,5.57,22.3,0.0,Local
2019-05-25,Home,Shopping Centre,Tram,15.3,45.9,918.0,Local
2019-05-28,Home,Shopping Centre,Walk,6.75,81.0,0.0,Local
2019-05-29,Home,Friend's Place,Bicycle,15.03,60.1,0.0,Local
2019-05-30,Home,Friend's Place,Train,16.86,22.5,691.3,Local
2019-05-30,Friend's Place,Shopping Centre,Bus,2.22,5.3,233.1,Local
2019-05-30,Shopping Centre,Park,Tram,3.75,11.2,225.0,Local
2019-06-01,Home,Cinema,Bus,15.14,36.3,1589.7,Local
2019-06-02,Home,School,Bus,7.24,17.4,760.2,Local
2019-06-05,Home,Friend's Place,Bus,10.2,24.5,1071.0,Local
2019-06-06,Home,Cinema,Train,8.02,10.7,328.8,Local
2019-06-07,Home,Park,Bicycle,16.49,66.0,0.0,Local
2019-06-08,Home,Cinema,Bicycle,5.8,23.2,0.0,Local
2019-06-08,Cinema,Library,Tram,3.14,9.4,188.4,Local
2019-06-10,Home,Library,Bus,13.43,32.2,1410.1,Local
2019-06-12,Home,Shopping Centre,Walk,18.66,223.9,0.0,Local
2019-06-14,Shopping Centre,School,Bus,4.04,9.7,424.2,Local
2019-06-14,School,Shopping Centre,Tram,7.94,23.8,476.4,Local
2019-06-14,Home,Shopping Centre,Walk,12.41,148.9,0.0,Local
2019-06-15,Home,Library,Bus,8.2,19.7,861.0,Local
2019-06-16,Home,Library,Car,9.37,14.1,1799.0,Local
2019-06-17,Home,Park,Tram,15.76,47.3,945.6,Local
2019-06-18,Home,Cinema,Bicycle,9.67,38.7,0.0,Local
2019-06-19,Home,Library,Bicycle,15.69,62.8,0.0,Local
2019-06-19,Library,School,Bus,4.78,11.5,501.9,Local
2019-06-20,Shopping Centre,Park,Car,3.94,5.9,756.5,Local
2019-06-20,Home,Shopping Centre,Bicycle,5.15,20.6,0.0,Local
2019-06-21,Home,Friend's Place,Bus,10.61,25.5,1114.0,Local
2019-06-22,Home,School,Bus,8.15,19.6,855.8,Local
2019-06-23,Home,School,Bus,19.8,47.5,2079.0,Local
2019-06-24,Home,Cinema,Tram,10.14,30.4,608.4,Local
2019-06-25,Home,Shopping Centre,Train,6.45,8.6,264.4,Local
2019-06-26,Home,Friend's Place,Walk,15.37,184.4,0.0,Local
2019-06-27,Home,Friend's Place,Train,7.13,9.5,292.3,Local
2019-06-29,Home,Cafe,Walk,11.31,135.7,0.0,Local
2019-06-30,Home,Gym,Train,12.37,16.5,507.2,Local
2019-07-01,Home,Stadium,Bus,7.37,17.7,773.9,Local
2019-07-02,Home,Library,Train,16.23,21.6,665.4,Local
2019-07-03,Home,Stadium,Walk,12.45,149.4,0.0,Local
2019-07-04,Home,Cafe,Bus,18.65,44.8,1958.2,Local
2019-07-05,Home,Friend's Place,Walk,16.18,194.2,0.0,Local
2019-07-06,Home,Stadium,Tram,10.31,30.9,618.6,Local
2019-07-06,Stadium,University,Walk,5.97,71.6,0.0,Local
2019-07-06,University,Gym,Bus,16.93,40.6,1777.6,Local
2019-07-07,Home,Stadium,Bicycle,12.11,48.4,0.0,Local
2019-07-08,Home,Library,Train,10.66,14.2,437.1,Local
2019-07-09,Home,Library,Walk,7.21,86.5,0.0,Local
2019-07-09,Library,University,Walk,9.19,110.3,0.0,Local
2019-07-10,Home,Library,Car,19.04,28.6,3655.7,Local
2019-07-10,Library,Cafe,Car,7.43,11.1,1426.6,Local
2019-07-10,Cafe,Library,Walk,0.52,6.2,0.0,Local
2019-07-11,Home,Gym,Car,8.68,13.0,1666.6,Local
2019-07-11,Gym,Library,Tram,0.98,2.9,58.8,Local
2019-07-12,Home,Stadium,Car,11.12,16.7,2135.0,Local
2019-07-13,Home,Gym,Walk,12.33,148.0,0.0,Local
2019-07-14,Home,Stadium,Walk,8.36,100.3,0.0,Local
2019-07-14,Stadium,Library,Bus,1.91,4.6,200.5,Local
2019-07-17,Home,Gym,Bus,13.72,32.9,1440.6,Local
2019-07-17,Gym,Cafe,Car,3.58,5.4,687.4,Local
2019-07-18,Home,Gym,Bus,9.26,22.2,972.3,Local
2019-07-18,Gym,University,Bus,16.65,40.0,1748.2,Local
2019-07-18,University,Home,Bicycle,8.13,32.5,0.0,Local
2019-07-19,Home,Friend's Place,Train,14.32,19.1,587.1,Local
2019-07-20,Home,Cafe,Car,14.12,21.2,2711.0,Local
2019-07-20,Cafe,Home,Car,12.87,19.3,2471.0,Local
2019-07-20,Home,Stadium,Tram,19.59,58.8,1175.4,Local
2019-07-21,Home,University,Train,9.53,12.7,390.7,Local
2019-07-22,Home,Friend's Place,Car,18.69,28.0,3588.5,Local
2019-07-22,Friend's Place,Cafe,Tram,1.19,3.6,71.4,Local
2019-07-23,Home,Gym,Walk,13.4,160.8,0.0,Local
2019-07-23,Gym,Home,Bicycle,19.73,78.9,0.0,Local
2019-07-24,University,Gym,Car,12.05,18.1,2313.6,Local
2019-07-24,Home,University,Bicycle,17.89,71.6,0.0,Local
2019-07-24,Gym,Home,Bus,12.67,30.4,1330.3,Local
2019-07-25,Home,University,Bus,17.34,41.6,1820.7,Local
2019-07-26,Home,Cafe,Walk,10.51,126.1,0.0,Local
2019-07-27,Home,Library,Car,12.04,18.1,2311.7,Local
2019-07-27,Library,Gym,Tram,4.29,12.9,257.4,Local
2019-07-28,Home,Library,Walk,10.67,128.0,0.0,Local
2019-07-28,Library,Cafe,Bus,0.61,1.5,64.0,Local
2019-07-30,Home,University,Tram,14.06,42.2,843.6,Local
2019-07-30,University,Home,Bus,5.58,13.4,585.9,Local
2019-07-30,Home,Stadium,Walk,12.84,154.1,0.0,Local
2019-07-31,Home,Stadium,Bicycle,10.46,41.8,0.0,Local
2019-08-01,Home,Stadium,Bicycle,17.05,68.2,0.0,Local
2019-08-02,Home,Gym,Tram,18.78,56.3,1126.8,Local
2019-08-02,Gym,University,Bicycle,17.37,69.5,0.0,Local
2019-08-02,University,Stadium,Bicycle,6.5,26.0,0.0,Local
2019-08-03,Home,Library,Walk,13.71,164.5,0.0,Local
2019-08-04,Home,Library,Walk,16.88,202.6,0.0,Local
2019-08-04,Library,Cafe,Bicycle,3.22,12.9,0.0,Local
2019-08-05,University,Stadium,Walk,17.44,209.3,0.0,Local
2019-08-05,Home,University,Walk,17.03,204.4,0.0,Local
2019-08-06,Home,University,Tram,16.99,51.0,1019.4,Local
2019-08-06,University,Friend's Place,Walk,17.06,204.7,0.0,Local
2019-08-07,Home,University,Car,9.25,13.9,1776.0,Local
2019-08-07,University,Library,Walk,15.72,188.6,0.0,Local
2019-08-08,Home,Gym,Train,18.16,24.2,744.6,Local
2019-08-08,Gym,Home,Tram,16.5,49.5,990.0,Local
2019-08-09,Home,Stadium,Car,17.8,26.7,3417.6,Local
2019-08-09,Stadium,Cafe,Tram,5.7,17.1,342.0,Local
2019-08-09,Cafe,University,Car,18.17,27.3,3488.6,Local
2019-08-10,Home,University,Bicycle,18.83,75.3,0.0,Local
2019-08-10,University,Cafe,Walk,16.41,196.9,0.0,Local
2019-08-11,Home,Cafe,Car,15.58,23.4,2991.4,Local
2019-08-12,Home,Library,Bicycle,19.33,77.3,0.0,Local
2019-08-12,Library,Cafe,Bicycle,5.22,20.9,0.0,Local
2019-08-14,Gym,Library,Bicycle,5.78,23.1,0.0,Local
2019-08-14,Library,University,Car,14.86,22.3,2853.1,Local
2019-08-14,Home,Gym,Bicycle,6.04,24.2,0.0,Local
2019-08-15,Home,Stadium,Tram,8.88,26.6,532.8,Local
2019-08-16,Home,University,Walk,10.82,129.8,0.0,Local
2019-08-16,University,Cafe,Bicycle,12.27,49.1,0.0,Local
2019-08-16,Cafe,Stadium,Tram,5.3,15.9,318.0,Local
2019-08-17,Home,Friend's Place,Tram,9.78,29.3,586.8,Local
2019-08-18,Home,Gym,Bus,14.27,34.2,1498.3,Local
2019-08-18,Gym,Stadium,Car,4.8,7.2,921.6,Local
2019-08-19,University,Home,Train,6.63,8.8,271.8,Local
2019-08-19,Home,University,Car,19.31,29.0,3707.5,Local
2019-08-22,Home,Library,Walk,5.99,71.9,0.0,Local
2019-08-22,Library,Stadium,Walk,0.92,11.0,0.0,Local
2019-08-24,Home,University,Tram,14.77,44.3,886.2,Local
2019-08-24,University,Friend's Place,Car,5.52,8.3,1059.8,Local
2019-08-24,Friend's Place,Gym,Train,6.72,9.0,275.5,Local
2019-08-25,Home,Cafe,Train,7.42,9.9,304.2,Local
2019-08-27,Stadium,Gym,Walk,2.05,24.6,0.0,Local
2019-08-27,Home,Stadium,Walk,13.04,156.5,0.0,Local
2019-08-28,Home,Library,Train,6.28,8.4,257.5,Local
2019-08-29,Home,Friend's Place,Bicycle,14.94,59.8,0.0,Local
2019-08-29,Friend's Place,Library,Car,4.19,6.3,804.5,Local
2019-08-29,Library,Stadium,Car,7.41,11.1,1422.7,Local
2019-08-30,Home,Library,Train,19.85,26.5,813.9,Local
2019-08-30,Library,Cafe,Tram,7.05,21.1,423.0,Local
2019-08-31,Home,Gym,Car,10.7,16.0,2054.4,Local
2019-08-31,Gym,Library,Bus,1.21,2.9,127.0,Local
2019-08-31,Library,Home,Train,7.8,10.4,319.8,Local
2019-09-01,Home,Stadium,Bus,8.46,20.3,888.3,Local
2019-09-01,Stadium,University,Bus,9.18,22.0,963.9,Local
2019-09-01,University,Cafe,Tram,16.64,49.9,998.4,Local
2019-09-02,Home,Stadium,Bus,8.31,19.9,872.6,Local
2019-09-03,Home,Cafe,Train,12.94,17.3,530.5,Local
2019-09-04,Home,Stadium,Train,10.26,13.7,420.7,Local
2019-09-04,Stadium,Library,Bicycle,0.85,3.4,0.0,Local
2019-09-05,Home,Gym,Tram,9.92,29.8,595.2,Local
2019-09-06,Library,University,Walk,15.09,181.1,0.0,Local
2019-09-06,University,Friend's Place,Car,7.7,11.6,1478.4,Local
2019-09-06,Home,Library,Bicycle,17.03,68.1,0.0,Local
2019-09-07,Home,Friend's Place,Bicycle,5.18,20.7,0.0,Local
2019-09-08,Home,Friend's Place,Bicycle,17.89,71.6,0.0,Local
2019-09-08,Friend's Place,Cafe,Train,6.1,8.1,250.1,Local
2019-09-08,Cafe,Library,Tram,2.28,6.8,136.8,Local
2019-09-09,Home,Library,Bus,19.16,46.0,2011.8,Local
2019-09-09,Library,University,Car,9.05,13.6,1737.6,Local
2019-09-09,University,Friend's Place,Walk,10.98,131.8,0.0,Local
2019-09-10,Home,Cafe,Walk,19.55,234.6,0.0,Local
2019-09-11,Home,Friend's Place,Tram,6.52,19.6,391.2,Local
2019-09-11,Friend's Place,University,Bicycle,14.3,57.2,0.0,Local
2019-09-11,University,Gym,Walk,10.76,129.1,0.0,Local
2019-09-12,Home,Friend's Place,Train,16.54,22.1,678.1,Local
2019-09-12,Friend's Place,University,Tram,12.15,36.5,729.0,Local
2019-09-12,University,Gym,Tram,16.45,49.4,987.0,Local
2019-09-13,Home,Library,Car,13.52,20.3,2595.8,Local
2019-09-14,Friend's Place,Cafe,Bus,0.95,2.3,99.8,Local
2019-09-14,Cafe,Friend's Place,Walk,6.62,79.4,0.0,Local
2019-09-14,Home,Cafe,Train,19.96,26.6,818.4,Local
2019-09-17,Home,Friend's Place,Bicycle,18.74,75.0,0.0,Local
2019-09-18,Home,Cafe,Bus,10.5,25.2,1102.5,Local
2019-09-19,Home,University,Train,17.52,23.4,718.3,Local
2019-09-20,Home,Friend's Place,Walk,15.07,180.8,0.0,Local
2019-09-20,Friend's Place,Gym,Bus,7.86,18.9,825.3,Local
2019-09-21,University,Cafe,Bicycle,8.1,32.4,0.0,Local
2019-09-21,Cafe,Stadium,Train,3.58,4.8,146.8,Local
2019-09-21,Home,University,Tram,17.61,52.8,1056.6,Local
2019-09-22,Home,Library,Train,14.43,19.2,591.6,Local
2019-09-23,Home,University,Bus,10.6,25.4,1113.0,Local
2019-09-23,University,Home,Train,19.92,26.6,816.7,Local
2019-09-24,Home,Stadium,Car,15.87,23.8,3047.0,Local
2019-09-24,Stadium,Friend's Place,Bicycle,2.79,11.2,0.0,Local
2019-09-24,Friend's Place,Stadium,Bicycle,6.62,26.5,0.0,Local
2019-09-25,Home,University,Walk,8.67,104.0,0.0,Local
2019-09-25,University,Cafe,Train,18.36,24.5,752.8,Local
2019-09-26,Home,Gym,Bicycle,14.93,59.7,0.0,Local
2019-09-26,Home,Stadium,Walk,17.08,205.0,0.0,Local
2019-09-26,Stadium,Home,Train,14.13,18.8,579.3,Local
2019-09-27,Home,University,Train,17.16,22.9,703.6,Local
2019-09-28,Home,Library,Walk,19.83,238.0,0.0,Local
2019-09-28,Library,University,Walk,9.41,112.9,0.0,Local
2019-09-29,Home,Stadium,Bicycle,17.27,69.1,0.0,Local
2019-10-01,Home,Gym,Train,16.76,22.3,687.2,Local
2019-10-01,Gym,Friend's Place,Car,3.39,5.1,650.9,Local
2019-10-02,Home,Library,Train,9.78,13.0,401.0,Local
2019-10-02,Library,Stadium,Bicycle,2.67,10.7,0.0,Local
2019-10-02,Stadium,Home,Train,10.39,13.9,426.0,Local
2019-10-03,Home,Friend's Place,Tram,14.11,42.3,846.6,Local
2019-10-03,Friend's Place,Cafe,Train,4.84,6.5,198.4,Local
2019-10-03,Cafe,Library,Walk,3.44,41.3,0.0,Local
2019-10-04,Library,Home,Tram,18.03,54.1,1081.8,Local
2019-10-04,University,Library,Walk,13.88,166.6,0.0,Local
2019-10-04,Home,University,Car,13.2,19.8,2534.4,Local
2019-10-05,Home,Cafe,Car,17.6,26.4,3379.2,Local
2019-10-05,Cafe,University,Walk,12.28,147.4,0.0,Local
2019-10-06,Home,Library,Walk,17.47,209.6,0.0,Local
2019-10-07,Home,Gym,Train,6.12,8.2,250.9,Local
2019-10-08,Home,University,Train,11.58,15.4,474.8,Local
2019-10-09,Home,Stadium,Walk,13.32,159.8,0.0,Local
2019-10-10,Home,Gym,Walk,19.04,228.5,0.0,Local
2019-10-11,Home,University,Train,17.56,23.4,720.0,Local
2019-10-11,University,Library,Bus,6.4,15.4,672.0,Local
2019-10-11,Library,Gym,Bus,1.11,2.7,116.6,Local
2019-10-12,Home,Gym,Tram,19.71,59.1,1182.6,Local
2019-10-12,Gym,Library,Train,4.71,6.3,193.1,Local
2019-10-13,Home,Stadium,Train,16.11,21.5,660.5,Local
2019-10-13,Stadium,Cafe,Train,4.62,6.2,189.4,Local
2019-10-14,Home,Library,Train,18.2,24.3,746.2,Local
2019-10-14,Library,Stadium,Car,1.86,2.8,357.1,Local
2019-10-15,Library,University,Train,18.39,24.5,754.0,Local
2019-10-15,Home,Library,Car,8.49,12.7,1630.1,Local
2019-10-16,Home,Gym,Bicycle,7.23,28.9,0.0,Local
2019-10-17,Home,Cafe,Bicycle,15.98,63.9,0.0,Local
2019-10-18,Home,Friend's Place,Car,15.12,22.7,2903.0,Local
2019-10-18,Friend's Place,Gym,Walk,2.29,27.5,0.0,Local
2019-10-19,Home,Friend's Place,Walk,10.13,121.6,0.0,Local
2019-10-20,Home,Gym,Walk,17.14,205.7,0.0,Local
2019-10-21,Home,Cafe,Tram,12.75,38.2,765.0,Local
2019-10-21,Cafe,Stadium,Tram,2.65,8.0,159.0,Local
2019-10-23,Home,Library,Walk,6.13,73.6,0.0,Local
2019-10-23,Library,Friend's Place,Train,6.4,8.5,262.4,Local
2019-10-24,Home,Stadium,Car,11.13,16.7,2137.0,Local
2019-10-24,Stadium,Gym,Car,5.85,8.8,1123.2,Local
2019-10-24,Gym,Stadium,Car,0.81,1.2,155.5,Local
2019-10-25,Home,Friend's Place,Car,16.52,24.8,3171.8,Local
2019-10-27,Home,University,Bus,13.45,32.3,1412.2,Local
2019-10-27,University,Home,Bicycle,13.76,55.0,0.0,Local
2019-10-27,Home,Library,Train,17.16,22.9,703.6,Local
2019-10-28,Stadium,Cafe,Bus,6.79,16.3,713.0,Local
2019-10-28,University,Stadium,Train,12.19,16.3,499.8,Local
2019-10-28,Home,University,Car,16.41,24.6,3150.7,Local
2019-10-29,Home,Library,Bus,17.58,42.2,1845.9,Local
2019-10-29,Library,Home,Bus,17.25,41.4,1811.2,Local
2019-10-30,Home,Library,Bus,8.66,20.8,909.3,Local
2019-10-30,Library,Friend's Place,Bus,0.64,1.5,67.2,Local
2019-10-31,Home,Friend's Place,Car,15.45,23.2,2966.4,Local
2019-11-01,Home,Gym,Walk,7.0,84.0,0.0,Local
2019-11-01,Gym,Stadium,Car,4.0,6.0,768.0,Local
2019-11-02,Cafe,Friend's Place,Tram,3.07,9.2,184.2,Local
2019-11-02,Home,Stadium,Walk,8.02,96.2,0.0,Local
2019-11-02,Stadium,Cafe,Bus,5.27,12.6,553.3,Local
2019-11-03,Home,Cafe,Bicycle,13.57,54.3,0.0,Local
2019-11-03,Cafe,University,Tram,15.41,46.2,924.6,Local
2019-11-04,Gym,Cafe,Car,2.0,3.0,384.0,Local
2019-11-04,Home,Library,Train,14.89,19.9,610.5,Local
2019-11-04,Library,Gym,Tram,3.82,11.5,229.2,Local
2019-11-05,University,Stadium,Bicycle,17.5,70.0,0.0,Local
2019-11-05,Stadium,Cafe,Train,2.11,2.8,86.5,Local
2019-11-05,Home,University,Bicycle,17.53,70.1,0.0,Local
2019-11-06,Home,Friend's Place,Train,14.48,19.3,593.7,Local
2019-11-06,Friend's Place,Cafe,Walk,5.84,70.1,0.0,Local
2019-11-07,Home,Gym,Tram,15.55,46.7,933.0,Local
2019-11-07,Gym,Home,Car,7.66,11.5,1470.7,Local
2019-11-07,Home,Stadium,Train,10.47,14.0,429.3,Local
2019-11-08,Gym,Cafe,Tram,5.31,15.9,318.6,Local
2019-11-08,Cafe,Gym,Bicycle,3.35,13.4,0.0,Local
2019-11-08,Home,Gym,Tram,10.51,31.5,630.6,Local
2019-11-09,Home,Gym,Bus,15.47,37.1,1624.4,Local
2019-11-10,Home,Gym,Train,10.45,13.9,428.4,Local
2019-11-11,Home,University,Tram,10.34,31.0,620.4,Local
2019-11-11,University,Stadium,Tram,8.11,24.3,486.6,Local
2019-11-12,Home,Stadium,Train,16.56,22.1,679.0,Local
2019-11-13,Home,Cafe,Train,11.47,15.3,470.3,Local
2019-11-14,Home,Library,Car,16.59,24.9,3185.3,Local
2019-11-14,Library,Home,Bicycle,6.4,25.6,0.0,Local
2019-11-15,Library,Gym,Bicycle,0.92,3.7,0.0,Local
2019-11-15,Home,Library,Walk,17.54,210.5,0.0,Local
2019-11-16,Home,Friend's Place,Train,8.47,11.3,347.3,Local
2019-11-16,Friend's Place,Gym,Bicycle,2.65,10.6,0.0,Local
2019-11-16,Gym,Home,Bicycle,13.65,54.6,0.0,Local
2019-11-17,Home,University,Train,14.77,19.7,605.6,Local
2019-11-19,Home,Library,Tram,15.47,46.4,928.2,Local
2019-11-20,Home,Cafe,Bus,18.01,43.2,1891.1,Local
2019-11-20,Cafe,Home,Bicycle,16.43,65.7,0.0,Local
2019-11-21,Home,University,Tram,18.29,54.9,1097.4,Local
2019-11-22,Home,Library,Bus,15.47,37.1,1624.4,Local
2019-11-22,Library,Home,Train,10.74,14.3,440.3,Local
2019-11-24,Home,Gym,Bus,9.39,22.5,986.0,Local
2019-11-25,Library,Home,Bicycle,14.74,59.0,0.0,Local
2019-11-25,Home,University,Car,15.55,23.3,2985.6,Local
2019-11-25,University,Library,Tram,16.56,49.7,993.6,Local
2019-11-26,Home,Library,Walk,13.97,167.6,0.0,Local
2019-11-27,Friend's Place,Gym,Walk,2.02,24.2,0.0,Local
2019-11-27,Home,Friend's Place,Tram,12.2,36.6,732.0,Local
2019-11-28,University,Friend's Place,Train,16.72,22.3,685.5,Local
2019-11-28,Home,University,Bicycle,17.81,71.2,0.0,Local
2019-11-30,Home,Library,Car,11.41,17.1,2190.7,Local
2019-12-01,Home,University,Bicycle,5.12,20.5,0.0,Local
2019-12-01,University,Library,Walk,13.31,159.7,0.0,Local
2019-12-02,Home,Gym,Car,15.11,22.7,2901.1,Local
2019-12-03,Home,Stadium,Bicycle,9.01,36.0,0.0,Local
2019-12-03,Stadium,Cafe,Bus,5.96,14.3,625.8,Local
2019-12-03,Cafe,Library,Bus,7.07,17.0,742.4,Local
2019-12-04,Home,University,Tram,5.77,17.3,346.2,Local
2019-12-05,Home,University,Train,14.5,19.3,594.5,Local
2019-12-06,Home,Cafe,Car,17.57,26.4,3373.4,Local
2019-12-07,Home,Library,Car,19.82,29.7,3805.4,Local
2019-12-08,Home,University,Walk,19.47,233.6,0.0,Local
2019-12-09,Home,Library,Walk,6.99,83.9,0.0,Local
2019-12-10,Home,Gym,Train,9.9,13.2,405.9,Local
2019-12-10,Gym,Cafe,Bicycle,3.96,15.8,0.0,Local
2019-12-10,Cafe,Home,Walk,9.09,109.1,0.0,Local
2019-12-12,Home,Friend's Place,Car,6.06,9.1,1163.5,Local
2019-12-13,Gym,Library,Walk,2.08,25.0,0.0,Local
2019-12-13,Home,Gym,Car,17.94,26.9,3444.5,Local
2019-12-14,Home,Gym,Bicycle,6.19,24.8,0.0,Local
2019-12-14,Gym,Stadium,Train,0.98,1.3,40.2,Local
2019-12-15,Home,Gym,Car,5.88,8.8,1129.0,Local
2019-12-15,Gym,Home,Train,9.1,12.1,373.1,Local
2019-12-16,Home,Cafe,Bicycle,8.47,33.9,0.0,Local
2019-12-16,Cafe,University,Car,5.46,8.2,1048.3,Local
2019-12-17,Home,Stadium,Train,6.36,8.5,260.8,Local
2019-12-17,Stadium,Cafe,Bus,7.42,17.8,779.1,Local
2019-12-19,Cafe,Gym,Bicycle,4.77,19.1,0.0,Local
2019-12-19,Home,Cafe,Car,5.23,7.8,1004.2,Local
2019-12-20,Home,Stadium,Bus,11.46,27.5,1203.3,Local
2019-12-20,Stadium,Home,Tram,17.42,52.3,1045.2,Local
2019-12-21,Home,Stadium,Car,7.54,11.3,1447.7,Local
2019-12-22,Home,Cafe,Bus,18.72,44.9,1965.6,Local
2019-12-22,Cafe,Library,Train,7.25,9.7,297.2,Local
2019-12-23,Home,Friend's Place,Tram,15.31,45.9,918.6,Local
2019-12-24,Cafe,Library,Train,0.91,1.2,37.3,Local
2019-12-24,Home,Cafe,Walk,11.52,138.2,0.0,Local
2019-12-25,Home,University,Walk,10.88,130.6,0.0,Local
2019-12-25,University,Cafe,Bus,15.27,36.6,1603.3,Local
2019-12-26,Home,Cafe,Car,6.48,9.7,1244.2,Local
2019-12-26,Cafe,Gym,Bicycle,6.16,24.6,0.0,Local
2019-12-26,Gym,University,Walk,17.7,212.4,0.0,Local
2019-12-27,Home,University,Train,10.79,14.4,442.4,Local
2019-12-27,University,Stadium,Bus,12.21,29.3,1282.1,Local
2019-12-27,Stadium,Library,Bus,3.99,9.6,419.0,Local
2019-12-28,Friend's Place,Cafe,Bicycle,6.79,27.2,0.0,Local
2019-12-28,Home,Stadium,Train,13.59,18.1,557.2,Local
2019-12-28,Stadium,Friend's Place,Bicycle,7.47,29.9,0.0,Local
2019-12-29,Home,University,Tram,16.78,50.3,1006.8,Local
2019-12-30,Home,Library,Tram,13.4,40.2,804.0,Local
2019-12-30,Library,Home,Bus,18.71,44.9,1964.6,Local
2019-12-31,Home,Gym,Bicycle,7.24,29.0,0.0,Local
2020-01-01,Home,Library,Train,17.38,23.2,712.6,Local
2020-01-02,Cafe,University,Walk,10.53,126.4,0.0,Local
2020-01-02,Home,Cafe,Car,5.57,8.4,1069.4,Local
2020-01-03,Home,Cafe,Bicycle,18.78,75.1,0.0,Local
2020-01-03,Cafe,Gym,Bicycle,6.81,27.2,0.0,Local
2020-01-03,Gym,Stadium,Train,3.0,4.0,123.0,Local
2020-01-04,Home,University,Tram,8.51,25.5,510.6,Local
2020-01-04,University,Cafe,Car,6.3,9.4,1209.6,Local
2020-01-05,Home,Library,Bus,11.49,27.6,1206.5,Local
2020-01-05,Library,Home,Bus,12.7,30.5,1333.5,Local
2020-01-06,Home,Friend's Place,Car,17.81,26.7,3419.5,Local
2020-01-06,Friend's Place,Library,Car,5.69,8.5,1092.5,Local
2020-01-07,Home,Gym,Car,10.88,16.3,2089.0,Local
2020-01-08,Home,Friend's Place,Bicycle,18.55,74.2,0.0,Local
2020-01-09,Home,Gym,Walk,5.09,61.1,0.0,Local
2020-01-11,Home,Friend's Place,Bus,9.85,23.6,1034.2,Local
2020-01-12,Home,Friend's Place,Bicycle,13.07,52.3,0.0,Local
2020-01-13,Home,Cafe,Tram,15.95,47.9,957.0,Local
2020-01-14,Home,Gym,Car,14.4,21.6,2764.8,Local
2020-01-15,Gym,Home,Walk,10.04,120.5,0.0,Local
2020-01-15,Home,Gym,Bicycle,16.87,67.5,0.0,Local
2020-01-16,Home,Library,Bicycle,11.81,47.2,0.0,Local
2020-01-16,Library,Stadium,Walk,5.23,62.8,0.0,Local
2020-01-16,Stadium,Home,Train,17.7,23.6,725.7,Local
2020-01-18,Home,Gym,Car,9.09,13.6,1745.3,Local
2020-01-18,Gym,Library,Bus,3.8,9.1,399.0,Local
2020-01-19,Home,University,Tram,19.7,59.1,1182.0,Local
2020-01-20,Friend's Place,University,Walk,7.1,85.2,0.0,Local
2020-01-20,Home,Friend's Place,Tram,12.22,36.7,733.2,Local
2020-01-21,Home,University,Bus,7.01,16.8,736.0,Local
2020-01-21,University,Friend's Place,Walk,11.13,133.6,0.0,Local
2020-01-22,Home,Stadium,Walk,10.88,130.6,0.0,Local
2020-01-22,Stadium,Library,Walk,1.27,15.2,0.0,Local
2020-01-22,Library,Home,Bicycle,9.63,38.5,0.0,Local
2020-01-24,Home,Cafe,Bus,17.13,41.1,1798.6,Local
2020-01-25,Home,Library,Bicycle,15.8,63.2,0.0,Local
2020-01-25,Library,Friend's Place,Car,0.62,0.9,119.0,Local
2020-01-26,Home,Stadium,Tram,16.43,49.3,985.8,Local
2020-01-27,Home,Friend's Place,Walk,17.56,210.7,0.0,Local
2020-01-29,Home,Library,Bicycle,10.44,41.8,0.0,Local
2020-01-30,Home,University,Car,11.74,17.6,2254.1,Local
2020-02-01,Home,Cafe,Bicycle,10.72,42.9,0.0,Local
2020-02-02,Home,Library,Bicycle,7.07,28.3,0.0,Local
2020-02-02,Library,Home,Bus,8.09,19.4,849.4,Local
2020-02-02,Home,University,Bicycle,17.05,68.2,0.0,Local
2020-02-03,Home,Cafe,Car,16.59,24.9,3185.3,Local
2020-02-04,Stadium,University,Train,8.43,11.2,345.6,Local
2020-02-04,Home,Stadium,Walk,13.17,158.0,0.0,Local
2020-02-05,Home,Library,Bus,16.08,38.6,1688.4,Local
2020-02-05,Library,Cafe,Tram,5.39,16.2,323.4,Local
2020-02-06,Home,Stadium,Train,18.35,24.5,752.4,Local
2020-02-06,Stadium,Home,Tram,9.95,29.8,597.0,Local
2020-02-07,Home,Stadium,Tram,11.34,34.0,680.4,Local
2020-02-07,Stadium,Home,Walk,15.39,184.7,0.0,Local
2020-02-08,University,Stadium,Car,10.24,15.4,1966.1,Local
2020-02-08,Cafe,University,Bicycle,9.91,39.6,0.0,Local
2020-02-08,Home,Cafe,Tram,16.13,48.4,967.8,Local
2020-02-09,Home,Cafe,Bus,8.14,19.5,854.7,Local
2020-02-09,Cafe,Gym,Walk,4.6,55.2,0.0,Local
2020-02-11,Home,Friend's Place,Car,6.86,10.3,1317.1,Local
2020-02-12,Home,University,Tram,8.31,24.9,498.6,Local
2020-02-13,Home,Cafe,Tram,6.51,19.5,390.6,Local
2020-02-14,Gym,Library,Train,5.87,7.8,240.7,Local
2020-02-14,Library,Friend's Place,Car,2.29,3.4,439.7,Local
2020-02-14,Home,Gym,Bus,15.69,37.7,1647.5,Local
2020-02-15,Home,Stadium,Walk,15.34,184.1,0.0,Local
2020-02-16,Home,Stadium,Train,6.54,8.7,268.1,Local
2020-02-17,Home,Cafe,Tram,11.4,34.2,684.0,Local
2020-02-17,Cafe,Library,Train,1.14,1.5,46.7,Local
2020-02-18,Home,Friend's Place,Car,18.25,27.4,3504.0,Local
2020-02-18,Friend's Place,Gym,Bicycle,5.49,22.0,0.0,Local
2020-02-19,Home,Friend's Place,Car,6.01,9.0,1153.9,Local
2020-02-20,Cafe,Stadium,Bus,1.11,2.7,116.6,Local
2020-02-20,Library,Cafe,Tram,1.72,5.2,103.2,Local
2020-02-20,Home,Library,Bicycle,14.13,56.5,0.0,Local
2020-02-21,Home,University,Walk,10.46,125.5,0.0,Local
2020-02-22,Home,Friend's Place,Bus,5.68,13.6,596.4,Local
2020-02-22,Friend's Place,Cafe,Bus,7.05,16.9,740.2,Local
2020-02-24,Home,Gym,Bus,7.79,18.7,818.0,Local
2020-02-25,Home,Stadium,Walk,11.95,143.4,0.0,Local
2020-02-26,Home,Friend's Place,Bicycle,12.54,50.2,0.0,Local
2020-02-27,Library,Cafe,Bus,2.9,7.0,304.5,Local
2020-02-27,Home,Library,Bus,16.82,40.4,1766.1,Local
2020-02-28,Home,Friend's Place,Bus,15.05,36.1,1580.2,Local
2020-03-01,Home,Library,Walk,6.69,80.3,0.0,Local
2020-03-03,Home,Cafe,Bicycle,14.16,56.6,0.0,Local
2020-03-03,Cafe,University,Car,11.01,16.5,2113.9,Local
2020-03-04,Home,Library,Walk,19.24,230.9,0.0,Local
2020-03-04,Library,University,Train,6.35,8.5,260.3,Local
2020-03-04,University,Home,Train,10.69,14.3,438.3,Local
2020-03-05,Home,Gym,Bus,18.4,44.2,1932.0,Local
2020-03-06,Stadium,Home,Walk,10.06,120.7,0.0,Local
2020-03-06,Home,Stadium,Car,12.91,19.4,2478.7,Local
2020-03-07,Home,University,Bus,16.68,40.0,1751.4,Local
2020-03-07,University,Stadium,Walk,13.77,165.2,0.0,Local
2020-03-08,Home,Cafe,Walk,11.83,142.0,0.0,Local
2020-03-08,Cafe,Library,Car,2.24,3.4,430.1,Local
2020-03-08,Library,Gym,Car,4.34,6.5,833.3,Local
2020-03-09,Home,University,Car,7.21,10.8,1384.3,Local
2020-03-09,University,Library,Train,14.33,19.1,587.5,Local
2020-03-10,Home,Cafe,Bicycle,13.72,54.9,0.0,Local
2020-03-11,Home,Gym,Car,9.32,14.0,1789.4,Local
2020-03-12,Home,Library,Walk,18.0,216.0,0.0,Local
2020-03-12,Library,Cafe,Tram,7.43,22.3,445.8,Local
2020-03-12,Cafe,Friend's Place,Tram,4.01,12.0,240.6,Local
2020-03-13,Home,Stadium,Car,11.12,16.7,2135.0,Local
2020-03-14,Home,Gym,Bus,5.08,12.2,533.4,Local
2020-03-14,Gym,Friend's Place,Walk,6.03,72.4,0.0,Local
2020-03-14,Friend's Place,University,Bus,9.39,22.5,986.0,Local
2020-03-15,Home,University,Bicycle,7.85,31.4,0.0,Local
2020-03-16,Home,Friend's Place,Bicycle,8.11,32.4,0.0,Local
2020-03-16,Friend's Place,Home,Bicycle,5.25,21.0,0.0,Local
2020-03-16,Home,Cafe,Bus,11.52,27.6,1209.6,Local
2020-03-18,Home,Gym,Bicycle,17.63,70.5,0.0,Local
2020-03-18,Gym,Friend's Place,Walk,7.51,90.1,0.0,Local
2020-03-18,Friend's Place,Gym,Walk,7.47,89.6,0.0,Local
2020-03-19,Home,Friend's Place,Walk,17.97,215.6,0.0,Local
2020-03-20,Stadium,Library,Tram,1.3,3.9,78.0,Local
2020-03-20,Home,Stadium,Tram,17.35,52.1,1041.0,Local
2020-03-21,Home,Cafe,Car,18.41,27.6,3534.7,Local
2020-03-22,Home,Cafe,Walk,14.04,168.5,0.0,Local
2020-03-23,Home,Friend's Place,Train,19.99,26.7,819.6,Local
2020-03-24,Home,Library,Tram,13.18,39.5,790.8,Local
2020-03-24,Library,Home,Bus,8.59,20.6,901.9,Local
2020-03-25,Library,Cafe,Bus,5.43,13.0,570.1,Local
2020-03-25,Home,Library,Car,5.62,8.4,1079.0,Local
2020-03-27,Library,Gym,Tram,7.36,22.1,441.6,Local
2020-03-27,Gym,Library,Bus,0.6,1.4,63.0,Local
2020-03-27,Home,Library,Car,16.62,24.9,3191.0,Local
2020-03-28,Home,Library,Car,9.47,14.2,1818.2,Local
2020-03-28,Library,Cafe,Train,6.01,8.0,246.4,Local
2020-03-29,Home,Gym,Car,8.73,13.1,1676.2,Local
2020-03-29,Gym,Cafe,Tram,7.34,22.0,440.4,Local
2020-03-29,Cafe,University,Bicycle,15.39,61.6,0.0,Local
2020-03-30,Home,Library,Train,15.52,20.7,636.3,Local
2020-03-30,Library,Friend's Place,Train,7.94,10.6,325.5,Local
2020-03-31,Cafe,Library,Walk,6.04,72.5,0.0,Local
2020-03-31,Home,Cafe,Walk,5.31,63.7,0.0,Local
2020-04-01,Home,Stadium,Walk,12.03,144.4,0.0,Local
2020-04-01,Stadium,Gym,Walk,0.73,8.8,0.0,Local
2020-04-01,Gym,Library,Bicycle,2.38,9.5,0.0,Local
2020-04-02,Home,Gym,Train,14.28,19.0,585.5,Local
2020-04-03,Home,Library,Train,11.43,15.2,468.6,Local
2020-04-03,Library,Cafe,Bicycle,0.72,2.9,0.0,Local
2020-04-03,Cafe,Stadium,Bus,6.48,15.6,680.4,Local
2020-04-04,Stadium,Library,Train,0.66,0.9,27.1,Local
2020-04-04,Home,Stadium,Car,6.16,9.2,1182.7,Local
2020-04-06,Home,Friend's Place,Train,17.26,23.0,707.7,Local
2020-04-06,Friend's Place,Library,Train,7.66,10.2,314.1,Local
2020-04-07,Home,Gym,Bicycle,10.5,42.0,0.0,Local
2020-04-07,Gym,Friend's Place,Car,4.88,7.3,937.0,Local
2020-04-07,Friend's Place,University,Train,17.92,23.9,734.7,Local
2020-04-08,Home,Library,Train,7.93,10.6,325.1,Local
2020-04-08,Library,Stadium,Bus,4.39,10.5,460.9,Local
2020-04-09,Home,Stadium,Tram,12.19,36.6,731.4,Local
2020-04-10,Home,Cafe,Bus,13.61,32.7,1429.0,Local
2020-04-10,Cafe,Friend's Place,Tram,7.53,22.6,451.8,Local
2020-04-10,Friend's Place,Library,Tram,6.75,20.2,405.0,Local
2020-04-11,Home,Friend's Place,Train,12.68,16.9,519.9,Local
2020-04-11,Friend's Place,Stadium,Bicycle,2.32,9.3,0.0,Local
2020-04-12,Home,University,Train,19.76,26.3,810.2,Local
2020-04-12,University,Home,Train,17.88,23.8,733.1,Local
2020-04-13,Home,Library,Bicycle,19.3,77.2,0.0,Local
2020-04-13,Library,Cafe,Walk,5.48,65.8,0.0,Local
2020-04-14,University,Cafe,Train,5.7,7.6,233.7,Local
2020-04-14,Home,University,Walk,15.26,183.1,0.0,Local
2020-04-15,Home,Library,Tram,6.78,20.3,406.8,Local
2020-04-15,Library,Home,Tram,17.07,51.2,1024.2,Local
2020-04-16,Home,Gym,Tram,8.46,25.4,507.6,Local
2020-04-16,Gym,Friend's Place,Bicycle,4.37,17.5,0.0,Local
2020-04-16,Friend's Place,Stadium,Car,3.24,4.9,622.1,Local
2020-04-17,Gym,Home,Bicycle,6.44,25.8,0.0,Local
2020-04-17,Home,Gym,Tram,15.92,47.8,955.2,Local
2020-04-17,Home,Gym,Tram,9.84,29.5,590.4,Local
2020-04-18,Home,Gym,Bus,11.46,27.5,1203.3,Local
2020-04-19,Home,Library,Train,14.83,19.8,608.0,Local
2020-04-19,Library,Friend's Place,Bus,4.85,11.6,509.2,Local
2020-04-20,Home,Library,Bicycle,15.32,61.3,0.0,Local
2020-04-21,Library,Cafe,Bicycle,4.08,16.3,0.0,Local
2020-04-21,Home,Cafe,Bus,8.96,21.5,940.8,Local
2020-04-21,Cafe,Library,Walk,1.58,19.0,0.0,Local
2020-04-22,Home,Stadium,Tram,9.3,27.9,558.0,Local
2020-04-23,Home,Cafe,Tram,8.98,26.9,538.8,Local
2020-04-24,Home,Library,Train,12.47,16.6,511.3,Local
2020-04-25,Home,Gym,Train,10.33,13.8,423.5,Local
2020-04-26,Home,Cafe,Walk,19.72,236.6,0.0,Local
2020-04-26,Cafe,Friend's Place,Walk,6.01,72.1,0.0,Local
2020-04-26,Friend's Place,Cafe,Walk,3.24,38.9,0.0,Local
2020-04-27,Home,Stadium,Car,16.34,24.5,3137.3,Local
2020-04-27,Stadium,Home,Bus,15.81,37.9,1660.0,Local
2020-04-28,Home,Stadium,Bus,16.34,39.2,1715.7,Local
2020-04-29,Cafe,Stadium,Walk,7.6,91.2,0.0,Local
2020-04-29,Home,Stadium,Train,8.22,11.0,337.0,Local
2020-04-29,Stadium,Cafe,Car,1.97,3.0,378.2,Local
2020-04-30,Home,Friend's Place,Car,8.73,13.1,1676.2,Local
2020-04-30,Friend's Place,Home,Car,12.81,19.2,2459.5,Local
2020-04-30,Home,Friend's Place,Tram,8.71,26.1,522.6,Local
2020-05-01,Home,Stadium,Tram,19.89,59.7,1193.4,Local
2020-05-01,Home,Library,Train,16.23,21.6,665.4,Local
2020-05-01,Library,Home,Train,6.28,8.4,257.5,Local
2020-05-02,Friend's Place,Home,Train,18.32,24.4,751.1,Local
2020-05-02,Home,Friend's Place,Car,11.53,17.3,2213.8,Local
2020-05-04,Home,University,Train,8.72,11.6,357.5,Local
2020-05-05,Home,Cafe,Walk,14.67,176.0,0.0,Local
2020-05-06,Home,Stadium,Tram,8.98,26.9,538.8,Local
2020-05-07,Home,Gym,Bus,10.49,25.2,1101.5,Local
2020-05-08,Home,Gym,Car,11.93,17.9,2290.6,Local
2020-05-08,Gym,Friend's Place,Train,5.52,7.4,226.3,Local
2020-05-08,Friend's Place,Home,Walk,16.45,197.4,0.0,Local
2020-05-09,Gym,Cafe,Tram,3.19,9.6,191.4,Local
2020-05-09,Home,Gym,Train,17.98,24.0,737.2,Local
2020-05-10,Home,Library,Bicycle,13.79,55.2,0.0,Local
2020-05-11,Home,University,Train,5.36,7.1,219.8,Local
2020-05-13,Home,Library,Bicycle,19.14,76.6,0.0,Local
2020-05-13,Library,Friend's Place,Train,7.24,9.7,296.8,Local
2020-05-13,Friend's Place,Home,Car,6.71,10.1,1288.3,Local
2020-05-15,Home,University,Bus,12.21,29.3,1282.1,Local
2020-05-17,Home,Gym,Train,9.79,13.1,401.4,Local
2020-05-18,Cafe,Friend's Place,Bicycle,5.86,23.4,0.0,Local
2020-05-18,University,Cafe,Walk,11.67,140.0,0.0,Local
2020-05-18,Home,University,Car,13.72,20.6,2634.2,Local
2020-05-19,Home,Stadium,Walk,7.09,85.1,0.0,Local
2020-05-19,Stadium,Gym,Bicycle,7.49,30.0,0.0,Local
2020-05-20,Home,Stadium,Bicycle,6.92,27.7,0.0,Local
2020-05-20,Stadium,Library,Car,3.71,5.6,712.3,Local
2020-05-20,Library,Friend's Place,Car,5.72,8.6,1098.2,Local
2020-05-21,Home,Gym,Bus,16.55,39.7,1737.8,Local
2020-05-21,Gym,Friend's Place,Bicycle,2.18,8.7,0.0,Local
2020-05-22,Home,Cafe,Bus,8.92,21.4,936.6,Local
2020-05-23,Home,Stadium,Tram,16.36,49.1,981.6,Local
2020-05-23,Stadium,Home,Bus,7.39,17.7,775.9,Local
2020-05-23,Home,Stadium,Bicycle,8.71,34.8,0.0,Local
2020-05-24,Home,Library,Tram,16.88,50.6,1012.8,Local
2020-05-25,Home,Cafe,Bicycle,16.09,64.4,0.0,Local
2020-05-25,Home,Stadium,Train,18.13,24.2,743.3,Local
2020-05-25,Cafe,Home,Car,6.85,10.3,1315.2,Local
2020-05-27,Cafe,Home,Train,16.49,22.0,676.1,Local
2020-05-27,Home,Stadium,Bus,8.55,20.5,897.8,Local
2020-05-27,Stadium,Cafe,Tram,6.06,18.2,363.6,Local
2020-05-29,Home,Stadium,Bus,17.36,41.7,1822.8,Local
2020-05-29,Stadium,Cafe,Bus,1.52,3.6,159.6,Local
2020-05-30,Home,Stadium,Walk,15.67,188.0,0.0,Local
2020-05-31,Home,Library,Tram,19.15,57.4,1149.0,Local
2020-05-31,Library,Stadium,Bus,5.68,13.6,596.4,Local
2020-06-01,Home,Friend's Place,Bus,11.19,26.9,1175.0,Local
2020-06-01,Friend's Place,Gym,Walk,4.76,57.1,0.0,Local
2020-06-01,Gym,University,Car,14.98,22.5,2876.2,Local
2020-06-04,Home,University,Train,5.87,7.8,240.7,Local
2020-06-04,University,Cafe,Bus,17.71,42.5,1859.6,Local
2020-06-04,Cafe,Gym,Tram,1.53,4.6,91.8,Local
2020-06-05,Home,University,Bus,16.46,39.5,1728.3,Local
2020-06-05,University,Stadium,Bus,18.94,45.5,1988.7,Local
2020-06-06,Cafe,Stadium,Bicycle,3.68,14.7,0.0,Local
2020-06-06,Stadium,Friend's Place,Bus,3.25,7.8,341.2,Local
2020-06-06,Home,Cafe,Tram,6.87,20.6,412.2,Local
2020-06-08,Home,Stadium,Train,7.6,10.1,311.6,Local
2020-06-08,Stadium,Friend's Place,Bicycle,6.18,24.7,0.0,Local
2020-06-09,Home,Stadium,Tram,16.09,48.3,965.4,Local
2020-06-09,Stadium,Home,Tram,11.92,35.8,715.2,Local
2020-06-09,Home,Cafe,Bicycle,6.75,27.0,0.0,Local
2020-06-10,Home,Stadium,Walk,19.14,229.7,0.0,Local
2020-06-11,Friend's Place,University,Car,15.35,23.0,2947.2,Local
2020-06-11,Home,Friend's Place,Train,9.18,12.2,376.4,Local
2020-06-12,Home,Gym,Tram,10.73,32.2,643.8,Local
2020-06-12,Gym,Library,Car,2.44,3.7,468.5,Local
2020-06-12,Library,Friend's Place,Walk,0.73,8.8,0.0,Local
2020-06-13,Home,Gym,Walk,12.93,155.2,0.0,Local
2020-06-13,Gym,Home,Bicycle,11.53,46.1,0.0,Local
2020-06-13,Home,Stadium,Car,15.38,23.1,2953.0,Local
2020-06-14,Home,Gym,Walk,13.39,160.7,0.0,Local
2020-06-15,Stadium,Friend's Place,Car,3.37,5.1,647.0,Local
2020-06-15,Home,Stadium,Train,14.79,19.7,606.4,Local
2020-06-16,Home,Cafe,Tram,16.38,49.1,982.8,Local
2020-06-16,Cafe,Friend's Place,Bus,4.08,9.8,428.4,Local
2020-06-16,Friend's Place,University,Tram,5.93,17.8,355.8,Local
2020-06-17,Home,Library,Bus,6.89,16.5,723.4,Local
2020-06-17,Library,Gym,Bicycle,7.52,30.1,0.0,Local
2020-06-18,Home,Cafe,Bicycle,7.5,30.0,0.0,Local
2020-06-19,Home,Library,Bicycle,12.78,51.1,0.0,Local
2020-06-20,Home,Library,Bicycle,18.56,74.2,0.0,Local
2020-06-21,Home,Cafe,Tram,5.57,16.7,334.2,Local
2020-06-21,Cafe,Home,Car,14.88,22.3,2857.0,Local
2020-06-22,Home,Stadium,Tram,15.45,46.3,927.0,Local
2020-06-22,Stadium,University,Bicycle,17.63,70.5,0.0,Local
2020-06-22,University,Cafe,Tram,16.81,50.4,1008.6,Local
2020-06-23,Friend's Place,Gym,Train,7.57,10.1,310.4,Local
2020-06-23,Gym,Cafe,Car,7.72,11.6,1482.2,Local
2020-06-23,Home,Friend's Place,Walk,16.87,202.4,0.0,Local
2020-06-24,Home,Cafe,Car,16.78,25.2,3221.8,Local
2020-06-24,Cafe,Gym,Tram,2.15,6.5,129.0,Local
2020-06-24,Gym,Library,Train,6.06,8.1,248.5,Local
2020-06-25,Home,Library,Train,14.43,19.2,591.6,Local
2020-06-28,Home,Cafe,Train,12.45,16.6,510.4,Local
2020-06-28,Cafe,University,Train,10.86,14.5,445.3,Local
2020-06-28,University,Library,Bus,16.62,39.9,1745.1,Local
2020-06-29,Home,Gym,Car,13.84,20.8,2657.3,Local
2020-06-30,Home,Friend's Place,Car,11.5,17.2,2208.0,Local
2020-06-30,Friend's Place,Gym,Bicycle,2.91,11.6,0.0,Local
2020-07-01,Home,Stadium,Bicycle,10.67,42.7,0.0,Local
2020-07-01,Stadium,University,Tram,16.17,48.5,970.2,Local
2020-07-01,University,Home,Car,13.25,19.9,2544.0,Local
2020-07-03,Home,Cafe,Car,9.6,14.4,1843.2,Local
2020-07-04,Home,Friend's Place,Bus,18.36,44.1,1927.8,Local
2020-07-05,Home,Stadium,Bus,16.21,38.9,1702.1,Local
2020-07-05,Stadium,Friend's Place,Walk,1.51,18.1,0.0,Local
2020-07-06,Gym,Friend's Place,Walk,7.75,93.0,0.0,Local
2020-07-06,Home,Gym,Walk,12.53,150.4,0.0,Local
2020-07-07,Home,Gym,Tram,5.93,17.8,355.8,Local
2020-07-09,Friend's Place,Library,Walk,0.9,10.8,0.0,Local
2020-07-09,Home,Friend's Place,Train,11.98,16.0,491.2,Local
2020-07-09,Library,Gym,Train,1.81,2.4,74.2,Local
2020-07-10,Cafe,Library,Train,3.69,4.9,151.3,Local
2020-07-10,Home,Cafe,Bus,5.21,12.5,547.0,Local
2020-07-11,Home,Stadium,Train,11.07,14.8,453.9,Local
2020-07-12,Home,Friend's Place,Tram,18.85,56.6,1131.0,Local
2020-07-12,Friend's Place,Cafe,Bicycle,5.21,20.8,0.0,Local
2020-07-14,Home,Library,Walk,16.08,193.0,0.0,Local
2020-07-15,Home,Friend's Place,Walk,13.23,158.8,0.0,Local
2020-07-16,Home,Library,Bus,11.52,27.6,1209.6,Local
2020-07-16,Library,Friend's Place,Bicycle,3.14,12.6,0.0,Local
2020-07-16,Friend's Place,Library,Bus,1.33,3.2,139.7,Local
2020-07-17,Home,Friend's Place,Bus,11.19,26.9,1175.0,Local
2020-07-19,Home,Friend's Place,Car,12.71,19.1,2440.3,Local
2020-07-20,Home,Stadium,Walk,7.25,87.0,0.0,Local
2020-07-20,Stadium,Home,Car,6.09,9.1,1169.3,Local
2020-07-21,Home,Library,Bus,11.16,26.8,1171.8,Local
2020-07-21,Library,University,Car,10.25,15.4,1968.0,Local
2020-07-21,University,Stadium,Train,10.01,13.3,410.4,Local
2020-07-22,University,Home,Train,8.43,11.2,345.6,Local
2020-07-22,Home,University,Walk,15.89,190.7,0.0,Local
2020-07-23,Home,Library,Bicycle,17.14,68.6,0.0,Local
2020-07-24,Home,University,Walk,18.33,220.0,0.0,Local
2020-07-24,University,Home,Train,10.72,14.3,439.5,Local
2020-07-25,Home,Gym,Tram,12.32,37.0,739.2,Local
2020-07-27,Home,Cafe,Car,11.44,17.2,2196.5,Local
2020-07-27,Cafe,University,Tram,10.75,32.2,645.0,Local
2020-07-27,University,Library,Walk,7.7,92.4,0.0,Local
2020-07-28,Home,University,Bicycle,19.91,79.6,0.0,Local
2020-07-28,University,Cafe,Train,11.79,15.7,483.4,Local
2020-07-28,Cafe,Gym,Bicycle,3.23,12.9,0.0,Local
2020-07-29,Home,Stadium,Bus,16.29,39.1,1710.4,Local
2020-07-29,Stadium,Gym,Walk,3.42,41.0,0.0,Local
2020-07-30,Home,Cafe,Bicycle,7.9,31.6,0.0,Local
2020-07-30,Cafe,Friend's Place,Walk,1.26,15.1,0.0,Local
2020-07-31,Home,University,Car,8.12,12.2,1559.0,Local
2020-08-02,Home,Gym,Tram,6.3,18.9,378.0,Local
2020-08-03,Cafe,University,Bicycle,18.46,73.8,0.0,Local
2020-08-03,Home,Cafe,Bicycle,17.47,69.9,0.0,Local
2020-08-04,Home,Friend's Place,Walk,5.57,66.8,0.0,Local
2020-08-05,Home,Library,Tram,12.27,36.8,736.2,Local
2020-08-05,Library,University,Walk,12.87,154.4,0.0,Local
2020-08-06,Home,Friend's Place,Tram,14.41,43.2,864.6,Local
2020-08-07,Home,Cafe,Bicycle,13.56,54.2,0.0,Local
2020-08-08,Home,Cafe,Train,8.77,11.7,359.6,Local
2020-08-09,Home,University,Walk,18.12,217.4,0.0,Local
2020-08-10,Home,Friend's Place,Tram,18.32,55.0,1099.2,Local
2020-08-10,Friend's Place,Library,Train,1.7,2.3,69.7,Local
2020-08-10,Library,Home,Car,6.56,9.8,1259.5,Local
2020-08-11,Home,Friend's Place,Car,14.31,21.5,2747.5,Local
2020-08-12,Home,Friend's Place,Car,15.51,23.3,2977.9,Local
2020-08-12,Friend's Place,University,Train,9.7,12.9,397.7,Local
2020-08-13,Home,Friend's Place,Bicycle,8.25,33.0,0.0,Local
2020-08-14,Home,Stadium,Walk,12.14,145.7,0.0,Local
2020-08-14,Stadium,Cafe,Bus,7.46,17.9,783.3,Local
2020-08-15,Home,Friend's Place,Bicycle,8.14,32.6,0.0,Local
2020-08-16,Home,Friend's Place,Bus,11.59,27.8,1217.0,Local
2020-08-16,Friend's Place,Gym,Tram,2.61,7.8,156.6,Local
2020-08-16,Gym,Friend's Place,Tram,6.44,19.3,386.4,Local
2020-08-17,Home,Cafe,Walk,6.77,81.2,0.0,Local
2020-08-18,Home,University,Bicycle,10.73,42.9,0.0,Local
2020-08-19,Home,Friend's Place,Walk,17.32,207.8,0.0,Local
2020-08-19,Friend's Place,Home,Bicycle,11.47,45.9,0.0,Local
2020-08-20,Home,Cafe,Train,16.66,22.2,683.1,Local
2020-08-20,Cafe,Library,Walk,2.37,28.4,0.0,Local
2020-08-20,Library,University,Walk,9.97,119.6,0.0,Local
2020-08-21,Home,Friend's Place,Bus,7.95,19.1,834.8,Local
2020-08-22,Home,Stadium,Tram,15.41,46.2,924.6,Local
2020-08-23,Home,Friend's Place,Car,15.36,23.0,2949.1,Local
2020-08-23,Friend's Place,Gym,Walk,3.62,43.4,0.0,Local
2020-08-24,Home,Friend's Place,Bus,12.88,30.9,1352.4,Local
2020-08-24,Friend's Place,Cafe,Tram,5.42,16.3,325.2,Local
2020-08-25,Stadium,Gym,Bicycle,6.31,25.2,0.0,Local
2020-08-25,Home,Stadium,Bicycle,12.11,48.4,0.0,Local
2020-08-26,Home,Gym,Train,12.35,16.5,506.3,Local
2020-08-26,Gym,Friend's Place,Bicycle,7.5,30.0,0.0,Local
2020-08-26,Friend's Place,Library,Train,4.58,6.1,187.8,Local
2020-08-27,Home,Gym,Walk,9.62,115.4,0.0,Local
2020-08-27,Gym,University,Car,13.75,20.6,2640.0,Local
2020-08-28,Home,Friend's Place,Walk,16.79,201.5,0.0,Local
2020-08-29,Home,Library,Walk,10.52,126.2,0.0,Local
2020-08-30,Library,Friend's Place,Bus,5.43,13.0,570.1,Local
2020-08-30,Home,Library,Bus,18.28,43.9,1919.4,Local
2020-08-31,Home,Gym,Tram,13.87,41.6,832.2,Local
2020-08-31,Gym,Home,Car,18.13,27.2,3481.0,Local
2020-09-01,Home,Stadium,Bus,19.15,46.0,2010.7,Local
2020-09-01,Stadium,Home,Tram,8.16,24.5,489.6,Local
2020-09-02,Home,Library,Tram,19.42,58.3,1165.2,Local
2020-09-03,Home,University,Tram,15.51,46.5,930.6,Local
2020-09-04,Library,Home,Tram,18.99,57.0,1139.4,Local
2020-09-04,Home,Stadium,Car,13.47,20.2,2586.2,Local
2020-09-04,Stadium,Library,Car,1.3,2.0,249.6,Local
2020-09-05,Home,Cafe,Bicycle,15.08,60.3,0.0,Local
2020-09-06,Home,Library,Bicycle,9.26,37.0,0.0,Local
2020-09-06,Library,University,Tram,5.89,17.7,353.4,Local
2020-09-07,Home,Library,Car,18.23,27.3,3500.2,Local
2020-09-07,Library,Cafe,Car,5.68,8.5,1090.6,Local
2020-09-08,Home,Stadium,Train,17.0,22.7,697.0,Local
2020-09-08,Stadium,University,Walk,13.65,163.8,0.0,Local
2020-09-09,Home,Cafe,Bus,13.6,32.6,1428.0,Local
2020-09-10,Home,Stadium,Bus,15.86,38.1,1665.3,Local
2020-09-11,Home,Gym,Bicycle,6.59,26.4,0.0,Local
2020-09-12,Home,University,Train,16.21,21.6,664.6,Local
2020-09-13,Stadium,Cafe,Train,3.21,4.3,131.6,Local
2020-09-13,Home,Cafe,Bicycle,15.12,60.5,0.0,Local
2020-09-13,Cafe,Stadium,Bus,0.55,1.3,57.8,Local
2020-09-14,Stadium,Friend's Place,Train,4.97,6.6,203.8,Local
2020-09-14,Gym,Stadium,Car,5.82,8.7,1117.4,Local
2020-09-14,Home,Gym,Train,6.53,8.7,267.7,Local
2020-09-16,Home,Stadium,Train,19.43,25.9,796.6,Local
2020-09-17,Home,Library,Train,9.71,12.9,398.1,Local
2020-09-18,Home,Cafe,Train,10.26,13.7,420.7,Local
2020-09-18,Cafe,Gym,Walk,0.64,7.7,0.0,Local
2020-09-19,Home,Cafe,Car,11.2,16.8,2150.4,Local
2020-09-20,Friend's Place,Home,Bicycle,10.18,40.7,0.0,Local
2020-09-20,Home,Friend's Place,Bicycle,9.6,38.4,0.0,Local
2020-09-20,Home,Friend's Place,Car,11.58,17.4,2223.4,Local
2020-09-22,Home,Friend's Place,Bicycle,13.28,53.1,0.0,Local
2020-09-23,Home,Cafe,Walk,14.34,172.1,0.0,Local
2020-09-23,Cafe,Friend's Place,Bus,6.42,15.4,674.1,Local
2020-09-23,Friend's Place,Cafe,Walk,3.32,39.8,0.0,Local
2020-09-24,Home,Gym,Train,7.38,9.8,302.6,Local
2020-09-25,Home,Gym,Bus,16.33,39.2,1714.6,Local
2020-09-27,Home,Cafe,Walk,5.73,68.8,0.0,Local
2020-09-27,Cafe,Library,Bicycle,7.57,30.3,0.0,Local
2020-09-28,Home,Gym,Walk,17.96,215.5,0.0,Local
2020-09-30,Home,University,Car,7.44,11.2,1428.5,Local
2020-09-30,University,Friend's Place,Bus,6.02,14.4,632.1,Local
2020-10-01,Home,Stadium,Tram,11.87,35.6,712.2,Local
2020-10-02,Home,Cafe,Train,11.31,15.1,463.7,Local
2020-10-02,Cafe,Library,Tram,7.67,23.0,460.2,Local
2020-10-03,Home,Friend's Place,Bicycle,17.97,71.9,0.0,Local
2020-10-04,Home,Gym,Walk,8.64,103.7,0.0,Local
2020-10-04,Gym,University,Bus,17.41,41.8,1828.0,Local
2020-10-05,Cafe,Gym,Bus,4.98,12.0,522.9,Local
2020-10-05,Home,Cafe,Bicycle,12.15,48.6,0.0,Local
2020-10-06,Home,Library,Bus,18.02,43.2,1892.1,Local
2020-10-07,Home,Gym,Tram,8.94,26.8,536.4,Local
2020-10-08,Home,University,Bicycle,5.31,21.2,0.0,Local
2020-10-09,Home,Stadium,Car,10.41,15.6,1998.7,Local
2020-10-09,Stadium,Gym,Bicycle,7.97,31.9,0.0,Local
2020-10-09,Gym,Stadium,Bicycle,3.04,12.2,0.0,Local
2020-10-10,Home,Gym,Bus,15.52,37.2,1629.6,Local
2020-10-11,Home,Friend's Place,Train,6.95,9.3,284.9,Local
2020-10-11,Friend's Place,Gym,Walk,1.05,12.6,0.0,Local
2020-10-12,Library,Friend's Place,Walk,7.92,95.0,0.0,Local
2020-10-12,Home,Library,Bicycle,12.53,50.1,0.0,Local
2020-10-14,Home,Cafe,Bicycle,18.03,72.1,0.0,Local
2020-10-15,Home,Library,Walk,12.82,153.8,0.0,Local
2020-10-16,Home,Cafe,Bicycle,12.21,48.8,0.0,Local
2020-10-17,Home,Library,Train,18.27,24.4,749.1,Local
2020-10-17,Library,Home,Walk,12.32,147.8,0.0,Local
2020-10-19,Home,Library,Car,5.95,8.9,1142.4,Local
2020-10-19,Library,Cafe,Walk,5.88,70.6,0.0,Local
2020-10-20,Home,Library,Car,6.02,9.0,1155.8,Local
2020-10-21,University,Cafe,Bicycle,15.08,60.3,0.0,Local
2020-10-21,Home,University,Bicycle,8.19,32.8,0.0,Local
2020-10-22,Home,Stadium,Tram,8.82,26.5,529.2,Local
2020-10-23,Home,Library,Walk,14.87,178.4,0.0,Local
2020-10-24,Home,Stadium,Bus,9.4,22.6,987.0,Local
2020-10-24,Stadium,University,Train,16.5,22.0,676.5,Local
2020-10-24,University,Gym,Car,19.39,29.1,3722.9,Local
2020-10-25,Home,Library,Bus,16.96,40.7,1780.8,Local
2020-10-25,Library,University,Train,11.64,15.5,477.2,Local
2020-10-26,Friend's Place,Library,Tram,7.75,23.2,465.0,Local
2020-10-26,Home,Friend's Place,Walk,12.55,150.6,0.0,Local
2020-10-27,Home,Gym,Train,17.63,23.5,722.8,Local
2020-10-27,Gym,Stadium,Car,5.08,7.6,975.4,Local
2020-10-27,Stadium,Cafe,Car,6.73,10.1,1292.2,Local
2020-10-28,Home,Stadium,Train,17.46,23.3,715.9,Local
2020-10-29,Home,Gym,Bicycle,11.89,47.6,0.0,Local
2020-10-30,Home,University,Car,9.32,14.0,1789.4,Local
2020-11-01,Home,Cafe,Car,15.67,23.5,3008.6,Local
2020-11-01,Cafe,Friend's Place,Bicycle,5.54,22.2,0.0,Local
2020-11-02,Cafe,Gym,Bicycle,6.11,24.4,0.0,Local
2020-11-02,Home,Cafe,Train,6.58,8.8,269.8,Local
2020-11-03,Home,Gym,Walk,7.05,84.6,0.0,Local
2020-11-04,Home,Friend's Place,Bus,8.33,20.0,874.6,Local
2020-11-05,Home,Friend's Place,Walk,18.93,227.2,0.0,Local
2020-11-06,Home,University,Bicycle,17.74,71.0,0.0,Local
2020-11-07,Home,Library,Walk,15.19,182.3,0.0,Local
2020-11-08,Home,Friend's Place,Tram,14.84,44.5,890.4,Local
2020-11-09,Library,Gym,Tram,5.39,16.2,323.4,Local
2020-11-09,Home,Library,Bicycle,8.87,35.5,0.0,Local
2020-11-10,Home,Library,Tram,16.28,48.8,976.8,Local
2020-11-10,Library,Friend's Place,Train,7.01,9.3,287.4,Local
2020-11-10,Friend's Place,Library,Walk,5.02,60.2,0.0,Local
2020-11-11,Home,Friend's Place,Car,8.72,13.1,1674.2,Local
2020-11-12,Home,Gym,Tram,6.23,18.7,373.8,Local
2020-11-13,Home,Cafe,Walk,15.37,184.4,0.0,Local
2020-11-13,Cafe,University,Walk,11.88,142.6,0.0,Local
2020-11-14,Library,Stadium,Bicycle,3.84,15.4,0.0,Local
2020-11-14,Gym,Library,Bicycle,0.6,2.4,0.0,Local
2020-11-14,Home,Gym,Tram,19.22,57.7,1153.2,Local
2020-11-15,Home,Library,Bus,16.38,39.3,1719.9,Local
2020-11-16,Home,Friend's Place,Train,13.04,17.4,534.6,Local
2020-11-16,Friend's Place,Cafe,Tram,6.68,20.0,400.8,Local
2020-11-17,Home,Cafe,Tram,5.51,16.5,330.6,Local
2020-11-17,Cafe,Home,Tram,8.53,25.6,511.8,Local
2020-11-18,Home,Library,Bicycle,19.36,77.4,0.0,Local
2020-11-19,Gym,Stadium,Train,1.63,2.2,66.8,Local
2020-11-19,University,Gym,Walk,18.58,223.0,0.0,Local
2020-11-19,Home,University,Tram,15.61,46.8,936.6,Local
2020-11-20,Home,Friend's Place,Bicycle,13.11,52.4,0.0,Local
2020-11-21,Home,Stadium,Car,16.0,24.0,3072.0,Local
2020-11-22,Home,University,Walk,16.33,196.0,0.0,Local
2020-11-23,Home,University,Bus,19.69,47.3,2067.5,Local
2020-11-23,University,Library,Tram,12.78,38.3,766.8,Local
2020-11-24,Gym,University,Bus,8.92,21.4,936.6,Local
2020-11-24,University,Cafe,Walk,14.09,169.1,0.0,Local
2020-11-24,Home,Gym,Bus,14.12,33.9,1482.6,Local
2020-11-26,Home,Gym,Bus,19.91,47.8,2090.6,Local
2020-11-26,Gym,Home,Tram,17.16,51.5,1029.6,Local
2020-11-27,Home,Friend's Place,Bus,14.82,35.6,1556.1,Local
2020-11-27,Friend's Place,Cafe,Bicycle,4.52,18.1,0.0,Local
2020-11-28,Gym,Library,Train,6.51,8.7,266.9,Local
2020-11-28,Home,University,Walk,5.57,66.8,0.0,Local
2020-11-28,University,Gym,Walk,12.28,147.4,0.0,Local
2020-11-30,Stadium,University,Bicycle,11.8,47.2,0.0,Local
2020-11-30,Home,Stadium,Car,12.22,18.3,2346.2,Local
2020-12-01,Home,Friend's Place,Walk,6.04,72.5,0.0,Local
2020-12-01,Friend's Place,University,Tram,8.4,25.2,504.0,Local
2020-12-01,University,Gym,Bus,7.89,18.9,828.4,Local
2020-12-02,Home,University,Walk,5.09,61.1,0.0,Local
2020-12-02,University,Friend's Place,Bicycle,19.37,77.5,0.0,Local
2020-12-02,Friend's Place,Home,Car,12.11,18.2,2325.1,Local
2020-12-03,Home,Stadium,Tram,15.74,47.2,944.4,Local
2020-12-03,Stadium,Library,Train,5.59,7.5,229.2,Local
2020-12-04,Home,Stadium,Bus,14.38,34.5,1509.9,Local
2020-12-04,Stadium,Home,Train,16.25,21.7,666.2,Local
2020-12-05,Home,Stadium,Bus,18.17,43.6,1907.9,Local
2020-12-06,Home,Gym,Tram,16.91,50.7,1014.6,Local
2020-12-07,Home,Gym,Tram,13.91,41.7,834.6,Local
2020-12-08,Home,University,Bicycle,10.88,43.5,0.0,Local
2020-12-08,University,Gym,Bus,7.77,18.6,815.8,Local
2020-12-09,Friend's Place,Library,Tram,0.93,2.8,55.8,Local
2020-12-09,Home,Friend's Place,Bicycle,17.17,68.7,0.0,Local
2020-12-10,Home,Friend's Place,Bicycle,8.66,34.6,0.0,Local
2020-12-10,Friend's Place,Stadium,Bus,5.84,14.0,613.2,Local
2020-12-11,Home,Friend's Place,Tram,5.51,16.5,330.6,Local
2020-12-11,Friend's Place,Stadium,Car,7.69,11.5,1476.5,Local
2020-12-11,Stadium,University,Bicycle,6.5,26.0,0.0,Local
2020-12-12,Home,Stadium,Bicycle,15.5,62.0,0.0,Local
2020-12-13,Stadium,University,Walk,12.26,147.1,0.0,Local
2020-12-13,Home,Stadium,Car,10.14,15.2,1946.9,Local
2020-12-14,Home,Library,Tram,17.48,52.4,1048.8,Local
2020-12-15,Home,Cafe,Train,6.64,8.9,272.2,Local
2020-12-16,Home,Stadium,Bus,13.43,32.2,1410.1,Local
2020-12-16,Stadium,Friend's Place,Bicycle,7.78,31.1,0.0,Local
2020-12-16,Friend's Place,Home,Bus,7.09,17.0,744.4,Local
2020-12-17,Home,Friend's Place,Bus,6.4,15.4,672.0,Local
2020-12-18,Home,Friend's Place,Bus,11.39,27.3,1196.0,Local
2020-12-19,Home,Friend's Place,Walk,12.91,154.9,0.0,Local
2020-12-20,Library,Gym,Bus,5.33,12.8,559.6,Local
2020-12-20,Home,University,Train,16.72,22.3,685.5,Local
2020-12-20,University,Library,Bicycle,9.03,36.1,0.0,Local
2020-12-21,Home,University,Tram,16.35,49.1,981.0,Local
2020-12-21,University,Gym,Tram,17.36,52.1,1041.6,Local
2020-12-22,Home,University,Car,16.16,24.2,3102.7,Local
2020-12-23,Home,Stadium,Bicycle,13.7,54.8,0.0,Local
2020-12-23,Stadium,Home,Walk,12.75,153.0,0.0,Local
2020-12-24,Home,Friend's Place,Tram,17.27,51.8,1036.2,Local
2020-12-24,Friend's Place,University,Bus,12.52,30.0,1314.6,Local
2020-12-26,Home,Friend's Place,Bicycle,5.56,22.2,0.0,Local
2020-12-27,Home,Friend's Place,Car,11.93,17.9,2290.6,Local
2020-12-27,Friend's Place,Stadium,Train,7.06,9.4,289.5,Local
2020-12-28,Home,Friend's Place,Bicycle,10.18,40.7,0.0,Local
2020-12-29,Home,Gym,Walk,17.75,213.0,0.0,Local
2020-12-29,Gym,Stadium,Tram,6.25,18.8,375.0,Local
2020-12-30,Home,Stadium,Train,14.04,18.7,575.6,Local
2020-12-31,Gym,Stadium,Tram,4.51,13.5,270.6,Local
2020-12-31,Friend's Place,Gym,Tram,1.47,4.4,88.2,Local
2020-12-31,Home,Friend's Place,Car,16.91,25.4,3246.7,Local
2021-01-01,Home,Library,Car,13.31,20.0,2555.5,Local
2021-01-01,Library,Gym,Tram,3.33,10.0,199.8,Local
2021-01-01,Gym,University,Bicycle,13.58,54.3,0.0,Local
2021-01-03,Home,University,Bus,17.8,42.7,1869.0,Local
2021-01-03,University,Home,Bicycle,9.0,36.0,0.0,Local
2021-01-04,Home,Friend's Place,Car,14.88,22.3,2857.0,Local
2021-01-06,Home,Stadium,Walk,14.61,175.3,0.0,Local
2021-01-07,Home,Stadium,Bus,7.63,18.3,801.1,Local
2021-01-08,Home,Cafe,Bus,6.96,16.7,730.8,Local
2021-01-08,Cafe,University,Walk,15.11,181.3,0.0,Local
2021-01-09,Home,Library,Bus,7.39,17.7,775.9,Local
2021-01-10,Home,Cafe,Bicycle,8.81,35.2,0.0,Local
2021-01-11,Stadium,Friend's Place,Bicycle,4.86,19.4,0.0,Local
2021-01-11,Home,Stadium,Walk,12.83,154.0,0.0,Local
2021-01-11,Friend's Place,Home,Tram,6.88,20.6,412.8,Local
2021-01-12,Cafe,University,Walk,18.58,223.0,0.0,Local
2021-01-12,Home,Cafe,Train,8.23,11.0,337.4,Local
2021-01-12,University,Library,Walk,17.61,211.3,0.0,Local
2021-01-13,Library,University,Train,11.48,15.3,470.7,Local
2021-01-13,Home,Library,Bicycle,14.03,56.1,0.0,Local
2021-01-14,Home,Stadium,Bus,6.95,16.7,729.8,Local
2021-01-16,Home,University,Car,17.15,25.7,3292.8,Local
2021-01-16,University,Home,Bicycle,11.96,47.8,0.0,Local
2021-01-17,Home,Gym,Bus,15.47,37.1,1624.4,Local
2021-01-17,Gym,Friend's Place,Walk,2.55,30.6,0.0,Local
2021-01-17,Friend's Place,Cafe,Train,1.73,2.3,70.9,Local
2021-01-18,University,Library,Walk,5.21,62.5,0.0,Local
2021-01-18,Library,University,Bicycle,14.46,57.8,0.0,Local
2021-01-18,Home,University,Walk,13.03,156.4,0.0,Local
2021-01-19,Home,University,Bus,14.57,35.0,1529.9,Local
2021-01-20,Home,University,Train,14.28,19.0,585.5,Local
2021-01-22,Home,Stadium,Car,16.77,25.2,3219.8,Local
2021-01-23,Home,Friend's Place,Bicycle,9.18,36.7,0.0,Local
2021-01-24,Home,Gym,Bus,10.58,25.4,1110.9,Local
2021-01-25,University,Friend's Place,Walk,16.66,199.9,0.0,Local
2021-01-25,Home,Stadium,Bus,9.25,22.2,971.2,Local
2021-01-25,Stadium,University,Walk,10.98,131.8,0.0,Local
2021-01-27,Gym,Library,Bus,1.01,2.4,106.0,Local
2021-01-27,Home,Library,Bus,6.66,16.0,699.3,Local
2021-01-27,Library,Gym,Tram,3.94,11.8,236.4,Local
2021-01-28,Home,Gym,Train,18.37,24.5,753.2,Local
2021-01-29,Home,Cafe,Bicycle,15.67,62.7,0.0,Local
2021-01-30,Home,Cafe,Bus,17.91,43.0,1880.5,Local
2021-01-30,Cafe,Stadium,Bicycle,1.4,5.6,0.0,Local
2021-01-31,Home,Stadium,Walk,12.29,147.5,0.0,Local
2021-01-31,Stadium,University,Car,6.49,9.7,1246.1,Local
2021-02-01,Gym,Cafe,Bicycle,7.5,30.0,0.0,Local
2021-02-01,Home,Gym,Car,5.92,8.9,1136.6,Local
2021-02-02,Home,Library,Bicycle,13.66,54.6,0.0,Local
2021-02-02,Library,Friend's Place,Bicycle,6.58,26.3,0.0,Local
2021-02-03,Home,Cafe,Tram,9.87,29.6,592.2,Local
2021-02-04,Home,Library,Car,19.2,28.8,3686.4,Local
2021-02-04,Library,Home,Walk,13.82,165.8,0.0,Local
2021-02-05,Friend's Place,Library,Train,3.55,4.7,145.5,Local
2021-02-05,Home,Friend's Place,Car,15.81,23.7,3035.5,Local
2021-02-06,Stadium,Cafe,Car,2.91,4.4,558.7,Local
2021-02-06,Home,Stadium,Bus,11.39,27.3,1196.0,Local
2021-02-09,Home,Stadium,Car,12.67,19.0,2432.6,Local
2021-02-10,Home,Gym,Walk,13.51,162.1,0.0,Local
2021-02-11,Home,Stadium,Bus,16.35,39.2,1716.8,Local
2021-02-12,Home,Stadium,Tram,12.05,36.2,723.0,Local
2021-02-12,Stadium,Library,Bicycle,4.02,16.1,0.0,Local
2021-02-13,Home,Library,Bus,17.93,43.0,1882.6,Local
2021-02-13,Library,Gym,Bus,3.13,7.5,328.6,Local
2021-02-13,Gym,Home,Bicycle,19.07,76.3,0.0,Local
2021-02-14,Home,University,Bicycle,7.57,30.3,0.0,Local
2021-02-15,Home,Gym,Car,8.37,12.6,1607.0,Local
2021-02-16,Home,Stadium,Bus,12.75,30.6,1338.8,Local
2021-02-17,Home,Library,Train,7.2,9.6,295.2,Local
2021-02-17,Library,Stadium,Train,3.26,4.3,133.7,Local
2021-02-18,Home,Stadium,Bus,6.44,15.5,676.2,Local
2021-02-20,Home,Cafe,Bicycle,19.46,77.8,0.0,Local
2021-02-20,Cafe,Library,Train,5.85,7.8,239.8,Local
2021-02-21,University,Gym,Car,14.33,21.5,2751.4,Local
2021-02-21,Home,University,Bicycle,12.24,49.0,0.0,Local
2021-02-22,Home,Stadium,Bus,16.1,38.6,1690.5,Local
2021-02-22,Stadium,Home,Tram,13.08,39.2,784.8,Local
2021-02-22,Home,Friend's Place,Bicycle,12.57,50.3,0.0,Local
2021-02-23,Home,Library,Train,7.43,9.9,304.6,Local
2021-02-23,Library,University,Bicycle,6.18,24.7,0.0,Local
2021-02-25,Home,Friend's Place,Car,12.56,18.8,2411.5,Local
2021-02-26,Home,Gym,Bicycle,11.06,44.2,0.0,Local
2021-02-27,Home,Gym,Train,10.96,14.6,449.4,Local
2021-02-28,Home,University,Train,6.11,8.1,250.5,Local
2021-03-01,Home,Gym,Bicycle,8.49,34.0,0.0,Local
2021-03-02,Home,Library,Tram,8.38,25.1,502.8,Local
2021-03-02,Library,Friend's Place,Bus,5.87,14.1,616.4,Local
2021-03-03,Home,Stadium,Bus,12.34,29.6,1295.7,Local
2021-03-05,Library,Home,Car,11.62,17.4,2231.0,Local
2021-03-05,Home,Library,Bus,6.94,16.7,728.7,Local
2021-03-05,Home,Library,Car,7.72,11.6,1482.2,Local
2021-03-06,University,Cafe,Bicycle,16.61,66.4,0.0,Local
2021-03-06,Home,Friend's Place,Walk,12.32,147.8,0.0,Local
2021-03-06,Friend's Place,University,Walk,16.23,194.8,0.0,Local
2021-03-07,Home,Cafe,Bus,17.57,42.2,1844.9,Local
2021-03-07,Cafe,Gym,Car,3.55,5.3,681.6,Local
2021-03-07,Gym,Friend's Place,Train,1.45,1.9,59.4,Local
2021-03-08,Home,Friend's Place,Bus,6.73,16.2,706.7,Local
2021-03-09,Home,Library,Tram,5.41,16.2,324.6,Local
2021-03-09,Library,Stadium,Car,2.39,3.6,458.9,Local
2021-03-09,Stadium,Home,Tram,19.16,57.5,1149.6,Local
2021-03-10,Home,Gym,Bicycle,15.37,61.5,0.0,Local
2021-03-11,Home,Cafe,Walk,5.9,70.8,0.0,Local
2021-03-12,Home,Stadium,Bus,6.76,16.2,709.8,Local
2021-03-12,Stadium,Gym,Bus,6.77,16.2,710.8,Local
2021-03-13,Home,Cafe,Train,8.24,11.0,337.8,Local
2021-03-13,Cafe,Home,Bus,14.63,35.1,1536.2,Local
2021-03-14,Home,Friend's Place,Tram,11.03,33.1,661.8,Local
2021-03-14,Friend's Place,Cafe,Walk,3.74,44.9,0.0,Local
2021-03-14,Cafe,Gym,Bicycle,5.76,23.0,0.0,Local
2021-03-15,Cafe,Gym,Bus,5.03,12.1,528.1,Local
2021-03-15,Home,Cafe,Car,7.35,11.0,1411.2,Local
2021-03-16,Home,Stadium,Bus,18.78,45.1,1971.9,Local
2021-03-16,Stadium,Library,Walk,4.94,59.3,0.0,Local
2021-03-17,Home,Friend's Place,Car,13.33,20.0,2559.4,Local
2021-03-17,Friend's Place,University,Train,9.45,12.6,387.4,Local
2021-03-18,Home,Friend's Place,Bus,17.65,42.4,1853.2,Local
2021-03-18,Friend's Place,Library,Bicycle,4.56,18.2,0.0,Local
2021-03-19,University,Gym,Walk,8.02,96.2,0.0,Local
2021-03-19,Gym,University,Walk,13.76,165.1,0.0,Local
2021-03-19,Home,University,Bicycle,7.14,28.6,0.0,Local
2021-03-20,Home,Stadium,Tram,7.0,21.0,420.0,Local
2021-03-20,Stadium,Home,Train,17.61,23.5,722.0,Local
2021-03-21,Home,Cafe,Train,5.38,7.2,220.6,Local
2021-03-22,Home,Library,Bus,7.84,18.8,823.2,Local
2021-03-22,Library,Home,Train,18.65,24.9,764.6,Local
2021-03-22,Home,Library,Car,10.04,15.1,1927.7,Local
2021-03-23,Home,Cafe,Tram,5.27,15.8,316.2,Local
2021-03-24,Cafe,Stadium,Bicycle,6.4,25.6,0.0,Local
2021-03-24,Home,Stadium,Tram,14.69,44.1,881.4,Local
2021-03-24,Stadium,Cafe,Train,2.57,3.4,105.4,Local
2021-03-25,Home,University,Bicycle,7.69,30.8,0.0,Local
2021-03-26,Home,Stadium,Train,18.27,24.4,749.1,Local
2021-03-26,Stadium,Gym,Tram,7.89,23.7,473.4,Local
2021-03-26,Gym,Friend's Place,Tram,5.64,16.9,338.4,Local
2021-03-27,Home,Stadium,Car,5.85,8.8,1123.2,Local
2021-03-28,Home,Friend's Place,Bicycle,12.54,50.2,0.0,Local
2021-03-29,Home,Cafe,Bus,7.46,17.9,783.3,Local
2021-03-30,Home,Library,Car,5.53,8.3,1061.8,Local
2021-03-31,Home,Library,Train,18.21,24.3,746.6,Local
2021-04-01,Home,University,Bicycle,10.15,40.6,0.0,Local
2021-04-02,Library,Stadium,Train,0.51,0.7,20.9,Local
2021-04-02,Home,University,Tram,10.9,32.7,654.0,Local
2021-04-02,University,Library,Bus,9.25,22.2,971.2,Local
2021-04-03,University,Stadium,Tram,18.78,56.3,1126.8,Local
2021-04-03,Home,University,Walk,19.8,237.6,0.0,Local
2021-04-04,Home,Cafe,Bicycle,12.6,50.4,0.0,Local
2021-04-04,Cafe,Home,Bus,10.43,25.0,1095.1,Local
2021-04-04,Home,Friend's Place,Train,10.19,13.6,417.8,Local
2021-04-05,Home,Friend's Place,Bus,17.22,41.3,1808.1,Local
2021-04-05,Friend's Place,Stadium,Train,6.53,8.7,267.7,Local
2021-04-06,Home,Gym,Bus,9.57,23.0,1004.9,Local
2021-04-07,Home,Gym,Walk,13.56,162.7,0.0,Local
2021-04-08,Home,Cafe,Train,19.13,25.5,784.3,Local
2021-04-09,Home,Library,Bicycle,8.57,34.3,0.0,Local
2021-04-10,Library,University,Bus,17.68,42.4,1856.4,Local
2021-04-10,Home,Library,Tram,15.02,45.1,901.2,Local
2021-04-11,Friend's Place,Stadium,Bus,2.97,7.1,311.9,Local
2021-04-11,Stadium,Gym,Car,1.16,1.7,222.7,Local
2021-04-11,Home,Friend's Place,Walk,7.23,86.8,0.0,Local
2021-04-13,Home,Stadium,Walk,15.31,183.7,0.0,Local
2021-04-14,Friend's Place,Cafe,Walk,4.48,53.8,0.0,Local
2021-04-14,Home,Friend's Place,Car,13.25,19.9,2544.0,Local
2021-04-14,Cafe,University,Walk,7.6,91.2,0.0,Local
2021-04-16,Home,Stadium,Train,13.78,18.4,565.0,Local
2021-04-17,Home,Friend's Place,Bus,6.1,14.6,640.5,Local
2021-04-18,Home,Gym,Car,10.59,15.9,2033.3,Local
2021-04-19,Home,Gym,Tram,6.35,19.1,381.0,Local
2021-04-19,Gym,Cafe,Tram,0.51,1.5,30.6,Local
2021-04-20,Home,Friend's Place,Train,14.66,19.5,601.1,Local
2021-04-21,Home,Stadium,Train,17.62,23.5,722.4,Local
2021-04-22,Home,University,Bus,11.7,28.1,1228.5,Local
2021-04-22,University,Library,Train,18.4,24.5,754.4,Local
2021-04-23,Library,Friend's Place,Bus,3.91,9.4,410.6,Local
2021-04-23,Home,Library,Train,12.97,17.3,531.8,Local
2021-04-24,Home,University,Bus,14.23,34.2,1494.2,Local
2021-04-25,Home,Gym,Bicycle,12.85,51.4,0.0,Local
2021-04-25,Gym,Stadium,Car,4.57,6.9,877.4,Local
2021-04-26,Home,Friend's Place,Tram,15.01,45.0,900.6,Local
2021-04-27,Home,Cafe,Walk,10.18,122.2,0.0,Local
2021-04-28,Home,University,Bicycle,17.11,68.4,0.0,Local
2021-04-28,University,Stadium,Tram,5.59,16.8,335.4,Local
2021-04-29,Home,Friend's Place,Train,19.66,26.2,806.1,Local
2021-04-29,Home,Stadium,Walk,10.23,122.8,0.0,Local
2021-04-29,Stadium,Home,Walk,19.0,228.0,0.0,Local
2021-04-30,Home,Cafe,Train,9.86,13.1,404.3,Local
2021-05-01,Home,Library,Car,6.39,9.6,1226.9,Local
2021-05-02,Home,Cafe,Tram,11.47,34.4,688.2,Local
2021-05-02,Cafe,Library,Bicycle,2.23,8.9,0.0,Local
2021-05-02,Library,Cafe,Tram,2.63,7.9,157.8,Local
2021-05-04,Home,Cafe,Bicycle,19.27,77.1,0.0,Local
2021-05-05,Home,Cafe,Tram,12.91,38.7,774.6,Local
2021-05-06,Home,Library,Walk,10.36,124.3,0.0,Local
2021-05-06,Library,Stadium,Walk,5.74,68.9,0.0,Local
2021-05-06,Stadium,Friend's Place,Car,1.54,2.3,295.7,Local
2021-05-08,Home,Gym,Bus,11.12,26.7,1167.6,Local
2021-05-08,Gym,Home,Walk,6.7,80.4,0.0,Local
2021-05-11,Home,Gym,Tram,18.8,56.4,1128.0,Local
2021-05-12,Stadium,Cafe,Train,4.25,5.7,174.2,Local
2021-05-12,Home,Stadium,Tram,10.14,30.4,608.4,Local
2021-05-13,Gym,University,Tram,14.71,44.1,882.6,Local
2021-05-13,Home,Gym,Bus,9.29,22.3,975.4,Local
2021-05-14,Home,Library,Bus,14.72,35.3,1545.6,Local
2021-05-15,Home,Friend's Place,Train,17.94,23.9,735.5,Local
2021-05-15,Friend's Place,Library,Car,1.03,1.5,197.8,Local
2021-05-15,Library,University,Car,16.73,25.1,3212.2,Local
2021-05-16,Home,Library,Bicycle,15.08,60.3,0.0,Local
2021-05-16,Library,Stadium,Train,6.72,9.0,275.5,Local
2021-05-17,Cafe,Library,Bus,5.58,13.4,585.9,Local
2021-05-17,Library,University,Walk,17.75,213.0,0.0,Local
2021-05-17,Home,Cafe,Train,19.25,25.7,789.2,Local
2021-05-18,Home,Stadium,Bicycle,12.53,50.1,0.0,Local
2021-05-19,Home,Cafe,Train,18.95,25.3,776.9,Local
2021-05-19,Cafe,Home,Train,13.55,18.1,555.6,Local
2021-05-20,Home,Gym,Tram,13.92,41.8,835.2,Local
2021-05-20,Gym,Stadium,Bus,6.23,15.0,654.2,Local
2021-05-21,Library,Friend's Place,Bus,6.89,16.5,723.4,Local
2021-05-21,Home,Library,Bus,19.82,47.6,2081.1,Local
2021-05-22,Gym,University,Walk,19.35,232.2,0.0,Local
2021-05-22,Friend's Place,Gym,Bus,7.63,18.3,801.1,Local
2021-05-22,Home,Friend's Place,Train,18.97,25.3,777.8,Local
2021-05-23,Home,Gym,Bicycle,13.48,53.9,0.0,Local
2021-05-23,Gym,Cafe,Car,4.35,6.5,835.2,Local
2021-05-24,Home,Gym,Car,7.6,11.4,1459.2,Local
2021-05-24,Gym,Home,Bicycle,15.98,63.9,0.0,Local
2021-05-25,Home,University,Car,19.97,30.0,3834.2,Local
2021-05-26,Home,Library,Bicycle,8.57,34.3,0.0,Local
2021-05-27,Library,Home,Car,17.88,26.8,3433.0,Local
2021-05-27,University,Library,Tram,19.24,57.7,1154.4,Local
2021-05-27,Home,University,Train,6.48,8.6,265.7,Local
2021-05-28,Home,University,Bus,13.3,31.9,1396.5,Local
2021-05-28,University,Stadium,Bicycle,14.38,57.5,0.0,Local
2021-05-28,Stadium,Home,Car,12.85,19.3,2467.2,Local
2021-05-29,Home,Library,Bicycle,16.3,65.2,0.0,Local
2021-05-29,Library,University,Walk,14.96,179.5,0.0,Local
2021-05-29,University,Library,Bicycle,18.93,75.7,0.0,Local
2021-05-31,Stadium,Library,Tram,7.93,23.8,475.8,Local
2021-05-31,Home,Friend's Place,Car,10.98,16.5,2108.2,Local
2021-05-31,Friend's Place,Stadium,Tram,7.82,23.5,469.2,Local
2021-06-01,Home,University,Walk,18.33,220.0,0.0,Local
2021-06-02,Home,Cafe,Tram,6.7,20.1,402.0,Local
2021-06-02,Cafe,Gym,Bus,5.66,13.6,594.3,Local
2021-06-02,Gym,Home,Bus,12.26,29.4,1287.3,Local
2021-06-03,Home,Cafe,Walk,10.65,127.8,0.0,Local
2021-06-05,Home,Stadium,Bus,6.47,15.5,679.4,Local
2021-06-06,Home,University,Car,9.46,14.2,1816.3,Local
2021-06-06,University,Cafe,Bicycle,5.71,22.8,0.0,Local
2021-06-07,Home,University,Tram,16.42,49.3,985.2,Local
2021-06-07,University,Gym,Walk,19.39,232.7,0.0,Local
2021-06-08,Home,Friend's Place,Bicycle,18.42,73.7,0.0,Local
2021-06-08,Friend's Place,Cafe,Tram,5.48,16.4,328.8,Local
2021-06-09,Home,Cafe,Car,12.26,18.4,2353.9,Local
2021-06-10,Home,Stadium,Walk,14.42,173.0,0.0,Local
2021-06-11,Stadium,Cafe,Walk,6.95,83.4,0.0,Local
2021-06-11,Gym,Stadium,Tram,0.75,2.2,45.0,Local
2021-06-11,Home,Gym,Tram,12.52,37.6,751.2,Local
2021-06-12,Home,Cafe,Bus,6.82,16.4,716.1,Local
2021-06-12,Cafe,University,Walk,5.68,68.2,0.0,Local
2021-06-14,Home,Friend's Place,Walk,16.37,196.4,0.0,Local
2021-06-14,Friend's Place,Home,Tram,9.37,28.1,562.2,Local
2021-06-15,Home,Gym,Tram,16.44,49.3,986.4,Local
2021-06-16,Home,Library,Bus,7.85,18.8,824.2,Local
2021-06-16,Library,Home,Bus,6.36,15.3,667.8,Local
2021-06-17,Home,University,Bus,14.11,33.9,1481.5,Local
2021-06-18,Home,University,Car,16.74,25.1,3214.1,Local
2021-06-18,University,Home,Walk,17.5,210.0,0.0,Local
2021-06-19,Home,Stadium,Walk,14.45,173.4,0.0,Local
2021-06-20,Home,University,Car,13.7,20.5,2630.4,Local
2021-06-20,University,Home,Car,15.51,23.3,2977.9,Local
2021-06-20,Home,Gym,Walk,10.76,129.1,0.0,Local
2021-06-21,Gym,Cafe,Tram,3.67,11.0,220.2,Local
2021-06-21,Cafe,Gym,Tram,6.06,18.2,363.6,Local
2021-06-21,Home,Cafe,Bus,13.49,32.4,1416.5,Local
2021-06-22,Home,Stadium,Bus,12.22,29.3,1283.1,Local
2021-06-22,Stadium,University,Walk,11.6,139.2,0.0,Local
2021-06-23,Home,University,Car,19.23,28.8,3692.2,Local
2021-06-24,Home,Stadium,Tram,12.83,38.5,769.8,Local
2021-06-24,Stadium,Library,Train,4.68,6.2,191.9,Local
2021-06-25,Home,Library,Bus,19.72,47.3,2070.6,Local
2021-06-25,Library,Gym,Car,6.98,10.5,1340.2,Local
2021-06-25,Gym,Library,Walk,5.7,68.4,0.0,Local
2021-06-26,Home,Gym,Walk,15.15,181.8,0.0,Local
2021-06-26,Gym,Cafe,Train,4.79,6.4,196.4,Local
2021-06-26,Cafe,Gym,Bus,7.14,17.1,749.7,Local
2021-06-28,Home,Friend's Place,Car,12.86,19.3,2469.1,Local
2021-06-29,Home,Gym,Bicycle,5.86,23.4,0.0,Local
2021-06-29,Gym,Home,Bicycle,16.79,67.2,0.0,Local
2021-06-30,Gym,Library,Train,4.85,6.5,198.8,Local
2021-06-30,Home,Gym,Tram,5.51,16.5,330.6,Local
2021-07-01,Home,Friend's Place,Car,7.49,11.2,1438.1,Local
2021-07-03,Home,Cafe,Train,7.38,9.8,302.6,Local
2021-07-04,Home,Stadium,Bus,9.16,22.0,961.8,Local
2021-07-04,Stadium,Home,Bus,16.72,40.1,1755.6,Local
2021-07-04,Home,Cafe,Bicycle,12.28,49.1,0.0,Local
2021-07-05,Home,Cafe,Walk,6.95,83.4,0.0,Local
2021-07-05,Cafe,Friend's Place,Bus,7.3,17.5,766.5,Local
2021-07-06,Home,Friend's Place,Bus,16.34,39.2,1715.7,Local
2021-07-07,Home,Library,Bicycle,6.87,27.5,0.0,Local
2021-07-08,Home,Friend's Place,Tram,9.58,28.7,574.8,Local
2021-07-08,Friend's Place,Cafe,Bus,1.35,3.2,141.8,Local
2021-07-08,Cafe,Home,Walk,17.7,212.4,0.0,Local
2021-07-09,Home,Cafe,Tram,16.09,48.3,965.4,Local
2021-07-09,Cafe,Library,Walk,2.54,30.5,0.0,Local
2021-07-10,Home,Library,Train,10.52,14.0,431.3,Local
2021-07-11,Home,Cafe,Bus,14.22,34.1,1493.1,Local
2021-07-12,Home,Gym,Tram,11.75,35.2,705.0,Local
2021-07-13,Home,Library,Train,16.88,22.5,692.1,Local
2021-07-13,Library,Cafe,Walk,3.23,38.8,0.0,Local
2021-07-14,Home,Library,Bus,8.12,19.5,852.6,Local
2021-07-15,Home,University,Walk,19.24,230.9,0.0,Local
2021-07-16,Home,University,Car,15.16,22.7,2910.7,Local
2021-07-17,Home,Gym,Train,12.29,16.4,503.9,Local
2021-07-18,Home,Cafe,Walk,18.22,218.6,0.0,Local
2021-07-18,Cafe,Stadium,Bus,7.65,18.4,803.2,Local
2021-07-18,Stadium,Cafe,Train,4.49,6.0,184.1,Local
2021-07-19,Home,Gym,Bicycle,12.67,50.7,0.0,Local
2021-07-19,Gym,Library,Walk,2.29,27.5,0.0,Local
2021-07-19,Library,Home,Car,5.38,8.1,1033.0,Local
2021-07-20,Cafe,Library,Car,1.99,3.0,382.1,Local
2021-07-20,Home,Cafe,Car,16.43,24.6,3154.6,Local
2021-07-21,Home,Cafe,Car,14.85,22.3,2851.2,Local
2021-07-21,Cafe,University,Car,5.51,8.3,1057.9,Local
2021-07-21,University,Gym,Train,7.77,10.4,318.6,Local
2021-07-22,Home,University,Tram,10.59,31.8,635.4,Local
2021-07-23,Home,University,Bus,9.73,23.4,1021.7,Local
2021-07-23,University,Gym,Walk,11.06,132.7,0.0,Local
2021-07-25,Gym,Cafe,Walk,5.61,67.3,0.0,Local
2021-07-25,Home,Gym,Tram,10.1,30.3,606.0,Local
2021-07-26,Stadium,University,Tram,13.2,39.6,792.0,Local
2021-07-26,Home,Stadium,Tram,15.68,47.0,940.8,Local
2021-07-27,Home,Library,Walk,17.07,204.8,0.0,Local
2021-07-27,Library,Home,Car,11.37,17.1,2183.0,Local
2021-07-27,Home,Gym,Walk,15.5,186.0,0.0,Local
2021-07-28,Home,Gym,Car,13.85,20.8,2659.2,Local
2021-07-29,Home,University,Walk,13.92,167.0,0.0,Local
2021-07-29,University,Friend's Place,Car,9.93,14.9,1906.6,Local
2021-07-30,Home,Library,Tram,16.21,48.6,972.6,Local
2021-07-31,Home,Gym,Tram,16.5,49.5,990.0,Local
2021-07-31,Gym,Cafe,Car,7.74,11.6,1486.1,Local
2021-07-31,Cafe,Home,Bus,9.95,23.9,1044.8,Local
2021-08-01,Home,Gym,Train,7.09,9.5,290.7,Local
2021-08-01,Gym,University,Car,15.09,22.6,2897.3,Local
2021-08-02,Home,Gym,Train,9.69,12.9,397.3,Local
2021-08-02,Gym,Cafe,Tram,2.13,6.4,127.8,Local
2021-08-02,Cafe,Friend's Place,Bus,1.46,3.5,153.3,Local
2021-08-03,Library,Gym,Walk,4.05,48.6,0.0,Local
2021-08-03,Cafe,Library,Walk,6.56,78.7,0.0,Local
2021-08-03,Home,Cafe,Bicycle,13.76,55.0,0.0,Local
2021-08-04,Home,Stadium,Train,10.24,13.7,419.8,Local
2021-08-04,Stadium,Gym,Bus,4.99,12.0,524.0,Local
2021-08-05,Home,Stadium,Bicycle,10.09,40.4,0.0,Local
2021-08-05,Stadium,Gym,Walk,7.06,84.7,0.0,Local
2021-08-06,Home,Cafe,Tram,7.98,23.9,478.8,Local
2021-08-07,Home,Friend's Place,Bicycle,15.82,63.3,0.0,Local
2021-08-07,Friend's Place,Cafe,Car,1.5,2.2,288.0,Local
2021-08-08,Home,Gym,Train,16.73,22.3,685.9,Local
2021-08-09,Home,Gym,Walk,13.51,162.1,0.0,Local
2021-08-10,Home,Stadium,Train,18.22,24.3,747.0,Local
2021-08-10,Stadium,Friend's Place,Car,6.27,9.4,1203.8,Local
2021-08-10,Friend's Place,Cafe,Train,6.37,8.5,261.2,Local
2021-08-11,Home,Gym,Car,16.78,25.2,3221.8,Local
2021-08-11,Gym,Stadium,Bicycle,5.53,22.1,0.0,Local
2021-08-13,Home,Gym,Walk,9.47,113.6,0.0,Local
2021-08-13,Gym,University,Train,6.16,8.2,252.6,Local
2021-08-14,Home,Cafe,Bus,10.83,26.0,1137.2,Local
2021-08-15,Home,Stadium,Tram,14.34,43.0,860.4,Local
2021-08-15,Stadium,University,Bus,19.84,47.6,2083.2,Local
2021-08-15,University,Friend's Place,Walk,8.57,102.8,0.0,Local
2021-08-16,Home,Friend's Place,Tram,5.81,17.4,348.6,Local
2021-08-16,Friend's Place,Gym,Tram,5.85,17.5,351.0,Local
2021-08-17,Home,Gym,Train,12.66,16.9,519.1,Local
2021-08-18,Friend's Place,Cafe,Car,4.68,7.0,898.6,Local
2021-08-18,Cafe,Friend's Place,Bicycle,5.8,23.2,0.0,Local
2021-08-18,Home,Friend's Place,Walk,7.53,90.4,0.0,Local
2021-08-19,Home,Stadium,Bus,7.36,17.7,772.8,Local
2021-08-20,Home,Gym,Bicycle,16.29,65.2,0.0,Local
2021-08-20,Gym,Friend's Place,Train,3.86,5.1,158.3,Local
2021-08-20,Friend's Place,Library,Tram,1.72,5.2,103.2,Local
2021-08-21,Home,Stadium,Bus,6.47,15.5,679.4,Local
2021-08-22,Home,University,Tram,16.16,48.5,969.6,Local
2021-08-22,University,Friend's Place,Bicycle,15.91,63.6,0.0,Local
2021-08-23,Home,Gym,Tram,13.1,39.3,786.0,Local
2021-08-24,Gym,Friend's Place,Bus,7.85,18.8,824.2,Local
2021-08-24,Home,Gym,Bicycle,19.0,76.0,0.0,Local
2021-08-25,Home,Library,Car,19.08,28.6,3663.4,Local
2021-08-26,Home,Cafe,Bus,13.08,31.4,1373.4,Local
2021-08-27,Home,University,Bicycle,15.01,60.0,0.0,Local
2021-08-28,Home,Cafe,Walk,8.92,107.0,0.0,Local
2021-08-29,Home,Friend's Place,Bus,15.85,38.0,1664.2,Local
2021-08-29,Friend's Place,University,Tram,6.11,18.3,366.6,Local
2021-08-29,University,Friend's Place,Bicycle,11.27,45.1,0.0,Local
2021-08-30,University,Cafe,Bicycle,5.59,22.4,0.0,Local
2021-08-30,Home,University,Bicycle,11.18,44.7,0.0,Local
2021-08-31,Home,Gym,Tram,10.76,32.3,645.6,Local
2021-09-01,Home,Stadium,Train,15.14,20.2,620.7,Local
2021-09-02,Home,Library,Walk,9.22,110.6,0.0,Local
2021-09-03,Home,University,Tram,7.91,23.7,474.6,Local
2021-09-04,Home,Stadium,Bus,16.55,39.7,1737.8,Local
2021-09-04,Stadium,University,Bicycle,6.13,24.5,0.0,Local
2021-09-04,University,Gym,Walk,11.66,139.9,0.0,Local
2021-09-05,Home,University,Tram,10.7,32.1,642.0,Local
2021-09-07,University,Library,Car,18.75,28.1,3600.0,Local
2021-09-07,Home,Friend's Place,Bus,13.01,31.2,1366.0,Local
2021-09-07,Friend's Place,University,Tram,10.25,30.7,615.0,Local
2021-09-08,Home,Library,Train,7.73,10.3,316.9,Local
2021-09-08,Library,Stadium,Bicycle,2.64,10.6,0.0,Local
2021-09-09,Home,Library,Bicycle,12.59,50.4,0.0,Local
2021-09-10,Home,Library,Car,8.96,13.4,1720.3,Local
2021-09-11,Home,Library,Train,11.16,14.9,457.6,Local
2021-09-11,Library,Friend's Place,Walk,3.21,38.5,0.0,Local
2021-09-11,Friend's Place,Stadium,Car,4.87,7.3,935.0,Local
2021-09-12,Home,Cafe,Bicycle,18.27,73.1,0.0,Local
2021-09-13,Home,University,Train,11.87,15.8,486.7,Local
2021-09-14,Home,Friend's Place,Bus,6.66,16.0,699.3,Local
2021-09-14,Friend's Place,Cafe,Train,5.13,6.8,210.3,Local
2021-09-14,Cafe,Friend's Place,Train,7.21,9.6,295.6,Local
2021-09-15,Stadium,University,Tram,15.63,46.9,937.8,Local
2021-09-15,University,Home,Bicycle,15.26,61.0,0.0,Local
2021-09-15,Home,Stadium,Bicycle,18.08,72.3,0.0,Local
2021-09-16,Stadium,Friend's Place,Bus,1.96,4.7,205.8,Local
2021-09-16,Home,University,Train,5.13,6.8,210.3,Local
2021-09-16,University,Stadium,Tram,13.49,40.5,809.4,Local
2021-09-17,Home,Cafe,Train,12.38,16.5,507.6,Local
2021-09-18,Home,University,Car,11.2,16.8,2150.4,Local
2021-09-19,Home,Cafe,Bus,15.0,36.0,1575.0,Local
2021-09-19,Cafe,Library,Walk,7.99,95.9,0.0,Local
2021-09-20,Home,Library,Walk,10.94,131.3,0.0,Local
2021-09-20,Library,Gym,Car,2.6,3.9,499.2,Local
2021-09-20,Gym,Cafe,Walk,2.24,26.9,0.0,Local
2021-09-21,Home,Cafe,Train,11.31,15.1,463.7,Local
2021-09-21,Cafe,Gym,Train,0.69,0.9,28.3,Local
2021-09-23,Home,University,Bicycle,10.12,40.5,0.0,Local
2021-09-24,Home,Gym,Bicycle,19.23,76.9,0.0,Local
2021-09-24,Gym,Stadium,Train,1.88,2.5,77.1,Local
2021-09-24,Stadium,Library,Car,5.43,8.1,1042.6,Local
2021-09-25,Cafe,Friend's Place,Tram,2.31,6.9,138.6,Local
2021-09-25,Home,Cafe,Walk,10.16,121.9,0.0,Local
2021-09-26,Home,Stadium,Bicycle,5.56,22.2,0.0,Local
2021-09-27,Home,Friend's Place,Bicycle,18.24,73.0,0.0,Local
2021-09-27,Friend's Place,Home,Walk,10.85,130.2,0.0,Local
2021-09-28,Home,Friend's Place,Bus,18.86,45.3,1980.3,Local
2021-09-28,Friend's Place,Gym,Bicycle,2.84,11.4,0.0,Local
2021-09-28,Gym,Stadium,Walk,5.31,63.7,0.0,Local
2021-09-30,Home,Cafe,Bus,19.75,47.4,2073.8,Local
2021-10-01,Home,University,Bicycle,18.4,73.6,0.0,Local
2021-10-02,Home,Cafe,Car,16.04,24.1,3079.7,Local
2021-10-03,Home,University,Car,19.31,29.0,3707.5,Local
2021-10-05,Home,University,Car,19.63,29.4,3769.0,Local
2021-10-06,Home,Stadium,Tram,8.46,25.4,507.6,Local
2021-10-06,Stadium,University,Car,16.09,24.1,3089.3,Local
2021-10-07,Home,Stadium,Bus,11.15,26.8,1170.8,Local
2021-10-07,Stadium,Library,Car,6.48,9.7,1244.2,Local
2021-10-08,Library,Stadium,Bus,6.42,15.4,674.1,Local
2021-10-08,Home,Library,Car,15.96,23.9,3064.3,Local
2021-10-10,Stadium,University,Walk,8.14,97.7,0.0,Local
2021-10-10,Friend's Place,Stadium,Tram,7.58,22.7,454.8,Local
2021-10-10,Home,Friend's Place,Car,5.53,8.3,1061.8,Local
2021-10-12,Home,Friend's Place,Train,16.87,22.5,691.7,Local
2021-10-14,Home,University,Train,9.22,12.3,378.0,Local
2021-10-14,University,Home,Walk,8.12,97.4,0.0,Local
2021-10-16,Home,Friend's Place,Walk,18.09,217.1,0.0,Local
2021-10-16,Friend's Place,University,Walk,14.4,172.8,0.0,Local
2021-10-16,University,Friend's Place,Bus,5.12,12.3,537.6,Local
2021-10-17,Home,Gym,Car,19.68,29.5,3778.6,Local
2021-10-18,Home,Friend's Place,Bus,19.61,47.1,2059.0,Local
2021-10-18,Friend's Place,Home,Walk,16.7,200.4,0.0,Local
2021-10-19,Home,Stadium,Tram,12.14,36.4,728.4,Local
2021-10-19,Stadium,Friend's Place,Bicycle,0.78,3.1,0.0,Local
2021-10-19,Friend's Place,Gym,Bus,7.3,17.5,766.5,Local
2021-10-20,Home,Library,Bus,12.2,29.3,1281.0,Local
2021-10-21,Gym,Stadium,Tram,2.5,7.5,150.0,Local
2021-10-21,Stadium,Gym,Bus,5.85,14.0,614.2,Local
2021-10-21,Home,Gym,Car,19.15,28.7,3676.8,Local
2021-10-22,Home,Stadium,Bus,11.71,28.1,1229.6,Local
2021-10-22,Stadium,Gym,Car,6.56,9.8,1259.5,Local
2021-10-23,Home,Friend's Place,Train,11.82,15.8,484.6,Local
2021-10-23,Friend's Place,University,Bicycle,18.04,72.2,0.0,Local
2021-10-23,University,Friend's Place,Car,17.21,25.8,3304.3,Local
2021-10-24,Home,University,Train,13.05,17.4,535.1,Local
2021-10-24,University,Gym,Tram,9.72,29.2,583.2,Local
2021-10-25,Home,Cafe,Tram,18.7,56.1,1122.0,Local
2021-10-26,Home,Cafe,Walk,9.15,109.8,0.0,Local
2021-10-27,Home,Library,Tram,18.74,56.2,1124.4,Local
2021-10-27,Library,Home,Tram,16.93,50.8,1015.8,Local
2021-10-28,Home,Library,Walk,8.04,96.5,0.0,Local
2021-10-28,Library,Friend's Place,Bus,2.9,7.0,304.5,Local
2021-10-28,Friend's Place,Home,Bicycle,16.23,64.9,0.0,Local
2021-10-30,Home,Cafe,Tram,7.06,21.2,423.6,Local
2021-10-31,University,Gym,Train,7.47,10.0,306.3,Local
2021-10-31,Gym,University,Car,11.53,17.3,2213.8,Local
2021-10-31,Home,University,Train,9.13,12.2,374.3,Local
2021-11-01,Home,Stadium,Bicycle,10.3,41.2,0.0,Local
2021-11-02,Home,Stadium,Bus,14.89,35.7,1563.5,Local
2021-11-03,Home,University,Bicycle,10.45,41.8,0.0,Local
2021-11-03,University,Gym,Train,17.92,23.9,734.7,Local
2021-11-04,Home,Friend's Place,Tram,7.7,23.1,462.0,Local
2021-11-05,Home,Library,Walk,5.67,68.0,0.0,Local
2021-11-06,Home,University,Bus,17.4,41.8,1827.0,Local
2021-11-07,Home,Friend's Place,Train,11.18,14.9,458.4,Local
2021-11-08,Home,Gym,Bus,16.95,40.7,1779.8,Local
2021-11-08,Gym,Home,Bicycle,16.51,66.0,0.0,Local
2021-11-09,Home,Stadium,Tram,13.09,39.3,785.4,Local
2021-11-10,Home,University,Bicycle,8.3,33.2,0.0,Local
2021-11-11,Home,Gym,Bicycle,17.69,70.8,0.0,Local
2021-11-12,Home,Library,Walk,9.82,117.8,0.0,Local
2021-11-13,Home,Gym,Car,14.49,21.7,2782.1,Local
2021-11-14,Home,Library,Tram,13.54,40.6,812.4,Local
2021-11-15,Home,University,Train,5.96,7.9,244.4,Local
2021-11-16,Home,Gym,Car,13.26,19.9,2545.9,Local
2021-11-17,Home,Cafe,Bus,14.01,33.6,1471.0,Local
2021-11-18,Home,Library,Walk,6.13,73.6,0.0,Local
2021-11-18,Library,Home,Tram,19.12,57.4,1147.2,Local
2021-11-19,Home,Library,Train,11.44,15.3,469.0,Local
2021-11-20,Home,Stadium,Walk,6.89,82.7,0.0,Local
2021-11-20,Stadium,Home,Train,14.87,19.8,609.7,Local
2021-11-20,Home,Library,Walk,11.79,141.5,0.0,Local
2021-11-22,Home,Gym,Tram,17.23,51.7,1033.8,Local
2021-11-22,Gym,University,Car,19.72,29.6,3786.2,Local
2021-11-22,University,Home,Train,18.24,24.3,747.8,Local
2021-11-23,Home,Cafe,Car,18.37,27.6,3527.0,Local
2021-11-24,Home,Cafe,Train,14.74,19.7,604.3,Local
2021-11-25,Home,Cafe,Tram,10.25,30.7,615.0,Local
2021-11-26,Home,Cafe,Car,18.9,28.3,3628.8,Local
2021-11-26,Cafe,Home,Tram,18.74,56.2,1124.4,Local
2021-11-27,Home,Gym,Bicycle,11.39,45.6,0.0,Local
2021-11-27,Gym,Home,Car,8.13,12.2,1561.0,Local
2021-11-28,Gym,Friend's Place,Train,0.84,1.1,34.4,Local
2021-11-28,Home,Gym,Tram,8.23,24.7,493.8,Local
2021-11-29,Home,Stadium,Tram,15.55,46.7,933.0,Local
2021-11-29,Stadium,University,Bicycle,16.7,66.8,0.0,Local
2021-11-30,Home,Stadium,Bicycle,6.79,27.2,0.0,Local
2021-11-30,Stadium,Friend's Place,Bus,0.62,1.5,65.1,Local
2021-12-01,Home,University,Car,19.91,29.9,3822.7,Local
2021-12-01,University,Stadium,Walk,18.09,217.1,0.0,Local
2021-12-02,Home,Cafe,Tram,13.2,39.6,792.0,Local
2021-12-02,Cafe,Friend's Place,Car,0.68,1.0,130.6,Local
2021-12-03,Home,Library,Train,5.7,7.6,233.7,Local
2021-12-03,Library,Cafe,Walk,6.11,73.3,0.0,Local
2021-12-04,Home,University,Car,17.86,26.8,3429.1,Local
2021-12-05,Home,Library,Bus,7.41,17.8,778.1,Local
2021-12-06,Home,Friend's Place,Bicycle,8.01,32.0,0.0,Local
2021-12-07,Home,University,Walk,11.45,137.4,0.0,Local
2021-12-09,University,Home,Car,10.98,16.5,2108.2,Local
2021-12-09,Home,Cafe,Bus,6.18,14.8,648.9,Local
2021-12-09,Home,University,Car,17.01,25.5,3265.9,Local
2021-12-10,Home,Gym,Train,13.48,18.0,552.7,Local
2021-12-11,Home,University,Walk,10.44,125.3,0.0,Local
2021-12-11,University,Friend's Place,Car,6.81,10.2,1307.5,Local
2021-12-11,Friend's Place,University,Train,15.26,20.3,625.7,Local
2021-12-12,Home,University,Train,19.7,26.3,807.7,Local
2021-12-12,University,Friend's Place,Bus,11.11,26.7,1166.5,Local
2021-12-13,Home,Stadium,Tram,12.89,38.7,773.4,Local
2021-12-14,Home,University,Tram,18.46,55.4,1107.6,Local
2021-12-15,Home,Friend's Place,Train,11.97,16.0,490.8,Local
2021-12-16,Home,Friend's Place,Car,17.92,26.9,3440.6,Local
2021-12-17,Home,University,Tram,15.02,45.1,901.2,Local
2021-12-18,Home,Stadium,Tram,6.56,19.7,393.6,Local
2021-12-18,Stadium,University,Car,16.4,24.6,3148.8,Local
2021-12-18,University,Gym,Bus,11.94,28.7,1253.7,Local
2021-12-19,Home,University,Walk,16.06,192.7,0.0,Local
2021-12-19,University,Cafe,Train,19.58,26.1,802.8,Local
2021-12-20,Home,Friend's Place,Bus,12.16,29.2,1276.8,Local
2021-12-22,Friend's Place,Home,Tram,7.31,21.9,438.6,Local
2021-12-22,Home,Friend's Place,Train,17.34,23.1,710.9,Local
2021-12-23,Home,Library,Train,14.44,19.3,592.0,Local
2021-12-24,Home,Library,Bicycle,8.88,35.5,0.0,Local
2021-12-24,Library,Friend's Place,Car,5.7,8.6,1094.4,Local
2021-12-25,Home,University,Bicycle,14.73,58.9,0.0,Local
2021-12-25,University,Gym,Tram,8.07,24.2,484.2,Local
2021-12-27,Home,Cafe,Bus,18.32,44.0,1923.6,Local
2021-12-27,Cafe,Friend's Place,Walk,4.12,49.4,0.0,Local
2021-12-27,Friend's Place,Gym,Train,6.14,8.2,251.7,Local
2021-12-28,Home,University,Tram,19.84,59.5,1190.4,Local
2021-12-29,Home,Cafe,Bicycle,5.12,20.5,0.0,Local
2021-12-29,Cafe,Home,Bus,19.92,47.8,2091.6,Local
2021-12-30,Home,Gym,Bus,8.39,20.1,881.0,Local
2021-12-31,Home,Stadium,Bicycle,16.34,65.4,0.0,Local
2021-12-31,Stadium,Cafe,Walk,2.16,25.9,0.0,Local
2022-01-01,Home,Library,Tram,7.56,22.7,453.6,Local
2022-01-01,Library,Stadium,Train,1.18,1.6,48.4,Local
2022-01-02,Home,University,Tram,5.62,16.9,337.2,Local
2022-01-03,Home,Stadium,Walk,18.76,225.1,0.0,Local
2022-01-04,Home,Library,Car,15.78,23.7,3029.8,Local
2022-01-04,Library,Cafe,Tram,0.73,2.2,43.8,Local
2022-01-05,Home,Cafe,Train,5.71,7.6,234.1,Local
2022-01-05,Cafe,University,Tram,7.3,21.9,438.0,Local
2022-01-05,University,Stadium,Walk,12.06,144.7,0.0,Local
2022-01-06,Home,University,Train,16.61,22.1,681.0,Local
2022-01-08,Gym,Home,Bus,5.04,12.1,529.2,Local
2022-01-08,Cafe,Gym,Train,5.88,7.8,241.1,Local
2022-01-08,Home,Cafe,Walk,18.78,225.4,0.0,Local
2022-01-09,Home,Library,Tram,8.33,25.0,499.8,Local
2022-01-09,Library,Gym,Train,7.52,10.0,308.3,Local
2022-01-10,Home,University,Bicycle,7.68,30.7,0.0,Local
2022-01-10,University,Library,Car,5.88,8.8,1129.0,Local
2022-01-11,Home,Cafe,Train,6.28,8.4,257.5,Local
2022-01-12,Home,Stadium,Walk,5.55,66.6,0.0,Local
2022-01-13,Home,Gym,Walk,14.59,175.1,0.0,Local
2022-01-14,Home,Friend's Place,Bus,12.06,28.9,1266.3,Local
2022-01-14,Friend's Place,Gym,Car,1.22,1.8,234.2,Local
2022-01-15,Gym,University,Train,8.39,11.2,344.0,Local
2022-01-15,Home,Gym,Bicycle,18.52,74.1,0.0,Local
2022-01-16,Home,Gym,Train,6.34,8.5,259.9,Local
2022-01-17,Home,Cafe,Bicycle,14.64,58.6,0.0,Local
2022-01-19,Home,Cafe,Car,11.15,16.7,2140.8,Local
2022-01-19,Cafe,Home,Bus,6.61,15.9,694.1,Local
2022-01-20,Home,Friend's Place,Walk,12.09,145.1,0.0,Local
2022-01-20,Friend's Place,Stadium,Bicycle,2.71,10.8,0.0,Local
2022-01-21,Cafe,Friend's Place,Walk,1.57,18.8,0.0,Local
2022-01-21,Home,Cafe,Train,16.2,21.6,664.2,Local
2022-01-22,Home,Stadium,Train,11.76,15.7,482.2,Local
2022-01-23,Home,Cafe,Bicycle,16.78,67.1,0.0,Local
2022-01-23,Cafe,Stadium,Bus,1.6,3.8,168.0,Local
2022-01-24,Home,Cafe,Bicycle,13.72,54.9,0.0,Local
2022-01-24,Cafe,Friend's Place,Bus,1.13,2.7,118.6,Local
2022-01-26,Home,Library,Walk,13.03,156.4,0.0,Local
2022-01-28,Home,University,Bus,9.02,21.6,947.1,Local
2022-01-29,Home,Cafe,Tram,16.92,50.8,1015.2,Local
2022-01-30,Home,Stadium,Walk,9.02,108.2,0.0,Local
2022-01-31,Home,Friend's Place,Train,9.01,12.0,369.4,Local
2022-02-01,Home,University,Walk,18.7,224.4,0.0,Local
2022-02-02,Home,Friend's Place,Train,15.87,21.2,650.7,Local
2022-02-02,Friend's Place,Cafe,Walk,1.66,19.9,0.0,Local
2022-02-02,Cafe,Friend's Place,Bus,5.12,12.3,537.6,Local
2022-02-03,Home,Friend's Place,Walk,15.85,190.2,0.0,Local
2022-02-03,Friend's Place,Stadium,Bus,2.52,6.0,264.6,Local
2022-02-03,Stadium,Cafe,Tram,5.41,16.2,324.6,Local
2022-02-04,Home,Cafe,Walk,19.22,230.6,0.0,Local
2022-02-04,Home,Stadium,Tram,9.96,29.9,597.6,Local
2022-02-04,Stadium,Home,Walk,12.84,154.1,0.0,Local
2022-02-05,Home,Stadium,Train,19.1,25.5,783.1,Local
2022-02-06,Home,University,Walk,19.88,238.6,0.0,Local
2022-02-07,Home,Gym,Car,19.58,29.4,3759.4,Local
2022-02-08,Home,Cafe,Train,11.35,15.1,465.3,Local
2022-02-08,Cafe,University,Walk,17.13,205.6,0.0,Local
2022-02-09,Home,Cafe,Walk,12.04,144.5,0.0,Local
2022-02-10,Cafe,Library,Car,5.27,7.9,1011.8,Local
2022-02-10,Home,University,Bus,16.9,40.6,1774.5,Local
2022-02-10,University,Cafe,Train,5.14,6.9,210.7,Local
2022-02-11,Home,Friend's Place,Walk,10.82,129.8,0.0,Local
2022-02-12,Home,Cafe,Car,12.2,18.3,2342.4,Local
2022-02-13,Home,Cafe,Bus,12.6,30.2,1323.0,Local
2022-02-13,Cafe,University,Bicycle,15.9,63.6,0.0,Local
2022-02-13,University,Cafe,Walk,9.21,110.5,0.0,Local
2022-02-14,Home,Friend's Place,Tram,12.27,36.8,736.2,Local
2022-02-14,Friend's Place,Home,Walk,8.15,97.8,0.0,Local
2022-02-15,Home,Cafe,Bus,10.91,26.2,1145.5,Local
2022-02-16,Home,Stadium,Walk,12.89,154.7,0.0,Local
2022-02-16,Stadium,Friend's Place,Bicycle,3.21,12.8,0.0,Local
2022-02-17,Home,Friend's Place,Train,10.61,14.1,435.0,Local
2022-02-18,Home,Library,Tram,8.54,25.6,512.4,Local
2022-02-19,Home,Stadium,Tram,17.98,53.9,1078.8,Local
2022-02-20,Home,Friend's Place,Car,6.89,10.3,1322.9,Local
2022-02-21,Gym,University,Bicycle,11.69,46.8,0.0,Local
2022-02-21,Home,Gym,Train,16.28,21.7,667.5,Local
2022-02-22,Home,Friend's Place,Train,11.27,15.0,462.1,Local
2022-02-22,Friend's Place,Cafe,Walk,7.24,86.9,0.0,Local
2022-02-22,Cafe,Home,Car,18.1,27.2,3475.2,Local
2022-02-23,Home,Friend's Place,Bicycle,15.82,63.3,0.0,Local
2022-02-24,Home,Library,Train,9.02,12.0,369.8,Local
2022-02-24,Library,Home,Bicycle,18.98,75.9,0.0,Local
2022-02-25,Home,Gym,Train,12.28,16.4,503.5,Local
2022-02-25,Gym,Home,Tram,13.0,39.0,780.0,Local
2022-02-25,Home,Gym,Bicycle,19.91,79.6,0.0,Local
2022-02-26,Home,University,Train,12.89,17.2,528.5,Local
2022-02-27,Home,Friend's Place,Bicycle,8.14,32.6,0.0,Local
2022-02-28,Home,Cafe,Bicycle,10.63,42.5,0.0,Local
2022-02-28,Cafe,Stadium,Walk,5.18,62.2,0.0,Local
2022-02-28,Stadium,Gym,Tram,7.97,23.9,478.2,Local
2022-03-02,Home,Friend's Place,Tram,6.27,18.8,376.2,Local
2022-03-04,Home,University,Train,19.1,25.5,783.1,Local
2022-03-04,University,Library,Car,14.12,21.2,2711.0,Local
2022-03-05,Friend's Place,Cafe,Walk,2.31,27.7,0.0,Local
2022-03-05,Home,Friend's Place,Walk,17.07,204.8,0.0,Local
2022-03-06,Home,Library,Tram,12.65,38.0,759.0,Local
2022-03-07,Home,University,Train,13.94,18.6,571.5,Local
2022-03-07,University,Stadium,Bus,16.36,39.3,1717.8,Local
2022-03-08,Home,Library,Walk,5.9,70.8,0.0,Local
2022-03-09,Home,Cafe,Tram,5.83,17.5,349.8,Local
2022-03-10,Home,Gym,Bus,18.45,44.3,1937.2,Local
2022-03-10,Gym,University,Train,15.15,20.2,621.1,Local
2022-03-11,Home,Gym,Car,5.28,7.9,1013.8,Local
2022-03-12,Home,Library,Tram,16.96,50.9,1017.6,Local
2022-03-13,Home,Gym,Bus,10.72,25.7,1125.6,Local
2022-03-13,Gym,Library,Tram,5.57,16.7,334.2,Local
2022-03-14,Home,Friend's Place,Train,9.08,12.1,372.3,Local
2022-03-15,Home,Gym,Walk,19.12,229.4,0.0,Local
2022-03-15,Gym,University,Tram,10.84,32.5,650.4,Local
2022-03-15,University,Home,Car,6.95,10.4,1334.4,Local
2022-03-16,Library,Home,Tram,19.05,57.1,1143.0,Local
2022-03-16,Home,Stadium,Walk,11.28,135.4,0.0,Local
2022-03-16,Home,Library,Car,19.5,29.2,3744.0,Local
2022-03-17,Home,Friend's Place,Car,16.85,25.3,3235.2,Local
2022-03-17,Friend's Place,Library,Bicycle,5.31,21.2,0.0,Local
2022-03-17,Library,University,Bus,16.34,39.2,1715.7,Local
2022-03-18,Home,Stadium,Train,12.06,16.1,494.5,Local
2022-03-18,Stadium,Home,Bicycle,5.33,21.3,0.0,Local
2022-03-19,Home,University,Car,12.87,19.3,2471.0,Local
2022-03-19,University,Cafe,Walk,7.81,93.7,0.0,Local
2022-03-19,Cafe,Stadium,Car,6.53,9.8,1253.8,Local
2022-03-20,Home,Cafe,Tram,9.32,28.0,559.2,Local
2022-03-20,Cafe,Friend's Place,Bicycle,3.9,15.6,0.0,Local
2022-03-21,Home,University,Walk,19.54,234.5,0.0,Local
2022-03-21,University,Friend's Place,Train,16.91,22.5,693.3,Local
2022-03-21,Friend's Place,Library,Tram,1.84,5.5,110.4,Local
2022-03-22,Gym,Cafe,Walk,3.46,41.5,0.0,Local
2022-03-22,Cafe,Gym,Tram,3.61,10.8,216.6,Local
2022-03-22,Home,Gym,Bus,5.82,14.0,611.1,Local
2022-03-23,Home,Friend's Place,Train,15.05,20.1,617.1,Local
2022-03-24,Home,Stadium,Train,14.35,19.1,588.4,Local
2022-03-24,Home,University,Bicycle,5.8,23.2,0.0,Local
2022-03-24,University,Home,Car,7.17,10.8,1376.6,Local
2022-03-25,Home,Library,Tram,13.4,40.2,804.0,Local
2022-03-26,Home,Library,Bus,11.76,28.2,1234.8,Local
2022-03-26,Library,Cafe,Walk,0.62,7.4,0.0,Local
2022-03-27,Home,University,Bus,13.49,32.4,1416.5,Local
2022-03-27,University,Friend's Place,Car,7.88,11.8,1513.0,Local
2022-03-29,Home,Stadium,Bicycle,19.11,76.4,0.0,Local
2022-03-29,Stadium,Gym,Walk,1.43,17.2,0.0,Local
2022-03-30,Home,Gym,Walk,7.75,93.0,0.0,Local
2022-03-30,Gym,University,Walk,6.39,76.7,0.0,Local
2022-03-31,Home,Cafe,Car,11.58,17.4,2223.4,Local
2022-03-31,Cafe,Library,Tram,1.06,3.2,63.6,Local
2022-04-01,Home,Library,Bicycle,16.13,64.5,0.0,Local
2022-04-03,Home,Cafe,Car,8.66,13.0,1662.7,Local
2022-04-04,Stadium,Cafe,Car,7.83,11.7,1503.4,Local
2022-04-04,Cafe,Library,Tram,7.79,23.4,467.4,Local
2022-04-04,Home,Stadium,Train,19.57,26.1,802.4,Local
2022-04-06,Home,Cafe,Bicycle,11.95,47.8,0.0,Local
2022-04-06,Cafe,Stadium,Train,5.0,6.7,205.0,Local
2022-04-08,Home,Gym,Train,19.25,25.7,789.2,Local
2022-04-08,Gym,Stadium,Tram,1.66,5.0,99.6,Local
2022-04-09,Home,Cafe,Car,15.64,23.5,3002.9,Local
2022-04-10,Home,Friend's Place,Bus,9.23,22.2,969.2,Local
2022-04-10,Friend's Place,Gym,Bus,4.87,11.7,511.4,Local
2022-04-10,Gym,Stadium,Bus,1.13,2.7,118.6,Local
2022-04-11,Home,Library,Car,12.42,18.6,2384.6,Local
2022-04-11,Library,Cafe,Walk,7.28,87.4,0.0,Local
2022-04-11,Cafe,Stadium,Bus,4.06,9.7,426.3,Local
2022-04-12,Home,Stadium,Car,9.67,14.5,1856.6,Local
2022-04-13,Friend's Place,Cafe,Train,7.93,10.6,325.1,Local
2022-04-13,Home,Friend's Place,Tram,17.82,53.5,1069.2,Local
2022-04-15,Stadium,Library,Bicycle,7.86,31.4,0.0,Local
2022-04-15,Library,Friend's Place,Train,7.82,10.4,320.6,Local
2022-04-15,Home,Stadium,Car,6.79,10.2,1303.7,Local
2022-04-16,Stadium,Home,Train,7.21,9.6,295.6,Local
2022-04-16,Home,Stadium,Walk,14.23,170.8,0.0,Local
2022-04-17,Home,Friend's Place,Train,19.64,26.2,805.2,Local
2022-04-17,Friend's Place,Home,Train,8.53,11.4,349.7,Local
2022-04-18,Home,Gym,Car,7.82,11.7,1501.4,Local
2022-04-20,Home,University,Train,6.03,8.0,247.2,Local
2022-04-20,University,Cafe,Tram,11.26,33.8,675.6,Local
2022-04-21,Home,Gym,Walk,18.5,222.0,0.0,Local
2022-04-22,Home,Stadium,Bus,5.67,13.6,595.4,Local
2022-04-22,Stadium,University,Bicycle,5.53,22.1,0.0,Local
2022-04-23,Stadium,Library,Bicycle,1.58,6.3,0.0,Local
2022-04-23,Home,Stadium,Train,11.22,15.0,460.0,Local
2022-04-24,Home,Friend's Place,Tram,6.49,19.5,389.4,Local
2022-04-25,Home,Cafe,Train,16.17,21.6,663.0,Local
2022-04-25,Cafe,Library,Walk,0.93,11.2,0.0,Local
2022-04-25,Library,Cafe,Car,7.35,11.0,1411.2,Local
2022-04-26,Home,Friend's Place,Bicycle,8.32,33.3,0.0,Local
2022-04-27,Home,University,Bus,11.22,26.9,1178.1,Local
2022-04-28,Home,University,Tram,15.07,45.2,904.2,Local
2022-04-29,Home,Gym,Train,16.4,21.9,672.4,Local
2022-04-30,Home,Library,Walk,5.9,70.8,0.0,Local
2022-05-01,Home,Friend's Place,Bus,5.61,13.5,589.1,Local
2022-05-02,Home,Library,Walk,13.94,167.3,0.0,Local
2022-05-03,Home,Library,Bus,18.26,43.8,1917.3,Local
2022-05-04,Home,Cafe,Tram,7.13,21.4,427.8,Local
2022-05-05,Home,Library,Car,7.63,11.4,1465.0,Local
2022-05-05,Library,Home,Walk,6.19,74.3,0.0,Local
2022-05-05,Home,Friend's Place,Walk,6.99,83.9,0.0,Local
2022-05-06,Stadium,Friend's Place,Tram,7.1,21.3,426.0,Local
2022-05-06,Home,Gym,Walk,15.64,187.7,0.0,Local
2022-05-06,Gym,Stadium,Bus,5.42,13.0,569.1,Local
2022-05-07,Home,Gym,Walk,14.76,177.1,0.0,Local
2022-05-07,Gym,Cafe,Tram,2.7,8.1,162.0,Local
2022-05-08,Home,Friend's Place,Bicycle,11.52,46.1,0.0,Local
2022-05-08,Home,Library,Tram,5.59,16.8,335.4,Local
2022-05-08,Library,Home,Walk,14.22,170.6,0.0,Local
2022-05-09,University,Gym,Car,5.68,8.5,1090.6,Local
2022-05-09,Stadium,University,Walk,13.0,156.0,0.0,Local
2022-05-09,Home,Stadium,Train,17.57,23.4,720.4,Local
2022-05-10,Home,Gym,Car,19.1,28.7,3667.2,Local
2022-05-12,Home,Stadium,Car,13.39,20.1,2570.9,Local
2022-05-13,Home,Stadium,Walk,12.19,146.3,0.0,Local
2022-05-14,Home,Library,Tram,12.6,37.8,756.0,Local
2022-05-14,Library,Friend's Place,Bus,4.11,9.9,431.6,Local
2022-05-14,Friend's Place,Home,Tram,14.22,42.7,853.2,Local
2022-05-15,Home,Stadium,Tram,15.47,46.4,928.2,Local
2022-05-16,Home,Library,Walk,18.38,220.6,0.0,Local
2022-05-16,Home,Gym,Walk,19.81,237.7,0.0,Local
2022-05-16,Gym,Home,Tram,8.51,25.5,510.6,Local
2022-05-17,Home,University,Bus,5.39,12.9,565.9,Local
2022-05-17,University,Gym,Tram,8.9,26.7,534.0,Local
2022-05-17,Gym,Cafe,Bicycle,7.08,28.3,0.0,Local
2022-05-18,Home,Gym,Car,13.35,20.0,2563.2,Local
2022-05-19,Home,Friend's Place,Car,18.59,27.9,3569.3,Local
2022-05-20,Home,Library,Bicycle,9.71,38.8,0.0,Local
2022-05-21,Home,Library,Walk,10.26,123.1,0.0,Local
2022-05-22,Home,Stadium,Bus,10.91,26.2,1145.5,Local
2022-05-22,Stadium,Friend's Place,Walk,0.95,11.4,0.0,Local
2022-05-22,Friend's Place,Gym,Bus,2.04,4.9,214.2,Local
2022-05-23,Home,Cafe,Car,15.04,22.6,2887.7,Local
2022-05-23,Cafe,Gym,Bicycle,3.58,14.3,0.0,Local
2022-05-24,Home,Library,Train,6.45,8.6,264.4,Local
2022-05-24,Library,Friend's Place,Bus,5.85,14.0,614.2,Local
2022-05-24,Friend's Place,Library,Bus,6.63,15.9,696.1,Local
2022-05-25,University,Stadium,Tram,9.01,27.0,540.6,Local
2022-05-25,Home,University,Tram,17.07,51.2,1024.2,Local
2022-05-27,Home,Friend's Place,Bicycle,10.08,40.3,0.0,Local
2022-05-28,Home,Friend's Place,Walk,18.37,220.4,0.0,Local
2022-05-28,Friend's Place,Stadium,Train,5.09,6.8,208.7,Local
2022-05-29,Home,Library,Bus,17.29,41.5,1815.4,Local
2022-05-29,Library,Gym,Train,5.11,6.8,209.5,Local
2022-05-30,Home,Friend's Place,Bicycle,5.76,23.0,0.0,Local
2022-05-31,Home,Friend's Place,Car,7.77,11.7,1491.8,Local
2022-06-01,Home,Library,Tram,11.49,34.5,689.4,Local
2022-06-02,Home,Library,Train,5.24,7.0,214.8,Local
2022-06-03,Home,Cafe,Bicycle,6.54,26.2,0.0,Local
2022-06-03,Cafe,Library,Bus,2.9,7.0,304.5,Local
2022-06-04,Home,Cafe,Walk,14.33,172.0,0.0,Local
2022-06-05,Home,Library,Bus,9.65,23.2,1013.2,Local
2022-06-06,Home,Library,Bus,13.31,31.9,1397.5,Local
2022-06-06,Library,Home,Car,8.38,12.6,1609.0,Local
2022-06-08,Home,Library,Car,16.67,25.0,3200.6,Local
2022-06-08,Library,Friend's Place,Tram,1.37,4.1,82.2,Local
2022-06-08,Friend's Place,Cafe,Car,5.84,8.8,1121.3,Local
2022-06-09,Home,Cafe,Train,12.38,16.5,507.6,Local
2022-06-10,Home,Library,Train,19.1,25.5,783.1,Local
2022-06-10,Library,Stadium,Bicycle,4.15,16.6,0.0,Local
2022-06-10,Stadium,Library,Tram,4.91,14.7,294.6,Local
2022-06-11,University,Stadium,Walk,16.05,192.6,0.0,Local
2022-06-11,Stadium,Home,Car,11.78,17.7,2261.8,Local
2022-06-11,Home,University,Bicycle,5.07,20.3,0.0,Local
2022-06-12,Home,University,Bicycle,9.72,38.9,0.0,Local
2022-06-12,University,Home,Walk,9.31,111.7,0.0,Local
2022-06-12,Home,Cafe,Car,18.29,27.4,3511.7,Local
2022-06-13,Home,University,Bus,6.76,16.2,709.8,Local
2022-06-14,Home,Friend's Place,Walk,6.6,79.2,0.0,Local
2022-06-16,Home,Library,Walk,9.92,119.0,0.0,Local
2022-06-16,Library,Stadium,Bicycle,4.45,17.8,0.0,Local
2022-06-19,Home,Stadium,Walk,14.79,177.5,0.0,Local
2022-06-20,Home,Stadium,Train,12.47,16.6,511.3,Local
2022-06-21,Home,University,Bus,6.7,16.1,703.5,Local
2022-06-21,University,Cafe,Tram,16.35,49.1,981.0,Local
2022-06-22,Home,Library,Car,16.45,24.7,3158.4,Local
2022-06-23,Home,Friend's Place,Walk,18.22,218.6,0.0,Local
2022-06-23,Friend's Place,Home,Walk,15.91,190.9,0.0,Local
2022-06-24,Home,Library,Train,15.25,20.3,625.2,Local
2022-06-25,Home,Friend's Place,Train,17.01,22.7,697.4,Local
2022-06-26,Home,University,Train,12.7,16.9,520.7,Local
2022-06-27,Friend's Place,Home,Train,19.99,26.7,819.6,Local
2022-06-27,Home,Friend's Place,Bus,17.49,42.0,1836.4,Local
2022-06-28,Home,Cafe,Train,9.53,12.7,390.7,Local
2022-06-28,Cafe,Home,Bus,8.45,20.3,887.2,Local
2022-06-29,Home,Cafe,Tram,9.84,29.5,590.4,Local
2022-06-29,Cafe,Gym,Train,5.28,7.0,216.5,Local
2022-06-29,Gym,Friend's Place,Tram,2.49,7.5,149.4,Local
2022-06-30,Home,Gym,Bicycle,15.08,60.3,0.0,Local
2022-07-01,Library,University,Bus,15.02,36.0,1577.1,Local
2022-07-01,Home,Library,Tram,6.67,20.0,400.2,Local
2022-07-02,Home,Gym,Train,9.83,13.1,403.0,Local
2022-07-02,Gym,Friend's Place,Car,6.44,9.7,1236.5,Local
2022-07-02,Friend's Place,Library,Walk,5.84,70.1,0.0,Local
2022-07-03,Home,Cafe,Tram,8.8,26.4,528.0,Local
2022-07-03,Cafe,Friend's Place,Bicycle,7.07,28.3,0.0,Local
2022-07-03,Friend's Place,Cafe,Bicycle,4.38,17.5,0.0,Local
2022-07-04,Home,Friend's Place,Train,7.14,9.5,292.7,Local
2022-07-05,Stadium,Home,Car,13.06,19.6,2507.5,Local
2022-07-05,Home,Stadium,Train,6.28,8.4,257.5,Local
2022-07-06,Home,Library,Car,19.71,29.6,3784.3,Local
2022-07-06,Library,Stadium,Bicycle,6.72,26.9,0.0,Local
2022-07-06,Stadium,University,Bicycle,6.6,26.4,0.0,Local
2022-07-07,Home,University,Car,15.22,22.8,2922.2,Local
2022-07-07,University,Cafe,Bicycle,13.69,54.8,0.0,Local
2022-07-08,Home,University,Train,19.35,25.8,793.4,Local
2022-07-09,Home,Library,Bicycle,11.99,48.0,0.0,Local
2022-07-10,Home,Cafe,Car,7.99,12.0,1534.1,Local
2022-07-11,Home,Stadium,Bicycle,19.7,78.8,0.0,Local
2022-07-11,Stadium,University,Walk,12.25,147.0,0.0,Local
2022-07-14,Home,University,Tram,5.85,17.5,351.0,Local
2022-07-14,University,Friend's Place,Train,8.13,10.8,333.3,Local
2022-07-15,Home,Gym,Bicycle,15.66,62.6,0.0,Local
2022-07-15,Gym,Library,Bicycle,7.55,30.2,0.0,Local
2022-07-16,Home,Library,Train,16.19,21.6,663.8,Local
2022-07-17,Library,Stadium,Car,6.39,9.6,1226.9,Local
2022-07-17,Home,Library,Car,13.12,19.7,2519.0,Local
2022-07-17,Stadium,Gym,Bicycle,5.32,21.3,0.0,Local
2022-07-19,Home,Library,Walk,8.87,106.4,0.0,Local
2022-07-21,Library,Friend's Place,Bus,7.71,18.5,809.5,Local
2022-07-21,Home,Library,Bicycle,15.85,63.4,0.0,Local
2022-07-22,Home,University,Walk,17.74,212.9,0.0,Local
2022-07-22,University,Friend's Place,Walk,7.77,93.2,0.0,Local
2022-07-22,Friend's Place,University,Car,14.16,21.2,2718.7,Local
2022-07-23,Home,Friend's Place,Tram,6.36,19.1,381.6,Local
2022-07-24,Home,Cafe,Train,6.45,8.6,264.4,Local
2022-07-24,Cafe,Library,Train,4.18,5.6,171.4,Local
2022-07-24,Library,University,Bicycle,16.72,66.9,0.0,Local
2022-07-25,Home,Friend's Place,Car,6.37,9.6,1223.0,Local
2022-07-27,Home,Friend's Place,Tram,12.43,37.3,745.8,Local
2022-07-27,Friend's Place,Cafe,Tram,3.9,11.7,234.0,Local
2022-07-27,Cafe,Gym,Bus,1.78,4.3,186.9,Local
2022-07-28,Home,Friend's Place,Bicycle,9.53,38.1,0.0,Local
2022-07-29,Home,University,Walk,16.17,194.0,0.0,Local
2022-07-30,Home,Library,Train,14.37,19.2,589.2,Local
2022-07-31,Home,University,Walk,19.6,235.2,0.0,Local
2022-07-31,University,Home,Tram,18.89,56.7,1133.4,Local
2022-08-01,Home,Friend's Place,Car,10.82,16.2,2077.4,Local
2022-08-02,Home,University,Bicycle,13.87,55.5,0.0,Local
2022-08-03,Home,University,Bicycle,19.85,79.4,0.0,Local
2022-08-04,Home,Stadium,Walk,13.4,160.8,0.0,Local
2022-08-04,Stadium,University,Tram,17.59,52.8,1055.4,Local
2022-08-05,Home,Library,Train,18.54,24.7,760.1,Local
2022-08-06,Home,Cafe,Walk,10.45,125.4,0.0,Local
2022-08-07,Home,Friend's Place,Bus,5.81,13.9,610.0,Local
2022-08-08,Home,University,Train,18.76,25.0,769.2,Local
2022-08-09,Library,Stadium,Train,0.76,1.0,31.2,Local
2022-08-09,Home,University,Train,18.56,24.7,761.0,Local
2022-08-09,University,Library,Bicycle,8.16,32.6,0.0,Local
2022-08-11,Home,Cafe,Bicycle,13.26,53.0,0.0,Local
2022-08-11,Cafe,Gym,Train,1.95,2.6,80.0,Local
2022-08-11,Gym,Home,Bus,19.44,46.7,2041.2,Local
2022-08-12,Home,University,Bicycle,5.92,23.7,0.0,Local
2022-08-13,Home,Cafe,Bicycle,11.89,47.6,0.0,Local
2022-08-13,Cafe,Home,Bus,19.12,45.9,2007.6,Local
2022-08-14,University,Stadium,Bicycle,13.6,54.4,0.0,Local
2022-08-14,Home,University,Tram,15.4,46.2,924.0,Local
2022-08-15,Home,Friend's Place,Bicycle,13.42,53.7,0.0,Local
2022-08-15,Friend's Place,Home,Tram,5.45,16.4,327.0,Local
2022-08-15,Home,Gym,Bus,5.66,13.6,594.3,Local
2022-08-16,Home,Gym,Tram,8.74,26.2,524.4,Local
2022-08-16,Gym,Friend's Place,Train,3.02,4.0,123.8,Local
2022-08-17,Home,Cafe,Bus,6.32,15.2,663.6,Local
2022-08-18,Home,Stadium,Walk,19.49,233.9,0.0,Local
2022-08-18,Stadium,Library,Bus,5.37,12.9,563.9,Local
2022-08-19,Home,Gym,Bus,13.97,33.5,1466.9,Local
2022-08-19,Gym,Home,Bus,12.92,31.0,1356.6,Local
2022-08-20,Home,Stadium,Train,13.23,17.6,542.4,Local
2022-08-21,Home,Stadium,Train,13.22,17.6,542.0,Local
2022-08-21,Stadium,Library,Bicycle,6.91,27.6,0.0,Local
2022-08-21,Library,University,Walk,11.81,141.7,0.0,Local
2022-08-22,Stadium,Home,Train,6.55,8.7,268.6,Local
2022-08-22,University,Stadium,Train,6.78,9.0,278.0,Local
2022-08-22,Home,University,Bicycle,9.22,36.9,0.0,Local
2022-08-23,Home,Library,Train,7.74,10.3,317.3,Local
2022-08-23,Library,University,Bus,14.32,34.4,1503.6,Local
2022-08-24,Home,Friend's Place,Car,9.82,14.7,1885.4,Local
2022-08-25,Home,University,Tram,11.0,33.0,660.0,Local
2022-08-25,University,Cafe,Tram,18.88,56.6,1132.8,Local
2022-08-25,Cafe,Gym,Car,0.52,0.8,99.8,Local
2022-08-26,Home,Library,Train,15.63,20.8,640.8,Local
2022-08-26,Library,Stadium,Tram,5.23,15.7,313.8,Local
2022-08-28,Home,Gym,Bus,13.69,32.9,1437.5,Local
2022-08-31,Home,Friend's Place,Walk,11.32,135.8,0.0,Local
2022-09-01,Home,Stadium,Tram,16.38,49.1,982.8,Local
2022-09-02,Home,Gym,Walk,19.58,235.0,0.0,Local
2022-09-02,Gym,University,Bus,8.7,20.9,913.5,Local
2022-09-04,Home,Gym,Bicycle,11.69,46.8,0.0,Local
2022-09-05,Home,Friend's Place,Car,17.57,26.4,3373.4,Local
2022-09-06,Stadium,Friend's Place,Walk,3.91,46.9,0.0,Local
2022-09-06,Home,Stadium,Bicycle,14.5,58.0,0.0,Local
2022-09-07,Home,Gym,Train,19.37,25.8,794.2,Local
2022-09-08,Home,Stadium,Bus,15.67,37.6,1645.3,Local
2022-09-09,Home,University,Bicycle,9.76,39.0,0.0,Local
2022-09-09,University,Library,Train,11.78,15.7,483.0,Local
2022-09-09,Library,Stadium,Walk,7.61,91.3,0.0,Local
2022-09-10,Home,Library,Walk,19.42,233.0,0.0,Local
2022-09-10,Library,Cafe,Bicycle,0.7,2.8,0.0,Local
2022-09-10,Cafe,Home,Train,13.35,17.8,547.4,Local
2022-09-11,Home,Stadium,Walk,7.64,91.7,0.0,Local
2022-09-11,Stadium,Friend's Place,Bus,5.43,13.0,570.1,Local
2022-09-12,Home,Friend's Place,Bicycle,7.58,30.3,0.0,Local
2022-09-13,Home,Friend's Place,Bus,17.26,41.4,1812.3,Local
2022-09-14,Home,University,Walk,13.01,156.1,0.0,Local
2022-09-14,University,Library,Walk,13.88,166.6,0.0,Local
2022-09-14,Library,Stadium,Walk,5.52,66.2,0.0,Local
2022-09-15,Home,Gym,Car,15.69,23.5,3012.5,Local
2022-09-18,Home,University,Walk,7.24,86.9,0.0,Local
2022-09-19,Home,Cafe,Bus,18.75,45.0,1968.8,Local
2022-09-20,Home,Friend's Place,Tram,17.32,52.0,1039.2,Local
2022-09-21,Home,Friend's Place,Walk,5.05,60.6,0.0,Local
2022-09-22,Home,Stadium,Train,15.54,20.7,637.1,Local
2022-09-23,Home,Gym,Walk,8.47,101.6,0.0,Local
2022-09-24,Home,Gym,Walk,11.51,138.1,0.0,Local
2022-09-25,Home,University,Car,14.54,21.8,2791.7,Local
2022-09-25,University,Friend's Place,Walk,16.26,195.1,0.0,Local
2022-09-25,Friend's Place,Stadium,Bus,7.85,18.8,824.2,Local
2022-09-26,Home,Stadium,Walk,12.1,145.2,0.0,Local
2022-09-26,Stadium,Home,Car,13.37,20.1,2567.0,Local
2022-09-27,Home,Friend's Place,Car,9.04,13.6,1735.7,Local
2022-09-28,Home,Stadium,Tram,18.41,55.2,1104.6,Local
2022-09-28,Stadium,Gym,Car,4.13,6.2,793.0,Local
2022-09-29,Home,Cafe,Train,6.55,8.7,268.6,Local
2022-09-29,Cafe,Friend's Place,Walk,3.1,37.2,0.0,Local
2022-09-30,Home,Gym,Train,8.74,11.7,358.3,Local
2022-09-30,Gym,Library,Tram,3.45,10.4,207.0,Local
2022-10-01,Home,Stadium,Tram,9.46,28.4,567.6,Local
2022-10-01,Stadium,Friend's Place,Bicycle,3.39,13.6,0.0,Local
2022-10-02,Stadium,Home,Tram,15.63,46.9,937.8,Local
2022-10-02,Home,Stadium,Tram,5.62,16.9,337.2,Local
2022-10-03,Home,Library,Bicycle,19.29,77.2,0.0,Local
2022-10-04,Home,Library,Walk,18.63,223.6,0.0,Local
2022-10-04,Library,Friend's Place,Walk,1.83,22.0,0.0,Local
2022-10-04,Friend's Place,Cafe,Tram,3.48,10.4,208.8,Local
2022-10-05,Home,Gym,Walk,14.58,175.0,0.0,Local
2022-10-05,Gym,Friend's Place,Tram,6.79,20.4,407.4,Local
2022-10-05,Friend's Place,Gym,Bus,4.54,10.9,476.7,Local
2022-10-06,Cafe,Home,Walk,10.38,124.6,0.0,Local
2022-10-06,Home,Cafe,Walk,13.44,161.3,0.0,Local
2022-10-07,Home,Cafe,Train,10.94,14.6,448.5,Local
2022-10-07,Cafe,Friend's Place,Walk,7.07,84.8,0.0,Local
2022-10-08,Home,Stadium,Walk,18.55,222.6,0.0,Local
2022-10-09,Home,Gym,Walk,12.99,155.9,0.0,Local
2022-10-10,Home,Cafe,Car,10.05,15.1,1929.6,Local
2022-10-10,Cafe,Friend's Place,Car,0.58,0.9,111.4,Local
2022-10-10,Friend's Place,Stadium,Bicycle,2.05,8.2,0.0,Local
2022-10-11,Home,Friend's Place,Bicycle,11.66,46.6,0.0,Local
2022-10-13,Cafe,Friend's Place,Walk,1.59,19.1,0.0,Local
2022-10-13,Home,Cafe,Tram,9.22,27.7,553.2,Local
2022-10-14,Home,Friend's Place,Car,13.48,20.2,2588.2,Local
2022-10-14,Friend's Place,Library,Train,0.71,0.9,29.1,Local
2022-10-15,Home,Cafe,Bus,13.84,33.2,1453.2,Local
2022-10-15,Cafe,Gym,Walk,7.24,86.9,0.0,Local
2022-10-15,Gym,Stadium,Tram,7.76,23.3,465.6,Local
2022-10-17,Home,Stadium,Bus,17.95,43.1,1884.8,Local
2022-10-18,Home,Friend's Place,Bus,13.02,31.2,1367.1,Local
2022-10-18,Friend's Place,University,Bus,16.58,39.8,1740.9,Local
2022-10-19,Home,University,Bicycle,14.4,57.6,0.0,Local
2022-10-19,University,Friend's Place,Train,16.7,22.3,684.7,Local
2022-10-19,Friend's Place,Stadium,Walk,5.63,67.6,0.0,Local
2022-10-20,Home,Gym,Car,5.61,8.4,1077.1,Local
2022-10-22,Home,Library,Bus,5.32,12.8,558.6,Local
2022-10-23,Home,Friend's Place,Tram,19.33,58.0,1159.8,Local
2022-10-23,Friend's Place,Stadium,Train,1.29,1.7,52.9,Local
2022-10-23,Stadium,Cafe,Tram,5.96,17.9,357.6,Local
2022-10-24,Home,Stadium,Tram,14.62,43.9,877.2,Local
2022-10-25,Home,Cafe,Bus,9.45,22.7,992.2,Local
2022-10-25,Cafe,Home,Train,10.44,13.9,428.0,Local
2022-10-26,Home,Gym,Tram,5.46,16.4,327.6,Local
2022-10-27,Home,Library,Bicycle,7.61,30.4,0.0,Local
2022-10-27,Library,Stadium,Tram,3.63,10.9,217.8,Local
2022-10-28,Home,University,Bicycle,19.57,78.3,0.0,Local
2022-10-28,University,Library,Car,10.42,15.6,2000.6,Local
2022-10-29,Cafe,Stadium,Bicycle,5.46,21.8,0.0,Local
2022-10-29,Home,Cafe,Bus,14.09,33.8,1479.5,Local
2022-10-30,Home,Gym,Train,13.32,17.8,546.1,Local
2022-11-01,Home,Stadium,Bus,19.54,46.9,2051.7,Local
2022-11-01,Stadium,Gym,Bicycle,7.77,31.1,0.0,Local
2022-11-02,Home,Library,Train,13.61,18.1,558.0,Local
2022-11-02,Library,Friend's Place,Tram,7.75,23.2,465.0,Local
2022-11-03,Home,Library,Bicycle,11.9,47.6,0.0,Local
2022-11-04,Home,Library,Bicycle,8.12,32.5,0.0,Local
2022-11-05,Home,University,Walk,9.72,116.6,0.0,Local
2022-11-06,Friend's Place,Library,Tram,2.52,7.6,151.2,Local
2022-11-06,Home,Friend's Place,Bicycle,5.2,20.8,0.0,Local
2022-11-07,Home,Friend's Place,Train,12.1,16.1,496.1,Local
2022-11-07,Friend's Place,Cafe,Bus,6.65,16.0,698.2,Local
2022-11-07,Cafe,Stadium,Bicycle,5.58,22.3,0.0,Local
2022-11-08,Home,Friend's Place,Walk,12.89,154.7,0.0,Local
2022-11-09,Home,Friend's Place,Train,5.98,8.0,245.2,Local
2022-11-09,Friend's Place,Gym,Car,6.79,10.2,1303.7,Local
2022-11-09,Gym,Friend's Place,Bicycle,6.83,27.3,0.0,Local
2022-11-10,Friend's Place,University,Walk,15.11,181.3,0.0,Local
2022-11-10,Home,Friend's Place,Bicycle,7.17,28.7,0.0,Local
2022-11-11,Home,Library,Car,14.44,21.7,2772.5,Local
2022-11-12,Home,Stadium,Bus,19.16,46.0,2011.8,Local
2022-11-12,Stadium,Friend's Place,Walk,5.32,63.8,0.0,Local
2022-11-12,Friend's Place,Stadium,Walk,6.46,77.5,0.0,Local
2022-11-13,Gym,Stadium,Walk,4.25,51.0,0.0,Local
2022-11-13,Home,Cafe,Train,10.3,13.7,422.3,Local
2022-11-13,Cafe,Gym,Bus,5.82,14.0,611.1,Local
2022-11-14,Cafe,University,Tram,13.96,41.9,837.6,Local
2022-11-14,Home,Cafe,Car,12.74,19.1,2446.1,Local
2022-11-15,Home,University,Train,15.71,20.9,644.1,Local
2022-11-16,Home,Cafe,Train,9.85,13.1,403.8,Local
2022-11-16,Cafe,University,Walk,19.71,236.5,0.0,Local
2022-11-17,Home,Friend's Place,Bus,7.82,18.8,821.1,Local
2022-11-18,Home,University,Train,17.06,22.7,699.5,Local
2022-11-19,Home,Friend's Place,Walk,7.06,84.7,0.0,Local
2022-11-19,Friend's Place,University,Car,14.97,22.5,2874.2,Local
2022-11-20,Home,Stadium,Train,12.2,16.3,500.2,Local
2022-11-22,Home,Library,Car,17.58,26.4,3375.4,Local
2022-11-24,Home,Library,Walk,5.94,71.3,0.0,Local
2022-11-24,Library,Gym,Train,7.31,9.7,299.7,Local
2022-11-24,Gym,Home,Train,13.53,18.0,554.7,Local
2022-11-25,Home,Friend's Place,Car,7.12,10.7,1367.0,Local
2022-11-26,Home,Stadium,Bus,18.55,44.5,1947.8,Local
2022-11-26,Stadium,Gym,Tram,2.0,6.0,120.0,Local
2022-11-26,Gym,Friend's Place,Car,3.32,5.0,637.4,Local
2022-11-27,University,Gym,Car,10.87,16.3,2087.0,Local
2022-11-27,Home,University,Car,8.62,12.9,1655.0,Local
2022-11-28,Home,Gym,Train,7.24,9.7,296.8,Local
2022-11-29,Home,Library,Tram,9.88,29.6,592.8,Local
2022-11-29,Library,Friend's Place,Car,3.28,4.9,629.8,Local
2022-11-29,Friend's Place,Stadium,Tram,6.99,21.0,419.4,Local
2022-11-30,Home,Cafe,Train,7.14,9.5,292.7,Local
2022-11-30,Cafe,Stadium,Bicycle,3.78,15.1,0.0,Local
2022-12-01,Home,Library,Bus,9.74,23.4,1022.7,Local
2022-12-01,Library,Gym,Tram,5.12,15.4,307.2,Local
2022-12-02,Home,Library,Tram,14.68,44.0,880.8,Local
2022-12-02,Library,University,Car,6.63,9.9,1273.0,Local
2022-12-03,Home,Gym,Tram,12.57,37.7,754.2,Local
2022-12-03,Gym,Friend's Place,Tram,3.26,9.8,195.6,Local
2022-12-04,Home,Cafe,Tram,19.75,59.2,1185.0,Local
2022-12-04,Cafe,University,Walk,13.66,163.9,0.0,Local
2022-12-05,Home,Friend's Place,Car,14.0,21.0,2688.0,Local
2022-12-06,Home,Gym,Bus,12.95,31.1,1359.8,Local
2022-12-07,Cafe,Stadium,Bus,1.93,4.6,202.7,Local
2022-12-07,Home,Cafe,Train,19.93,26.6,817.1,Local
2022-12-08,Home,University,Tram,16.02,48.1,961.2,Local
2022-12-08,University,Cafe,Tram,10.33,31.0,619.8,Local
2022-12-09,Home,Library,Walk,5.98,71.8,0.0,Local
2022-12-09,Library,Home,Car,5.1,7.7,979.2,Local
2022-12-09,Home,Gym,Bus,5.11,12.3,536.6,Local
2022-12-12,Home,Cafe,Train,15.02,20.0,615.8,Local
2022-12-13,Home,Gym,Walk,13.93,167.2,0.0,Local
2022-12-13,Gym,Home,Bicycle,6.75,27.0,0.0,Local
2022-12-14,Home,University,Bicycle,6.25,25.0,0.0,Local
2022-12-15,Home,Gym,Bicycle,19.12,76.5,0.0,Local
2022-12-15,Gym,Stadium,Car,5.29,7.9,1015.7,Local
2022-12-15,Stadium,Gym,Tram,3.07,9.2,184.2,Local
2022-12-16,Home,Gym,Train,14.32,19.1,587.1,Local
2022-12-17,Home,Cafe,Bus,8.37,20.1,878.8,Local
2022-12-17,Cafe,Gym,Bicycle,7.41,29.6,0.0,Local
2022-12-18,Home,Library,Walk,18.98,227.8,0.0,Local
2022-12-19,Home,University,Bus,16.83,40.4,1767.1,Local
2022-12-20,Home,Gym,Car,17.53,26.3,3365.8,Local
2022-12-20,Home,Stadium,Car,8.66,13.0,1662.7,Local
2022-12-20,Stadium,Home,Train,7.78,10.4,319.0,Local
2022-12-21,Home,Cafe,Bicycle,15.25,61.0,0.0,Local
2022-12-22,Home,Friend's Place,Bicycle,5.44,21.8,0.0,Local
2022-12-22,Friend's Place,Library,Train,5.29,7.1,216.9,Local
2022-12-23,Home,Library,Train,16.78,22.4,688.0,Local
2022-12-23,Library,Friend's Place,Bus,5.19,12.5,545.0,Local
2022-12-23,Friend's Place,Cafe,Tram,7.67,23.0,460.2,Local
2022-12-24,Gym,University,Train,11.99,16.0,491.6,Local
2022-12-24,Home,Gym,Car,18.45,27.7,3542.4,Local
2022-12-25,Home,Friend's Place,Tram,16.01,48.0,960.6,Local
2022-12-25,Friend's Place,Gym,Tram,3.77,11.3,226.2,Local
2022-12-26,Home,Stadium,Walk,17.33,208.0,0.0,Local
2022-12-29,Home,Gym,Tram,19.22,57.7,1153.2,Local
2022-12-29,Gym,Library,Walk,2.08,25.0,0.0,Local
2022-12-29,Library,University,Train,15.65,20.9,641.6,Local
2022-12-30,Stadium,Gym,Bicycle,3.5,14.0,0.0,Local
2022-12-30,Cafe,Stadium,Bicycle,4.28,17.1,0.0,Local
2022-12-30,Home,Cafe,Walk,18.03,216.4,0.0,Local
2022-12-31,Home,University,Tram,5.87,17.6,352.2,Local
2023-01-01,Home,Friend's Place,Tram,14.11,42.3,846.6,Local
2023-01-01,Friend's Place,Cafe,Bicycle,6.66,26.6,0.0,Local
2023-01-02,Home,Gym,Bus,16.13,38.7,1693.6,Local
2023-01-03,Home,Cafe,Bicycle,6.45,25.8,0.0,Local
2023-01-03,Cafe,Library,Tram,1.66,5.0,99.6,Local
2023-01-04,Home,Library,Car,19.2,28.8,3686.4,Local
2023-01-05,Home,Stadium,Bicycle,8.96,35.8,0.0,Local
2023-01-05,Stadium,Home,Car,16.08,24.1,3087.4,Local
2023-01-06,Home,Cafe,Bicycle,10.67,42.7,0.0,Local
2023-01-06,Cafe,Library,Tram,1.69,5.1,101.4,Local
2023-01-07,Home,Friend's Place,Tram,11.93,35.8,715.8,Local
2023-01-07,Friend's Place,Cafe,Tram,1.7,5.1,102.0,Local
2023-01-07,Cafe,Stadium,Bus,2.76,6.6,289.8,Local
2023-01-08,Home,Library,Bus,14.0,33.6,1470.0,Local
2023-01-09,Friend's Place,Gym,Bicycle,1.46,5.8,0.0,Local
2023-01-09,Home,Friend's Place,Walk,19.49,233.9,0.0,Local
2023-01-10,Home,Cafe,Car,6.39,9.6,1226.9,Local
2023-01-10,Cafe,Gym,Train,7.63,10.2,312.8,Local
2023-01-11,Home,Stadium,Train,13.26,17.7,543.7,Local
2023-01-13,Home,Cafe,Tram,19.05,57.1,1143.0,Local
2023-01-13,Cafe,University,Bus,16.87,40.5,1771.4,Local
2023-01-13,University,Friend's Place,Car,14.42,21.6,2768.6,Local
2023-01-14,University,Stadium,Train,5.42,7.2,222.2,Local
2023-01-14,Home,University,Bicycle,12.62,50.5,0.0,Local
2023-01-15,Home,University,Walk,5.92,71.0,0.0,Local
2023-01-15,University,Gym,Bicycle,19.09,76.4,0.0,Local
2023-01-16,Home,Stadium,Car,10.6,15.9,2035.2,Local
2023-01-16,Stadium,Friend's Place,Bus,1.46,3.5,153.3,Local
2023-01-17,Home,Stadium,Bicycle,10.44,41.8,0.0,Local
2023-01-18,Library,Cafe,Walk,3.82,45.8,0.0,Local
2023-01-18,Home,Library,Walk,6.17,74.0,0.0,Local
2023-01-18,Cafe,University,Train,6.61,8.8,271.0,Local
2023-01-20,Home,Gym,Walk,6.61,79.3,0.0,Local
2023-01-21,Stadium,Library,Walk,2.75,33.0,0.0,Local
2023-01-21,Home,Cafe,Bicycle,12.52,50.1,0.0,Local
2023-01-21,Cafe,Stadium,Walk,6.01,72.1,0.0,Local
2023-01-22,Home,Stadium,Train,5.03,6.7,206.2,Local
2023-01-22,Stadium,Friend's Place,Bus,3.59,8.6,376.9,Local
2023-01-23,Home,Library,Train,12.82,17.1,525.6,Local
2023-01-26,Home,Friend's Place,Bicycle,19.36,77.4,0.0,Local
2023-01-27,Home,Gym,Walk,8.32,99.8,0.0,Local
2023-01-27,Gym,Cafe,Bicycle,1.83,7.3,0.0,Local
2023-01-28,Stadium,University,Car,5.21,7.8,1000.3,Local
2023-01-28,Home,Stadium,Bicycle,9.23,36.9,0.0,Local
2023-01-29,Home,Gym,Bicycle,6.24,25.0,0.0,Local
2023-01-30,Home,Stadium,Train,16.17,21.6,663.0,Local
2023-01-31,Home,Library,Car,14.96,22.4,2872.3,Local
2023-01-31,Library,Gym,Tram,5.98,17.9,358.8,Local
2023-02-01,Home,Friend's Place,Car,14.12,21.2,2711.0,Local
2023-02-02,Home,Gym,Bicycle,19.2,76.8,0.0,Local
2023-02-03,Home,University,Train,16.96,22.6,695.4,Local
2023-02-04,Home,Cafe,Train,5.43,7.2,222.6,Local
2023-02-05,University,Library,Bus,17.04,40.9,1789.2,Local
2023-02-05,Home,Cafe,Bus,14.24,34.2,1495.2,Local
2023-02-05,Cafe,University,Train,14.93,19.9,612.1,Local
2023-02-07,Home,Friend's Place,Walk,11.96,143.5,0.0,Local
2023-02-07,Friend's Place,Home,Tram,6.86,20.6,411.6,Local
2023-02-08,Home,Gym,Bus,16.57,39.8,1739.9,Local
2023-02-08,Gym,Cafe,Train,5.0,6.7,205.0,Local
2023-02-09,Home,University,Car,19.46,29.2,3736.3,Local
2023-02-10,Home,Friend's Place,Bus,7.03,16.9,738.1,Local
2023-02-11,Home,Cafe,Bus,14.02,33.6,1472.1,Local
2023-02-13,Home,Library,Walk,18.61,223.3,0.0,Local
2023-02-13,Library,University,Car,18.76,28.1,3601.9,Local
2023-02-15,Home,Stadium,Walk,7.51,90.1,0.0,Local
2023-02-16,Home,Friend's Place,Tram,12.59,37.8,755.4,Local
2023-02-17,Home,Library,Walk,7.83,94.0,0.0,Local
2023-02-18,Home,Library,Bicycle,14.52,58.1,0.0,Local
2023-02-18,Library,University,Tram,14.67,44.0,880.2,Local
2023-02-19,Home,Friend's Place,Bus,14.48,34.8,1520.4,Local
2023-02-21,Friend's Place,Gym,Bus,2.31,5.5,242.6,Local
2023-02-21,Home,Stadium,Train,7.61,10.1,312.0,Local
2023-02-21,Stadium,Friend's Place,Bicycle,1.47,5.9,0.0,Local
2023-02-22,Home,Cafe,Walk,16.61,199.3,0.0,Local
2023-02-23,Home,Cafe,Tram,8.75,26.2,525.0,Local
2023-02-24,Home,Friend's Place,Walk,8.05,96.6,0.0,Local
2023-02-24,Friend's Place,Library,Bicycle,5.98,23.9,0.0,Local
2023-02-25,Home,Stadium,Bus,7.51,18.0,788.5,Local
2023-02-25,Stadium,Library,Bus,3.4,8.2,357.0,Local
2023-02-26,Home,Gym,Car,13.61,20.4,2613.1,Local
2023-02-26,Gym,Library,Bicycle,4.76,19.0,0.0,Local
2023-02-28,Home,Library,Tram,11.01,33.0,660.6,Local
2023-03-01,Home,University,Tram,8.25,24.8,495.0,Local
2023-03-02,Home,Library,Bus,10.02,24.0,1052.1,Local
2023-03-03,Home,Library,Train,5.55,7.4,227.5,Local
2023-03-03,Library,Cafe,Car,7.36,11.0,1413.1,Local
2023-03-03,Cafe,Home,Bicycle,5.15,20.6,0.0,Local
2023-03-04,Home,Stadium,Car,8.66,13.0,1662.7,Local
2023-03-06,Home,University,Car,8.21,12.3,1576.3,Local
2023-03-07,Home,Gym,Tram,18.44,55.3,1106.4,Local
2023-03-07,Gym,University,Bicycle,11.96,47.8,0.0,Local
2023-03-07,University,Library,Train,19.55,26.1,801.6,Local
2023-03-08,Home,Gym,Car,5.45,8.2,1046.4,Local
2023-03-08,Gym,University,Train,6.08,8.1,249.3,Local
2023-03-09,Home,Library,Car,10.37,15.6,1991.0,Local
2023-03-11,Home,University,Car,16.25,24.4,3120.0,Local
2023-03-11,University,Library,Bicycle,7.38,29.5,0.0,Local
2023-03-11,Library,University,Tram,14.97,44.9,898.2,Local
2023-03-12,Home,Friend's Place,Train,5.93,7.9,243.1,Local
2023-03-12,Friend's Place,Gym,Car,6.41,9.6,1230.7,Local
2023-03-13,Home,Cafe,Bus,12.24,29.4,1285.2,Local
2023-03-14,Home,University,Bicycle,14.75,59.0,0.0,Local
2023-03-14,University,Gym,Train,8.26,11.0,338.7,Local
2023-03-14,Gym,Stadium,Car,5.66,8.5,1086.7,Local
2023-03-15,Home,Cafe,Train,14.27,19.0,585.1,Local
2023-03-16,Cafe,Friend's Place,Car,2.15,3.2,412.8,Local
2023-03-16,University,Cafe,Tram,14.4,43.2,864.0,Local
2023-03-16,Home,University,Walk,7.83,94.0,0.0,Local
2023-03-18,Home,Stadium,Bicycle,11.61,46.4,0.0,Local
2023-03-18,Stadium,Library,Car,4.66,7.0,894.7,Local
2023-03-19,Home,Gym,Tram,15.12,45.4,907.2,Local
2023-03-19,Gym,Home,Walk,14.49,173.9,0.0,Local
2023-03-20,Home,Gym,Car,18.59,27.9,3569.3,Local
2023-03-21,Home,Gym,Train,16.4,21.9,672.4,Local
2023-03-21,Gym,Home,Car,19.52,29.3,3747.8,Local
2023-03-21,Home,Library,Walk,12.5,150.0,0.0,Local
2023-03-22,Home,Stadium,Train,19.96,26.6,818.4,Local
2023-03-23,Home,Cafe,Train,17.1,22.8,701.1,Local
2023-03-23,Cafe,Friend's Place,Bicycle,2.82,11.3,0.0,Local
2023-03-23,Friend's Place,Home,Train,9.91,13.2,406.3,Local
2023-03-24,Home,University,Bicycle,11.04,44.2,0.0,Local
2023-03-24,University,Home,Bicycle,15.51,62.0,0.0,Local
2023-03-25,Home,Gym,Tram,19.89,59.7,1193.4,Local
2023-03-26,Home,Library,Walk,9.99,119.9,0.0,Local
2023-03-27,Home,University,Car,11.45,17.2,2198.4,Local
2023-03-27,University,Friend's Place,Bicycle,5.29,21.2,0.0,Local
2023-03-27,Friend's Place,Library,Bus,5.9,14.2,619.5,Local
2023-03-28,Home,Cafe,Tram,13.52,40.6,811.2,Local
2023-03-29,Home,Cafe,Bus,16.62,39.9,1745.1,Local
2023-03-30,Home,Stadium,Bicycle,5.9,23.6,0.0,Local
2023-03-31,Home,Friend's Place,Walk,11.35,136.2,0.0,Local
2023-04-01,Home,Gym,Bus,9.08,21.8,953.4,Local
2023-04-02,Home,Cafe,Train,15.8,21.1,647.8,Local
2023-04-03,Home,Gym,Car,7.65,11.5,1468.8,Local
2023-04-04,Home,Stadium,Bicycle,7.25,29.0,0.0,Local
2023-04-06,Home,Library,Bus,17.91,43.0,1880.5,Local
2023-04-06,Library,Cafe,Tram,3.52,10.6,211.2,Local
2023-04-06,Cafe,Home,Bus,15.82,38.0,1661.1,Local
2023-04-07,Home,Cafe,Walk,11.37,136.4,0.0,Local
2023-04-07,Cafe,Home,Car,12.16,18.2,2334.7,Local
2023-04-07,Home,Cafe,Bicycle,18.82,75.3,0.0,Local
2023-04-08,Cafe,Home,Walk,6.61,79.3,0.0,Local
2023-04-08,Home,Cafe,Tram,18.19,54.6,1091.4,Local
2023-04-09,Home,Cafe,Car,19.55,29.3,3753.6,Local
2023-04-09,Cafe,Gym,Car,5.85,8.8,1123.2,Local
2023-04-10,Home,Library,Bus,11.9,28.6,1249.5,Local
2023-04-10,Library,Home,Train,17.4,23.2,713.4,Local
2023-04-11,Home,Cafe,Bicycle,19.67,78.7,0.0,Local
2023-04-12,Home,University,Car,5.99,9.0,1150.1,Local
2023-04-13,Stadium,Gym,Bus,3.12,7.5,327.6,Local
2023-04-13,Gym,Cafe,Train,4.61,6.1,189.0,Local
2023-04-13,Home,Stadium,Train,9.48,12.6,388.7,Local
2023-04-15,Home,Stadium,Walk,14.87,178.4,0.0,Local
2023-04-16,Home,Cafe,Walk,18.24,218.9,0.0,Local
2023-04-17,Home,Cafe,Train,7.04,9.4,288.6,Local
2023-04-18,Home,Cafe,Walk,8.63,103.6,0.0,Local
2023-04-18,Cafe,Home,Bicycle,16.81,67.2,0.0,Local
2023-04-18,Home,Gym,Train,17.34,23.1,710.9,Local
2023-04-19,Gym,Library,Train,0.55,0.7,22.6,Local
2023-04-19,Home,Gym,Tram,18.3,54.9,1098.0,Local
2023-04-20,Cafe,Home,Tram,19.8,59.4,1188.0,Local
2023-04-20,Home,Cafe,Bicycle,11.13,44.5,0.0,Local
2023-04-22,Home,Library,Car,7.05,10.6,1353.6,Local
2023-04-23,Home,University,Car,13.4,20.1,2572.8,Local
2023-04-23,University,Friend's Place,Tram,7.68,23.0,460.8,Local
2023-04-24,Home,Friend's Place,Car,19.63,29.4,3769.0,Local
2023-04-24,Friend's Place,Home,Tram,10.18,30.5,610.8,Local
2023-04-24,Home,Stadium,Bus,16.37,39.3,1718.9,Local
2023-04-25,Home,Library,Car,11.03,16.5,2117.8,Local
2023-04-25,Library,Stadium,Walk,5.11,61.3,0.0,Local
2023-04-26,Home,Library,Walk,13.44,161.3,0.0,Local
2023-04-27,Home,Cafe,Bus,17.72,42.5,1860.6,Local
2023-04-29,Home,Cafe,Bicycle,12.9,51.6,0.0,Local
2023-04-30,Home,Friend's Place,Walk,10.83,130.0,0.0,Local
2023-04-30,Friend's Place,Cafe,Car,1.5,2.2,288.0,Local
2023-05-01,Home,Library,Tram,13.69,41.1,821.4,Local
2023-05-02,Friend's Place,Home,Car,14.03,21.0,2693.8,Local
2023-05-02,Home,Friend's Place,Bus,11.13,26.7,1168.7,Local
2023-05-03,University,Friend's Place,Car,18.4,27.6,3532.8,Local
2023-05-03,Home,University,Bus,16.61,39.9,1744.0,Local
2023-05-04,Home,Stadium,Tram,12.64,37.9,758.4,Local
2023-05-05,Home,Library,Tram,6.64,19.9,398.4,Local
2023-05-05,Library,Friend's Place,Bicycle,4.9,19.6,0.0,Local
2023-05-06,Home,Friend's Place,Walk,7.94,95.3,0.0,Local
2023-05-07,Home,Friend's Place,Bicycle,7.4,29.6,0.0,Local
2023-05-07,Friend's Place,Library,Train,6.68,8.9,273.9,Local
2023-05-08,Home,University,Train,14.13,18.8,579.3,Local
2023-05-09,Friend's Place,University,Walk,13.21,158.5,0.0,Local
2023-05-09,Library,Friend's Place,Train,4.34,5.8,177.9,Local
2023-05-09,Home,Library,Walk,19.73,236.8,0.0,Local
2023-05-10,Home,Cafe,Car,17.52,26.3,3363.8,Local
2023-05-11,Home,Cafe,Car,7.18,10.8,1378.6,Local
2023-05-12,Home,Friend's Place,Bicycle,7.58,30.3,0.0,Local
2023-05-13,Home,Stadium,Car,16.46,24.7,3160.3,Local
2023-05-13,Stadium,Library,Bus,1.39,3.3,145.9,Local
2023-05-13,Library,Home,Train,12.15,16.2,498.2,Local
2023-05-14,Cafe,Friend's Place,Car,4.88,7.3,937.0,Local
2023-05-14,Home,Stadium,Car,17.41,26.1,3342.7,Local
2023-05-14,Stadium,Cafe,Bus,2.4,5.8,252.0,Local
2023-05-15,Home,Friend's Place,Walk,7.74,92.9,0.0,Local
2023-05-15,Friend's Place,Cafe,Walk,2.29,27.5,0.0,Local
2023-05-16,Home,Cafe,Bus,6.99,16.8,734.0,Local
2023-05-16,Cafe,Gym,Train,5.66,7.5,232.1,Local
2023-05-17,Home,Gym,Car,19.16,28.7,3678.7,Local
2023-05-17,Gym,Home,Car,5.94,8.9,1140.5,Local
2023-05-18,Home,University,Walk,8.48,101.8,0.0,Local
2023-05-18,University,Home,Walk,12.97,155.6,0.0,Local
2023-05-19,Home,University,Train,17.58,23.4,720.8,Local
2023-05-19,University,Friend's Place,Train,18.68,24.9,765.9,Local
2023-05-20,Home,University,Bicycle,7.78,31.1,0.0,Local
2023-05-20,University,Home,Walk,18.11,217.3,0.0,Local
2023-05-21,Friend's Place,Library,Train,1.27,1.7,52.1,Local
2023-05-21,Home,Friend's Place,Walk,19.03,228.4,0.0,Local
2023-05-21,Library,Cafe,Bus,6.32,15.2,663.6,Local
2023-05-22,Home,University,Bicycle,13.83,55.3,0.0,Local
2023-05-23,Home,Gym,Tram,19.26,57.8,1155.6,Local
2023-05-23,Gym,Home,Walk,19.02,228.2,0.0,Local
2023-05-24,Home,Friend's Place,Train,10.75,14.3,440.8,Local
2023-05-24,Friend's Place,Home,Bicycle,9.46,37.8,0.0,Local
2023-05-24,Home,Library,Bicycle,15.85,63.4,0.0,Local
2023-05-25,Home,Gym,Train,14.73,19.6,603.9,Local
2023-05-25,Gym,Library,Bus,4.54,10.9,476.7,Local
2023-05-25,Library,University,Bicycle,12.06,48.2,0.0,Local
2023-05-26,Friend's Place,Gym,Bicycle,2.66,10.6,0.0,Local
2023-05-26,Home,Friend's Place,Car,7.22,10.8,1386.2,Local
2023-05-27,Home,Gym,Tram,12.45,37.3,747.0,Local
2023-05-28,Home,Library,Bicycle,12.9,51.6,0.0,Local
2023-05-29,Home,Library,Bicycle,9.28,37.1,0.0,Local
2023-05-29,Library,University,Bus,18.54,44.5,1946.7,Local
2023-05-30,Home,Friend's Place,Bicycle,14.79,59.2,0.0,Local
2023-05-30,Friend's Place,Stadium,Walk,0.66,7.9,0.0,Local
2023-05-30,Stadium,Library,Car,5.38,8.1,1033.0,Local
2023-05-31,Stadium,Friend's Place,Car,2.83,4.2,543.4,Local
2023-05-31,Home,Stadium,Bus,13.18,31.6,1383.9,Local
2023-06-01,Home,Gym,Walk,16.89,202.7,0.0,Local
2023-06-01,Gym,Friend's Place,Train,7.15,9.5,293.2,Local
2023-06-01,Friend's Place,Cafe,Tram,1.31,3.9,78.6,Local
2023-06-02,Home,University,Train,9.48,12.6,388.7,Local
2023-06-03,Home,Stadium,Tram,9.99,30.0,599.4,Local
2023-06-03,Stadium,University,Bicycle,10.65,42.6,0.0,Local
2023-06-04,Home,Library,Train,9.27,12.4,380.1,Local
2023-06-04,Library,Home,Tram,11.51,34.5,690.6,Local
2023-06-05,Home,University,Bicycle,16.47,65.9,0.0,Local
2023-06-05,University,Home,Car,19.06,28.6,3659.5,Local
2023-06-05,Home,Friend's Place,Train,18.32,24.4,751.1,Local
2023-06-06,Home,University,Car,6.5,9.8,1248.0,Local
2023-06-08,Home,University,Train,10.91,14.5,447.3,Local
2023-06-08,University,Gym,Bus,18.62,44.7,1955.1,Local
2023-06-08,Gym,Stadium,Train,7.69,10.3,315.3,Local
2023-06-09,University,Gym,Walk,18.24,218.9,0.0,Local
2023-06-09,Cafe,University,Train,5.6,7.5,229.6,Local
2023-06-09,Home,Cafe,Car,17.97,27.0,3450.2,Local
2023-06-10,Home,Stadium,Train,13.37,17.8,548.2,Local
2023-06-11,Home,University,Bus,14.68,35.2,1541.4,Local
2023-06-12,Home,Stadium,Car,15.79,23.7,3031.7,Local
2023-06-13,Home,Friend's Place,Train,16.57,22.1,679.4,Local
2023-06-14,Home,Cafe,Car,5.09,7.6,977.3,Local
2023-06-14,Cafe,Home,Bus,6.77,16.2,710.8,Local
2023-06-14,Home,University,Train,17.45,23.3,715.4,Local
2023-06-15,Stadium,Library,Walk,6.4,76.8,0.0,Local
2023-06-15,Home,Stadium,Bus,12.83,30.8,1347.2,Local
2023-06-16,Home,Stadium,Walk,19.43,233.2,0.0,Local
2023-06-16,Stadium,Gym,Car,2.09,3.1,401.3,Local
2023-06-17,Home,Stadium,Bus,7.15,17.2,750.8,Local
2023-06-17,Stadium,Friend's Place,Bicycle,4.23,16.9,0.0,Local
2023-06-17,Friend's Place,Home,Tram,19.07,57.2,1144.2,Local
2023-06-18,Home,Stadium,Bicycle,16.63,66.5,0.0,Local
2023-06-19,Friend's Place,Home,Walk,8.98,107.8,0.0,Local
2023-06-19,Home,Gym,Train,11.14,14.9,456.7,Local
2023-06-19,Gym,Friend's Place,Train,1.37,1.8,56.2,Local
2023-06-21,Home,Stadium,Train,13.22,17.6,542.0,Local
2023-06-21,Stadium,Library,Train,2.27,3.0,93.1,Local
2023-06-23,Home,University,Walk,9.37,112.4,0.0,Local
2023-06-23,University,Home,Car,9.53,14.3,1829.8,Local
2023-06-23,Home,University,Car,18.11,27.2,3477.1,Local
2023-06-25,Home,University,Bus,12.27,29.4,1288.3,Local
2023-06-25,University,Friend's Place,Tram,15.82,47.5,949.2,Local
2023-06-25,Friend's Place,Gym,Bicycle,4.35,17.4,0.0,Local
2023-06-26,Home,Museum,Bicycle,12.5,50.0,0.0,Local
2023-06-27,Home,Work,Train,12.43,16.6,509.6,Local
2023-06-27,Work,Museum,Bus,7.38,17.7,774.9,Local
2023-06-28,Shopping Centre,Part-time Work,Walk,14.94,179.3,0.0,Local
2023-06-28,Home,Museum,Train,18.04,24.1,739.6,Local
2023-06-28,Museum,Shopping Centre,Walk,6.2,74.4,0.0,Local
2023-06-30,Home,Cricket Ground,Bus,17.53,42.1,1840.7,Local
2023-07-01,Pharmacy,Museum,Car,3.72,5.6,714.2,Local
2023-07-01,Home,Pharmacy,Bus,12.48,30.0,1310.4,Local
2023-07-02,Home,University,Train,13.5,18.0,553.5,Local
2023-07-02,University,Museum,Train,18.77,25.0,769.6,Local
2023-07-02,Museum,Part-time Work,Walk,15.5,186.0,0.0,Local
2023-07-03,Home,Museum,Car,11.59,17.4,2225.3,Local
2023-07-04,Home,Cricket Ground,Bus,14.23,34.2,1494.2,Local
2023-07-06,University,Museum,Bus,6.91,16.6,725.6,Local
2023-07-06,Museum,Pharmacy,Walk,4.07,48.8,0.0,Local
2023-07-06,Home,University,Car,18.82,28.2,3613.4,Local
2023-07-07,Home,Work,Car,17.3,25.9,3321.6,Local
2023-07-08,Home,Hospital,Bus,12.75,30.6,1338.8,Local
2023-07-08,Hospital,Cricket Ground,Bicycle,6.02,24.1,0.0,Local
2023-07-09,Home,University,Train,7.49,10.0,307.1,Local
2023-07-09,University,Pharmacy,Train,14.14,18.9,579.7,Local
2023-07-11,Home,Pharmacy,Walk,18.67,224.0,0.0,Local
2023-07-12,Home,Shopping Centre,Car,15.55,23.3,2985.6,Local
2023-07-12,Shopping Centre,Work,Train,11.97,16.0,490.8,Local
2023-07-13,Home,Museum,Car,17.54,26.3,3367.7,Local
2023-07-14,Home,Work,Train,13.27,17.7,544.1,Local
2023-07-14,Work,Home,Walk,11.01,132.1,0.0,Local
2023-07-15,Home,Shopping Centre,Walk,12.0,144.0,0.0,Local
2023-07-17,Home,Train Station,Walk,9.11,109.3,0.0,Local
2023-07-17,Train Station,Part-time Work,Car,15.8,23.7,3033.6,Local
2023-07-18,Home,Work,Bicycle,18.81,75.2,0.0,Local
2023-07-18,Work,Shopping Centre,Bus,14.27,34.2,1498.3,Local
2023-07-19,Home,Pharmacy,Car,17.75,26.6,3408.0,Local
2023-07-19,Pharmacy,Shopping Centre,Tram,1.58,4.7,94.8,Local
2023-07-20,Home,Part-time Work,Car,7.99,12.0,1534.1,Local
2023-07-21,Home,Train Station,Walk,17.13,205.6,0.0,Local
2023-07-21,Train Station,Part-time Work,Tram,13.83,41.5,829.8,Local
2023-07-21,Part-time Work,Home,Train,11.64,15.5,477.2,Local
2023-07-22,Home,Work,Bus,18.99,45.6,1993.9,Local
2023-07-23,Home,Shopping Centre,Tram,14.2,42.6,852.0,Local
2023-07-24,Hospital,Work,Bicycle,19.62,78.5,0.0,Local
2023-07-24,Home,Hospital,Bus,13.2,31.7,1386.0,Local
2023-07-25,Home,Work,Train,7.69,10.3,315.3,Local
2023-07-26,Home,Train Station,Car,11.14,16.7,2138.9,Local
2023-07-26,Train Station,Work,Car,19.11,28.7,3669.1,Local
2023-07-28,Home,Pharmacy,Train,5.79,7.7,237.4,Local
2023-07-29,Home,Museum,Bicycle,7.68,30.7,0.0,Local
2023-07-30,Home,Train Station,Train,5.91,7.9,242.3,Local
2023-07-30,Train Station,Part-time Work,Bicycle,8.55,34.2,0.0,Local
2023-07-31,Home,Part-time Work,Tram,9.81,29.4,588.6,Local
2023-08-01,Home,Work,Walk,9.6,115.2,0.0,Local
2023-08-02,Home,Work,Train,15.26,20.3,625.7,Local
2023-08-02,Work,Home,Bus,7.51,18.0,788.5,Local
2023-08-03,Home,Cricket Ground,Tram,5.29,15.9,317.4,Local
2023-08-04,Cricket Ground,Train Station,Walk,4.81,57.7,0.0,Local
2023-08-04,Home,Cricket Ground,Bicycle,17.56,70.2,0.0,Local
2023-08-05,Home,Work,Bus,18.46,44.3,1938.3,Local
2023-08-06,Home,Cricket Ground,Walk,6.32,75.8,0.0,Local
2023-08-06,Cricket Ground,Train Station,Train,5.86,7.8,240.3,Local
2023-08-07,Home,Pharmacy,Walk,13.53,162.4,0.0,Local
2023-08-08,Home,Pharmacy,Bicycle,9.38,37.5,0.0,Local
2023-08-08,Pharmacy,Home,Car,5.33,8.0,1023.4,Local
2023-08-09,Hospital,Part-time Work,Bus,5.41,13.0,568.1,Local
2023-08-09,Home,Cricket Ground,Train,9.85,13.1,403.8,Local
2023-08-09,Cricket Ground,Hospital,Walk,7.45,89.4,0.0,Local
2023-08-10,Home,Hospital,Train,5.93,7.9,243.1,Local
2023-08-11,Home,University,Bus,16.93,40.6,1777.6,Local
2023-08-11,University,Hospital,Walk,6.14,73.7,0.0,Local
2023-08-11,Hospital,Shopping Centre,Bus,4.36,10.5,457.8,Local
2023-08-12,Home,Shopping Centre,Train,17.22,23.0,706.0,Local
2023-08-12,Shopping Centre,Part-time Work,Walk,10.11,121.3,0.0,Local
2023-08-13,Home,Work,Bicycle,5.65,22.6,0.0,Local
2023-08-14,Home,Train Station,Bus,5.87,14.1,616.4,Local
2023-08-14,Train Station,University,Walk,16.76,201.1,0.0,Local
2023-08-15,Home,Work,Car,17.52,26.3,3363.8,Local
2023-08-15,Work,Cricket Ground,Tram,15.84,47.5,950.4,Local
2023-08-15,Cricket Ground,Pharmacy,Bus,1.45,3.5,152.2,Local
2023-08-16,Cricket Ground,University,Walk,18.71,224.5,0.0,Local
2023-08-16,Home,Cricket Ground,Walk,8.32,99.8,0.0,Local
2023-08-16,University,Hospital,Bus,18.19,43.7,1910.0,Local
2023-08-17,Pharmacy,University,Bus,9.44,22.7,991.2,Local
2023-08-17,Home,Pharmacy,Car,9.35,14.0,1795.2,Local
2023-08-18,Home,Hospital,Car,15.54,23.3,2983.7,Local
2023-08-18,Hospital,Home,Car,16.54,24.8,3175.7,Local
2023-08-18,Home,Train Station,Walk,10.98,131.8,0.0,Local
2023-08-19,Home,University,Train,14.6,19.5,598.6,Local
2023-08-19,University,Pharmacy,Tram,11.69,35.1,701.4,Local
2023-08-20,Train Station,Work,Bus,12.35,29.6,1296.8,Local
2023-08-20,Work,Part-time Work,Bicycle,6.16,24.6,0.0,Local
2023-08-20,Home,Train Station,Car,6.35,9.5,1219.2,Local
2023-08-21,Home,Work,Bus,12.25,29.4,1286.2,Local
2023-08-21,Work,University,Car,15.0,22.5,2880.0,Local
2023-08-22,Home,Work,Bus,15.87,38.1,1666.3,Local
2023-08-22,Work,Part-time Work,Train,12.1,16.1,496.1,Local
2023-08-23,Home,Pharmacy,Car,18.53,27.8,3557.8,Local
2023-08-23,Pharmacy,Home,Bus,7.45,17.9,782.2,Local
2023-08-24,Home,Museum,Walk,14.41,172.9,0.0,Local
2023-08-25,Train Station,Work,Bicycle,8.21,32.8,0.0,Local
2023-08-25,Home,Train Station,Tram,10.57,31.7,634.2,Local
2023-08-26,Home,Shopping Centre,Bicycle,11.94,47.8,0.0,Local
2023-08-26,Shopping Centre,Museum,Train,7.28,9.7,298.5,Local
2023-08-27,Home,Cricket Ground,Bus,8.68,20.8,911.4,Local
2023-08-27,Cricket Ground,Pharmacy,Walk,4.12,49.4,0.0,Local
2023-08-27,Pharmacy,Shopping Centre,Train,5.25,7.0,215.2,Local
2023-08-28,Home,Hospital,Bicycle,10.71,42.8,0.0,Local
2023-08-28,Hospital,Part-time Work,Bicycle,17.37,69.5,0.0,Local
2023-08-29,Home,Shopping Centre,Bicycle,8.64,34.6,0.0,Local
2023-08-30,Home,University,Bus,6.21,14.9,652.0,Local
2023-08-30,University,Hospital,Tram,12.44,37.3,746.4,Local
2023-08-30,Hospital,University,Bicycle,11.12,44.5,0.0,Local
2023-08-31,Home,Part-time Work,Train,5.02,6.7,205.8,Local
2023-09-01,Home,Shopping Centre,Tram,12.95,38.8,777.0,Local
2023-09-01,Shopping Centre,Cricket Ground,Car,4.58,6.9,879.4,Local
2023-09-01,Cricket Ground,Home,Bicycle,9.43,37.7,0.0,Local
2023-09-02,Pharmacy,Cricket Ground,Train,1.36,1.8,55.8,Local
2023-09-02,Home,Pharmacy,Bus,6.51,15.6,683.5,Local
2023-09-03,University,Hospital,Tram,19.69,59.1,1181.4,Local
2023-09-03,Train Station,University,Train,10.76,14.3,441.2,Local
2023-09-03,Home,Train Station,Tram,15.95,47.9,957.0,Local
2023-09-04,Home,Shopping Centre,Bus,19.69,47.3,2067.5,Local
2023-09-04,Shopping Centre,Cricket Ground,Train,3.01,4.0,123.4,Local
2023-09-05,Home,Cricket Ground,Walk,19.24,230.9,0.0,Local
2023-09-06,Home,Work,Walk,17.04,204.5,0.0,Local
2023-09-06,Work,Pharmacy,Tram,10.13,30.4,607.8,Local
2023-09-06,Pharmacy,Home,Tram,16.46,49.4,987.6,Local
2023-09-07,Shopping Centre,Museum,Bus,6.86,16.5,720.3,Local
2023-09-07,Home,Shopping Centre,Train,17.98,24.0,737.2,Local
2023-09-08,Home,University,Bicycle,18.05,72.2,0.0,Local
2023-09-08,University,Cricket Ground,Train,9.75,13.0,399.8,Local
2023-09-08,Cricket Ground,Shopping Centre,Bus,2.7,6.5,283.5,Local
2023-09-09,Home,Work,Tram,16.33,49.0,979.8,Local
2023-09-09,Work,Home,Bus,17.17,41.2,1802.9,Local
2023-09-10,Home,Hospital,Tram,14.62,43.9,877.2,Local
2023-09-12,Home,Pharmacy,Car,10.65,16.0,2044.8,Local
2023-09-13,Home,Museum,Bus,14.73,35.4,1546.7,Local
2023-09-14,Cricket Ground,University,Walk,13.41,160.9,0.0,Local
2023-09-14,Home,Cricket Ground,Tram,15.66,47.0,939.6,Local
2023-09-17,Home,Work,Tram,18.81,56.4,1128.6,Local
2023-09-17,Work,Museum,Bicycle,10.05,40.2,0.0,Local
2023-09-18,Home,Cricket Ground,Bus,18.68,44.8,1961.4,Local
2023-09-18,Cricket Ground,Work,Bus,11.74,28.2,1232.7,Local
2023-09-19,Home,Work,Train,14.73,19.6,603.9,Local
2023-09-19,Work,University,Tram,15.27,45.8,916.2,Local
2023-09-20,Home,Pharmacy,Train,8.84,11.8,362.4,Local
2023-09-22,Home,University,Tram,7.58,22.7,454.8,Local
2023-09-22,University,Museum,Bicycle,6.06,24.2,0.0,Local
2023-09-23,Home,Work,Train,11.2,14.9,459.2,Local
2023-09-23,Work,Shopping Centre,Tram,14.41,43.2,864.6,Local
2023-09-24,Home,Work,Train,19.57,26.1,802.4,Local
2023-09-24,Work,Part-time Work,Car,12.65,19.0,2428.8,Local
2023-09-25,Home,University,Train,19.0,25.3,779.0,Local
2023-09-25,University,Museum,Walk,10.33,124.0,0.0,Local
2023-09-27,Train Station,Pharmacy,Bicycle,6.35,25.4,0.0,Local
2023-09-27,Cricket Ground,Train Station,Tram,5.44,16.3,326.4,Local
2023-09-27,Home,Cricket Ground,Car,11.87,17.8,2279.0,Local
2023-09-28,Home,Work,Bus,15.46,37.1,1623.3,Local
2023-09-28,Work,Part-time Work,Walk,18.08,217.0,0.0,Local
2023-09-29,Home,Hospital,Bus,17.91,43.0,1880.5,Local
2023-09-29,Hospital,Train Station,Bicycle,7.05,28.2,0.0,Local
2023-09-29,Train Station,Part-time Work,Bus,13.23,31.8,1389.2,Local
2023-09-30,Home,University,Train,12.69,16.9,520.3,Local
2023-09-30,University,Part-time Work,Bus,5.81,13.9,610.0,Local
2023-09-30,Part-time Work,Train Station,Bus,19.67,47.2,2065.4,Local
2023-10-01,Home,Train Station,Tram,12.87,38.6,772.2,Local
2023-10-01,Train Station,Shopping Centre,Bus,5.8,13.9,609.0,Local
2023-10-02,Home,Part-time Work,Bicycle,15.37,61.5,0.0,Local
2023-10-02,Part-time Work,Cricket Ground,Train,13.39,17.9,549.0,Local
2023-10-03,Home,Museum,Walk,17.16,205.9,0.0,Local
2023-10-03,Museum,Home,Bus,9.25,22.2,971.2,Local
2023-10-05,Train Station,Work,Train,12.42,16.6,509.2,Local
2023-10-05,Work,Pharmacy,Bus,17.67,42.4,1855.4,Local
2023-10-05,Home,Train Station,Tram,16.46,49.4,987.6,Local
2023-10-06,Home,Museum,Bus,5.84,14.0,613.2,Local
2023-10-07,Home,University,Bicycle,12.37,49.5,0.0,Local
2023-10-08,Home,Train Station,Walk,8.61,103.3,0.0,Local
2023-10-08,Train Station,Pharmacy,Bus,4.86,11.7,510.3,Local
2023-10-09,Home,Hospital,Walk,8.6,103.2,0.0,Local
2023-10-09,Hospital,Part-time Work,Bus,8.75,21.0,918.8,Local
2023-10-10,Home,Train Station,Walk,16.14,193.7,0.0,Local
2023-10-11,Home,Museum,Train,7.36,9.8,301.8,Local
2023-10-11,Museum,Work,Walk,13.28,159.4,0.0,Local
2023-10-12,Home,Work,Car,6.6,9.9,1267.2,Local
2023-10-12,Work,University,Train,17.55,23.4,719.6,Local
2023-10-13,Home,Shopping Centre,Walk,5.32,63.8,0.0,Local
2023-10-13,Shopping Centre,University,Bicycle,8.57,34.3,0.0,Local
2023-10-14,Home,Shopping Centre,Car,10.7,16.0,2054.4,Local
2023-10-16,University,Train Station,Train,6.0,8.0,246.0,Local
2023-10-16,Home,University,Bicycle,13.95,55.8,0.0,Local
2023-10-16,Train Station,Cricket Ground,Walk,5.38,64.6,0.0,Local
2023-10-18,Cricket Ground,Part-time Work,Bus,8.83,21.2,927.1,Local
2023-10-18,Home,Cricket Ground,Bicycle,8.65,34.6,0.0,Local
2023-10-19,Home,Shopping Centre,Tram,14.41,43.2,864.6,Local
2023-10-20,Home,Museum,Bicycle,11.33,45.3,0.0,Local
2023-10-21,Home,Work,Bus,6.92,16.6,726.6,Local
2023-10-21,Work,Home,Car,8.98,13.5,1724.2,Local
2023-10-22,Home,Pharmacy,Bicycle,18.62,74.5,0.0,Local
2023-10-22,Pharmacy,Home,Car,17.1,25.7,3283.2,Local
2023-10-22,Home,Train Station,Car,15.47,23.2,2970.2,Local
2023-10-23,Cricket Ground,Work,Bus,16.93,40.6,1777.6,Local
2023-10-23,Home,Cricket Ground,Tram,16.72,50.2,1003.2,Local
2023-10-24,Home,Pharmacy,Bus,6.18,14.8,648.9,Local
2023-10-24,Pharmacy,Part-time Work,Bicycle,8.98,35.9,0.0,Local
2023-10-26,Home,Work,Bus,15.9,38.2,1669.5,Local
2023-10-26,Work,Hospital,Train,15.68,20.9,642.9,Local
2023-10-26,Hospital,Shopping Centre,Train,1.05,1.4,43.1,Local
2023-10-27,Home,Shopping Centre,Walk,14.01,168.1,0.0,Local
2023-10-27,Home,Hospital,Walk,19.37,232.4,0.0,Local
2023-10-27,Hospital,Home,Bicycle,10.04,40.2,0.0,Local
2023-10-28,Work,Home,Tram,19.78,59.3,1186.8,Local
2023-10-28,Home,Cricket Ground,Tram,14.75,44.2,885.0,Local
2023-10-28,Cricket Ground,Work,Tram,19.7,59.1,1182.0,Local
2023-10-30,Home,Part-time Work,Car,19.76,29.6,3793.9,Local
2023-10-30,Part-time Work,Hospital,Walk,16.95,203.4,0.0,Local
2023-10-30,Hospital,Train Station,Walk,1.86,22.3,0.0,Local
2023-11-01,Home,Cricket Ground,Bus,17.65,42.4,1853.2,Local
2023-11-01,Cricket Ground,Work,Tram,9.22,27.7,553.2,Local
2023-11-02,Home,Work,Bus,17.86,42.9,1875.3,Local
2023-11-03,Home,Cricket Ground,Train,11.39,15.2,467.0,Local
2023-11-04,Home,Museum,Car,13.38,20.1,2569.0,Local
2023-11-05,Home,Train Station,Bus,18.7,44.9,1963.5,Local
2023-11-06,Home,Museum,Train,12.91,17.2,529.3,Local
2023-11-06,Museum,Hospital,Car,3.91,5.9,750.7,Local
2023-11-06,Hospital,Pharmacy,Train,3.39,4.5,139.0,Local
2023-11-07,Train Station,Cricket Ground,Train,3.56,4.7,146.0,Local
2023-11-07,Cricket Ground,Part-time Work,Bus,5.27,12.6,553.3,Local
2023-11-07,Home,Train Station,Bicycle,12.14,48.6,0.0,Local
2023-11-08,Shopping Centre,Home,Train,5.96,7.9,244.4,Local
2023-11-08,Home,Shopping Centre,Car,8.72,13.1,1674.2,Local
2023-11-09,Home,University,Car,14.39,21.6,2762.9,Local
2023-11-09,University,Hospital,Car,15.29,22.9,2935.7,Local
2023-11-10,Home,Train Station,Bicycle,14.03,56.1,0.0,Local
2023-11-10,Train Station,Home,Car,5.42,8.1,1040.6,Local
2023-11-10,Home,Part-time Work,Train,17.99,24.0,737.6,Local
2023-11-11,Home,Hospital,Walk,11.77,141.2,0.0,Local
2023-11-11,Hospital,Shopping Centre,Tram,1.47,4.4,88.2,Local
2023-11-12,Home,Part-time Work,Walk,19.59,235.1,0.0,Local
2023-11-13,Pharmacy,Work,Bicycle,7.44,29.8,0.0,Local
2023-11-13,Home,Pharmacy,Car,14.02,21.0,2691.8,Local
2023-11-14,Home,Museum,Train,16.77,22.4,687.6,Local
2023-11-15,Home,Cricket Ground,Bicycle,6.07,24.3,0.0,Local
2023-11-16,Home,Shopping Centre,Train,9.75,13.0,399.8,Local
2023-11-16,Shopping Centre,Train Station,Bus,2.25,5.4,236.2,Local
2023-11-17,Home,Train Station,Tram,16.33,49.0,979.8,Local
2023-11-17,Train Station,Hospital,Train,7.44,9.9,305.0,Local
2023-11-17,Hospital,University,Bicycle,9.76,39.0,0.0,Local
2023-11-18,Home,Pharmacy,Bicycle,11.61,46.4,0.0,Local
2023-11-19,Home,Work,Bus,18.67,44.8,1960.4,Local
2023-11-19,Work,Cricket Ground,Walk,13.9,166.8,0.0,Local
2023-11-20,Home,University,Bicycle,10.8,43.2,0.0,Local
2023-11-20,University,Part-time Work,Walk,18.45,221.4,0.0,Local
2023-11-20,Part-time Work,Train Station,Car,5.64,8.5,1082.9,Local
2023-11-21,Home,Pharmacy,Train,7.33,9.8,300.5,Local
2023-11-22,University,Museum,Bicycle,16.06,64.2,0.0,Local
2023-11-22,Museum,University,Walk,5.46,65.5,0.0,Local
2023-11-22,Home,University,Walk,11.67,140.0,0.0,Local
2023-11-23,Home,Hospital,Car,10.47,15.7,2010.2,Local
2023-11-24,Home,Shopping Centre,Bicycle,13.21,52.8,0.0,Local
2023-11-25,Home,Work,Bus,10.16,24.4,1066.8,Local
2023-11-25,Work,Home,Train,9.07,12.1,371.9,Local
2023-11-26,Home,Pharmacy,Bus,8.4,20.2,882.0,Local
2023-11-26,Pharmacy,Home,Bicycle,14.07,56.3,0.0,Local
2023-11-27,Home,University,Train,11.61,15.5,476.0,Local
2023-11-28,University,Hospital,Walk,8.74,104.9,0.0,Local
2023-11-28,Home,University,Tram,12.0,36.0,720.0,Local
2023-11-29,Home,Part-time Work,Car,12.2,18.3,2342.4,Local
2023-11-29,Part-time Work,Shopping Centre,Car,6.68,10.0,1282.6,Local
2023-12-02,Home,Museum,Car,6.56,9.8,1259.5,Local
2023-12-03,Home,Hospital,Bus,5.53,13.3,580.6,Local
2023-12-03,Hospital,Train Station,Train,6.81,9.1,279.2,Local
2023-12-03,Train Station,Hospital,Car,2.34,3.5,449.3,Local
2023-12-04,Home,Shopping Centre,Train,16.55,22.1,678.6,Local
2023-12-05,Home,Hospital,Train,19.62,26.2,804.4,Local
2023-12-06,Hospital,University,Walk,13.71,164.5,0.0,Local
2023-12-06,Home,Hospital,Train,6.29,8.4,257.9,Local
2023-12-07,Home,Hospital,Train,14.93,19.9,612.1,Local
2023-12-08,Home,Cricket Ground,Car,16.37,24.6,3143.0,Local
2023-12-08,Cricket Ground,Work,Train,8.9,11.9,364.9,Local
2023-12-09,Home,University,Walk,17.07,204.8,0.0,Local
2023-12-10,Home,Train Station,Bus,11.58,27.8,1215.9,Local
2023-12-10,Train Station,Pharmacy,Train,2.62,3.5,107.4,Local
2023-12-10,Pharmacy,Hospital,Bus,6.77,16.2,710.8,Local
2023-12-11,Home,Train Station,Bus,9.42,22.6,989.1,Local
2023-12-12,Home,Pharmacy,Tram,6.36,19.1,381.6,Local
2023-12-12,Pharmacy,University,Bicycle,10.75,43.0,0.0,Local
2023-12-13,Home,Work,Car,16.75,25.1,3216.0,Local
2023-12-13,Work,Part-time Work,Bicycle,11.95,47.8,0.0,Local
2023-12-15,Home,Pharmacy,Bicycle,13.56,54.2,0.0,Local
2023-12-15,Pharmacy,Part-time Work,Bicycle,19.33,77.3,0.0,Local
2023-12-16,Home,Hospital,Train,14.28,19.0,585.5,Local
2023-12-16,Hospital,Home,Tram,12.06,36.2,723.6,Local
2023-12-18,Pharmacy,Cricket Ground,Train,7.16,9.5,293.6,Local
2023-12-18,Home,Work,Bicycle,5.14,20.6,0.0,Local
2023-12-18,Work,Pharmacy,Bus,15.26,36.6,1602.3,Local
2023-12-19,Home,Hospital,Bus,9.57,23.0,1004.9,Local
2023-12-19,Hospital,Shopping Centre,Tram,6.12,18.4,367.2,Local
2023-12-19,Shopping Centre,Museum,Train,7.88,10.5,323.1,Local
2023-12-20,Train Station,Shopping Centre,Tram,0.81,2.4,48.6,Local
2023-12-20,Home,Train Station,Bus,13.23,31.8,1389.2,Local
2023-12-21,Shopping Centre,Part-time Work,Bus,9.56,22.9,1003.8,Local
2023-12-21,Home,Shopping Centre,Walk,18.17,218.0,0.0,Local
2023-12-22,Home,Shopping Centre,Bicycle,12.24,49.0,0.0,Local
2023-12-23,Home,University,Bicycle,11.73,46.9,0.0,Local
2023-12-23,University,Pharmacy,Train,12.99,17.3,532.6,Local
2023-12-24,Home,Pharmacy,Bus,10.76,25.8,1129.8,Local
2023-12-24,Pharmacy,Home,Bus,11.59,27.8,1217.0,Local
2023-12-24,Home,Pharmacy,Walk,7.75,93.0,0.0,Local
2023-12-25,Home,Museum,Tram,17.8,53.4,1068.0,Local
2023-12-26,Home,Shopping Centre,Train,5.4,7.2,221.4,Local
2023-12-27,Hospital,Shopping Centre,Train,7.07,9.4,289.9,Local
2023-12-27,Home,Hospital,Bus,18.39,44.1,1931.0,Local
2023-12-29,Home,Museum,Train,12.34,16.5,505.9,Local
2023-12-29,Museum,Shopping Centre,Car,0.77,1.2,147.8,Local
2023-12-30,Home,Cricket Ground,Bus,11.28,27.1,1184.4,Local
2023-12-30,Cricket Ground,Part-time Work,Bus,5.87,14.1,616.4,Local
2023-12-31,Home,Train Station,Tram,15.28,45.8,916.8,Local
2023-12-31,Train Station,University,Train,11.73,15.6,480.9,Local
2024-01-01,Pharmacy,Train Station,Car,5.5,8.2,1056.0,Local
2024-01-01,Home,Work,Bus,17.62,42.3,1850.1,Local
2024-01-01,Work,Pharmacy,Train,13.14,17.5,538.7,Local
2024-01-02,Home,Hospital,Bicycle,16.28,65.1,0.0,Local
2024-01-03,Home,Pharmacy,Tram,17.39,52.2,1043.4,Local
2024-01-03,Pharmacy,Home,Bicycle,11.38,45.5,0.0,Local
2024-01-06,Home,Museum,Train,14.35,19.1,588.4,Local
2024-01-07,Home,Hospital,Train,13.74,18.3,563.3,Local
2024-01-07,Hospital,Home,Train,6.83,9.1,280.0,Local
2024-01-08,Home,University,Car,8.35,12.5,1603.2,Local
2024-01-09,Home,Part-time Work,Train,10.6,14.1,434.6,Local
2024-01-09,Part-time Work,University,Train,7.39,9.9,303.0,Local
2024-01-10,Home,Work,Bicycle,8.49,34.0,0.0,Local
2024-01-10,Work,Hospital,Tram,10.53,31.6,631.8,Local
2024-01-10,Hospital,Train Station,Car,4.81,7.2,923.5,Local
2024-01-11,Cricket Ground,Part-time Work,Walk,14.77,177.2,0.0,Local
2024-01-11,Home,Cricket Ground,Bus,13.73,33.0,1441.7,Local
2024-01-11,Part-time Work,Pharmacy,Bicycle,5.55,22.2,0.0,Local
2024-01-13,Home,Pharmacy,Train,5.11,6.8,209.5,Local
2024-01-14,Train Station,Work,Tram,9.65,29.0,579.0,Local
2024-01-14,Home,Train Station,Walk,8.74,104.9,0.0,Local
2024-01-15,Home,Shopping Centre,Tram,12.38,37.1,742.8,Local
2024-01-15,Shopping Centre,Home,Car,19.32,29.0,3709.4,Local
2024-01-16,Home,Hospital,Bus,8.75,21.0,918.8,Local
2024-01-16,Hospital,University,Walk,14.63,175.6,0.0,Local
2024-01-17,Home,University,Bicycle,18.95,75.8,0.0,Local
2024-01-17,University,Train Station,Bus,18.91,45.4,1985.5,Local
2024-01-18,Home,Work,Tram,12.09,36.3,725.4,Local
2024-01-18,Work,Part-time Work,Tram,9.47,28.4,568.2,Local
2024-01-19,University,Cricket Ground,Car,15.18,22.8,2914.6,Local
2024-01-19,Home,University,Train,9.9,13.2,405.9,Local
2024-01-20,Home,Shopping Centre,Car,14.91,22.4,2862.7,Local
2024-01-21,Home,Pharmacy,Car,6.33,9.5,1215.4,Local
2024-01-21,Pharmacy,University,Tram,19.49,58.5,1169.4,Local
2024-01-21,University,Train Station,Walk,15.28,183.4,0.0,Local
2024-01-22,Home,Museum,Walk,15.93,191.2,0.0,Local
2024-01-22,Museum,University,Tram,9.16,27.5,549.6,Local
2024-01-22,University,Hospital,Bicycle,18.2,72.8,0.0,Local
2024-01-24,Home,Work,Bus,18.32,44.0,1923.6,Local
2024-01-24,Home,Pharmacy,Bicycle,12.47,49.9,0.0,Local
2024-01-24,Pharmacy,Home,Train,6.04,8.1,247.6,Local
2024-01-25,Home,Train Station,Walk,9.17,110.0,0.0,Local
2024-01-25,Train Station,Home,Walk,11.77,141.2,0.0,Local
2024-01-26,Home,Pharmacy,Car,5.05,7.6,969.6,Local
2024-01-26,Pharmacy,Hospital,Walk,1.62,19.4,0.0,Local
2024-01-26,Hospital,Part-time Work,Car,10.66,16.0,2046.7,Local
2024-01-27,Home,Cricket Ground,Train,6.8,9.1,278.8,Local
2024-01-28,Home,Pharmacy,Car,10.62,15.9,2039.0,Local
2024-01-28,Pharmacy,Cricket Ground,Walk,2.01,24.1,0.0,Local
2024-01-28,Cricket Ground,Part-time Work,Car,12.12,18.2,2327.0,Local
2024-01-29,Home,Shopping Centre,Bicycle,19.7,78.8,0.0,Local
2024-01-29,Shopping Centre,Pharmacy,Tram,0.94,2.8,56.4,Local
2024-01-29,Pharmacy,Museum,Bicycle,4.88,19.5,0.0,Local
2024-01-30,Pharmacy,University,Car,16.97,25.5,3258.2,Local
2024-01-30,Home,Pharmacy,Bus,6.15,14.8,645.8,Local
2024-01-31,Pharmacy,Hospital,Car,7.17,10.8,1376.6,Local
2024-01-31,Home,Shopping Centre,Walk,8.4,100.8,0.0,Local
2024-01-31,Shopping Centre,Pharmacy,Walk,7.85,94.2,0.0,Local
2024-02-01,Home,Museum,Train,8.68,11.6,355.9,Local
2024-02-01,Museum,Train Station,Car,4.03,6.0,773.8,Local
2024-02-02,Home,University,Train,18.5,24.7,758.5,Local
2024-02-04,Home,University,Tram,8.42,25.3,505.2,Local
2024-02-06,Home,Shopping Centre,Bicycle,8.01,32.0,0.0,Local
2024-02-06,Shopping Centre,Part-time Work,Bicycle,12.46,49.8,0.0,Local
2024-02-06,Part-time Work,Home,Tram,16.99,51.0,1019.4,Local
2024-02-07,Home,Hospital,Tram,15.56,46.7,933.6,Local
2024-02-08,Home,Part-time Work,Train,19.18,25.6,786.4,Local
2024-02-08,Part-time Work,Train Station,Train,6.73,9.0,275.9,Local
2024-02-09,Home,Work,Walk,16.46,197.5,0.0,Local
2024-02-09,Work,Train Station,Bus,8.01,19.2,841.0,Local
2024-02-09,Train Station,Shopping Centre,Train,3.02,4.0,123.8,Local
2024-02-10,Home,Pharmacy,Tram,6.37,19.1,382.2,Local
2024-02-11,University,Hospital,Car,14.61,21.9,2805.1,Local
2024-02-11,Home,University,Tram,11.93,35.8,715.8,Local
2024-02-12,Home,Cricket Ground,Bicycle,13.26,53.0,0.0,Local
2024-02-12,Cricket Ground,Pharmacy,Walk,5.21,62.5,0.0,Local
2024-02-13,Home,Train Station,Bicycle,12.95,51.8,0.0,Local
2024-02-13,Train Station,Pharmacy,Train,2.85,3.8,116.9,Local
2024-02-13,Pharmacy,University,Train,16.74,22.3,686.3,Local
2024-02-14,Home,Pharmacy,Train,18.8,25.1,770.8,Local
2024-02-15,Home,Shopping Centre,Bus,6.31,15.1,662.5,Local
2024-02-15,Shopping Centre,Home,Bus,14.21,34.1,1492.1,Local
2024-02-15,Home,Museum,Train,5.97,8.0,244.8,Local
2024-02-16,Home,Train Station,Tram,14.56,43.7,873.6,Local
2024-02-17,Home,Work,Tram,16.7,50.1,1002.0,Local
2024-02-17,Work,Home,Train,5.36,7.1,219.8,Local
2024-02-17,Home,Part-time Work,Bicycle,10.39,41.6,0.0,Local
2024-02-18,Home,Cricket Ground,Walk,19.93,239.2,0.0,Local
2024-02-18,Cricket Ground,Part-time Work,Walk,15.41,184.9,0.0,Local
2024-02-19,Home,University,Bus,8.34,20.0,875.7,Local
2024-02-19,University,Hospital,Tram,10.49,31.5,629.4,Local
2024-02-20,Cricket Ground,Work,Car,11.62,17.4,2231.0,Local
2024-02-20,Home,Cricket Ground,Bicycle,17.07,68.3,0.0,Local
2024-02-21,Home,Cricket Ground,Tram,6.84,20.5,410.4,Local
2024-02-22,Home,Shopping Centre,Car,10.5,15.8,2016.0,Local
2024-02-22,Shopping Centre,Train Station,Train,3.65,4.9,149.7,Local
2024-02-24,Home,Cricket Ground,Walk,15.08,181.0,0.0,Local
2024-02-24,Cricket Ground,University,Walk,13.72,164.6,0.0,Local
2024-02-25,Train Station,Home,Walk,7.18,86.2,0.0,Local
2024-02-25,Home,University,Bus,6.3,15.1,661.5,Local
2024-02-25,Home,Train Station,Bus,6.85,16.4,719.2,Local
2024-02-26,Home,University,Train,12.68,16.9,519.9,Local
2024-02-27,Home,Hospital,Walk,8.15,97.8,0.0,Local
2024-02-27,Hospital,University,Walk,5.08,61.0,0.0,Local
2024-02-27,University,Shopping Centre,Walk,8.83,106.0,0.0,Local
2024-02-28,Home,Museum,Car,16.25,24.4,3120.0,Local
2024-02-29,Train Station,Hospital,Walk,6.01,72.1,0.0,Local
2024-02-29,Home,Train Station,Bicycle,11.18,44.7,0.0,Local
2024-02-29,Hospital,Part-time Work,Bicycle,18.0,72.0,0.0,Local
2024-03-02,Cricket Ground,Home,Bicycle,13.78,55.1,0.0,Local
2024-03-02,Home,Cricket Ground,Bus,6.19,14.9,650.0,Local
2024-03-03,Home,University,Train,14.79,19.7,606.4,Local
2024-03-03,University,Hospital,Tram,16.14,48.4,968.4,Local
2024-03-04,Home,Shopping Centre,Car,16.3,24.5,3129.6,Local
2024-03-04,Shopping Centre,Train Station,Bicycle,3.92,15.7,0.0,Local
2024-03-05,Home,University,Train,9.3,12.4,381.3,Local
2024-03-05,University,Part-time Work,Bus,7.2,17.3,756.0,Local
2024-03-06,Home,Work,Car,18.06,27.1,3467.5,Local
2024-03-07,Part-time Work,Home,Tram,9.36,28.1,561.6,Local
2024-03-07,Home,Part-time Work,Tram,7.64,22.9,458.4,Local
2024-03-08,Home,Hospital,Car,17.5,26.2,3360.0,Local
2024-03-08,Hospital,Part-time Work,Train,5.4,7.2,221.4,Local
2024-03-08,Part-time Work,Home,Bus,19.75,47.4,2073.8,Local
2024-03-09,Home,Train Station,Walk,16.83,202.0,0.0,Local
2024-03-11,Home,University,Train,12.22,16.3,501.0,Local
2024-03-12,Work,Hospital,Tram,18.43,55.3,1105.8,Local
2024-03-12,Hospital,Shopping Centre,Bus,6.31,15.1,662.5,Local
2024-03-12,Home,Work,Car,7.29,10.9,1399.7,Local
2024-03-13,Museum,Part-time Work,Walk,19.17,230.0,0.0,Local
2024-03-13,Home,Shopping Centre,Bicycle,8.23,32.9,0.0,Local
2024-03-13,Shopping Centre,Museum,Train,2.54,3.4,104.1,Local
2024-03-14,Home,Cricket Ground,Walk,9.89,118.7,0.0,Local
2024-03-14,Cricket Ground,Work,Bus,14.39,34.5,1511.0,Local
2024-03-15,Home,Part-time Work,Bicycle,19.28,77.1,0.0,Local
2024-03-16,Home,Train Station,Tram,7.04,21.1,422.4,Local
2024-03-17,Home,Museum,Car,16.68,25.0,3202.6,Local
2024-03-17,Museum,University,Train,14.77,19.7,605.6,Local
2024-03-18,Home,University,Bus,13.15,31.6,1380.8,Local
2024-03-18,University,Home,Tram,7.7,23.1,462.0,Local
2024-03-19,Home,Cricket Ground,Car,13.29,19.9,2551.7,Local
2024-03-20,Home,University,Walk,13.45,161.4,0.0,Local
2024-03-20,University,Home,Bus,5.79,13.9,608.0,Local
2024-03-22,Home,Hospital,Bus,7.07,17.0,742.4,Local
2024-03-22,Hospital,Home,Walk,18.37,220.4,0.0,Local
2024-03-23,Pharmacy,Home,Tram,16.19,48.6,971.4,Local
2024-03-23,Home,Museum,Car,6.31,9.5,1211.5,Local
2024-03-23,Museum,Pharmacy,Train,4.26,5.7,174.7,Local
2024-03-24,Home,Shopping Centre,Train,17.51,23.3,717.9,Local
2024-03-25,Home,Train Station,Train,15.56,20.7,638.0,Local
2024-03-25,Train Station,University,Bus,17.81,42.7,1870.0,Local
2024-03-26,Home,Pharmacy,Bus,15.43,37.0,1620.1,Local
2024-03-26,Pharmacy,Home,Car,16.0,24.0,3072.0,Local
2024-03-27,Home,Hospital,Bicycle,7.22,28.9,0.0,Local
2024-03-28,Home,Cricket Ground,Train,13.38,17.8,548.6,Local
2024-03-28,Cricket Ground,Part-time Work,Train,18.11,24.1,742.5,Local
2024-03-28,Part-time Work,Hospital,Tram,17.88,53.6,1072.8,Local
2024-03-29,Home,University,Bicycle,6.38,25.5,0.0,Local
2024-03-29,University,Cricket Ground,Bus,7.69,18.5,807.5,Local
2024-03-30,Home,Cricket Ground,Walk,7.56,90.7,0.0,Local
2024-03-30,Cricket Ground,Train Station,Bicycle,5.8,23.2,0.0,Local
2024-03-31,Shopping Centre,Museum,Tram,1.23,3.7,73.8,Local
2024-03-31,Home,Shopping Centre,Train,6.99,9.3,286.6,Local
2024-04-01,Home,Work,Tram,13.14,39.4,788.4,Local
2024-04-02,Home,Museum,Walk,16.16,193.9,0.0,Local
2024-04-02,Museum,Pharmacy,Car,1.1,1.7,211.2,Local
2024-04-03,Home,University,Bicycle,13.0,52.0,0.0,Local
2024-04-04,Home,Hospital,Train,17.08,22.8,700.3,Local
2024-04-05,Home,Part-time Work,Tram,6.2,18.6,372.0,Local
2024-04-05,Part-time Work,Shopping Centre,Walk,17.06,204.7,0.0,Local
2024-04-06,Home,Part-time Work,Bicycle,19.6,78.4,0.0,Local
2024-04-06,Part-time Work,Train Station,Bus,11.96,28.7,1255.8,Local
2024-04-06,Train Station,Cricket Ground,Tram,6.33,19.0,379.8,Local
2024-04-07,Home,Hospital,Bus,10.55,25.3,1107.8,Local
2024-04-07,Hospital,Home,Car,8.82,13.2,1693.4,Local
2024-04-08,Home,Pharmacy,Walk,17.47,209.6,0.0,Local
2024-04-09,Home,University,Bicycle,18.97,75.9,0.0,Local
2024-04-10,Home,Shopping Centre,Walk,12.86,154.3,0.0,Local
2024-04-10,Shopping Centre,Hospital,Walk,3.09,37.1,0.0,Local
2024-04-11,Home,Work,Tram,12.11,36.3,726.6,Local
2024-04-11,Work,Hospital,Walk,13.64,163.7,0.0,Local
2024-04-12,Home,Hospital,Car,10.93,16.4,2098.6,Local
2024-04-13,Hospital,University,Bus,12.14,29.1,1274.7,Local
2024-04-13,University,Hospital,Walk,12.17,146.0,0.0,Local
2024-04-13,Home,University,Bicycle,6.11,24.4,0.0,Local
2024-04-15,Home,Museum,Walk,8.45,101.4,0.0,Local
2024-04-15,Museum,Pharmacy,Train,7.55,10.1,309.6,Local
2024-04-16,Home,Cricket Ground,Tram,8.18,24.5,490.8,Local
2024-04-17,Home,Part-time Work,Train,8.24,11.0,337.8,Local
2024-04-18,Home,Shopping Centre,Tram,16.22,48.7,973.2,Local
2024-04-18,Shopping Centre,Work,Bicycle,15.6,62.4,0.0,Local
2024-04-20,Part-time Work,Pharmacy,Train,5.65,7.5,231.7,Local
2024-04-20,Home,Part-time Work,Train,18.16,24.2,744.6,Local
2024-04-21,Home,Pharmacy,Walk,14.89,178.7,0.0,Local
2024-04-21,Pharmacy,University,Bicycle,11.67,46.7,0.0,Local
2024-04-21,University,Train Station,Car,14.56,21.8,2795.5,Local
2024-04-22,Home,Shopping Centre,Walk,15.34,184.1,0.0,Local
2024-04-22,Shopping Centre,Train Station,Walk,1.92,23.0,0.0,Local
2024-04-24,Train Station,Pharmacy,Walk,5.03,60.4,0.0,Local
2024-04-24,Home,Train Station,Train,16.15,21.5,662.1,Local
2024-04-24,Pharmacy,Part-time Work,Train,11.03,14.7,452.2,Local
2024-04-26,Shopping Centre,University,Bus,16.54,39.7,1736.7,Local
2024-04-26,Home,Shopping Centre,Car,7.16,10.7,1374.7,Local
2024-04-27,Home,University,Walk,15.02,180.2,0.0,Local
2024-04-28,Home,Train Station,Bus,11.02,26.4,1157.1,Local
2024-04-29,Home,Part-time Work,Walk,5.86,70.3,0.0,Local
2024-04-29,Part-time Work,Museum,Tram,11.82,35.5,709.2,Local
2024-04-30,Home,Train Station,Train,15.3,20.4,627.3,Local
2024-04-30,Train Station,Home,Train,13.18,17.6,540.4,Local
2024-05-02,Home,Part-time Work,Train,5.6,7.5,229.6,Local
2024-05-03,Work,University,Tram,15.5,46.5,930.0,Local
2024-05-03,Home,Work,Walk,16.95,203.4,0.0,Local
2024-05-04,Home,Shopping Centre,Walk,16.31,195.7,0.0,Local
2024-05-04,Shopping Centre,Museum,Car,2.73,4.1,524.2,Local
2024-05-05,Home,Train Station,Car,7.78,11.7,1493.8,Local
2024-05-07,Home,Cricket Ground,Bicycle,10.82,43.3,0.0,Local
2024-05-08,Home,University,Tram,6.41,19.2,384.6,Local
2024-05-08,University,Train Station,Bus,13.82,33.2,1451.1,Local
2024-05-08,Train Station,Work,Bicycle,9.85,39.4,0.0,Local
2024-05-09,Cricket Ground,Hospital,Bus,4.8,11.5,504.0,Local
2024-05-09,Train Station,Cricket Ground,Walk,4.39,52.7,0.0,Local
2024-05-09,Home,Train Station,Bicycle,15.73,62.9,0.0,Local
2024-05-10,Home,Shopping Centre,Walk,15.73,188.8,0.0,Local
2024-05-11,Home,Pharmacy,Car,14.5,21.8,2784.0,Local
2024-05-11,Pharmacy,Train Station,Walk,4.47,53.6,0.0,Local
2024-05-12,Home,University,Bus,15.53,37.3,1630.6,Local
2024-05-12,University,Part-time Work,Walk,5.0,60.0,0.0,Local
2024-05-13,Home,Train Station,Tram,15.74,47.2,944.4,Local
2024-05-14,Home,Museum,Bicycle,5.65,22.6,0.0,Local
2024-05-14,Museum,Home,Bicycle,6.13,24.5,0.0,Local
2024-05-14,Home,Train Station,Train,18.7,24.9,766.7,Local
2024-05-15,Home,Museum,Car,18.48,27.7,3548.2,Local
2024-05-16,Museum,Train Station,Train,6.34,8.5,259.9,Local
2024-05-16,Home,University,Car,12.98,19.5,2492.2,Local
2024-05-16,University,Museum,Train,10.87,14.5,445.7,Local
2024-05-17,Home,Pharmacy,Train,6.41,8.5,262.8,Local
2024-05-19,Pharmacy,University,Walk,5.02,60.2,0.0,Local
2024-05-19,Home,Pharmacy,Train,5.15,6.9,211.2,Local
2024-05-20,Train Station,University,Tram,14.23,42.7,853.8,Local
2024-05-20,Home,Train Station,Tram,13.89,41.7,833.4,Local
2024-05-21,Home,Part-time Work,Tram,19.46,58.4,1167.6,Local
2024-05-21,Part-time Work,Home,Train,14.31,19.1,586.7,Local
2024-05-22,Home,Pharmacy,Train,12.94,17.3,530.5,Local
2024-05-22,Pharmacy,Hospital,Walk,5.68,68.2,0.0,Local
2024-05-22,Hospital,Museum,Tram,3.13,9.4,187.8,Local
2024-05-23,Home,Shopping Centre,Bicycle,12.7,50.8,0.0,Local
2024-05-24,Home,Shopping Centre,Train,15.78,21.0,647.0,Local
2024-05-25,Hospital,Pharmacy,Train,5.49,7.3,225.1,Local
2024-05-25,Work,Hospital,Walk,6.35,76.2,0.0,Local
2024-05-25,Home,Work,Walk,6.14,73.7,0.0,Local
2024-05-26,Home,Museum,Bus,16.7,40.1,1753.5,Local
2024-05-26,Museum,University,Bicycle,12.89,51.6,0.0,Local
2024-05-26,University,Work,Tram,12.47,37.4,748.2,Local
2024-05-27,Home,Shopping Centre,Car,6.12,9.2,1175.0,Local
2024-05-28,Home,University,Walk,7.8,93.6,0.0,Local
2024-05-28,University,Work,Bicycle,16.4,65.6,0.0,Local
2024-05-28,Work,Cricket Ground,Bus,13.53,32.5,1420.6,Local
2024-05-29,Home,Pharmacy,Walk,10.22,122.6,0.0,Local
2024-05-30,Home,University,Train,11.07,14.8,453.9,Local
2024-05-31,Home,Part-time Work,Bus,8.38,20.1,879.9,Local
2024-06-01,Home,Part-time Work,Train,19.21,25.6,787.6,Local
2024-06-01,Part-time Work,Pharmacy,Bus,18.36,44.1,1927.8,Local
2024-06-02,Home,Museum,Car,9.15,13.7,1756.8,Local
2024-06-02,Museum,Pharmacy,Car,0.98,1.5,188.2,Local
2024-06-03,Home,Hospital,Tram,14.42,43.3,865.2,Local
2024-06-03,Hospital,Work,Bus,15.81,37.9,1660.0,Local
2024-06-04,Museum,Cricket Ground,Train,6.49,8.7,266.1,Local
2024-06-04,Home,Shopping Centre,Car,19.7,29.6,3782.4,Local
2024-06-04,Shopping Centre,Museum,Tram,4.28,12.8,256.8,Local
2024-06-05,Home,University,Walk,8.45,101.4,0.0,Local
2024-06-05,University,Part-time Work,Bicycle,8.8,35.2,0.0,Local
2024-06-06,Pharmacy,Part-time Work,Car,12.13,18.2,2329.0,Local
2024-06-06,Home,Shopping Centre,Train,9.92,13.2,406.7,Local
2024-06-06,Shopping Centre,Pharmacy,Walk,6.28,75.4,0.0,Local
2024-06-07,Home,Train Station,Train,13.79,18.4,565.4,Local
2024-06-08,Home,Hospital,Walk,8.81,105.7,0.0,Local
2024-06-09,Home,Part-time Work,Bicycle,17.04,68.2,0.0,Local
2024-06-10,Home,Hospital,Walk,19.5,234.0,0.0,Local
2024-06-12,Home,Cricket Ground,Bicycle,16.74,67.0,0.0,Local
2024-06-12,Cricket Ground,University,Tram,11.96,35.9,717.6,Local
2024-06-13,Home,Pharmacy,Bicycle,19.95,79.8,0.0,Local
2024-06-13,Pharmacy,Shopping Centre,Tram,6.47,19.4,388.2,Local
2024-06-14,Home,Cricket Ground,Walk,13.77,165.2,0.0,Local
2024-06-14,Cricket Ground,Pharmacy,Tram,3.53,10.6,211.8,Local
2024-06-15,Home,Shopping Centre,Walk,16.72,200.6,0.0,Local
2024-06-16,Home,Work,Bicycle,17.92,71.7,0.0,Local
2024-06-17,Home,Museum,Tram,6.32,19.0,379.2,Local
2024-06-17,Museum,Hospital,Bus,3.73,9.0,391.6,Local
2024-06-18,Home,University,Bus,19.76,47.4,2074.8,Local
2024-06-18,University,Train Station,Car,9.11,13.7,1749.1,Local
2024-06-19,Home,Cricket Ground,Tram,18.88,56.6,1132.8,Local
2024-06-19,Cricket Ground,Train Station,Bus,4.61,11.1,484.1,Local
2024-06-20,University,Part-time Work,Car,13.95,20.9,2678.4,Local
2024-06-20,Museum,University,Train,11.86,15.8,486.3,Local
2024-06-20,Home,Museum,Bicycle,19.9,79.6,0.0,Local
2024-06-21,Home,Work,Car,13.31,20.0,2555.5,Local
2024-06-21,Work,Part-time Work,Bus,13.4,32.2,1407.0,Local
2024-06-21,Part-time Work,Museum,Train,19.63,26.2,804.8,Local
2024-06-22,Home,University,Bus,6.23,15.0,654.2,Local
2024-06-23,Home,University,Car,9.35,14.0,1795.2,Local
2024-06-23,University,Train Station,Train,6.04,8.1,247.6,Local
2024-06-24,Train Station,Home,Tram,12.03,36.1,721.8,Local
2024-06-24,Home,Train Station,Train,11.81,15.7,484.2,Local
2024-06-25,Home,Shopping Centre,Bus,13.76,33.0,1444.8,Local
2024-06-25,Shopping Centre,University,Walk,5.43,65.2,0.0,Local
2024-06-25,University,Home,Bicycle,18.27,73.1,0.0,Local
2024-06-26,Home,Museum,Train,18.88,25.2,774.1,Local
2024-06-26,Museum,Shopping Centre,Walk,4.7,56.4,0.0,Local
2024-06-27,Home,Shopping Centre,Bicycle,19.16,76.6,0.0,Local
2024-06-28,Home,University,Car,17.41,26.1,3342.7,Local
2024-06-28,University,Museum,Bus,17.05,40.9,1790.2,Local
2024-06-29,Home,Train Station,Tram,18.89,56.7,1133.4,Local
2024-06-30,Home,Cricket Ground,Tram,13.14,39.4,788.4,Local
