Date,From,To,Mode,Distance_km,Duration_min,CO2_emission_g,Trip_Type
2001-08-28,Home,Hospital,Car,16.63,24.9,3193.0,Local
2001-08-28,Hospital,Grandparents' House,Car,0.58,0.9,111.4,Local
2001-08-31,Home,Park,Car,14.95,22.4,2870.4,Local
2001-09-07,Home,Park,Walk,17.76,213.1,0.0,Local
2001-09-12,Home,Shopping Centre,Car,5.34,8.0,1025.3,Local
2001-09-13,Home,Cinema,Car,7.49,11.2,1438.1,Local
2001-09-13,Cinema,Grandparents' House,Car,5.67,8.5,1088.6,Local
2001-09-16,Home,Grandparents' House,Car,15.63,23.4,3001.0,Local
2001-09-18,Home,Cinema,Car,18.46,27.7,3544.3,Local
2001-09-20,Home,Shopping Centre,Car,19.28,28.9,3701.8,Local
2001-09-20,Shopping Centre,Park,Car,0.5,0.8,96.0,Local
2001-09-24,Home,Shopping Centre,Car,7.3,10.9,1401.6,Local
2001-09-28,Home,Cinema,Bus,10.79,25.9,1132.9,Local
2001-09-28,Cinema,Home,Bus,16.2,38.9,1701.0,Local
2001-10-03,Home,Hospital,Car,10.95,16.4,2102.4,Local
2001-10-03,Hospital,Home,Bus,14.01,33.6,1471.0,Local
2001-10-04,Grandparents' House,Home,Car,13.46,20.2,2584.3,Local
2001-10-04,Home,Grandparents' House,Bus,9.67,23.2,1015.4,Local
2001-10-05,Home,Park,Bus,14.62,35.1,1535.1,Local
2001-10-06,Home,Cinema,Bus,12.18,29.2,1278.9,Local
2001-10-06,Cinema,Home,Car,18.95,28.4,3638.4,Local
2001-10-07,Home,Grandparents' House,Car,13.58,20.4,2607.4,Local
2001-10-10,Home,Park,Car,6.17,9.3,1184.6,Local
2001-10-10,Park,Hospital,Car,1.18,1.8,226.6,Local
2001-10-16,Home,Grandparents' House,Car,12.73,19.1,2444.2,Local
2001-10-20,Park,Hospital,Bus,7.84,18.8,823.2,Local
2001-10-20,Home,Park,Car,17.85,26.8,3427.2,Local
2001-10-25,Home,Grandparents' House,Car,9.4,14.1,1804.8,Local
2001-10-27,Home,Hospital,Car,16.03,24.0,3077.8,Local
2001-10-27,Hospital,Grandparents' House,Car,2.54,3.8,487.7,Local
2001-10-29,Home,Shopping Centre,Walk,12.57,150.8,0.0,Local
2001-11-01,Home,Grandparents' House,Car,12.61,18.9,2421.1,Local
2001-11-03,Home,Park,Car,19.56,29.3,3755.5,Local
2001-11-04,Home,Shopping Centre,Bus,5.08,12.2,533.4,Local
2001-11-05,Home,Park,Car,8.52,12.8,1635.8,Local
2001-11-07,Hospital,Park,Car,6.37,9.6,1223.0,Local
2001-11-07,Home,Hospital,Bus,12.95,31.1,1359.8,Local
2001-11-09,Home,Hospital,Walk,15.88,190.6,0.0,Local
2001-11-10,Home,Cinema,Walk,17.88,214.6,0.0,Local
2001-11-16,Home,Shopping Centre,Car,5.66,8.5,1086.7,Local
2001-11-18,Home,Shopping Centre,Car,9.68,14.5,1858.6,Local
2001-11-20,Home,Park,Bus,12.27,29.4,1288.3,Local
2001-11-20,Park,Grandparents' House,Bus,2.0,4.8,210.0,Local
2001-11-26,Home,Shopping Centre,Car,12.94,19.4,2484.5,Local
2001-11-29,Home,Hospital,Car,6.35,9.5,1219.2,Local
2001-12-02,Home,Grandparents' House,Car,12.66,19.0,2430.7,Local
2001-12-02,Grandparents' House,Shopping Centre,Car,2.24,3.4,430.1,Local
2001-12-06,Home,Cinema,Bus,5.97,14.3,626.9,Local
2001-12-07,Home,Hospital,Car,16.93,25.4,3250.6,Local
2001-12-09,Home,Grandparents' House,Car,9.65,14.5,1852.8,Local
2001-12-09,Grandparents' House,Park,Bus,4.87,11.7,511.4,Local
2001-12-11,Home,Cinema,Car,19.35,29.0,3715.2,Local
2001-12-13,Home,Park,Bus,13.84,33.2,1453.2,Local
2001-12-14,Home,Hospital,Bus,9.45,22.7,992.2,Local
2001-12-15,Home,Hospital,Car,5.34,8.0,1025.3,Local
2001-12-16,Home,Cinema,Car,7.52,11.3,1443.8,Local
2001-12-17,Home,Grandparents' House,Walk,14.19,170.3,0.0,Local
2001-12-20,Home,Cinema,Walk,18.82,225.8,0.0,Local
2001-12-22,Home,Hospital,Walk,19.41,232.9,0.0,Local
2001-12-24,Home,Hospital,Bus,11.8,28.3,1239.0,Local
2001-12-24,Hospital,Grandparents' House,Bus,3.89,9.3,408.4,Local
2001-12-25,Home,Park,Car,17.57,26.4,3373.4,Local
2001-12-27,Home,Grandparents' House,Car,5.79,8.7,1111.7,Local
2001-12-28,Home,Grandparents' House,Bus,9.89,23.7,1038.5,Local
2001-12-28,Grandparents' House,Cinema,Car,1.44,2.2,276.5,Local
2001-12-30,Home,Hospital,Car,7.17,10.8,1376.6,Local
2001-12-31,Home,Shopping Centre,Car,15.91,23.9,3054.7,Local
2002-01-01,Home,Shopping Centre,Car,10.35,15.5,1987.2,Local
2002-01-05,Home,Park,Car,10.29,15.4,1975.7,Local
2002-01-08,Home,Hospital,Car,14.85,22.3,2851.2,Local
2002-01-09,Home,Shopping Centre,Car,13.68,20.5,2626.6,Local
2002-01-10,Home,Park,Car,15.7,23.5,3014.4,Local
2002-01-13,Home,Grandparents' House,Car,5.15,7.7,988.8,Local
2002-01-13,Grandparents' House,Hospital,Car,0.94,1.4,180.5,Local
2002-01-14,Home,Cinema,Walk,12.37,148.4,0.0,Local
2002-01-15,Home,Hospital,Walk,19.66,235.9,0.0,Local
2002-01-16,Home,Cinema,Car,19.78,29.7,3797.8,Local
2002-01-16,Cinema,Hospital,Car,2.44,3.7,468.5,Local
2002-01-17,Home,Park,Walk,11.53,138.4,0.0,Local
2002-01-22,Home,Grandparents' House,Walk,17.64,211.7,0.0,Local
2002-01-23,Home,Park,Car,5.83,8.7,1119.4,Local
2002-01-23,Park,Grandparents' House,Car,0.98,1.5,188.2,Local
2002-01-24,Home,Cinema,Bus,11.21,26.9,1177.1,Local
2002-01-25,Home,Park,Bus,9.26,22.2,972.3,Local
2002-01-26,Home,Hospital,Walk,9.73,116.8,0.0,Local
2002-01-26,Hospital,Park,Bus,7.19,17.3,755.0,Local
2002-01-27,Home,Grandparents' House,Bus,19.74,47.4,2072.7,Local
2002-01-28,Home,Grandparents' House,Car,16.02,24.0,3075.8,Local
2002-01-29,Home,Shopping Centre,Car,17.88,26.8,3433.0,Local
2002-01-30,Home,Cinema,Car,18.57,27.9,3565.4,Local
2002-02-02,Home,Grandparents' House,Car,18.83,28.2,3615.4,Local
2002-02-05,Home,Grandparents' House,Car,15.04,22.6,2887.7,Local
2002-02-10,Home,Cinema,Car,13.27,19.9,2547.8,Local
2002-02-13,Home,Shopping Centre,Walk,14.24,170.9,0.0,Local
2002-02-13,Shopping Centre,Grandparents' House,Bus,1.09,2.6,114.5,Local
2002-02-18,Home,Shopping Centre,Car,12.66,19.0,2430.7,Local
2002-02-19,Home,Cinema,Walk,11.17,134.0,0.0,Local
2002-02-22,Home,Shopping Centre,Walk,8.1,97.2,0.0,Local
2002-03-02,Home,Grandparents' House,Car,7.34,11.0,1409.3,Local
2002-03-03,Home,Cinema,Car,13.45,20.2,2582.4,Local
2002-03-04,Home,Cinema,Car,12.33,18.5,2367.4,Local
2002-03-07,Home,Grandparents' House,Bus,15.75,37.8,1653.8,Local
2002-03-10,Home,Cinema,Car,18.76,28.1,3601.9,Local
2002-03-13,Home,Cinema,Car,10.81,16.2,2075.5,Local
2002-03-18,Home,Park,Bus,12.89,30.9,1353.5,Local
2002-03-18,Park,Grandparents' House,Car,2.79,4.2,535.7,Local
2002-03-19,Park,Home,Car,10.14,15.2,1946.9,Local
2002-03-19,Home,Park,Car,7.57,11.4,1453.4,Local
2002-03-20,Home,Park,Walk,9.88,118.6,0.0,Local
2002-03-21,Home,Cinema,Car,18.94,28.4,3636.5,Local
2002-03-21,Cinema,Grandparents' House,Car,2.12,3.2,407.0,Local
2002-03-24,Home,Grandparents' House,Car,8.3,12.5,1593.6,Local
2002-03-29,Home,Grandparents' House,Bus,19.61,47.1,2059.0,Local
2002-04-03,Home,Shopping Centre,Car,15.57,23.4,2989.4,Local
2002-04-03,Shopping Centre,Cinema,Car,2.52,3.8,483.8,Local
2002-04-06,Home,Cinema,Car,8.66,13.0,1662.7,Local
2002-04-09,Home,Shopping Centre,Car,7.82,11.7,1501.4,Local
2002-04-09,Shopping Centre,Cinema,Car,2.08,3.1,399.4,Local
2002-04-12,Home,Shopping Centre,Car,14.27,21.4,2739.8,Local
2002-04-13,Home,Grandparents' House,Car,16.12,24.2,3095.0,Local
2002-04-18,Home,Park,Car,7.01,10.5,1345.9,Local
2002-04-24,Home,Hospital,Bus,16.46,39.5,1728.3,Local
2002-04-25,Home,Shopping Centre,Bus,9.4,22.6,987.0,Local
2002-04-28,Grandparents' House,Home,Car,13.9,20.9,2668.8,Local
2002-04-28,Home,Grandparents' House,Car,7.47,11.2,1434.2,Local
2002-04-30,Home,Cinema,Car,19.99,30.0,3838.1,Local
2002-04-30,Cinema,Shopping Centre,Walk,1.01,12.1,0.0,Local
2002-05-01,Home,Park,Walk,11.28,135.4,0.0,Local
2002-05-03,Home,Hospital,Car,17.22,25.8,3306.2,Local
2002-05-04,Home,Cinema,Car,18.09,27.1,3473.3,Local
2002-05-04,Cinema,Shopping Centre,Bus,4.96,11.9,520.8,Local
2002-05-08,Home,Hospital,Car,7.72,11.6,1482.2,Local
2002-05-09,Home,Grandparents' House,Car,19.94,29.9,3828.5,Local
2002-05-09,Grandparents' House,Shopping Centre,Car,4.86,7.3,933.1,Local
2002-05-11,Home,Grandparents' House,Bus,16.0,38.4,1680.0,Local
2002-05-12,Home,Park,Bus,11.15,26.8,1170.8,Local
2002-05-12,Park,Home,Car,10.69,16.0,2052.5,Local
2002-05-13,Home,Shopping Centre,Car,8.24,12.4,1582.1,Local
2002-05-14,Home,Cinema,Car,8.81,13.2,1691.5,Local
2002-05-16,Home,Shopping Centre,Bus,14.84,35.6,1558.2,Local
2002-05-18,Home,Park,Car,18.41,27.6,3534.7,Local
2002-05-19,Home,Cinema,Car,5.3,8.0,1017.6,Local
2002-05-26,Home,Grandparents' House,Car,18.95,28.4,3638.4,Local
2002-05-27,Home,Cinema,Car,11.47,17.2,2202.2,Local
2002-06-02,Home,Cinema,Car,17.89,26.8,3434.9,Local
2002-06-02,Cinema,Hospital,Car,1.66,2.5,318.7,Local
2002-06-07,Home,Grandparents' House,Car,7.26,10.9,1393.9,Local
2002-06-10,Home,Cinema,Car,5.37,8.1,1031.0,Local
2002-06-10,Cinema,Shopping Centre,Car,4.31,6.5,827.5,Local
2002-06-14,Home,Grandparents' House,Car,8.53,12.8,1637.8,Local
2002-06-15,Home,Shopping Centre,Bus,18.39,44.1,1931.0,Local
2002-06-16,Park,Grandparents' House,Car,7.5,11.2,1440.0,Local
2002-06-16,Home,Park,Car,8.55,12.8,1641.6,Local
2002-06-21,Home,Hospital,Car,5.93,8.9,1138.6,Local
2002-06-23,Home,Grandparents' House,Car,17.52,26.3,3363.8,Local
2002-06-24,Home,Cinema,Car,17.47,26.2,3354.2,Local
2002-06-26,Home,Grandparents' House,Car,6.11,9.2,1173.1,Local
2002-06-27,Home,Shopping Centre,Car,12.13,18.2,2329.0,Local
2002-06-28,Home,Cinema,Bus,9.8,23.5,1029.0,Local
2002-07-08,Home,Hospital,Car,11.13,16.7,2137.0,Local
2002-07-08,Hospital,Home,Car,17.78,26.7,3413.8,Local
2002-07-10,Home,Park,Car,9.73,14.6,1868.2,Local
2002-07-12,Home,Hospital,Bus,8.4,20.2,882.0,Local
2002-07-13,Home,Shopping Centre,Car,8.17,12.3,1568.6,Local
2002-07-14,Home,Cinema,Car,18.63,27.9,3577.0,Local
2002-07-21,Home,Park,Car,9.52,14.3,1827.8,Local
2002-07-22,Home,Park,Car,18.55,27.8,3561.6,Local
2002-07-25,Home,Shopping Centre,Car,11.95,17.9,2294.4,Local
2002-07-31,Home,Cinema,Car,18.52,27.8,3555.8,Local
2002-08-01,Home,Shopping Centre,Car,18.56,27.8,3563.5,Local
2002-08-03,Home,Cinema,Car,12.82,19.2,2461.4,Local
2002-08-05,Home,Shopping Centre,Bus,8.08,19.4,848.4,Local
2002-08-05,Shopping Centre,Grandparents' House,Car,2.76,4.1,529.9,Local
2002-08-07,Home,Cinema,Car,19.44,29.2,3732.5,Local
2002-08-08,Home,Park,Car,11.72,17.6,2250.2,Local
2002-08-09,Home,Shopping Centre,Walk,16.87,202.4,0.0,Local
2002-08-09,Shopping Centre,Grandparents' House,Car,6.31,9.5,1211.5,Local
2002-08-12,Home,Grandparents' House,Bus,19.5,46.8,2047.5,Local
2002-08-13,Park,Shopping Centre,Car,4.67,7.0,896.6,Local
2002-08-13,Home,Park,Car,15.47,23.2,2970.2,Local
2002-08-15,Home,Shopping Centre,Car,16.68,25.0,3202.6,Local
2002-08-16,Home,Hospital,Car,16.74,25.1,3214.1,Local
2002-08-19,Home,Cinema,Walk,5.85,70.2,0.0,Local
2002-08-19,Cinema,Grandparents' House,Car,2.26,3.4,433.9,Local
2002-08-24,Home,Park,Car,16.23,24.3,3116.2,Local
2002-08-25,Home,Grandparents' House,Car,8.47,12.7,1626.2,Local
2002-08-26,Home,Grandparents' House,Car,6.66,10.0,1278.7,Local
2002-08-27,Home,Grandparents' House,Car,16.16,24.2,3102.7,Local
2002-08-30,Home,Shopping Centre,Bus,19.6,47.0,2058.0,Local
2002-08-31,Home,Shopping Centre,Car,16.71,25.1,3208.3,Local
2002-09-01,Home,Park,Car,8.7,13.0,1670.4,Local
2002-09-03,Home,Cinema,Car,14.59,21.9,2801.3,Local
2002-09-05,Home,Hospital,Bus,12.8,30.7,1344.0,Local
2002-09-05,Hospital,Grandparents' House,Bus,1.02,2.4,107.1,Local
2002-09-11,Home,Hospital,Car,10.74,16.1,2062.1,Local
2002-09-12,Home,Shopping Centre,Car,19.72,29.6,3786.2,Local
2002-09-13,Home,Shopping Centre,Walk,9.03,108.4,0.0,Local
2002-09-14,Home,Hospital,Car,5.8,8.7,1113.6,Local
2002-09-15,Home,Park,Bus,10.69,25.7,1122.5,Local
2002-09-17,Home,Park,Car,18.36,27.5,3525.1,Local
2002-09-17,Park,Hospital,Walk,3.66,43.9,0.0,Local
2002-09-18,Home,Cinema,Car,16.96,25.4,3256.3,Local
2002-10-03,Home,Shopping Centre,Car,8.94,13.4,1716.5,Local
2002-10-04,Home,Grandparents' House,Bus,17.66,42.4,1854.3,Local
2002-10-05,Home,Park,Car,11.47,17.2,2202.2,Local
2002-10-07,Park,Hospital,Car,6.66,10.0,1278.7,Local
2002-10-07,Home,Park,Car,18.82,28.2,3613.4,Local
2002-10-08,Home,Hospital,Car,13.42,20.1,2576.6,Local
2002-10-08,Hospital,Shopping Centre,Walk,7.29,87.5,0.0,Local
2002-10-14,Home,Hospital,Car,14.12,21.2,2711.0,Local
2002-10-21,Home,Shopping Centre,Bus,8.51,20.4,893.5,Local
2002-10-21,Shopping Centre,Cinema,Car,4.76,7.1,913.9,Local
2002-10-22,Home,Hospital,Car,12.21,18.3,2344.3,Local
2002-10-22,Hospital,Park,Car,2.94,4.4,564.5,Local
2002-10-23,Grandparents' House,Hospital,Car,3.42,5.1,656.6,Local
2002-10-23,Home,Grandparents' House,Bus,7.21,17.3,757.0,Local
2002-10-26,Home,Shopping Centre,Car,5.33,8.0,1023.4,Local
2002-10-27,Home,Hospital,Car,15.99,24.0,3070.1,Local
2002-10-29,Home,Park,Car,10.68,16.0,2050.6,Local
2002-11-02,Home,Park,Car,14.92,22.4,2864.6,Local
2002-11-07,Home,Hospital,Car,5.01,7.5,961.9,Local
2002-11-08,Home,Park,Walk,5.41,64.9,0.0,Local
2002-11-09,Home,Park,Bus,5.42,13.0,569.1,Local
2002-11-10,Home,Park,Car,5.32,8.0,1021.4,Local
2002-11-12,Home,Hospital,Bus,19.6,47.0,2058.0,Local
2002-11-12,Hospital,Shopping Centre,Car,4.35,6.5,835.2,Local
2002-11-17,Home,Hospital,Car,12.8,19.2,2457.6,Local
2002-11-18,Home,Grandparents' House,Bus,17.79,42.7,1867.9,Local
2002-11-18,Grandparents' House,Cinema,Car,1.27,1.9,243.8,Local
2002-11-22,Home,Grandparents' House,Car,16.05,24.1,3081.6,Local
2002-11-25,Home,Cinema,Bus,19.16,46.0,2011.8,Local
2002-11-26,Home,Shopping Centre,Bus,17.77,42.6,1865.8,Local
2002-11-27,Home,Hospital,Bus,18.01,43.2,1891.1,Local
2002-11-29,Home,Park,Bus,10.82,26.0,1136.1,Local
2002-11-30,Home,Shopping Centre,Bus,10.92,26.2,1146.6,Local
2002-12-03,Home,Cinema,Car,5.85,8.8,1123.2,Local
2002-12-06,Home,Park,Car,15.48,23.2,2972.2,Local
2002-12-07,Home,Hospital,Car,8.82,13.2,1693.4,Local
2002-12-08,Home,Shopping Centre,Car,6.71,10.1,1288.3,Local
2002-12-09,Home,Cinema,Bus,10.01,24.0,1051.0,Local
2002-12-09,Cinema,Shopping Centre,Bus,4.11,9.9,431.6,Local
2002-12-10,Home,Shopping Centre,Car,14.97,22.5,2874.2,Local
2002-12-11,Home,Shopping Centre,Car,14.69,22.0,2820.5,Local
2002-12-12,Home,Shopping Centre,Car,8.91,13.4,1710.7,Local
2002-12-12,Shopping Centre,Cinema,Car,7.94,11.9,1524.5,Local
2002-12-15,Home,Grandparents' House,Bus,6.43,15.4,675.1,Local
2002-12-16,Home,Cinema,Car,5.0,7.5,960.0,Local
2002-12-16,Cinema,Hospital,Car,6.94,10.4,1332.5,Local
2002-12-18,Home,Cinema,Car,15.72,23.6,3018.2,Local
2002-12-18,Cinema,Grandparents' House,Car,7.38,11.1,1417.0,Local
2002-12-19,Home,Cinema,Car,10.53,15.8,2021.8,Local
2002-12-20,Park,Home,Bus,5.45,13.1,572.2,Local
2002-12-20,Home,Park,Walk,15.61,187.3,0.0,Local
2002-12-22,Home,Hospital,Bus,17.9,43.0,1879.5,Local
2002-12-24,Home,Shopping Centre,Car,13.93,20.9,2674.6,Local
2002-12-27,Home,Park,Bus,10.73,25.8,1126.7,Local
2002-12-27,Park,Cinema,Bus,6.15,14.8,645.8,Local
2002-12-28,Home,Shopping Centre,Car,19.23,28.8,3692.2,Local
2002-12-29,Home,Cinema,Car,8.88,13.3,1705.0,Local
2003-01-03,Home,Hospital,Car,17.77,26.7,3411.8,Local
2003-01-04,Home,Shopping Centre,Car,19.76,29.6,3793.9,Local
2003-01-06,Home,Park,Car,19.54,29.3,3751.7,Local
2003-01-06,Park,Shopping Centre,Car,7.29,10.9,1399.7,Local
2003-01-10,Home,Cinema,Car,14.42,21.6,2768.6,Local
2003-01-11,Home,Grandparents' House,Car,19.19,28.8,3684.5,Local
2003-01-11,Grandparents' House,Park,Car,7.08,10.6,1359.4,Local
2003-01-14,Home,Shopping Centre,Bus,14.0,33.6,1470.0,Local
2003-01-16,Home,Shopping Centre,Car,17.8,26.7,3417.6,Local
2003-01-16,Shopping Centre,Home,Car,6.8,10.2,1305.6,Local
2003-01-17,Home,Cinema,Bus,17.86,42.9,1875.3,Local
2003-01-20,Home,Hospital,Car,16.88,25.3,3241.0,Local
2003-01-21,Home,Hospital,Walk,10.22,122.6,0.0,Local
2003-01-22,Home,Park,Car,15.56,23.3,2987.5,Local
2003-01-23,Home,Cinema,Car,15.82,23.7,3037.4,Local
2003-01-23,Cinema,Shopping Centre,Car,0.98,1.5,188.2,Local
2003-01-24,Home,Hospital,Car,18.37,27.6,3527.0,Local
2003-01-29,Home,Hospital,Car,9.25,13.9,1776.0,Local
2003-02-01,Home,Park,Walk,10.86,130.3,0.0,Local
2003-02-03,Home,Cinema,Car,8.39,12.6,1610.9,Local
2003-02-06,Home,Hospital,Bus,6.26,15.0,657.3,Local
2003-02-07,Home,Park,Car,9.94,14.9,1908.5,Local
2003-02-07,Park,Home,Car,9.29,13.9,1783.7,Local
2003-02-08,Home,Grandparents' House,Car,17.26,25.9,3313.9,Local
2003-02-09,Home,Grandparents' House,Car,11.88,17.8,2281.0,Local
2003-02-12,Home,Cinema,Bus,16.64,39.9,1747.2,Local
2003-02-14,Home,Park,Walk,14.72,176.6,0.0,Local
2003-02-15,Home,Shopping Centre,Car,13.92,20.9,2672.6,Local
2003-02-18,Home,Shopping Centre,Car,11.85,17.8,2275.2,Local
2003-02-19,Home,Grandparents' House,Car,6.72,10.1,1290.2,Local
2003-02-20,Home,Hospital,Walk,16.05,192.6,0.0,Local
2003-03-01,Home,Grandparents' House,Car,13.66,20.5,2622.7,Local
2003-03-07,Home,Park,Car,12.64,19.0,2426.9,Local
2003-03-10,Home,Hospital,Walk,15.04,180.5,0.0,Local
2003-03-10,Hospital,Shopping Centre,Car,7.37,11.1,1415.0,Local
2003-03-11,Home,Hospital,Walk,12.16,145.9,0.0,Local
2003-03-14,Home,Grandparents' House,Car,10.57,15.9,2029.4,Local
2003-03-17,Hospital,Park,Car,7.25,10.9,1392.0,Local
2003-03-17,Home,Hospital,Car,10.59,15.9,2033.3,Local
2003-03-18,Home,Shopping Centre,Car,5.71,8.6,1096.3,Local
2003-03-20,Home,Hospital,Car,12.24,18.4,2350.1,Local
2003-03-20,Hospital,Grandparents' House,Car,0.51,0.8,97.9,Local
2003-03-21,Home,Hospital,Bus,17.86,42.9,1875.3,Local
2003-03-30,Home,Hospital,Bus,17.66,42.4,1854.3,Local
2003-04-02,Home,Park,Bus,12.65,30.4,1328.2,Local
2003-04-07,Home,Hospital,Car,9.15,13.7,1756.8,Local
2003-04-07,Hospital,Grandparents' House,Car,6.8,10.2,1305.6,Local
2003-04-09,Home,Park,Car,6.67,10.0,1280.6,Local
2003-04-10,Home,Hospital,Walk,14.15,169.8,0.0,Local
2003-04-12,Home,Shopping Centre,Car,8.81,13.2,1691.5,Local
2003-04-17,Melbourne,London,Flight,17000.0,1133.3,2250000.0,International-Out
2003-04-19,Home,Cinema,Car,14.55,21.8,2793.6,Local
2003-04-21,Home,Grandparents' House,Car,14.44,21.7,2772.5,Local
2003-04-21,Grandparents' House,Home,Walk,8.18,98.2,0.0,Local
2003-04-22,Home,Hospital,Car,9.55,14.3,1833.6,Local
2003-04-23,Shopping Centre,Grandparents' House,Car,2.31,3.5,443.5,Local
2003-04-23,Home,Shopping Centre,Car,11.84,17.8,2273.3,Local
2003-04-24,London,Melbourne,Flight,17000.0,1133.3,2250000.0,International-Return
2003-04-27,Home,Shopping Centre,Bus,14.89,35.7,1563.5,Local
2003-05-01,Home,Grandparents' House,Bus,16.63,39.9,1746.1,Local
2003-05-04,Home,Grandparents' House,Bus,10.65,25.6,1118.2,Local
2003-05-05,Home,Shopping Centre,Car,19.2,28.8,3686.4,Local
2003-05-08,Home,Park,Walk,17.61,211.3,0.0,Local
2003-05-08,Park,Cinema,Bus,3.69,8.9,387.4,Local
2003-05-09,Home,Hospital,Car,5.38,8.1,1033.0,Local
2003-05-10,Home,Hospital,Bus,17.73,42.6,1861.7,Local
2003-05-13,Home,Cinema,Bus,6.05,14.5,635.2,Local
2003-05-15,Home,Grandparents' House,Bus,11.77,28.2,1235.8,Local
2003-05-16,Home,Grandparents' House,Car,14.57,21.9,2797.4,Local
2003-05-18,Home,Cinema,Car,13.11,19.7,2517.1,Local
2003-05-19,Home,Grandparents' House,Bus,16.88,40.5,1772.4,Local
2003-05-22,Home,Shopping Centre,Car,5.97,9.0,1146.2,Local
2003-05-24,Home,Hospital,Car,9.12,13.7,1751.0,Local
2003-05-25,Home,Shopping Centre,Bus,18.82,45.2,1976.1,Local
2003-05-30,Home,Cinema,Car,7.25,10.9,1392.0,Local
2003-06-01,Home,Shopping Centre,Car,8.21,12.3,1576.3,Local
2003-06-01,Shopping Centre,Hospital,Bus,7.57,18.2,794.9,Local
2003-06-09,Home,Hospital,Car,13.56,20.3,2603.5,Local
2003-06-10,Home,Cinema,Walk,13.92,167.0,0.0,Local
2003-06-10,Cinema,Shopping Centre,Car,5.17,7.8,992.6,Local
2003-06-14,Home,Shopping Centre,Car,6.72,10.1,1290.2,Local
2003-06-14,Shopping Centre,Park,Walk,6.84,82.1,0.0,Local
2003-06-17,Home,Hospital,Car,14.17,21.3,2720.6,Local
2003-06-21,Park,Cinema,Bus,3.31,7.9,347.6,Local
2003-06-21,Home,Park,Car,6.78,10.2,1301.8,Local
2003-06-22,Home,Grandparents' House,Car,16.53,24.8,3173.8,Local
2003-06-24,Home,Hospital,Car,14.71,22.1,2824.3,Local
2003-06-25,Home,Park,Car,9.06,13.6,1739.5,Local
2003-06-27,Home,Shopping Centre,Car,5.73,8.6,1100.2,Local
2003-06-28,Home,Hospital,Car,17.35,26.0,3331.2,Local
2003-06-28,Hospital,Shopping Centre,Car,3.08,4.6,591.4,Local
2003-06-30,Home,Hospital,Car,15.83,23.7,3039.4,Local
2003-07-04,Home,Park,Car,16.62,24.9,3191.0,Local
2003-07-07,Home,Park,Car,19.51,29.3,3745.9,Local
2003-07-11,Home,Grandparents' House,Car,18.72,28.1,3594.2,Local
2003-07-11,Grandparents' House,Hospital,Bus,4.72,11.3,495.6,Local
2003-07-12,Home,Cinema,Car,6.58,9.9,1263.4,Local
2003-07-12,Cinema,Grandparents' House,Car,3.03,4.5,581.8,Local
2003-07-14,Home,Park,Bus,18.97,45.5,1991.8,Local
2003-07-16,Home,Grandparents' House,Bus,12.26,29.4,1287.3,Local
2003-07-20,Home,Shopping Centre,Car,13.57,20.4,2605.4,Local
2003-07-26,Home,Cinema,Bus,17.33,41.6,1819.6,Local
2003-07-28,Home,Park,Bus,10.8,25.9,1134.0,Local
2003-07-30,Home,Park,Car,11.53,17.3,2213.8,Local
2003-08-03,Home,Hospital,Car,10.1,15.2,1939.2,Local
2003-08-05,Home,Shopping Centre,Car,11.72,17.6,2250.2,Local
2003-08-06,Home,Cinema,Bus,13.43,32.2,1410.1,Local
2003-08-07,Home,Park,Car,18.31,27.5,3515.5,Local
2003-08-12,Home,Grandparents' House,Car,19.57,29.4,3757.4,Local
2003-08-13,Home,Park,Car,19.25,28.9,3696.0,Local
2003-08-14,Home,Grandparents' House,Car,13.28,19.9,2549.8,Local
2003-08-14,Grandparents' House,Home,Car,5.55,8.3,1065.6,Local
2003-08-15,Home,Cinema,Car,10.83,16.2,2079.4,Local
2003-08-16,Home,Hospital,Car,15.42,23.1,2960.6,Local
2003-08-16,Hospital,Shopping Centre,Car,2.04,3.1,391.7,Local
2003-08-17,Home,Hospital,Bus,8.88,21.3,932.4,Local
2003-08-20,Home,Cinema,Walk,8.98,107.8,0.0,Local
2003-08-22,Home,Shopping Centre,Car,16.65,25.0,3196.8,Local
2003-08-25,Home,Hospital,Bus,8.16,19.6,856.8,Local
2003-08-26,Home,Shopping Centre,Car,13.85,20.8,2659.2,Local
2003-08-31,Home,Shopping Centre,Car,19.44,29.2,3732.5,Local
2003-09-01,Home,Park,Car,8.98,13.5,1724.2,Local
2003-09-06,Home,Cinema,Car,16.27,24.4,3123.8,Local
2003-09-12,Home,Cinema,Car,10.85,16.3,2083.2,Local
2003-09-12,Cinema,Home,Car,17.67,26.5,3392.6,Local
2003-09-19,Home,Shopping Centre,Walk,5.7,68.4,0.0,Local
2003-09-19,Shopping Centre,Home,Car,13.99,21.0,2686.1,Local
2003-09-21,Home,Grandparents' House,Car,19.48,29.2,3740.2,Local
2003-09-23,Home,Cinema,Car,18.12,27.2,3479.0,Local
2003-09-29,Home,Park,Car,15.87,23.8,3047.0,Local
2003-10-04,Home,Shopping Centre,Car,8.61,12.9,1653.1,Local
2003-10-10,Home,Shopping Centre,Car,14.35,21.5,2755.2,Local
2003-10-12,Home,Shopping Centre,Car,15.19,22.8,2916.5,Local
2003-10-14,Home,Shopping Centre,Car,12.45,18.7,2390.4,Local
2003-10-15,Home,Cinema,Car,9.82,14.7,1885.4,Local
2003-10-15,Cinema,Grandparents' House,Car,4.7,7.1,902.4,Local
2003-10-17,Shopping Centre,Cinema,Car,6.61,9.9,1269.1,Local
2003-10-17,Home,Shopping Centre,Car,15.02,22.5,2883.8,Local
2003-10-25,Home,Cinema,Car,5.37,8.1,1031.0,Local
2003-10-26,Home,Grandparents' House,Car,5.01,7.5,961.9,Local
2003-10-27,Home,Grandparents' House,Bus,14.47,34.7,1519.4,Local
2003-10-29,Home,Hospital,Car,7.3,10.9,1401.6,Local
2003-10-30,Home,Grandparents' House,Car,19.23,28.8,3692.2,Local
2003-11-03,Home,Hospital,Bus,13.84,33.2,1453.2,Local
2003-11-03,Hospital,Grandparents' House,Bus,4.0,9.6,420.0,Local
2003-11-04,Home,Grandparents' House,Car,11.62,17.4,2231.0,Local
2003-11-05,Home,Shopping Centre,Car,10.57,15.9,2029.4,Local
2003-11-06,Home,Cinema,Bus,12.28,29.5,1289.4,Local
2003-11-10,Home,Grandparents' House,Car,12.66,19.0,2430.7,Local
2003-11-10,Grandparents' House,Home,Car,12.43,18.6,2386.6,Local
2003-11-13,Home,Hospital,Car,10.4,15.6,1996.8,Local
2003-11-14,Home,Cinema,Car,19.02,28.5,3651.8,Local
2003-11-16,Home,Grandparents' House,Bus,5.03,12.1,528.1,Local
2003-11-16,Grandparents' House,Shopping Centre,Car,4.09,6.1,785.3,Local
2003-11-17,Home,Grandparents' House,Car,9.07,13.6,1741.4,Local
2003-11-19,Shopping Centre,Hospital,Car,3.23,4.8,620.2,Local
2003-11-19,Home,Shopping Centre,Car,16.35,24.5,3139.2,Local
2003-11-20,Home,Park,Car,7.57,11.4,1453.4,Local
2003-11-23,Home,Shopping Centre,Car,14.93,22.4,2866.6,Local
2003-12-01,Home,Park,Car,16.92,25.4,3248.6,Local
2003-12-05,Home,Grandparents' House,Car,15.64,23.5,3002.9,Local
2003-12-06,Home,Cinema,Walk,15.85,190.2,0.0,Local
2003-12-06,Cinema,Hospital,Walk,3.51,42.1,0.0,Local
2003-12-11,Home,Cinema,Bus,5.96,14.3,625.8,Local
2003-12-16,Home,Shopping Centre,Walk,14.26,171.1,0.0,Local
2003-12-17,Home,Park,Car,10.75,16.1,2064.0,Local
2003-12-17,Park,Home,Bus,7.83,18.8,822.1,Local
2003-12-18,Home,Cinema,Car,13.39,20.1,2570.9,Local
2003-12-20,Home,Hospital,Bus,15.07,36.2,1582.4,Local
2003-12-22,Home,Shopping Centre,Car,15.48,23.2,2972.2,Local
2003-12-22,Shopping Centre,Hospital,Car,4.46,6.7,856.3,Local
2003-12-31,Home,Hospital,Walk,5.59,67.1,0.0,Local
2004-01-01,Home,Cinema,Car,15.67,23.5,3008.6,Local
2004-01-02,Home,Shopping Centre,Walk,17.7,212.4,0.0,Local
2004-01-05,Home,Grandparents' House,Car,15.2,22.8,2918.4,Local
2004-01-10,Home,Park,Car,9.04,13.6,1735.7,Local
2004-01-11,Home,Shopping Centre,Car,13.71,20.6,2632.3,Local
2004-01-12,Home,Shopping Centre,Car,16.3,24.5,3129.6,Local
2004-01-15,Home,Cinema,Bus,11.57,27.8,1214.9,Local
2004-01-15,Cinema,Park,Car,1.1,1.7,211.2,Local
2004-01-16,Home,Park,Car,11.12,16.7,2135.0,Local
2004-01-16,Park,Grandparents' House,Bus,0.53,1.3,55.7,Local
2004-01-17,Home,Cinema,Car,16.21,24.3,3112.3,Local
2004-01-20,Home,Hospital,Car,18.56,27.8,3563.5,Local
2004-01-21,Home,Cinema,Car,7.1,10.6,1363.2,Local
2004-01-22,Home,Grandparents' House,Car,8.55,12.8,1641.6,Local
2004-01-23,Home,Park,Car,9.45,14.2,1814.4,Local
2004-01-24,Home,Shopping Centre,Bus,8.83,21.2,927.1,Local
2004-01-26,Home,Cinema,Car,19.32,29.0,3709.4,Local
2004-01-29,Home,Cinema,Car,14.23,21.3,2732.2,Local
2004-02-02,Home,Hospital,Walk,10.47,125.6,0.0,Local
2004-02-02,Hospital,Park,Car,3.62,5.4,695.0,Local
2004-02-03,Home,Park,Bus,9.94,23.9,1043.7,Local
2004-02-04,Home,Shopping Centre,Car,12.94,19.4,2484.5,Local
2004-02-04,Shopping Centre,Park,Bus,1.63,3.9,171.1,Local
2004-02-06,Home,Grandparents' House,Bus,19.24,46.2,2020.2,Local
2004-02-09,Home,Cinema,Walk,8.57,102.8,0.0,Local
2004-02-12,Home,Hospital,Car,9.32,14.0,1789.4,Local
2004-02-12,Hospital,Home,Car,9.55,14.3,1833.6,Local
2004-02-14,Home,Hospital,Car,9.19,13.8,1764.5,Local
2004-02-21,Cinema,Shopping Centre,Bus,5.25,12.6,551.2,Local
2004-02-21,Home,Cinema,Car,10.04,15.1,1927.7,Local
2004-02-23,Home,Cinema,Car,14.7,22.1,2822.4,Local
2004-02-23,Cinema,Grandparents' House,Car,3.59,5.4,689.3,Local
2004-02-27,Home,Shopping Centre,Car,19.66,29.5,3774.7,Local
2004-03-03,Home,Hospital,Car,6.04,9.1,1159.7,Local
2004-03-03,Hospital,Cinema,Bus,6.53,15.7,685.6,Local
2004-03-04,Home,Cinema,Car,18.77,28.2,3603.8,Local
2004-03-07,Grandparents' House,Shopping Centre,Bus,1.32,3.2,138.6,Local
2004-03-07,Home,Grandparents' House,Car,13.13,19.7,2521.0,Local
2004-03-09,Hospital,Home,Walk,7.05,84.6,0.0,Local
2004-03-09,Home,Hospital,Car,18.39,27.6,3530.9,Local
2004-03-10,Home,Park,Car,8.12,12.2,1559.0,Local
2004-03-13,Home,Shopping Centre,Walk,7.79,93.5,0.0,Local
2004-03-14,Home,Hospital,Car,13.02,19.5,2499.8,Local
2004-03-18,Home,Shopping Centre,Car,16.8,25.2,3225.6,Local
2004-03-18,Shopping Centre,Home,Car,13.09,19.6,2513.3,Local
2004-03-20,Home,Cinema,Bus,18.64,44.7,1957.2,Local
2004-03-20,Cinema,Grandparents' House,Bus,5.22,12.5,548.1,Local
2004-03-23,Home,Cinema,Walk,15.13,181.6,0.0,Local
2004-03-29,Hospital,Park,Car,2.85,4.3,547.2,Local
2004-03-29,Home,Hospital,Car,14.2,21.3,2726.4,Local
2004-03-30,Home,Hospital,Bus,16.3,39.1,1711.5,Local
2004-03-31,Home,Shopping Centre,Walk,5.59,67.1,0.0,Local
2004-03-31,Shopping Centre,Park,Car,3.41,5.1,654.7,Local
2004-04-02,Home,Grandparents' House,Car,7.54,11.3,1447.7,Local
2004-04-03,Home,Cinema,Car,10.87,16.3,2087.0,Local
2004-04-07,Home,Grandparents' House,Car,14.43,21.6,2770.6,Local
2004-04-08,Home,Grandparents' House,Car,12.89,19.3,2474.9,Local
2004-04-14,Home,Grandparents' House,Car,14.8,22.2,2841.6,Local
2004-04-15,Home,Cinema,Car,15.36,23.0,2949.1,Local
2004-04-19,Home,Shopping Centre,Car,16.55,24.8,3177.6,Local
2004-04-19,Shopping Centre,Home,Car,14.5,21.8,2784.0,Local
2004-04-24,Home,Shopping Centre,Car,16.98,25.5,3260.2,Local
2004-04-25,Home,Grandparents' House,Walk,14.27,171.2,0.0,Local
2004-04-26,Home,Park,Car,11.12,16.7,2135.0,Local
2004-04-30,Home,Grandparents' House,Car,6.22,9.3,1194.2,Local
2004-05-03,Home,Hospital,Walk,10.29,123.5,0.0,Local
2004-05-04,Home,Hospital,Car,8.76,13.1,1681.9,Local
2004-05-05,Home,Park,Car,6.06,9.1,1163.5,Local
2004-05-07,Home,Shopping Centre,Bus,11.56,27.7,1213.8,Local
2004-05-09,Home,Grandparents' House,Car,10.75,16.1,2064.0,Local
2004-05-10,Home,Cinema,Car,13.26,19.9,2545.9,Local
2004-05-10,Cinema,Grandparents' House,Bus,4.8,11.5,504.0,Local
2004-05-23,Home,Cinema,Car,10.86,16.3,2085.1,Local
2004-05-25,Home,Hospital,Walk,10.64,127.7,0.0,Local
2004-05-27,Shopping Centre,Park,Car,6.02,9.0,1155.8,Local
2004-05-27,Home,Shopping Centre,Car,15.89,23.8,3050.9,Local
2004-05-30,Home,Park,Car,6.79,10.2,1303.7,Local
2004-05-30,Park,Grandparents' House,Car,6.46,9.7,1240.3,Local
2004-05-31,Home,Park,Car,5.04,7.6,967.7,Local
2004-05-31,Park,Cinema,Bus,4.72,11.3,495.6,Local
2004-06-08,Home,Park,Car,9.92,14.9,1904.6,Local
2004-06-15,Home,Grandparents' House,Bus,14.4,34.6,1512.0,Local
2004-06-17,Home,Cinema,Walk,6.4,76.8,0.0,Local
2004-06-19,Home,Hospital,Car,7.54,11.3,1447.7,Local
2004-06-21,Home,Cinema,Car,12.63,18.9,2425.0,Local
2004-06-22,Home,Cinema,Walk,7.33,88.0,0.0,Local
2004-06-28,Home,Park,Car,7.28,10.9,1397.8,Local
2004-07-03,Home,Park,Walk,15.45,185.4,0.0,Local
2004-07-03,Park,Shopping Centre,Car,7.43,11.1,1426.6,Local
2004-07-05,Home,Grandparents' House,Car,18.25,27.4,3504.0,Local
2004-07-05,Grandparents' House,Cinema,Car,4.01,6.0,769.9,Local
2004-07-07,Home,Grandparents' House,Bus,16.15,38.8,1695.7,Local
2004-07-08,Grandparents' House,Shopping Centre,Car,7.16,10.7,1374.7,Local
2004-07-08,Home,Grandparents' House,Walk,15.47,185.6,0.0,Local
2004-07-11,Home,Grandparents' House,Bus,7.12,17.1,747.6,Local
2004-07-13,Home,Park,Car,8.5,12.8,1632.0,Local
2004-07-18,Home,Shopping Centre,Car,15.92,23.9,3056.6,Local
2004-07-18,Shopping Centre,Cinema,Walk,1.85,22.2,0.0,Local
2004-07-24,Home,Hospital,Walk,19.43,233.2,0.0,Local
2004-07-29,Home,Cinema,Car,7.0,10.5,1344.0,Local
2004-07-30,Home,Park,Car,13.4,20.1,2572.8,Local
2004-08-01,Home,Hospital,Bus,10.9,26.2,1144.5,Local
2004-08-02,Home,Park,Walk,7.1,85.2,0.0,Local
2004-08-04,Home,Cinema,Bus,18.13,43.5,1903.6,Local
2004-08-05,Home,Hospital,Walk,16.24,194.9,0.0,Local
2004-08-06,Home,Park,Car,15.15,22.7,2908.8,Local
2004-08-10,Home,Grandparents' House,Walk,6.3,75.6,0.0,Local
2004-08-10,Grandparents' House,Park,Car,4.03,6.0,773.8,Local
2004-08-12,Cinema,Shopping Centre,Walk,1.34,16.1,0.0,Local
2004-08-12,Home,Cinema,Car,16.58,24.9,3183.4,Local
2004-08-15,Home,Cinema,Car,17.5,26.2,3360.0,Local
2004-08-17,Home,Hospital,Car,6.56,9.8,1259.5,Local
2004-08-18,Home,Hospital,Car,17.05,25.6,3273.6,Local
2004-08-18,Hospital,Shopping Centre,Car,4.04,6.1,775.7,Local
2004-08-19,Home,Shopping Centre,Car,8.18,12.3,1570.6,Local
2004-08-21,Home,Shopping Centre,Car,6.1,9.2,1171.2,Local
2004-08-22,Home,Cinema,Walk,13.64,163.7,0.0,Local
2004-08-22,Cinema,Home,Car,6.71,10.1,1288.3,Local
2004-08-23,Home,Hospital,Car,16.87,25.3,3239.0,Local
2004-08-25,Home,Cinema,Car,13.55,20.3,2601.6,Local
2004-08-26,Home,Park,Car,6.9,10.4,1324.8,Local
2004-08-31,Home,Cinema,Car,15.26,22.9,2929.9,Local
2004-09-02,Home,Park,Car,9.2,13.8,1766.4,Local
2004-09-03,Home,Hospital,Car,13.96,20.9,2680.3,Local
2004-09-04,Home,Grandparents' House,Car,8.45,12.7,1622.4,Local
2004-09-06,Home,Hospital,Car,18.74,28.1,3598.1,Local
2004-09-06,Hospital,Grandparents' House,Car,1.34,2.0,257.3,Local
2004-09-07,Home,Park,Bus,16.39,39.3,1721.0,Local
2004-09-07,Park,Home,Car,14.0,21.0,2688.0,Local
2004-09-09,Home,Hospital,Walk,6.78,81.4,0.0,Local
2004-09-14,Home,Hospital,Car,13.9,20.9,2668.8,Local
2004-09-24,Home,Hospital,Car,7.53,11.3,1445.8,Local
2004-09-25,Home,Hospital,Car,18.69,28.0,3588.5,Local
2004-09-30,Home,Cinema,Car,7.7,11.6,1478.4,Local
2004-10-13,Home,Grandparents' House,Car,17.44,26.2,3348.5,Local
2004-10-14,Home,Grandparents' House,Car,14.3,21.5,2745.6,Local
2004-10-15,Home,Grandparents' House,Car,16.35,24.5,3139.2,Local
2004-10-18,Home,Cinema,Bus,12.24,29.4,1285.2,Local
2004-10-23,Home,Shopping Centre,Bus,10.21,24.5,1072.1,Local
2004-10-25,Home,Shopping Centre,Car,16.63,24.9,3193.0,Local
2004-10-25,Shopping Centre,Cinema,Car,4.11,6.2,789.1,Local
2004-10-26,Home,Grandparents' House,Walk,18.08,217.0,0.0,Local
2004-10-27,Home,Cinema,Car,5.01,7.5,961.9,Local
2004-10-30,Home,Hospital,Car,8.44,12.7,1620.5,Local
2004-10-31,Home,Cinema,Walk,11.37,136.4,0.0,Local
2004-11-02,Home,Hospital,Car,6.3,9.4,1209.6,Local
2004-11-06,Cinema,Shopping Centre,Car,1.84,2.8,353.3,Local
2004-11-06,Home,Cinema,Car,8.07,12.1,1549.4,Local
2004-11-11,Home,Grandparents' House,Car,9.72,14.6,1866.2,Local
2004-11-11,Grandparents' House,Cinema,Car,6.77,10.2,1299.8,Local
2004-11-16,Home,Cinema,Car,7.11,10.7,1365.1,Local
2004-11-17,Home,Cinema,Bus,14.15,34.0,1485.8,Local
2004-11-18,Home,Park,Car,5.32,8.0,1021.4,Local
2004-11-18,Park,Shopping Centre,Car,6.0,9.0,1152.0,Local
2004-11-21,Home,Park,Car,15.3,22.9,2937.6,Local
2004-11-24,Home,Hospital,Car,7.81,11.7,1499.5,Local
2004-11-27,Home,Shopping Centre,Bus,9.96,23.9,1045.8,Local
2004-11-28,Home,Cinema,Bus,8.03,19.3,843.1,Local
2004-11-29,Home,Hospital,Car,17.42,26.1,3344.6,Local
2004-11-29,Hospital,Cinema,Bus,4.13,9.9,433.6,Local
2004-12-02,Home,Hospital,Car,5.9,8.9,1132.8,Local
2004-12-04,Home,Grandparents' House,Bus,8.55,20.5,897.8,Local
2004-12-05,Home,Shopping Centre,Bus,6.12,14.7,642.6,Local
2004-12-05,Shopping Centre,Home,Car,9.99,15.0,1918.1,Local
2004-12-07,Home,Cinema,Car,13.49,20.2,2590.1,Local
2004-12-12,Grandparents' House,Shopping Centre,Bus,4.85,11.6,509.2,Local
2004-12-12,Home,Grandparents' House,Car,13.21,19.8,2536.3,Local
2004-12-15,Home,Cinema,Walk,11.09,133.1,0.0,Local
2004-12-18,Home,Cinema,Bus,8.7,20.9,913.5,Local
2004-12-18,Cinema,Hospital,Car,4.0,6.0,768.0,Local
2004-12-23,Home,Shopping Centre,Car,5.35,8.0,1027.2,Local
2004-12-24,Home,Grandparents' House,Car,16.34,24.5,3137.3,Local
2004-12-29,Home,Park,Bus,18.35,44.0,1926.8,Local
2005-01-04,Home,Park,Walk,15.61,187.3,0.0,Local
2005-01-04,Park,Shopping Centre,Car,4.19,6.3,804.5,Local
2005-01-05,Home,Hospital,Car,12.11,18.2,2325.1,Local
2005-01-07,Home,Shopping Centre,Car,10.11,15.2,1941.1,Local
2005-01-11,Home,Grandparents' House,Car,18.88,28.3,3625.0,Local
2005-01-11,Grandparents' House,Shopping Centre,Car,2.54,3.8,487.7,Local
2005-01-12,Home,Hospital,Car,8.63,12.9,1657.0,Local
2005-01-16,Home,Grandparents' House,Bus,13.18,31.6,1383.9,Local
2005-01-18,Home,Grandparents' House,Car,6.2,9.3,1190.4,Local
2005-01-18,Grandparents' House,Home,Bus,6.38,15.3,669.9,Local
2005-01-19,Home,Shopping Centre,Bus,11.18,26.8,1173.9,Local
2005-01-20,Home,Grandparents' House,Car,6.89,10.3,1322.9,Local
2005-01-21,Home,Hospital,Car,9.32,14.0,1789.4,Local
2005-01-21,Hospital,Cinema,Bus,2.6,6.2,273.0,Local
2005-01-23,Home,Park,Car,11.07,16.6,2125.4,Local
2005-01-24,Home,Cinema,Bus,11.78,28.3,1236.9,Local
2005-01-24,Cinema,Grandparents' House,Bus,2.65,6.4,278.2,Local
2005-01-25,Home,Hospital,Car,10.61,15.9,2037.1,Local
2005-01-28,Home,Hospital,Walk,5.01,60.1,0.0,Local
2005-01-29,Home,Cinema,Car,5.17,7.8,992.6,Local
2005-02-01,Home,Cinema,Car,12.59,18.9,2417.3,Local
2005-02-02,Home,Grandparents' House,Walk,7.25,87.0,0.0,Local
2005-02-03,Home,Hospital,Bus,16.91,40.6,1775.5,Local
2005-02-05,Home,Grandparents' House,Bus,7.5,18.0,787.5,Local
2005-02-09,Home,Grandparents' House,Car,7.35,11.0,1411.2,Local
2005-02-09,Grandparents' House,Hospital,Car,4.21,6.3,808.3,Local
2005-02-12,Home,Park,Car,8.56,12.8,1643.5,Local
2005-02-12,Park,Shopping Centre,Car,0.68,1.0,130.6,Local
2005-02-15,Home,Cinema,Car,12.85,19.3,2467.2,Local
2005-02-18,Home,Park,Car,19.66,29.5,3774.7,Local
2005-02-18,Park,Grandparents' House,Car,6.53,9.8,1253.8,Local
2005-02-19,Home,Shopping Centre,Walk,12.73,152.8,0.0,Local
2005-02-20,Home,Hospital,Car,12.79,19.2,2455.7,Local
2005-02-22,Home,Cinema,Bus,5.49,13.2,576.5,Local
2005-02-22,Cinema,Park,Car,7.96,11.9,1528.3,Local
2005-02-23,Home,Cinema,Car,16.96,25.4,3256.3,Local
2005-02-25,Home,Hospital,Bus,12.15,29.2,1275.8,Local
2005-03-11,Home,Hospital,Car,6.72,10.1,1290.2,Local
2005-03-15,Home,Cinema,Car,18.38,27.6,3529.0,Local
2005-03-17,Home,Cinema,Car,13.12,19.7,2519.0,Local
2005-03-20,Home,Grandparents' House,Car,7.0,10.5,1344.0,Local
2005-03-21,Home,Cinema,Car,19.19,28.8,3684.5,Local
2005-03-22,Home,Park,Car,8.02,12.0,1539.8,Local
2005-03-22,Park,Home,Car,14.38,21.6,2761.0,Local
2005-03-24,Home,Cinema,Bus,15.8,37.9,1659.0,Local
2005-03-28,Park,Hospital,Car,4.06,6.1,779.5,Local
2005-03-28,Home,Park,Car,17.6,26.4,3379.2,Local
2005-03-29,Home,Hospital,Car,17.61,26.4,3381.1,Local
2005-04-06,Home,Park,Walk,5.25,63.0,0.0,Local
2005-04-07,Home,Cinema,Walk,8.52,102.2,0.0,Local
2005-04-09,Home,Park,Car,15.76,23.6,3025.9,Local
2005-04-12,Home,Shopping Centre,Car,5.92,8.9,1136.6,Local
2005-04-13,Home,Cinema,Walk,14.78,177.4,0.0,Local
2005-04-15,Home,Hospital,Bus,12.38,29.7,1299.9,Local
2005-04-18,Home,Hospital,Bus,6.42,15.4,674.1,Local
2005-04-19,Home,Shopping Centre,Car,10.13,15.2,1945.0,Local
2005-04-19,Shopping Centre,Hospital,Walk,4.11,49.3,0.0,Local
2005-04-23,Home,Park,Car,15.46,23.2,2968.3,Local
2005-04-23,Park,Hospital,Car,6.29,9.4,1207.7,Local
2005-04-24,Home,Grandparents' House,Car,14.84,22.3,2849.3,Local
2005-04-26,Home,Cinema,Walk,7.91,94.9,0.0,Local
2005-04-30,Home,Grandparents' House,Car,9.1,13.6,1747.2,Local
2005-05-01,Home,Park,Car,16.99,25.5,3262.1,Local
2005-05-02,Home,Park,Car,19.91,29.9,3822.7,Local
2005-05-08,Home,Hospital,Bus,5.79,13.9,608.0,Local
2005-05-15,Home,Cinema,Bus,14.98,36.0,1572.9,Local
2005-05-16,Home,Cinema,Car,17.41,26.1,3342.7,Local
2005-05-17,Home,Park,Car,10.54,15.8,2023.7,Local
2005-05-26,Home,Park,Car,18.95,28.4,3638.4,Local
2005-05-26,Park,Grandparents' House,Car,6.51,9.8,1249.9,Local
2005-05-27,Home,Cinema,Car,13.45,20.2,2582.4,Local
2005-05-29,Home,Grandparents' House,Car,18.69,28.0,3588.5,Local
2005-05-30,Home,Hospital,Bus,12.78,30.7,1341.9,Local
2005-05-31,Home,Shopping Centre,Bus,6.59,15.8,691.9,Local
2005-05-31,Shopping Centre,Home,Car,8.65,13.0,1660.8,Local
2005-06-01,Home,Grandparents' House,Car,13.73,20.6,2636.2,Local
2005-06-04,Home,Park,Car,5.9,8.9,1132.8,Local
2005-06-06,Home,Grandparents' House,Car,19.99,30.0,3838.1,Local
2005-06-06,Grandparents' House,Park,Car,3.75,5.6,720.0,Local
2005-06-09,Home,Grandparents' House,Car,15.56,23.3,2987.5,Local
2005-06-10,Shopping Centre,Home,Bus,12.92,31.0,1356.6,Local
2005-06-10,Home,Shopping Centre,Car,18.61,27.9,3573.1,Local
2005-06-11,Home,Grandparents' House,Car,7.42,11.1,1424.6,Local
2005-06-11,Grandparents' House,Shopping Centre,Car,4.44,6.7,852.5,Local
2005-06-12,Home,Shopping Centre,Bus,16.6,39.8,1743.0,Local
2005-06-12,Shopping Centre,Grandparents' House,Car,2.55,3.8,489.6,Local
2005-06-14,Home,Grandparents' House,Car,10.3,15.5,1977.6,Local
2005-06-15,Home,Shopping Centre,Bus,14.32,34.4,1503.6,Local
2005-06-15,Shopping Centre,Cinema,Bus,6.72,16.1,705.6,Local
2005-06-16,Home,Hospital,Car,15.28,22.9,2933.8,Local
2005-06-20,Home,Shopping Centre,Bus,19.2,46.1,2016.0,Local
2005-06-22,Home,Shopping Centre,Bus,16.58,39.8,1740.9,Local
2005-06-27,Home,Grandparents' House,Car,11.06,16.6,2123.5,Local
2005-06-27,Grandparents' House,Hospital,Bus,5.53,13.3,580.6,Local
2005-06-30,Home,Hospital,Car,18.89,28.3,3626.9,Local
2005-07-04,Home,Park,Car,10.67,16.0,2048.6,Local
2005-07-10,Home,Cinema,Car,19.94,29.9,3828.5,Local
2005-07-11,Home,Hospital,Bus,17.63,42.3,1851.1,Local
2005-07-14,Home,Shopping Centre,Car,10.34,15.5,1985.3,Local
2005-07-16,Home,Cinema,Car,14.61,21.9,2805.1,Local
2005-07-16,Cinema,Hospital,Car,0.71,1.1,136.3,Local
2005-07-17,Home,Park,Bus,5.79,13.9,608.0,Local
2005-07-18,Home,Hospital,Car,16.67,25.0,3200.6,Local
2005-07-21,Home,Cinema,Bus,12.03,28.9,1263.1,Local
2005-07-31,Home,Shopping Centre,Car,8.79,13.2,1687.7,Local
2005-08-01,Home,Grandparents' House,Car,18.24,27.4,3502.1,Local
2005-08-02,Home,Grandparents' House,Car,10.26,15.4,1969.9,Local
2005-08-04,Home,Cinema,Car,15.85,23.8,3043.2,Local
2005-08-06,Home,Shopping Centre,Car,13.91,20.9,2670.7,Local
2005-08-06,Shopping Centre,Hospital,Car,4.48,6.7,860.2,Local
2005-08-08,Home,Park,Car,8.49,12.7,1630.1,Local
2005-08-10,Home,Park,Car,19.06,28.6,3659.5,Local
2005-08-12,Home,Hospital,Car,7.11,10.7,1365.1,Local
2005-08-14,Home,Shopping Centre,Car,18.21,27.3,3496.3,Local
2005-08-16,Home,Cinema,Car,19.64,29.5,3770.9,Local
2005-08-17,Home,Cinema,Car,14.84,22.3,2849.3,Local
2005-08-19,Home,Shopping Centre,Walk,16.5,198.0,0.0,Local
2005-08-20,Home,Hospital,Car,16.96,25.4,3256.3,Local
2005-08-22,Home,Grandparents' House,Car,7.21,10.8,1384.3,Local
2005-08-22,Grandparents' House,Cinema,Bus,2.78,6.7,291.9,Local
2005-08-23,Home,Grandparents' House,Car,11.12,16.7,2135.0,Local
2005-08-25,Home,Grandparents' House,Car,6.2,9.3,1190.4,Local
2005-08-29,Home,Hospital,Bus,10.21,24.5,1072.1,Local
2005-08-31,Home,Shopping Centre,Bus,18.03,43.3,1893.2,Local
2005-09-01,Home,Cinema,Car,7.29,10.9,1399.7,Local
2005-09-01,Cinema,Shopping Centre,Car,2.22,3.3,426.2,Local
2005-09-03,Home,Shopping Centre,Bus,11.56,27.7,1213.8,Local
2005-09-08,Home,Park,Car,15.01,22.5,2881.9,Local
2005-09-09,Home,Cinema,Car,9.98,15.0,1916.2,Local
2005-09-10,Home,Grandparents' House,Walk,12.55,150.6,0.0,Local
2005-09-11,Home,Shopping Centre,Car,7.5,11.2,1440.0,Local
2005-09-16,Home,Grandparents' House,Bus,18.91,45.4,1985.5,Local
2005-09-16,Grandparents' House,Shopping Centre,Car,1.99,3.0,382.1,Local
2005-09-19,Grandparents' House,Home,Car,17.72,26.6,3402.2,Local
2005-09-19,Home,Grandparents' House,Car,18.97,28.5,3642.2,Local
2005-09-22,Home,Cinema,Car,6.84,10.3,1313.3,Local
2005-09-23,Home,Cinema,Car,15.65,23.5,3004.8,Local
2005-09-24,Home,Park,Car,11.94,17.9,2292.5,Local
2005-09-26,Home,Grandparents' House,Car,19.54,29.3,3751.7,Local
2005-09-27,Home,Park,Walk,13.41,160.9,0.0,Local
2005-10-01,Home,Hospital,Car,15.78,23.7,3029.8,Local
2005-10-03,Home,Park,Car,15.17,22.8,2912.6,Local
2005-10-05,Home,Cinema,Car,15.24,22.9,2926.1,Local
2005-10-09,Home,Cinema,Bus,9.3,22.3,976.5,Local
2005-10-09,Cinema,Grandparents' House,Car,5.15,7.7,988.8,Local
2005-10-10,Home,Hospital,Car,12.41,18.6,2382.7,Local
2005-10-12,Home,Park,Car,18.09,27.1,3473.3,Local
2005-10-14,Home,Hospital,Bus,8.43,20.2,885.1,Local
2005-10-14,Hospital,Home,Car,11.17,16.8,2144.6,Local
2005-10-15,Cinema,Grandparents' House,Car,7.82,11.7,1501.4,Local
2005-10-15,Home,Cinema,Car,14.86,22.3,2853.1,Local
2005-10-17,Home,Shopping Centre,Bus,11.88,28.5,1247.4,Local
2005-10-18,Park,Cinema,Car,1.02,1.5,195.8,Local
2005-10-18,Home,Park,Car,14.16,21.2,2718.7,Local
2005-10-19,Home,Park,Car,6.23,9.3,1196.2,Local
2005-10-19,Park,Cinema,Car,2.63,3.9,505.0,Local
2005-10-22,Home,Grandparents' House,Car,5.35,8.0,1027.2,Local
2005-10-25,Home,Hospital,Bus,19.56,46.9,2053.8,Local
2005-10-29,Home,Park,Car,5.65,8.5,1084.8,Local
2005-11-01,Home,Hospital,Car,13.02,19.5,2499.8,Local
2005-11-01,Hospital,Park,Walk,5.95,71.4,0.0,Local
2005-11-02,Home,Hospital,Car,8.05,12.1,1545.6,Local
2005-11-08,Home,Grandparents' House,Car,13.91,20.9,2670.7,Local
2005-11-11,Home,Park,Bus,11.05,26.5,1160.2,Local
2005-11-11,Park,Shopping Centre,Car,5.42,8.1,1040.6,Local
2005-11-17,Home,Shopping Centre,Car,14.41,21.6,2766.7,Local
2005-11-18,Home,Shopping Centre,Car,6.38,9.6,1225.0,Local
2005-11-19,Home,Hospital,Car,19.83,29.7,3807.4,Local
2005-11-22,Home,Cinema,Car,18.61,27.9,3573.1,Local
2005-11-23,Park,Shopping Centre,Car,1.46,2.2,280.3,Local
2005-11-23,Home,Park,Car,10.53,15.8,2021.8,Local
2005-11-24,Home,Shopping Centre,Car,8.26,12.4,1585.9,Local
2005-11-25,Home,Shopping Centre,Bus,16.97,40.7,1781.8,Local
2005-11-26,Home,Hospital,Bus,11.58,27.8,1215.9,Local
2005-11-26,Hospital,Home,Car,9.0,13.5,1728.0,Local
2005-11-28,Home,Shopping Centre,Bus,18.34,44.0,1925.7,Local
2005-11-29,Home,Grandparents' House,Car,5.71,8.6,1096.3,Local
2005-11-29,Grandparents' House,Park,Car,7.89,11.8,1514.9,Local
2005-11-30,Home,Grandparents' House,Car,11.17,16.8,2144.6,Local
2005-12-04,Home,Shopping Centre,Car,12.2,18.3,2342.4,Local
2005-12-11,Home,Shopping Centre,Car,12.23,18.3,2348.2,Local
2005-12-11,Shopping Centre,Cinema,Car,1.44,2.2,276.5,Local
2005-12-12,Home,Shopping Centre,Car,17.0,25.5,3264.0,Local
2005-12-16,Home,Shopping Centre,Car,13.75,20.6,2640.0,Local
2005-12-17,Home,Grandparents' House,Car,14.67,22.0,2816.6,Local
2005-12-17,Grandparents' House,Park,Car,5.54,8.3,1063.7,Local
2005-12-18,Home,Hospital,Bus,15.75,37.8,1653.8,Local
2005-12-19,Home,Cinema,Walk,13.95,167.4,0.0,Local
2005-12-23,Home,Shopping Centre,Car,5.61,8.4,1077.1,Local
2005-12-24,Home,Shopping Centre,Bus,5.65,13.6,593.2,Local
2005-12-25,Home,Hospital,Car,13.74,20.6,2638.1,Local
2005-12-27,Home,Grandparents' House,Car,15.46,23.2,2968.3,Local
2005-12-30,Home,Cinema,Bus,7.2,17.3,756.0,Local
2005-12-30,Cinema,Home,Car,9.35,14.0,1795.2,Local
2005-12-31,Home,Cinema,Bus,15.04,36.1,1579.2,Local
2006-01-01,Home,Hospital,Bus,13.77,33.0,1445.8,Local
2006-01-02,Home,Park,Car,19.04,28.6,3655.7,Local
2006-01-02,Park,Home,Bus,6.89,16.5,723.4,Local
2006-01-04,Home,Grandparents' House,Car,15.57,23.4,2989.4,Local
2006-01-07,Home,Park,Bus,8.3,19.9,871.5,Local
2006-01-07,Park,Cinema,Bus,5.79,13.9,608.0,Local
2006-01-08,Home,Cinema,Bus,7.01,16.8,736.0,Local
2006-01-14,Home,Cinema,Car,7.22,10.8,1386.2,Local
2006-01-14,Cinema,Hospital,Bus,3.68,8.8,386.4,Local
2006-01-15,Home,Cinema,Bus,18.26,43.8,1917.3,Local
2006-01-16,Park,Shopping Centre,Bus,1.08,2.6,113.4,Local
2006-01-16,Home,Park,Car,6.33,9.5,1215.4,Local
2006-01-24,Home,Park,Car,9.44,14.2,1812.5,Local
2006-01-24,Park,Grandparents' House,Car,6.77,10.2,1299.8,Local
2006-01-31,Home,Park,Bus,8.47,20.3,889.4,Local
2006-02-05,Home,Park,Car,5.4,8.1,1036.8,Local
2006-02-06,Home,Shopping Centre,Car,11.08,16.6,2127.4,Local
2006-02-07,Home,Park,Car,5.07,7.6,973.4,Local
2006-02-08,Grandparents' House,Shopping Centre,Car,2.37,3.6,455.0,Local
2006-02-08,Home,Grandparents' House,Walk,14.61,175.3,0.0,Local
2006-02-12,Home,Shopping Centre,Car,9.63,14.4,1849.0,Local
2006-02-13,Home,Shopping Centre,Car,13.56,20.3,2603.5,Local
2006-02-14,Home,Hospital,Car,16.41,24.6,3150.7,Local
2006-02-14,Hospital,Grandparents' House,Car,6.34,9.5,1217.3,Local
2006-02-16,Home,Park,Car,5.49,8.2,1054.1,Local
2006-02-16,Park,Grandparents' House,Bus,5.6,13.4,588.0,Local
2006-02-18,Home,Grandparents' House,Car,11.04,16.6,2119.7,Local
2006-02-20,Home,Cinema,Bus,6.63,15.9,696.1,Local
2006-02-24,Home,Shopping Centre,Car,15.21,22.8,2920.3,Local
2006-02-25,Hospital,Shopping Centre,Bus,4.28,10.3,449.4,Local
2006-02-25,Home,Hospital,Car,11.01,16.5,2113.9,Local
2006-02-27,Home,Cinema,Car,9.08,13.6,1743.4,Local
2006-02-28,Home,Hospital,Car,5.76,8.6,1105.9,Local
2006-02-28,Hospital,Cinema,Car,2.34,3.5,449.3,Local
2006-03-03,Home,Hospital,Bus,6.15,14.8,645.8,Local
2006-03-05,Home,Shopping Centre,Car,5.82,8.7,1117.4,Local
2006-03-05,Shopping Centre,Grandparents' House,Walk,7.92,95.0,0.0,Local
2006-03-06,Home,Park,Car,17.42,26.1,3344.6,Local
2006-03-11,Home,Hospital,Car,7.8,11.7,1497.6,Local
2006-03-12,Home,Hospital,Car,9.25,13.9,1776.0,Local
2006-03-14,Home,Grandparents' House,Bus,10.65,25.6,1118.2,Local
2006-03-15,Home,Park,Car,6.6,9.9,1267.2,Local
2006-03-19,Home,Hospital,Bus,15.21,36.5,1597.1,Local
2006-03-20,Home,Cinema,Car,6.75,10.1,1296.0,Local
2006-03-21,Home,Park,Car,13.01,19.5,2497.9,Local
2006-03-22,Home,Hospital,Car,12.77,19.2,2451.8,Local
2006-03-23,Home,Cinema,Car,15.72,23.6,3018.2,Local
2006-03-24,Home,Shopping Centre,Car,10.44,15.7,2004.5,Local
2006-03-25,Home,Cinema,Car,15.94,23.9,3060.5,Local
2006-03-28,Home,Park,Bus,11.53,27.7,1210.6,Local
2006-03-29,Home,Park,Bus,5.01,12.0,526.0,Local
2006-03-30,Home,Hospital,Car,17.81,26.7,3419.5,Local
2006-04-03,Home,Grandparents' House,Car,15.31,23.0,2939.5,Local
2006-04-04,Home,Shopping Centre,Car,11.1,16.6,2131.2,Local
2006-04-04,Shopping Centre,Cinema,Bus,7.9,19.0,829.5,Local
2006-04-06,Home,Park,Car,7.39,11.1,1418.9,Local
2006-04-06,Park,Hospital,Car,6.75,10.1,1296.0,Local
2006-04-07,Home,Grandparents' House,Bus,6.6,15.8,693.0,Local
2006-04-08,Home,Shopping Centre,Bus,9.99,24.0,1049.0,Local
2006-04-11,Home,Grandparents' House,Car,8.67,13.0,1664.6,Local
2006-04-12,Home,Cinema,Car,8.32,12.5,1597.4,Local
2006-04-12,Cinema,Home,Car,7.75,11.6,1488.0,Local
2006-04-13,Home,Park,Car,11.66,17.5,2238.7,Local
2006-04-14,Home,Grandparents' House,Car,18.75,28.1,3600.0,Local
2006-04-15,Home,Shopping Centre,Car,19.78,29.7,3797.8,Local
2006-04-15,Shopping Centre,Cinema,Car,7.55,11.3,1449.6,Local
2006-04-18,Grandparents' House,Park,Car,3.55,5.3,681.6,Local
2006-04-18,Home,Grandparents' House,Walk,13.76,165.1,0.0,Local
2006-04-19,Home,Cinema,Bus,18.46,44.3,1938.3,Local
2006-04-20,Home,Hospital,Car,17.38,26.1,3337.0,Local
2006-04-23,Home,Grandparents' House,Car,10.7,16.0,2054.4,Local
2006-04-23,Grandparents' House,Cinema,Car,6.11,9.2,1173.1,Local
2006-04-24,Home,Grandparents' House,Bus,11.48,27.6,1205.4,Local
2006-04-27,Home,Hospital,Bus,18.92,45.4,1986.6,Local
2006-04-28,Home,Grandparents' House,Car,15.45,23.2,2966.4,Local
2006-04-29,Grandparents' House,Shopping Centre,Walk,5.98,71.8,0.0,Local
2006-04-29,Home,Grandparents' House,Car,6.63,9.9,1273.0,Local
2006-05-02,Home,Cinema,Car,8.51,12.8,1633.9,Local
2006-05-03,Home,Shopping Centre,Car,14.32,21.5,2749.4,Local
2006-05-04,Home,Cinema,Walk,16.06,192.7,0.0,Local
2006-05-07,Home,Grandparents' House,Car,15.61,23.4,2997.1,Local
2006-05-07,Grandparents' House,Shopping Centre,Car,2.55,3.8,489.6,Local
2006-05-11,Home,Shopping Centre,Car,14.27,21.4,2739.8,Local
2006-05-14,Home,Grandparents' House,Car,7.64,11.5,1466.9,Local
2006-05-16,Home,Shopping Centre,Walk,6.83,82.0,0.0,Local
2006-05-17,Home,Shopping Centre,Bus,9.3,22.3,976.5,Local
2006-05-17,Shopping Centre,Grandparents' House,Car,3.39,5.1,650.9,Local
2006-05-18,Home,Park,Car,11.33,17.0,2175.4,Local
2006-05-21,Home,Cinema,Bus,16.87,40.5,1771.4,Local
2006-05-25,Home,Cinema,Car,11.18,16.8,2146.6,Local
2006-05-25,Cinema,Park,Walk,2.7,32.4,0.0,Local
2006-05-28,Home,Shopping Centre,Car,14.21,21.3,2728.3,Local
2006-05-28,Shopping Centre,Cinema,Bus,1.9,4.6,199.5,Local
2006-05-31,Home,Shopping Centre,Car,14.62,21.9,2807.0,Local
2006-06-01,Home,Hospital,Car,8.21,12.3,1576.3,Local
2006-06-02,Home,Park,Car,9.27,13.9,1779.8,Local
2006-06-03,Home,Park,Car,10.39,15.6,1994.9,Local
2006-06-04,Home,Shopping Centre,Car,16.55,24.8,3177.6,Local
2006-06-08,Home,Park,Car,6.58,9.9,1263.4,Local
2006-06-08,Park,Cinema,Car,2.32,3.5,445.4,Local
2006-06-09,Home,Cinema,Car,7.92,11.9,1520.6,Local
2006-06-11,Home,Park,Car,16.12,24.2,3095.0,Local
2006-06-13,Home,Park,Bus,16.85,40.4,1769.3,Local
2006-06-14,Home,Park,Car,6.61,9.9,1269.1,Local
2006-06-16,Home,Hospital,Car,14.77,22.2,2835.8,Local
2006-06-18,Home,Hospital,Walk,14.3,171.6,0.0,Local
2006-06-21,Home,Grandparents' House,Car,6.77,10.2,1299.8,Local
2006-06-22,Home,Park,Car,9.76,14.6,1873.9,Local
2006-06-23,Home,Cinema,Car,7.97,12.0,1530.2,Local
2006-06-23,Cinema,Home,Car,13.18,19.8,2530.6,Local
2006-06-28,Home,Cinema,Car,8.64,13.0,1658.9,Local
2006-06-30,Home,Shopping Centre,Car,12.8,19.2,2457.6,Local
2006-07-01,Home,Grandparents' House,Bus,11.58,27.8,1215.9,Local
2006-07-05,Home,Shopping Centre,Bus,8.91,21.4,935.6,Local
2006-07-06,Home,Hospital,Car,15.18,22.8,2914.6,Local
2006-07-09,Home,Cinema,Bus,13.61,32.7,1429.0,Local
2006-07-12,Home,Cinema,Car,12.54,18.8,2407.7,Local
2006-07-12,Cinema,Park,Car,5.47,8.2,1050.2,Local
2006-07-16,Home,Shopping Centre,Car,18.97,28.5,3642.2,Local
2006-07-18,Park,Shopping Centre,Car,0.76,1.1,145.9,Local
2006-07-18,Home,Park,Car,11.81,17.7,2267.5,Local
2006-07-19,Home,Park,Car,5.54,8.3,1063.7,Local
2006-07-25,Home,Park,Car,13.74,20.6,2638.1,Local
2006-07-26,Home,Hospital,Car,9.8,14.7,1881.6,Local
2006-07-30,Home,Cinema,Car,19.24,28.9,3694.1,Local
2006-07-31,Home,Hospital,Car,7.87,11.8,1511.0,Local
2006-08-01,Home,Hospital,Car,10.73,16.1,2060.2,Local
2006-08-02,Home,Cinema,Car,15.64,23.5,3002.9,Local
2006-08-03,Home,Park,Car,12.88,19.3,2473.0,Local
2006-08-04,Home,Hospital,Car,15.8,23.7,3033.6,Local
2006-08-06,Home,Hospital,Car,11.22,16.8,2154.2,Local
2006-08-10,Home,Shopping Centre,Car,10.58,15.9,2031.4,Local
2006-08-13,Home,Park,Car,13.13,19.7,2521.0,Local
2006-08-13,Park,Shopping Centre,Bus,3.08,7.4,323.4,Local
2006-08-14,Home,Shopping Centre,Car,9.19,13.8,1764.5,Local
2006-08-14,Shopping Centre,Grandparents' House,Bus,0.7,1.7,73.5,Local
2006-08-15,Home,Cinema,Car,12.64,19.0,2426.9,Local
2006-08-16,Home,Hospital,Car,17.57,26.4,3373.4,Local
2006-08-17,Home,Hospital,Bus,8.48,20.4,890.4,Local
2006-08-19,Home,Hospital,Bus,7.89,18.9,828.4,Local
2006-08-20,Home,Grandparents' House,Walk,8.05,96.6,0.0,Local
2006-08-21,Home,Shopping Centre,Car,8.89,13.3,1706.9,Local
2006-08-21,Shopping Centre,Hospital,Bus,2.91,7.0,305.6,Local
2006-08-24,Home,Grandparents' House,Car,9.83,14.7,1887.4,Local
2006-09-01,Home,Hospital,Car,8.97,13.5,1722.2,Local
2006-09-01,Hospital,Cinema,Bus,5.29,12.7,555.5,Local
2006-09-03,Home,Park,Walk,10.49,125.9,0.0,Local
2006-09-10,Home,Park,Car,17.44,26.2,3348.5,Local
2006-09-11,Shopping Centre,Home,Bus,9.32,22.4,978.6,Local
2006-09-11,Home,Shopping Centre,Car,5.61,8.4,1077.1,Local
2006-09-17,Home,Hospital,Car,17.12,25.7,3287.0,Local
2006-09-18,Home,Hospital,Walk,9.57,114.8,0.0,Local
2006-09-19,Home,Shopping Centre,Car,8.91,13.4,1710.7,Local
2006-09-20,Home,Park,Car,7.23,10.8,1388.2,Local
2006-09-21,Home,Shopping Centre,Walk,5.19,62.3,0.0,Local
2006-09-21,Shopping Centre,Park,Car,4.29,6.4,823.7,Local
2006-09-23,Home,Park,Bus,10.14,24.3,1064.7,Local
2006-09-26,Home,Park,Bus,19.22,46.1,2018.1,Local
2006-09-27,Home,Grandparents' House,Car,8.95,13.4,1718.4,Local
2006-09-28,Home,Park,Car,16.13,24.2,3097.0,Local
2006-09-30,Home,Park,Car,13.27,19.9,2547.8,Local
2006-10-01,Home,Shopping Centre,Walk,12.78,153.4,0.0,Local
2006-10-04,Home,Grandparents' House,Car,11.09,16.6,2129.3,Local
2006-10-05,Home,Hospital,Car,18.47,27.7,3546.2,Local
2006-10-07,Home,Park,Bus,11.9,28.6,1249.5,Local
2006-10-10,Home,Shopping Centre,Car,9.35,14.0,1795.2,Local
2006-10-11,Home,Park,Car,18.88,28.3,3625.0,Local
2006-10-12,Home,Shopping Centre,Car,9.07,13.6,1741.4,Local
2006-10-17,Home,Grandparents' House,Car,6.93,10.4,1330.6,Local
2006-10-18,Home,Park,Car,8.68,13.0,1666.6,Local
2006-10-21,Home,Shopping Centre,Car,17.01,25.5,3265.9,Local
2006-10-21,Shopping Centre,Park,Car,1.58,2.4,303.4,Local
2006-10-31,Home,Shopping Centre,Car,12.22,18.3,2346.2,Local
2006-11-01,Home,Shopping Centre,Bus,9.51,22.8,998.5,Local
2006-11-02,Home,Park,Car,10.27,15.4,1971.8,Local
2006-11-03,Home,Park,Car,10.36,15.5,1989.1,Local
2006-11-08,Home,Park,Bus,9.96,23.9,1045.8,Local
2006-11-10,Home,Park,Bus,15.83,38.0,1662.2,Local
2006-11-10,Park,Home,Bus,13.7,32.9,1438.5,Local
2006-11-13,Home,Grandparents' House,Car,7.58,11.4,1455.4,Local
2006-11-13,Grandparents' House,Park,Car,1.26,1.9,241.9,Local
2006-11-14,Home,Park,Car,13.76,20.6,2641.9,Local
2006-11-15,Home,Hospital,Car,7.04,10.6,1351.7,Local
2006-11-16,Home,Hospital,Car,8.94,13.4,1716.5,Local
2006-11-18,Home,Cinema,Car,10.14,15.2,1946.9,Local
2006-11-26,Home,Park,Car,5.36,8.0,1029.1,Local
2006-11-26,Park,Hospital,Walk,1.13,13.6,0.0,Local
2006-11-28,Home,Shopping Centre,Car,17.83,26.7,3423.4,Local
2006-12-01,Home,Cinema,Car,8.12,12.2,1559.0,Local
2006-12-01,Cinema,Shopping Centre,Car,5.0,7.5,960.0,Local
2006-12-03,Home,Shopping Centre,Car,18.4,27.6,3532.8,Local
2006-12-05,Home,Shopping Centre,Car,13.63,20.4,2617.0,Local
2006-12-05,Shopping Centre,Home,Car,6.23,9.3,1196.2,Local
2006-12-08,Cinema,Park,Car,4.49,6.7,862.1,Local
2006-12-08,Home,Cinema,Car,19.17,28.8,3680.6,Local
2006-12-13,Home,Shopping Centre,Car,11.04,16.6,2119.7,Local
2006-12-14,Home,Hospital,Car,17.58,26.4,3375.4,Local
2006-12-17,Home,Grandparents' House,Car,18.96,28.4,3640.3,Local
2006-12-18,Home,Shopping Centre,Car,13.66,20.5,2622.7,Local
2006-12-18,Shopping Centre,Hospital,Car,1.91,2.9,366.7,Local
2006-12-20,Home,Shopping Centre,Car,5.03,7.5,965.8,Local
2006-12-23,Home,Hospital,Car,10.13,15.2,1945.0,Local
2006-12-27,Home,Shopping Centre,Car,11.45,17.2,2198.4,Local
2006-12-30,Home,Hospital,Walk,9.91,118.9,0.0,Local
2006-12-31,Home,Hospital,Car,18.73,28.1,3596.2,Local
2007-01-09,Home,Shopping Centre,Bus,12.5,30.0,1312.5,Local
2007-01-11,Home,Cinema,Car,19.76,29.6,3793.9,Local
2007-01-19,Home,Cinema,Walk,16.64,199.7,0.0,Local
2007-01-19,Cinema,Home,Car,9.9,14.8,1900.8,Local
2007-01-20,Home,Shopping Centre,Car,18.18,27.3,3490.6,Local
2007-01-23,Home,Park,Bus,8.29,19.9,870.4,Local
2007-01-29,Hospital,Park,Car,4.09,6.1,785.3,Local
2007-01-29,Home,Hospital,Car,18.7,28.0,3590.4,Local
2007-02-04,Home,Hospital,Car,19.3,29.0,3705.6,Local
2007-02-05,Home,Cinema,Car,14.32,21.5,2749.4,Local
2007-02-09,Home,Park,Car,10.12,15.2,1943.0,Local
2007-02-11,Home,Grandparents' House,Car,6.15,9.2,1180.8,Local
2007-02-14,Home,Shopping Centre,Car,10.79,16.2,2071.7,Local
2007-02-16,Home,Park,Car,14.03,21.0,2693.8,Local
2007-02-18,Home,Hospital,Car,7.17,10.8,1376.6,Local
2007-02-22,Home,Grandparents' House,Car,6.02,9.0,1155.8,Local
2007-03-07,Home,Park,Car,8.59,12.9,1649.3,Local
2007-03-11,Home,Park,Bus,5.94,14.3,623.7,Local
2007-03-14,Home,Cinema,Car,6.22,9.3,1194.2,Local
2007-03-15,Home,Hospital,Bus,10.48,25.2,1100.4,Local
2007-03-15,Hospital,Shopping Centre,Car,7.63,11.4,1465.0,Local
2007-03-16,Home,Shopping Centre,Car,16.69,25.0,3204.5,Local
2007-03-16,Shopping Centre,Home,Car,14.9,22.4,2860.8,Local
2007-03-17,Home,Shopping Centre,Car,7.15,10.7,1372.8,Local
2007-03-18,Home,Hospital,Car,7.96,11.9,1528.3,Local
2007-03-19,Home,Cinema,Car,13.94,20.9,2676.5,Local
2007-03-19,Cinema,Hospital,Car,7.19,10.8,1380.5,Local
2007-03-20,Home,Park,Car,13.39,20.1,2570.9,Local
2007-03-23,Home,Hospital,Car,13.24,19.9,2542.1,Local
2007-03-31,Home,Hospital,Car,16.15,24.2,3100.8,Local
2007-04-04,Home,Shopping Centre,Car,10.37,15.6,1991.0,Local
2007-04-07,Home,Shopping Centre,Car,17.84,26.8,3425.3,Local
2007-04-07,Shopping Centre,Cinema,Car,4.27,6.4,819.8,Local
2007-04-09,Home,Grandparents' House,Car,7.13,10.7,1369.0,Local
2007-04-10,Home,Hospital,Bus,5.72,13.7,600.6,Local
2007-04-11,Home,Hospital,Car,9.9,14.8,1900.8,Local
2007-04-12,Home,Park,Car,14.82,22.2,2845.4,Local
2007-04-12,Park,Hospital,Walk,3.82,45.8,0.0,Local
2007-04-14,Home,Shopping Centre,Walk,14.12,169.4,0.0,Local
2007-04-15,Home,Hospital,Bus,11.91,28.6,1250.5,Local
2007-04-17,Grandparents' House,Park,Car,4.85,7.3,931.2,Local
2007-04-17,Home,Grandparents' House,Car,13.45,20.2,2582.4,Local
2007-04-19,Home,Park,Car,8.09,12.1,1553.3,Local
2007-04-21,Home,Hospital,Car,8.94,13.4,1716.5,Local
2007-04-21,Hospital,Home,Walk,15.18,182.2,0.0,Local
2007-04-22,Home,Shopping Centre,Car,15.94,23.9,3060.5,Local
2007-04-24,Home,Grandparents' House,Bus,8.39,20.1,881.0,Local
2007-04-24,Grandparents' House,Shopping Centre,Car,0.56,0.8,107.5,Local
2007-04-27,Home,Park,Car,10.74,16.1,2062.1,Local
2007-04-28,Home,Grandparents' House,Walk,15.86,190.3,0.0,Local
2007-05-01,Home,Park,Car,17.28,25.9,3317.8,Local
2007-05-02,Home,Shopping Centre,Car,11.39,17.1,2186.9,Local
2007-05-03,Home,Cinema,Car,11.72,17.6,2250.2,Local
2007-05-07,Home,Shopping Centre,Car,10.28,15.4,1973.8,Local
2007-05-07,Shopping Centre,Home,Walk,14.97,179.6,0.0,Local
2007-05-08,Home,Cinema,Car,18.27,27.4,3507.8,Local
2007-05-09,Home,Shopping Centre,Car,18.58,27.9,3567.4,Local
2007-05-09,Shopping Centre,Hospital,Bus,4.14,9.9,434.7,Local
2007-05-12,Home,Grandparents' House,Car,13.08,19.6,2511.4,Local
2007-05-13,Home,Grandparents' House,Bus,6.13,14.7,643.6,Local
2007-05-14,Home,Shopping Centre,Car,17.59,26.4,3377.3,Local
2007-05-14,Shopping Centre,Cinema,Car,6.22,9.3,1194.2,Local
2007-05-15,Home,Shopping Centre,Car,13.4,20.1,2572.8,Local
2007-05-15,Shopping Centre,Grandparents' House,Walk,6.42,77.0,0.0,Local
2007-05-17,Home,Cinema,Car,14.48,21.7,2780.2,Local
2007-05-19,Home,Grandparents' House,Walk,15.26,183.1,0.0,Local
2007-05-21,Home,Grandparents' House,Car,5.38,8.1,1033.0,Local
2007-05-21,Grandparents' House,Hospital,Car,5.52,8.3,1059.8,Local
2007-05-22,Home,Shopping Centre,Car,18.25,27.4,3504.0,Local
2007-05-24,Home,Shopping Centre,Car,19.37,29.1,3719.0,Local
2007-05-25,Home,Grandparents' House,Car,16.38,24.6,3145.0,Local
2007-05-25,Grandparents' House,Home,Car,16.99,25.5,3262.1,Local
2007-05-29,Home,Park,Car,12.29,18.4,2359.7,Local
2007-05-30,Home,Grandparents' House,Walk,18.53,222.4,0.0,Local
2007-05-31,Home,Shopping Centre,Bus,5.98,14.4,627.9,Local
2007-05-31,Shopping Centre,Cinema,Walk,5.08,61.0,0.0,Local
2007-06-02,Grandparents' House,Park,Car,0.56,0.8,107.5,Local
2007-06-02,Home,Grandparents' House,Car,13.35,20.0,2563.2,Local
2007-06-03,Home,Shopping Centre,Car,17.31,26.0,3323.5,Local
2007-06-09,Home,Cinema,Car,17.76,26.6,3409.9,Local
2007-06-20,Home,Cinema,Car,14.58,21.9,2799.4,Local
2007-06-22,Home,Park,Walk,12.16,145.9,0.0,Local
2007-06-24,Home,Cinema,Car,10.05,15.1,1929.6,Local
2007-06-25,Home,Shopping Centre,Car,18.41,27.6,3534.7,Local
2007-06-25,Shopping Centre,Cinema,Walk,6.48,77.8,0.0,Local
2007-06-27,Home,Cricket Ground,Train,7.96,10.6,326.4,Local
2007-06-27,Cricket Ground,Park,Bicycle,0.69,2.8,0.0,Local
2007-06-28,Home,Grandparents' House,Train,10.62,14.2,435.4,Local
2007-06-28,Grandparents' House,School,Bus,7.42,17.8,779.1,Local
2007-06-28,School,Cricket Ground,Tram,7.32,22.0,439.2,Local
2007-06-29,Home,Cinema,Bus,7.59,18.2,796.9,Local
2007-06-30,Home,Cinema,Bus,13.6,32.6,1428.0,Local
2007-07-02,Friend's Place,Park,Train,3.24,4.3,132.8,Local
2007-07-02,Home,Friend's Place,Train,13.58,18.1,556.8,Local
2007-07-03,Home,Friend's Place,Bus,11.4,27.4,1197.0,Local
2007-07-06,Home,School,Bus,18.46,44.3,1938.3,Local
2007-07-06,School,Home,Walk,13.18,158.2,0.0,Local
2007-07-08,Home,School,Bus,11.62,27.9,1220.1,Local
2007-07-09,Home,Park,Car,17.81,26.7,3419.5,Local
2007-07-10,Home,Grandparents' House,Walk,8.83,106.0,0.0,Local
2007-07-11,School,Shopping Centre,Bus,1.4,3.4,147.0,Local
2007-07-11,Home,School,Bus,8.9,21.4,934.5,Local
2007-07-12,Home,Cricket Ground,Bus,13.53,32.5,1420.6,Local
2007-07-13,Home,Shopping Centre,Tram,15.41,46.2,924.6,Local
2007-07-14,Home,School,Bus,19.71,47.3,2069.6,Local
2007-07-15,Home,School,Bus,7.34,17.6,770.7,Local
2007-07-16,Home,Park,Walk,11.19,134.3,0.0,Local
2007-07-17,Home,Park,Train,17.61,23.5,722.0,Local
2007-07-20,Home,Grandparents' House,Walk,6.05,72.6,0.0,Local
2007-07-21,Home,Friend's Place,Bicycle,12.01,48.0,0.0,Local
2007-07-24,Shopping Centre,School,Bus,3.84,9.2,403.2,Local
2007-07-24,School,Shopping Centre,Walk,1.41,16.9,0.0,Local
2007-07-24,Home,School,Bus,12.04,28.9,1264.2,Local
2007-07-27,Home,Shopping Centre,Bicycle,9.33,37.3,0.0,Local
2007-07-27,Shopping Centre,Park,Car,1.27,1.9,243.8,Local
2007-07-28,Home,Cricket Ground,Tram,11.02,33.1,661.2,Local
2007-07-29,Home,Shopping Centre,Train,13.01,17.3,533.4,Local
2007-07-30,Home,Friend's Place,Bicycle,7.92,31.7,0.0,Local
2007-08-01,Home,Grandparents' House,Bicycle,12.29,49.2,0.0,Local
2007-08-01,Grandparents' House,Home,Train,10.5,14.0,430.5,Local
2007-08-02,Home,Cinema,Bicycle,16.21,64.8,0.0,Local
2007-08-02,Cinema,Friend's Place,Bus,7.0,16.8,735.0,Local
2007-08-02,Friend's Place,Cricket Ground,Car,2.61,3.9,501.1,Local
2007-08-03,Home,Shopping Centre,Car,7.4,11.1,1420.8,Local
2007-08-03,Shopping Centre,Park,Car,4.4,6.6,844.8,Local
2007-08-04,Home,Park,Tram,9.59,28.8,575.4,Local
2007-08-05,Home,Grandparents' House,Tram,12.1,36.3,726.0,Local
2007-08-06,Friend's Place,Cricket Ground,Bicycle,6.21,24.8,0.0,Local
2007-08-06,Home,Friend's Place,Car,12.13,18.2,2329.0,Local
2007-08-08,Home,Grandparents' House,Tram,12.07,36.2,724.2,Local
2007-08-08,Grandparents' House,School,Bus,7.48,18.0,785.4,Local
2007-08-08,School,Home,Bicycle,9.61,38.4,0.0,Local
2007-08-09,Home,Park,Walk,12.93,155.2,0.0,Local
2007-08-09,Park,Cricket Ground,Bicycle,5.26,21.0,0.0,Local
2007-08-09,Cricket Ground,Cinema,Car,7.71,11.6,1480.3,Local
2007-08-10,Cinema,Shopping Centre,Bus,2.23,5.4,234.2,Local
2007-08-10,Home,Cinema,Bicycle,8.8,35.2,0.0,Local
2007-08-10,Shopping Centre,Friend's Place,Bus,6.38,15.3,669.9,Local
2007-08-11,Home,Grandparents' House,Train,14.19,18.9,581.8,Local
2007-08-11,Grandparents' House,Cricket Ground,Bicycle,4.12,16.5,0.0,Local
2007-08-12,Home,Shopping Centre,Bus,5.79,13.9,608.0,Local
2007-08-14,Home,Friend's Place,Bus,12.47,29.9,1309.4,Local
2007-08-15,Home,Shopping Centre,Walk,11.37,136.4,0.0,Local
2007-08-16,Park,Friend's Place,Car,2.99,4.5,574.1,Local
2007-08-16,Home,Park,Car,16.87,25.3,3239.0,Local
2007-08-16,Friend's Place,School,Bus,1.91,4.6,200.5,Local
2007-08-17,Home,Cricket Ground,Train,15.89,21.2,651.5,Local
2007-08-18,Home,Cinema,Walk,10.72,128.6,0.0,Local
2007-08-22,Grandparents' House,School,Bus,2.57,6.2,269.8,Local
2007-08-22,Home,Grandparents' House,Train,8.35,11.1,342.3,Local
2007-08-22,School,Grandparents' House,Train,4.3,5.7,176.3,Local
2007-08-23,Home,Shopping Centre,Train,17.67,23.6,724.5,Local
2007-08-26,Home,Park,Bicycle,5.92,23.7,0.0,Local
2007-08-28,Home,Grandparents' House,Car,13.1,19.7,2515.2,Local
2007-08-29,Home,Cricket Ground,Bicycle,18.15,72.6,0.0,Local
2007-08-30,Home,Cinema,Walk,16.06,192.7,0.0,Local
2007-08-31,Home,Grandparents' House,Tram,12.17,36.5,730.2,Local
2007-08-31,Grandparents' House,Park,Car,3.17,4.8,608.6,Local
2007-09-01,Home,Grandparents' House,Bicycle,16.64,66.6,0.0,Local
2007-09-02,Home,School,Bus,9.99,24.0,1049.0,Local
2007-09-03,Home,Cinema,Bus,14.62,35.1,1535.1,Local
2007-09-05,Home,Cricket Ground,Car,18.5,27.8,3552.0,Local
2007-09-06,Home,Cinema,Walk,5.95,71.4,0.0,Local
2007-09-07,Home,Park,Train,11.79,15.7,483.4,Local
2007-09-08,Home,Cinema,Tram,12.93,38.8,775.8,Local
2007-09-08,Cinema,Park,Tram,5.15,15.5,309.0,Local
2007-09-09,Home,Cricket Ground,Bus,9.4,22.6,987.0,Local
2007-09-09,Cricket Ground,Park,Tram,7.43,22.3,445.8,Local
2007-09-09,Park,Home,Bicycle,15.35,61.4,0.0,Local
2007-09-12,Home,Shopping Centre,Bus,12.62,30.3,1325.1,Local
2007-09-14,Home,Cricket Ground,Tram,14.04,42.1,842.4,Local
2007-09-16,Home,Shopping Centre,Tram,19.01,57.0,1140.6,Local
2007-09-16,Shopping Centre,Friend's Place,Car,6.06,9.1,1163.5,Local
2007-09-16,Friend's Place,Shopping Centre,Bus,6.62,15.9,695.1,Local
2007-09-17,Home,Grandparents' House,Bus,13.92,33.4,1461.6,Local
2007-09-17,Grandparents' House,Park,Bicycle,3.55,14.2,0.0,Local
2007-09-18,Home,Friend's Place,Bus,10.66,25.6,1119.3,Local
2007-09-19,Home,Cinema,Train,11.8,15.7,483.8,Local
2007-09-20,Park,Shopping Centre,Tram,5.47,16.4,328.2,Local
2007-09-20,Home,Park,Tram,17.24,51.7,1034.4,Local
2007-09-21,Home,Park,Train,9.28,12.4,380.5,Local
2007-09-23,Home,Cinema,Car,7.79,11.7,1495.7,Local
2007-09-23,Cinema,Grandparents' House,Bus,1.8,4.3,189.0,Local
2007-09-23,Grandparents' House,Home,Train,12.03,16.0,493.2,Local
2007-09-24,Home,Shopping Centre,Walk,14.39,172.7,0.0,Local
2007-09-25,Home,Cinema,Car,8.66,13.0,1662.7,Local
2007-09-26,Home,School,Bus,12.21,29.3,1282.1,Local
2007-09-28,Home,Grandparents' House,Train,8.15,10.9,334.2,Local
2007-09-29,Home,Grandparents' House,Tram,19.34,58.0,1160.4,Local
2007-09-30,Home,Park,Bicycle,14.87,59.5,0.0,Local
2007-10-01,Home,Friend's Place,Car,15.53,23.3,2981.8,Local
2007-10-01,Friend's Place,Cinema,Bicycle,4.29,17.2,0.0,Local
2007-10-02,Home,Friend's Place,Bicycle,12.58,50.3,0.0,Local
2007-10-04,Home,Cinema,Car,8.2,12.3,1574.4,Local
2007-10-04,Cinema,Grandparents' House,Tram,5.66,17.0,339.6,Local
2007-10-04,Grandparents' House,Cinema,Tram,6.78,20.3,406.8,Local
2007-10-05,Grandparents' House,Cricket Ground,Car,1.78,2.7,341.8,Local
2007-10-05,Home,Grandparents' House,Tram,8.02,24.1,481.2,Local
2007-10-06,Home,Park,Bicycle,7.51,30.0,0.0,Local
2007-10-07,Home,Cricket Ground,Bus,19.0,45.6,1995.0,Local
2007-10-07,Cricket Ground,School,Bus,5.81,13.9,610.0,Local
2007-10-08,Home,School,Bus,8.21,19.7,862.1,Local
2007-10-08,School,Park,Bus,2.92,7.0,306.6,Local
2007-10-09,Home,Cinema,Car,8.35,12.5,1603.2,Local
2007-10-10,Home,Friend's Place,Train,9.09,12.1,372.7,Local
2007-10-11,Park,Grandparents' House,Car,6.9,10.4,1324.8,Local
2007-10-11,Home,Park,Car,19.42,29.1,3728.6,Local
2007-10-14,Home,Cricket Ground,Walk,13.1,157.2,0.0,Local
2007-10-14,Cricket Ground,Park,Bicycle,3.6,14.4,0.0,Local
2007-10-14,Park,Friend's Place,Walk,5.33,64.0,0.0,Local
2007-10-15,Home,Cinema,Bus,14.32,34.4,1503.6,Local
2007-10-17,Home,Shopping Centre,Train,13.38,17.8,548.6,Local
2007-10-18,Home,Cinema,Bus,15.55,37.3,1632.8,Local
2007-10-19,Home,Grandparents' House,Bicycle,13.14,52.6,0.0,Local
2007-10-19,Grandparents' House,Cinema,Train,7.5,10.0,307.5,Local
2007-10-20,Home,Friend's Place,Tram,10.0,30.0,600.0,Local
2007-10-22,Home,Grandparents' House,Car,11.53,17.3,2213.8,Local
2007-10-23,Home,Shopping Centre,Bicycle,15.56,62.2,0.0,Local
2007-10-24,Home,Cinema,Car,10.51,15.8,2017.9,Local
2007-10-25,Home,Park,Tram,8.62,25.9,517.2,Local
2007-10-26,Home,School,Bus,15.83,38.0,1662.2,Local
2007-10-26,School,Cinema,Train,4.14,5.5,169.7,Local
2007-10-26,Cinema,Home,Train,10.95,14.6,448.9,Local
2007-10-28,Home,Cinema,Bus,9.36,22.5,982.8,Local
2007-10-29,Home,School,Bus,6.62,15.9,695.1,Local
2007-10-30,Home,School,Bus,13.78,33.1,1446.9,Local
2007-10-31,Home,Cinema,Train,18.52,24.7,759.3,Local
2007-11-01,Home,Park,Car,12.54,18.8,2407.7,Local
2007-11-01,Park,Home,Train,8.41,11.2,344.8,Local
2007-11-03,Home,Cricket Ground,Tram,7.56,22.7,453.6,Local
2007-11-03,Cricket Ground,Park,Bicycle,2.49,10.0,0.0,Local
2007-11-04,Home,Grandparents' House,Bicycle,13.71,54.8,0.0,Local
2007-11-06,Home,Grandparents' House,Bicycle,9.69,38.8,0.0,Local
2007-11-07,Home,School,Bus,10.54,25.3,1106.7,Local
2007-11-08,Home,School,Bus,18.5,44.4,1942.5,Local
2007-11-09,Home,Cinema,Bus,16.87,40.5,1771.4,Local
2007-11-09,Cinema,School,Bus,4.29,10.3,450.4,Local
2007-11-10,Home,Park,Train,13.05,17.4,535.1,Local
2007-11-11,Home,Grandparents' House,Walk,10.52,126.2,0.0,Local
2007-11-12,Home,School,Bus,11.75,28.2,1233.8,Local
2007-11-14,Home,Friend's Place,Train,7.98,10.6,327.2,Local
2007-11-15,School,Shopping Centre,Bicycle,4.05,16.2,0.0,Local
2007-11-15,Home,Cricket Ground,Bicycle,11.71,46.8,0.0,Local
2007-11-15,Cricket Ground,School,Bus,5.3,12.7,556.5,Local
2007-11-16,Home,Cricket Ground,Bicycle,9.24,37.0,0.0,Local
2007-11-16,Cricket Ground,Shopping Centre,Car,6.0,9.0,1152.0,Local
2007-11-17,Home,Friend's Place,Walk,10.7,128.4,0.0,Local
2007-11-17,Friend's Place,Cinema,Bus,7.85,18.8,824.2,Local
2007-11-18,Home,Park,Bus,19.8,47.5,2079.0,Local
2007-11-19,Home,School,Bus,7.8,18.7,819.0,Local
2007-11-20,Home,School,Bus,14.61,35.1,1534.0,Local
2007-11-21,Home,Friend's Place,Bus,10.72,25.7,1125.6,Local
2007-11-22,Home,Cricket Ground,Tram,16.96,50.9,1017.6,Local
2007-11-22,Cricket Ground,Park,Train,7.58,10.1,310.8,Local
2007-11-22,Park,Cricket Ground,Tram,1.11,3.3,66.6,Local
2007-11-23,Home,Shopping Centre,Car,16.53,24.8,3173.8,Local
2007-11-24,Home,Shopping Centre,Bus,17.61,42.3,1849.0,Local
2007-11-25,Home,Friend's Place,Bus,8.77,21.0,920.8,Local
2007-11-26,Home,Shopping Centre,Bus,6.82,16.4,716.1,Local
2007-11-27,Home,School,Bus,5.04,12.1,529.2,Local
2007-11-28,Home,Cricket Ground,Train,5.13,6.8,210.3,Local
2007-11-28,Cricket Ground,Friend's Place,Tram,2.56,7.7,153.6,Local
2007-11-29,Home,School,Bus,11.82,28.4,1241.1,Local
2007-11-29,School,Cinema,Train,1.37,1.8,56.2,Local
2007-11-29,Cinema,Cricket Ground,Tram,5.22,15.7,313.2,Local
2007-12-01,Home,Park,Bicycle,11.77,47.1,0.0,Local
2007-12-01,Park,Friend's Place,Tram,5.9,17.7,354.0,Local
2007-12-01,Friend's Place,School,Bus,2.13,5.1,223.6,Local
2007-12-03,School,Home,Bus,6.01,14.4,631.0,Local
2007-12-03,Home,Park,Bicycle,17.85,71.4,0.0,Local
2007-12-03,Park,School,Bus,7.17,17.2,752.9,Local
2007-12-04,Home,Friend's Place,Tram,5.15,15.5,309.0,Local
2007-12-04,Friend's Place,Grandparents' House,Bicycle,6.21,24.8,0.0,Local
2007-12-05,Home,Park,Train,10.91,14.5,447.3,Local
2007-12-06,Cinema,Friend's Place,Train,6.64,8.9,272.2,Local
2007-12-06,Home,Cinema,Car,14.93,22.4,2866.6,Local
2007-12-06,Friend's Place,Shopping Centre,Car,1.97,3.0,378.2,Local
2007-12-08,Home,Friend's Place,Train,17.61,23.5,722.0,Local
2007-12-09,Home,Cricket Ground,Walk,16.85,202.2,0.0,Local
2007-12-10,Home,School,Bus,5.41,13.0,568.1,Local
2007-12-11,Home,Cinema,Tram,19.72,59.2,1183.2,Local
2007-12-11,Cinema,Home,Tram,15.25,45.8,915.0,Local
2007-12-11,Home,Friend's Place,Bicycle,11.63,46.5,0.0,Local
2007-12-13,Home,School,Bus,6.57,15.8,689.9,Local
2007-12-13,School,Shopping Centre,Bicycle,5.39,21.6,0.0,Local
2007-12-13,Shopping Centre,Park,Bus,0.54,1.3,56.7,Local
2007-12-14,Park,School,Bus,0.69,1.7,72.4,Local
2007-12-14,Home,Park,Bicycle,6.65,26.6,0.0,Local
2007-12-15,Home,Grandparents' House,Bus,9.83,23.6,1032.2,Local
2007-12-16,Home,Friend's Place,Walk,14.97,179.6,0.0,Local
2007-12-17,Home,Park,Car,11.68,17.5,2242.6,Local
2007-12-18,Home,Cricket Ground,Bicycle,9.09,36.4,0.0,Local
2007-12-18,Cricket Ground,Cinema,Walk,4.39,52.7,0.0,Local
2007-12-19,Home,Cricket Ground,Walk,15.13,181.6,0.0,Local
2007-12-20,Home,Park,Bicycle,13.24,53.0,0.0,Local
2007-12-21,School,Friend's Place,Tram,4.29,12.9,257.4,Local
2007-12-21,Home,Cricket Ground,Train,10.76,14.3,441.2,Local
2007-12-21,Cricket Ground,School,Bus,5.8,13.9,609.0,Local
2007-12-22,Home,School,Bus,15.86,38.1,1665.3,Local
2007-12-23,Home,School,Bus,13.25,31.8,1391.2,Local
2007-12-25,Home,Cinema,Walk,10.26,123.1,0.0,Local
2007-12-26,Home,Park,Walk,5.75,69.0,0.0,Local
2007-12-28,Home,Grandparents' House,Walk,17.51,210.1,0.0,Local
2007-12-29,Home,Friend's Place,Bicycle,16.06,64.2,0.0,Local
2007-12-30,Home,Friend's Place,Bicycle,5.49,22.0,0.0,Local
2007-12-30,Friend's Place,School,Bus,2.25,5.4,236.2,Local
2007-12-30,School,Cricket Ground,Walk,2.29,27.5,0.0,Local
2007-12-31,Home,Cinema,Bicycle,15.32,61.3,0.0,Local
2007-12-31,Cinema,Home,Bus,10.81,25.9,1135.0,Local
2008-01-01,Home,Grandparents' House,Bicycle,17.0,68.0,0.0,Local
2008-01-02,Home,Friend's Place,Car,14.3,21.5,2745.6,Local
2008-01-03,Park,School,Bus,7.79,18.7,818.0,Local
2008-01-03,School,Grandparents' House,Tram,3.43,10.3,205.8,Local
2008-01-03,Home,Park,Car,10.79,16.2,2071.7,Local
2008-01-04,Home,Park,Tram,19.13,57.4,1147.8,Local
2008-01-05,Home,Grandparents' House,Car,17.6,26.4,3379.2,Local
2008-01-05,Grandparents' House,Home,Train,17.18,22.9,704.4,Local
2008-01-07,Home,Friend's Place,Bicycle,11.22,44.9,0.0,Local
2008-01-07,Friend's Place,Shopping Centre,Train,0.78,1.0,32.0,Local
2008-01-07,Shopping Centre,Park,Walk,6.8,81.6,0.0,Local
2008-01-08,Home,Grandparents' House,Walk,13.57,162.8,0.0,Local
2008-01-09,Home,School,Bus,19.13,45.9,2008.6,Local
2008-01-11,Home,Grandparents' House,Car,5.34,8.0,1025.3,Local
2008-01-11,Grandparents' House,Home,Walk,18.57,222.8,0.0,Local
2008-01-11,Home,Shopping Centre,Walk,14.11,169.3,0.0,Local
2008-01-12,Home,Cricket Ground,Walk,14.86,178.3,0.0,Local
2008-01-12,Cricket Ground,Friend's Place,Tram,2.37,7.1,142.2,Local
2008-01-13,Home,Cricket Ground,Car,18.88,28.3,3625.0,Local
2008-01-14,Shopping Centre,Home,Bus,13.87,33.3,1456.3,Local
2008-01-14,Home,Shopping Centre,Train,5.95,7.9,244.0,Local
2008-01-15,Home,School,Bus,14.01,33.6,1471.0,Local
2008-01-16,Home,Friend's Place,Tram,10.56,31.7,633.6,Local
2008-01-17,Home,Grandparents' House,Car,9.44,14.2,1812.5,Local
2008-01-18,Home,Shopping Centre,Tram,16.65,49.9,999.0,Local
2008-01-20,Home,Friend's Place,Car,18.01,27.0,3457.9,Local
2008-01-21,Home,Cinema,Walk,8.12,97.4,0.0,Local
2008-01-24,Home,Grandparents' House,Train,15.84,21.1,649.4,Local
2008-01-25,Home,Cinema,Tram,11.27,33.8,676.2,Local
2008-01-25,Cinema,Shopping Centre,Bus,3.09,7.4,324.4,Local
2008-01-26,Grandparents' House,Park,Bus,4.59,11.0,481.9,Local
2008-01-26,Home,Grandparents' House,Train,19.99,26.7,819.6,Local
2008-01-27,Home,Friend's Place,Walk,9.31,111.7,0.0,Local
2008-01-29,Home,Grandparents' House,Bus,8.2,19.7,861.0,Local
2008-01-31,Home,Cinema,Train,13.28,17.7,544.5,Local
2008-01-31,Cinema,Shopping Centre,Bus,4.02,9.6,422.1,Local
2008-02-01,Home,Cinema,Bus,8.67,20.8,910.4,Local
2008-02-01,Cinema,Grandparents' House,Walk,5.59,67.1,0.0,Local
2008-02-02,Home,School,Bus,18.43,44.2,1935.1,Local
2008-02-03,Home,Grandparents' House,Tram,5.47,16.4,328.2,Local
2008-02-04,Home,Grandparents' House,Walk,7.37,88.4,0.0,Local
2008-02-05,Home,Park,Walk,9.1,109.2,0.0,Local
2008-02-06,Home,Grandparents' House,Car,11.17,16.8,2144.6,Local
2008-02-08,Home,School,Bus,5.8,13.9,609.0,Local
2008-02-08,School,Shopping Centre,Train,7.04,9.4,288.6,Local
2008-02-09,Home,School,Bus,11.32,27.2,1188.6,Local
2008-02-10,Home,Cinema,Bicycle,7.74,31.0,0.0,Local
2008-02-10,Cinema,Cricket Ground,Bicycle,7.52,30.1,0.0,Local
2008-02-12,Home,Friend's Place,Train,5.25,7.0,215.2,Local
2008-02-13,Home,Cinema,Train,17.0,22.7,697.0,Local
2008-02-14,Home,Cricket Ground,Car,17.63,26.4,3385.0,Local
2008-02-15,Home,Park,Tram,6.19,18.6,371.4,Local
2008-02-16,Home,Cinema,Walk,18.77,225.2,0.0,Local
2008-02-17,Home,Shopping Centre,Train,18.84,25.1,772.4,Local
2008-02-17,Shopping Centre,Home,Walk,5.19,62.3,0.0,Local
2008-02-19,Home,Friend's Place,Bus,7.31,17.5,767.5,Local
2008-02-19,Friend's Place,Cricket Ground,Train,0.82,1.1,33.6,Local
2008-02-20,Home,Park,Tram,11.81,35.4,708.6,Local
2008-02-23,Home,Park,Walk,12.12,145.4,0.0,Local
2008-02-24,Home,Cinema,Train,18.83,25.1,772.0,Local
2008-02-24,Cinema,Park,Train,4.68,6.2,191.9,Local
2008-02-25,Home,School,Bus,17.99,43.2,1888.9,Local
2008-02-25,School,Grandparents' House,Walk,7.85,94.2,0.0,Local
2008-02-27,Home,Park,Tram,11.65,35.0,699.0,Local
2008-03-02,Home,Cricket Ground,Tram,7.13,21.4,427.8,Local
2008-03-03,Home,Park,Tram,18.99,57.0,1139.4,Local
2008-03-04,Home,Park,Bicycle,19.34,77.4,0.0,Local
2008-03-05,Grandparents' House,Cinema,Bicycle,6.89,27.6,0.0,Local
2008-03-05,Home,Grandparents' House,Car,13.37,20.1,2567.0,Local
2008-03-06,Home,Cinema,Bus,15.71,37.7,1649.6,Local
2008-03-07,Home,Cinema,Bus,11.22,26.9,1178.1,Local
2008-03-08,Home,Friend's Place,Train,18.21,24.3,746.6,Local
2008-03-09,Home,Grandparents' House,Bicycle,8.38,33.5,0.0,Local
2008-03-10,Home,School,Bus,18.06,43.3,1896.3,Local
2008-03-11,Home,Shopping Centre,Walk,17.59,211.1,0.0,Local
2008-03-12,Cinema,Home,Car,11.41,17.1,2190.7,Local
2008-03-12,Cricket Ground,Cinema,Tram,5.37,16.1,322.2,Local
2008-03-12,Home,Cricket Ground,Tram,14.88,44.6,892.8,Local
2008-03-13,Home,Cinema,Bicycle,16.59,66.4,0.0,Local
2008-03-15,Home,Shopping Centre,Train,16.33,21.8,669.5,Local
2008-03-15,Shopping Centre,Cinema,Walk,2.71,32.5,0.0,Local
2008-03-16,Home,Cinema,Car,10.02,15.0,1923.8,Local
2008-03-16,Cinema,School,Bus,1.79,4.3,188.0,Local
2008-03-17,Home,Cricket Ground,Bicycle,9.02,36.1,0.0,Local
2008-03-17,Cricket Ground,Cinema,Bus,0.62,1.5,65.1,Local
2008-03-18,Home,Grandparents' House,Bus,13.09,31.4,1374.5,Local
2008-03-20,Home,School,Bus,12.93,31.0,1357.6,Local
2008-03-21,Home,Friend's Place,Bus,19.38,46.5,2034.9,Local
2008-03-21,Friend's Place,Shopping Centre,Car,2.49,3.7,478.1,Local
2008-03-22,Home,Friend's Place,Bicycle,11.87,47.5,0.0,Local
2008-03-24,Home,Cricket Ground,Bicycle,19.91,79.6,0.0,Local
2008-03-24,Cricket Ground,School,Bus,3.29,7.9,345.4,Local
2008-03-24,School,Grandparents' House,Walk,4.28,51.4,0.0,Local
2008-03-25,Cricket Ground,Park,Walk,5.11,61.3,0.0,Local
2008-03-25,Home,Cricket Ground,Train,16.73,22.3,685.9,Local
2008-03-26,Home,Park,Tram,18.44,55.3,1106.4,Local
2008-03-26,Park,Cricket Ground,Bus,2.05,4.9,215.2,Local
2008-03-26,Cricket Ground,Cinema,Bicycle,5.87,23.5,0.0,Local
2008-03-27,Home,Shopping Centre,Bicycle,17.45,69.8,0.0,Local
2008-03-29,Home,School,Bus,19.51,46.8,2048.6,Local
2008-03-30,Home,Friend's Place,Tram,12.81,38.4,768.6,Local
2008-04-01,Home,Grandparents' House,Train,18.93,25.2,776.1,Local
2008-04-02,Home,Park,Train,11.57,15.4,474.4,Local
2008-04-03,Home,Grandparents' House,Train,5.75,7.7,235.8,Local
2008-04-04,Home,Cricket Ground,Walk,18.97,227.6,0.0,Local
2008-04-05,Home,Cricket Ground,Train,11.39,15.2,467.0,Local
2008-04-05,Cricket Ground,School,Bus,2.34,5.6,245.7,Local
2008-04-07,Home,Shopping Centre,Bus,7.63,18.3,801.1,Local
2008-04-07,Shopping Centre,Home,Bicycle,18.0,72.0,0.0,Local
2008-04-07,Home,Cinema,Train,12.27,16.4,503.1,Local
2008-04-08,Home,Cinema,Train,9.97,13.3,408.8,Local
2008-04-09,Home,Park,Tram,13.66,41.0,819.6,Local
2008-04-10,Home,Park,Bicycle,8.76,35.0,0.0,Local
2008-04-11,Home,Shopping Centre,Train,15.99,21.3,655.6,Local
2008-04-11,Shopping Centre,Cricket Ground,Bus,5.74,13.8,602.7,Local
2008-04-11,Cricket Ground,Park,Car,6.89,10.3,1322.9,Local
2008-04-12,Home,School,Bus,17.33,41.6,1819.6,Local
2008-04-12,School,Shopping Centre,Car,4.19,6.3,804.5,Local
2008-04-12,Shopping Centre,Park,Car,3.5,5.2,672.0,Local
2008-04-13,Home,Grandparents' House,Train,14.95,19.9,612.9,Local
2008-04-14,Home,Cricket Ground,Bus,9.69,23.3,1017.4,Local
2008-04-15,Home,Cricket Ground,Train,9.14,12.2,374.7,Local
2008-04-17,Home,Cricket Ground,Bicycle,16.09,64.4,0.0,Local
2008-04-18,Home,Shopping Centre,Bicycle,11.25,45.0,0.0,Local
2008-04-18,Shopping Centre,Park,Tram,0.87,2.6,52.2,Local
2008-04-18,Park,Home,Bus,9.88,23.7,1037.4,Local
2008-04-19,Home,School,Bus,15.94,38.3,1673.7,Local
2008-04-20,Home,School,Bus,8.93,21.4,937.6,Local
2008-04-21,Home,Grandparents' House,Train,6.4,8.5,262.4,Local
2008-04-21,Grandparents' House,School,Bus,7.24,17.4,760.2,Local
2008-04-22,Home,Shopping Centre,Train,12.98,17.3,532.2,Local
2008-04-23,Home,Grandparents' House,Tram,11.17,33.5,670.2,Local
2008-04-24,Home,Cricket Ground,Car,8.12,12.2,1559.0,Local
2008-04-24,Cricket Ground,Park,Bicycle,3.65,14.6,0.0,Local
2008-04-25,Home,Park,Bus,6.08,14.6,638.4,Local
2008-04-27,Home,Park,Car,7.58,11.4,1455.4,Local
2008-04-29,Home,Cinema,Bicycle,12.32,49.3,0.0,Local
2008-04-30,Home,Cricket Ground,Car,15.32,23.0,2941.4,Local
2008-04-30,Cricket Ground,Cinema,Train,7.93,10.6,325.1,Local
2008-04-30,Cinema,Park,Train,3.57,4.8,146.4,Local
2008-05-01,Home,Cinema,Tram,6.67,20.0,400.2,Local
2008-05-06,Home,Park,Bicycle,19.92,79.7,0.0,Local
2008-05-08,Home,Cinema,Walk,11.01,132.1,0.0,Local
2008-05-08,Cinema,Shopping Centre,Train,3.81,5.1,156.2,Local
2008-05-09,Home,Shopping Centre,Tram,18.27,54.8,1096.2,Local
2008-05-10,Home,Cricket Ground,Tram,15.26,45.8,915.6,Local
2008-05-11,School,Park,Train,2.23,3.0,91.4,Local
2008-05-11,Home,School,Bus,10.84,26.0,1138.2,Local
2008-05-12,Home,Friend's Place,Bus,17.91,43.0,1880.5,Local
2008-05-14,Home,Shopping Centre,Bicycle,15.59,62.4,0.0,Local
2008-05-14,Shopping Centre,Park,Bicycle,6.14,24.6,0.0,Local
2008-05-15,Home,Cinema,Train,8.29,11.1,339.9,Local
2008-05-17,Home,School,Bus,7.58,18.2,795.9,Local
2008-05-18,Home,Cinema,Walk,7.32,87.8,0.0,Local
2008-05-18,Cinema,Shopping Centre,Train,1.51,2.0,61.9,Local
2008-05-19,Home,Grandparents' House,Walk,16.92,203.0,0.0,Local
2008-05-19,Grandparents' House,School,Bus,6.17,14.8,647.9,Local
2008-05-20,Home,Cinema,Bicycle,6.47,25.9,0.0,Local
2008-05-20,Cinema,School,Bus,7.15,17.2,750.8,Local
2008-05-22,Home,Grandparents' House,Train,9.42,12.6,386.2,Local
2008-05-22,Grandparents' House,Cricket Ground,Car,3.75,5.6,720.0,Local
2008-05-23,Home,Grandparents' House,Bicycle,16.17,64.7,0.0,Local
2008-05-24,Grandparents' House,Friend's Place,Train,2.23,3.0,91.4,Local
2008-05-24,Home,Grandparents' House,Bicycle,9.29,37.2,0.0,Local
2008-05-25,Cinema,Park,Bus,0.95,2.3,99.8,Local
2008-05-25,Park,Cricket Ground,Tram,0.6,1.8,36.0,Local
2008-05-25,Home,Cinema,Walk,7.84,94.1,0.0,Local
2008-05-26,Home,Grandparents' House,Tram,10.89,32.7,653.4,Local
2008-05-26,Grandparents' House,Cinema,Bicycle,4.73,18.9,0.0,Local
2008-05-28,Home,Park,Train,18.57,24.8,761.4,Local
2008-05-29,Home,Grandparents' House,Tram,19.58,58.7,1174.8,Local
2008-05-29,Grandparents' House,Cricket Ground,Walk,6.53,78.4,0.0,Local
2008-05-30,Home,Cricket Ground,Train,16.38,21.8,671.6,Local
2008-05-31,Home,Cricket Ground,Tram,9.85,29.6,591.0,Local
2008-06-01,Grandparents' House,Cricket Ground,Bicycle,6.62,26.5,0.0,Local
2008-06-01,Home,Shopping Centre,Bus,18.67,44.8,1960.4,Local
2008-06-01,Shopping Centre,Grandparents' House,Bicycle,1.17,4.7,0.0,Local
2008-06-02,Home,Park,Car,17.55,26.3,3369.6,Local
2008-06-04,Home,Friend's Place,Bus,6.66,16.0,699.3,Local
2008-06-05,Home,Cinema,Car,9.39,14.1,1802.9,Local
2008-06-06,Grandparents' House,Cinema,Tram,4.18,12.5,250.8,Local
2008-06-06,Home,Grandparents' House,Car,11.24,16.9,2158.1,Local
2008-06-06,Cinema,Park,Bus,2.76,6.6,289.8,Local
2008-06-07,Home,Cinema,Train,7.37,9.8,302.2,Local
2008-06-09,Home,School,Bus,13.29,31.9,1395.4,Local
2008-06-10,Home,Friend's Place,Walk,19.46,233.5,0.0,Local
2008-06-10,Friend's Place,School,Bus,4.62,11.1,485.1,Local
2008-06-10,School,Home,Bicycle,16.2,64.8,0.0,Local
2008-06-11,Home,Friend's Place,Bus,17.82,42.8,1871.1,Local
2008-06-11,Friend's Place,Shopping Centre,Car,5.92,8.9,1136.6,Local
2008-06-12,Home,Shopping Centre,Bicycle,5.78,23.1,0.0,Local
2008-06-12,Shopping Centre,Park,Car,1.01,1.5,193.9,Local
2008-06-13,Home,Grandparents' House,Bus,5.83,14.0,612.1,Local
2008-06-14,Home,School,Bus,6.58,15.8,690.9,Local
2008-06-16,Home,Shopping Centre,Bus,17.72,42.5,1860.6,Local
2008-06-16,Shopping Centre,Friend's Place,Tram,3.5,10.5,210.0,Local
2008-06-16,Friend's Place,School,Bus,0.86,2.1,90.3,Local
2008-06-17,Home,Cinema,Tram,12.05,36.2,723.0,Local
2008-06-17,Cinema,Park,Tram,4.59,13.8,275.4,Local
2008-06-18,School,Grandparents' House,Car,1.45,2.2,278.4,Local
2008-06-18,Home,School,Bus,7.33,17.6,769.6,Local
2008-06-20,Home,Grandparents' House,Tram,10.12,30.4,607.2,Local
2008-06-22,Home,Cricket Ground,Walk,5.5,66.0,0.0,Local
2008-06-23,Home,Friend's Place,Walk,8.14,97.7,0.0,Local
2008-06-23,Friend's Place,School,Bus,6.82,16.4,716.1,Local
2008-06-23,School,Cinema,Car,6.47,9.7,1242.2,Local
2008-06-25,Home,Cinema,Tram,14.92,44.8,895.2,Local
2008-06-26,Home,Cinema,Train,7.17,9.6,294.0,Local
2008-06-27,Home,Cricket Ground,Train,17.42,23.2,714.2,Local
2008-06-28,Home,Shopping Centre,Bicycle,7.69,30.8,0.0,Local
2008-06-28,Shopping Centre,School,Bus,6.98,16.8,732.9,Local
2008-06-30,Home,Park,Car,15.99,24.0,3070.1,Local
2008-07-01,Home,Grandparents' House,Walk,8.0,96.0,0.0,Local
2008-07-02,Home,Park,Walk,11.81,141.7,0.0,Local
2008-07-02,Park,Home,Tram,13.11,39.3,786.6,Local
2008-07-02,Home,Grandparents' House,Car,9.17,13.8,1760.6,Local
2008-07-03,Home,School,Bus,7.25,17.4,761.2,Local
2008-07-03,School,Grandparents' House,Walk,6.86,82.3,0.0,Local
2008-07-04,Home,Friend's Place,Car,5.88,8.8,1129.0,Local
2008-07-05,Home,Friend's Place,Walk,5.92,71.0,0.0,Local
2008-07-07,Home,Grandparents' House,Tram,5.91,17.7,354.6,Local
2008-07-08,Home,Friend's Place,Walk,8.07,96.8,0.0,Local
2008-07-10,Home,Friend's Place,Car,9.32,14.0,1789.4,Local
2008-07-10,Friend's Place,Cinema,Tram,6.02,18.1,361.2,Local
2008-07-11,Home,Cricket Ground,Tram,18.46,55.4,1107.6,Local
2008-07-12,Home,Park,Car,9.03,13.5,1733.8,Local
2008-07-14,Home,Grandparents' House,Car,18.68,28.0,3586.6,Local
2008-07-14,Grandparents' House,Shopping Centre,Walk,2.57,30.8,0.0,Local
2008-07-18,Home,Park,Car,12.65,19.0,2428.8,Local
2008-07-19,Home,Cricket Ground,Tram,8.04,24.1,482.4,Local
2008-07-20,Home,Park,Walk,8.81,105.7,0.0,Local
2008-07-21,Home,Park,Walk,10.53,126.4,0.0,Local
2008-07-23,Home,Friend's Place,Bicycle,12.02,48.1,0.0,Local
2008-07-23,Friend's Place,Shopping Centre,Walk,7.47,89.6,0.0,Local
2008-07-26,Home,Cricket Ground,Train,12.6,16.8,516.6,Local
2008-07-26,Cricket Ground,Home,Bicycle,12.31,49.2,0.0,Local
2008-07-28,Home,School,Bus,14.37,34.5,1508.8,Local
2008-07-30,Cinema,Home,Walk,6.89,82.7,0.0,Local
2008-07-30,Home,Cinema,Car,17.17,25.8,3296.6,Local
2008-08-03,Home,Friend's Place,Bicycle,9.99,40.0,0.0,Local
2008-08-05,Home,Friend's Place,Tram,9.01,27.0,540.6,Local
2008-08-06,Home,School,Bus,8.96,21.5,940.8,Local
2008-08-07,Home,Shopping Centre,Train,12.77,17.0,523.6,Local
2008-08-07,Shopping Centre,School,Bus,4.41,10.6,463.1,Local
2008-08-07,School,Cinema,Train,4.49,6.0,184.1,Local
2008-08-10,Home,Park,Bicycle,17.53,70.1,0.0,Local
2008-08-11,Home,Friend's Place,Train,14.92,19.9,611.7,Local
2008-08-12,Park,Friend's Place,Train,4.89,6.5,200.5,Local
2008-08-12,Home,Friend's Place,Train,8.41,11.2,344.8,Local
2008-08-12,Friend's Place,Park,Car,0.5,0.8,96.0,Local
2008-08-13,Home,Park,Walk,13.12,157.4,0.0,Local
2008-08-13,Park,Cinema,Tram,0.91,2.7,54.6,Local
2008-08-14,Home,Park,Bus,19.83,47.6,2082.1,Local
2008-08-17,Home,Park,Tram,9.94,29.8,596.4,Local
2008-08-18,Friend's Place,Shopping Centre,Bus,5.58,13.4,585.9,Local
2008-08-18,Home,Friend's Place,Bus,10.77,25.8,1130.8,Local
2008-08-20,Cricket Ground,Home,Train,14.08,18.8,577.3,Local
2008-08-20,Home,Shopping Centre,Bicycle,19.27,77.1,0.0,Local
2008-08-20,Shopping Centre,Cricket Ground,Bus,1.18,2.8,123.9,Local
2008-08-22,Home,Park,Bus,9.36,22.5,982.8,Local
2008-08-23,Home,Shopping Centre,Bus,17.87,42.9,1876.4,Local
2008-08-23,Shopping Centre,Cinema,Bicycle,4.57,18.3,0.0,Local
2008-08-23,Cinema,Friend's Place,Train,7.1,9.5,291.1,Local
2008-08-24,Home,School,Bus,5.56,13.3,583.8,Local
2008-08-25,Home,Cinema,Walk,14.6,175.2,0.0,Local
2008-08-25,Cinema,Shopping Centre,Bicycle,1.44,5.8,0.0,Local
2008-08-26,Home,Friend's Place,Bicycle,13.42,53.7,0.0,Local
2008-08-28,Home,Park,Car,5.91,8.9,1134.7,Local
2008-08-29,Shopping Centre,Home,Train,13.47,18.0,552.3,Local
2008-08-29,Home,Cricket Ground,Bus,10.07,24.2,1057.4,Local
2008-08-29,Cricket Ground,Shopping Centre,Bicycle,7.61,30.4,0.0,Local
2008-08-30,Home,School,Bus,19.65,47.2,2063.2,Local
2008-08-31,Friend's Place,School,Bus,7.63,18.3,801.1,Local
2008-08-31,Home,Friend's Place,Car,9.76,14.6,1873.9,Local
2008-09-01,Grandparents' House,School,Bus,6.31,15.1,662.5,Local
2008-09-01,Home,Grandparents' House,Train,7.34,9.8,300.9,Local
2008-09-02,Home,School,Bus,5.27,12.6,553.3,Local
2008-09-03,Home,Cricket Ground,Tram,11.27,33.8,676.2,Local
2008-09-04,Home,Park,Tram,12.1,36.3,726.0,Local
2008-09-05,Home,Friend's Place,Bicycle,13.99,56.0,0.0,Local
2008-09-06,Home,Cricket Ground,Tram,7.5,22.5,450.0,Local
2008-09-06,Cricket Ground,Friend's Place,Walk,4.35,52.2,0.0,Local
2008-09-06,Friend's Place,Shopping Centre,Train,5.25,7.0,215.2,Local
2008-09-07,Friend's Place,Shopping Centre,Car,7.68,11.5,1474.6,Local
2008-09-07,Home,Friend's Place,Car,6.3,9.4,1209.6,Local
2008-09-09,Home,Grandparents' House,Walk,11.04,132.5,0.0,Local
2008-09-10,Home,Grandparents' House,Car,13.4,20.1,2572.8,Local
2008-09-11,Home,Friend's Place,Bicycle,13.43,53.7,0.0,Local
2008-09-13,Home,Park,Bicycle,14.63,58.5,0.0,Local
2008-09-14,Home,Cinema,Bus,7.41,17.8,778.1,Local
2008-09-14,Cinema,School,Bus,2.52,6.0,264.6,Local
2008-09-15,Home,Friend's Place,Car,8.25,12.4,1584.0,Local
2008-09-16,Home,School,Bus,13.15,31.6,1380.8,Local
2008-09-17,Grandparents' House,Park,Car,5.19,7.8,996.5,Local
2008-09-17,Home,Grandparents' House,Train,14.36,19.1,588.8,Local
2008-09-19,Home,Cinema,Bus,17.57,42.2,1844.9,Local
2008-09-19,Cinema,Cricket Ground,Train,3.26,4.3,133.7,Local
2008-09-19,Cricket Ground,Park,Bus,6.99,16.8,734.0,Local
2008-09-20,Home,Cinema,Walk,16.02,192.2,0.0,Local
2008-09-21,Home,Friend's Place,Bus,19.85,47.6,2084.2,Local
2008-09-21,Friend's Place,Cinema,Train,1.56,2.1,64.0,Local
2008-09-21,Cinema,Grandparents' House,Bus,5.0,12.0,525.0,Local
2008-09-22,Home,Park,Train,16.93,22.6,694.1,Local
2008-09-23,Cinema,Grandparents' House,Walk,3.46,41.5,0.0,Local
2008-09-23,Home,Park,Car,7.55,11.3,1449.6,Local
2008-09-23,Park,Cinema,Train,1.15,1.5,47.1,Local
2008-09-26,Home,Cricket Ground,Walk,9.59,115.1,0.0,Local
2008-09-26,Cricket Ground,Cinema,Walk,7.62,91.4,0.0,Local
2008-09-27,Home,Shopping Centre,Car,11.67,17.5,2240.6,Local
2008-09-28,Home,Shopping Centre,Train,17.8,23.7,729.8,Local
2008-09-29,Home,School,Bus,7.54,18.1,791.7,Local
2008-09-30,Grandparents' House,Home,Car,14.98,22.5,2876.2,Local
2008-09-30,Home,Grandparents' House,Bus,16.09,38.6,1689.5,Local
2008-10-02,Home,Grandparents' House,Bus,11.75,28.2,1233.8,Local
2008-10-03,Home,School,Bus,15.39,36.9,1616.0,Local
2008-10-03,School,Home,Bicycle,14.38,57.5,0.0,Local
2008-10-04,Home,Park,Tram,15.99,48.0,959.4,Local
2008-10-04,Park,School,Bus,3.74,9.0,392.7,Local
2008-10-05,Home,Friend's Place,Tram,15.23,45.7,913.8,Local
2008-10-06,Home,Shopping Centre,Walk,18.62,223.4,0.0,Local
2008-10-06,Shopping Centre,Grandparents' House,Car,2.15,3.2,412.8,Local
2008-10-07,Home,Grandparents' House,Bus,11.24,27.0,1180.2,Local
2008-10-07,Grandparents' House,Cinema,Bicycle,6.23,24.9,0.0,Local
2008-10-07,Cinema,Friend's Place,Bicycle,2.87,11.5,0.0,Local
2008-10-08,Home,Cricket Ground,Bicycle,14.6,58.4,0.0,Local
2008-10-08,Cricket Ground,Park,Walk,2.48,29.8,0.0,Local
2008-10-09,Home,Friend's Place,Car,10.04,15.1,1927.7,Local
2008-10-10,Home,Cinema,Car,15.83,23.7,3039.4,Local
2008-10-10,Cinema,Shopping Centre,Tram,2.21,6.6,132.6,Local
2008-10-11,Home,Shopping Centre,Car,16.26,24.4,3121.9,Local
2008-10-12,Home,Shopping Centre,Car,8.46,12.7,1624.3,Local
2008-10-12,Shopping Centre,Grandparents' House,Tram,7.08,21.2,424.8,Local
2008-10-13,Home,Shopping Centre,Walk,6.65,79.8,0.0,Local
2008-10-13,Shopping Centre,Friend's Place,Train,6.49,8.7,266.1,Local
2008-10-13,Friend's Place,Cricket Ground,Walk,2.1,25.2,0.0,Local
2008-10-14,Home,Park,Car,6.52,9.8,1251.8,Local
2008-10-15,Home,Shopping Centre,Bicycle,17.75,71.0,0.0,Local
2008-10-15,Shopping Centre,Grandparents' House,Train,2.22,3.0,91.0,Local
2008-10-16,Home,Shopping Centre,Bus,9.93,23.8,1042.6,Local
2008-10-17,Home,Shopping Centre,Train,16.96,22.6,695.4,Local
2008-10-18,Home,Cinema,Tram,19.01,57.0,1140.6,Local
2008-10-18,Cinema,Cricket Ground,Bus,0.99,2.4,104.0,Local
2008-10-19,Home,Cinema,Train,18.28,24.4,749.5,Local
2008-10-19,Cinema,Grandparents' House,Train,5.3,7.1,217.3,Local
2008-10-19,Grandparents' House,School,Bus,1.54,3.7,161.7,Local
2008-10-20,Home,Shopping Centre,Bus,10.45,25.1,1097.2,Local
2008-10-21,Home,School,Bus,14.59,35.0,1532.0,Local
2008-10-22,Home,Friend's Place,Tram,16.71,50.1,1002.6,Local
2008-10-24,Home,School,Bus,5.33,12.8,559.6,Local
2008-10-25,Home,Cricket Ground,Tram,13.61,40.8,816.6,Local
2008-10-26,Home,Shopping Centre,Bus,14.1,33.8,1480.5,Local
2008-10-26,Shopping Centre,Grandparents' House,Tram,4.8,14.4,288.0,Local
2008-10-28,Home,Cricket Ground,Walk,5.62,67.4,0.0,Local
2008-10-30,Home,School,Bus,10.01,24.0,1051.0,Local
2008-10-31,Home,Cinema,Car,19.26,28.9,3697.9,Local
2008-11-01,Home,Shopping Centre,Train,19.82,26.4,812.6,Local
2008-11-02,Shopping Centre,Friend's Place,Bicycle,4.98,19.9,0.0,Local
2008-11-02,Home,Grandparents' House,Bicycle,16.94,67.8,0.0,Local
2008-11-02,Grandparents' House,Shopping Centre,Walk,6.8,81.6,0.0,Local
2008-11-04,Home,Park,Bicycle,7.59,30.4,0.0,Local
2008-11-05,Home,Park,Walk,8.82,105.8,0.0,Local
2008-11-05,Park,Friend's Place,Car,2.97,4.5,570.2,Local
2008-11-05,Friend's Place,Park,Bus,1.29,3.1,135.5,Local
2008-11-06,Home,Park,Bicycle,9.47,37.9,0.0,Local
2008-11-07,Friend's Place,School,Bus,5.36,12.9,562.8,Local
2008-11-07,Home,Friend's Place,Train,15.45,20.6,633.4,Local
2008-11-08,Home,Cricket Ground,Bicycle,14.47,57.9,0.0,Local
2008-11-08,Cricket Ground,Cinema,Train,3.11,4.1,127.5,Local
2008-11-10,Home,Grandparents' House,Tram,18.24,54.7,1094.4,Local
2008-11-10,Grandparents' House,Shopping Centre,Walk,6.97,83.6,0.0,Local
2008-11-10,Shopping Centre,Cricket Ground,Bicycle,5.54,22.2,0.0,Local
2008-11-13,Home,Friend's Place,Train,14.9,19.9,610.9,Local
2008-11-13,Friend's Place,Cinema,Walk,4.34,52.1,0.0,Local
2008-11-14,Home,Cricket Ground,Train,11.4,15.2,467.4,Local
2008-11-15,Home,Shopping Centre,Bicycle,13.37,53.5,0.0,Local
2008-11-16,Home,Cinema,Train,19.74,26.3,809.3,Local
2008-11-17,Home,Cinema,Car,8.54,12.8,1639.7,Local
2008-11-17,Cinema,Shopping Centre,Walk,6.68,80.2,0.0,Local
2008-11-18,Home,Park,Walk,7.65,91.8,0.0,Local
2008-11-18,Park,School,Bus,1.41,3.4,148.0,Local
2008-11-18,School,Cricket Ground,Bicycle,6.83,27.3,0.0,Local
2008-11-19,Cinema,Shopping Centre,Tram,4.23,12.7,253.8,Local
2008-11-19,Shopping Centre,Cricket Ground,Walk,1.05,12.6,0.0,Local
2008-11-19,Home,Cinema,Car,7.77,11.7,1491.8,Local
2008-11-20,Home,Grandparents' House,Car,11.94,17.9,2292.5,Local
2008-11-22,Home,Shopping Centre,Train,19.46,25.9,797.9,Local
2008-11-23,Home,Cinema,Bicycle,17.73,70.9,0.0,Local
2008-11-24,Home,Shopping Centre,Car,11.46,17.2,2200.3,Local
2008-11-24,Shopping Centre,Grandparents' House,Bicycle,2.35,9.4,0.0,Local
2008-11-25,Home,Grandparents' House,Bicycle,16.53,66.1,0.0,Local
2008-11-26,Home,Cricket Ground,Tram,6.79,20.4,407.4,Local
2008-11-27,Home,Cricket Ground,Car,11.34,17.0,2177.3,Local
2008-11-28,Home,Friend's Place,Bus,9.28,22.3,974.4,Local
2008-11-29,Home,Shopping Centre,Train,17.08,22.8,700.3,Local
2008-11-29,Shopping Centre,School,Bus,4.85,11.6,509.2,Local
2008-11-29,School,Park,Bus,5.59,13.4,586.9,Local
2008-12-02,Home,Friend's Place,Train,13.09,17.5,536.7,Local
2008-12-03,Home,School,Bus,16.34,39.2,1715.7,Local
2008-12-04,Home,Shopping Centre,Car,19.61,29.4,3765.1,Local
2008-12-05,Home,Friend's Place,Tram,5.51,16.5,330.6,Local
2008-12-06,Home,Cinema,Bus,9.44,22.7,991.2,Local
2008-12-06,Home,Grandparents' House,Car,17.19,25.8,3300.5,Local
2008-12-06,Grandparents' House,Home,Walk,15.07,180.8,0.0,Local
2008-12-07,Home,Cinema,Walk,5.74,68.9,0.0,Local
2008-12-08,Home,Cinema,Tram,7.35,22.1,441.0,Local
2008-12-08,Cinema,School,Bus,2.71,6.5,284.6,Local
2008-12-09,Home,Park,Bus,10.17,24.4,1067.8,Local
2008-12-09,Park,Shopping Centre,Walk,1.39,16.7,0.0,Local
2008-12-09,Shopping Centre,Cinema,Bus,6.48,15.6,680.4,Local
2008-12-10,Home,Grandparents' House,Bus,17.55,42.1,1842.8,Local
2008-12-10,Grandparents' House,School,Bus,5.36,12.9,562.8,Local
2008-12-11,Home,Cinema,Tram,9.07,27.2,544.2,Local
2008-12-12,Home,Grandparents' House,Bicycle,11.15,44.6,0.0,Local
2008-12-13,Cinema,Friend's Place,Train,2.12,2.8,86.9,Local
2008-12-13,Home,Cinema,Train,12.36,16.5,506.8,Local
2008-12-14,Home,Friend's Place,Walk,5.25,63.0,0.0,Local
2008-12-15,Shopping Centre,Home,Bus,15.95,38.3,1674.8,Local
2008-12-15,Home,Shopping Centre,Bus,11.0,26.4,1155.0,Local
2008-12-15,Home,Park,Train,15.14,20.2,620.7,Local
2008-12-16,Friend's Place,School,Bus,6.04,14.5,634.2,Local
2008-12-16,Home,Friend's Place,Tram,6.54,19.6,392.4,Local
2008-12-17,Home,Grandparents' House,Bus,6.53,15.7,685.6,Local
2008-12-18,Home,School,Bus,5.57,13.4,584.9,Local
2008-12-21,Home,Park,Car,8.43,12.6,1618.6,Local
2008-12-22,Home,Cricket Ground,Train,15.12,20.2,619.9,Local
2008-12-23,Home,Friend's Place,Walk,13.31,159.7,0.0,Local
2008-12-24,School,Friend's Place,Bus,5.33,12.8,559.6,Local
2008-12-24,Friend's Place,Cricket Ground,Tram,4.75,14.2,285.0,Local
2008-12-24,Home,School,Bus,6.15,14.8,645.8,Local
2008-12-25,Home,Shopping Centre,Walk,11.2,134.4,0.0,Local
2008-12-27,Home,Shopping Centre,Bicycle,5.35,21.4,0.0,Local
2008-12-28,Home,Friend's Place,Bus,17.22,41.3,1808.1,Local
2008-12-29,Home,Shopping Centre,Walk,15.21,182.5,0.0,Local
2008-12-31,Home,Park,Tram,12.02,36.1,721.2,Local
2009-01-01,Home,Grandparents' House,Tram,10.16,30.5,609.6,Local
2009-01-02,Home,School,Bus,12.64,30.3,1327.2,Local
2009-01-03,Home,Cinema,Tram,16.92,50.8,1015.2,Local
2009-01-04,Shopping Centre,Cinema,Walk,2.6,31.2,0.0,Local
2009-01-04,Home,School,Bus,7.46,17.9,783.3,Local
2009-01-04,School,Shopping Centre,Tram,1.18,3.5,70.8,Local
2009-01-06,Home,Park,Train,14.2,18.9,582.2,Local
2009-01-06,Park,Grandparents' House,Train,5.91,7.9,242.3,Local
2009-01-07,Home,School,Bus,19.94,47.9,2093.7,Local
2009-01-08,Home,Friend's Place,Tram,5.68,17.0,340.8,Local
2009-01-10,Home,Friend's Place,Bicycle,19.25,77.0,0.0,Local
2009-01-11,Home,Cinema,Tram,8.75,26.2,525.0,Local
2009-01-13,Grandparents' House,Park,Train,3.05,4.1,125.0,Local
2009-01-13,Home,Grandparents' House,Car,14.52,21.8,2787.8,Local
2009-01-13,Park,Cricket Ground,Bus,1.96,4.7,205.8,Local
2009-01-14,Home,Cinema,Car,17.87,26.8,3431.0,Local
2009-01-14,Cinema,Shopping Centre,Tram,5.2,15.6,312.0,Local
2009-01-15,Home,Cricket Ground,Walk,17.62,211.4,0.0,Local
2009-01-16,Home,Park,Tram,14.15,42.5,849.0,Local
2009-01-16,Park,Shopping Centre,Tram,3.56,10.7,213.6,Local
2009-01-17,Home,Cinema,Train,17.25,23.0,707.2,Local
2009-01-18,School,Home,Car,19.73,29.6,3788.2,Local
2009-01-18,Home,School,Bus,17.79,42.7,1867.9,Local
2009-01-19,Home,School,Bus,11.0,26.4,1155.0,Local
2009-01-20,Home,Cinema,Bicycle,12.1,48.4,0.0,Local
2009-01-21,Home,Cinema,Tram,11.2,33.6,672.0,Local
2009-01-22,Home,Cinema,Tram,16.99,51.0,1019.4,Local
2009-01-23,Home,School,Bus,17.86,42.9,1875.3,Local
2009-01-23,School,Shopping Centre,Bus,1.84,4.4,193.2,Local
2009-01-24,Home,Grandparents' House,Train,6.78,9.0,278.0,Local
2009-01-24,Grandparents' House,Home,Tram,19.41,58.2,1164.6,Local
2009-01-25,Shopping Centre,Home,Tram,5.16,15.5,309.6,Local
2009-01-25,Home,Cinema,Tram,7.98,23.9,478.8,Local
2009-01-25,Cinema,Shopping Centre,Bus,5.77,13.8,605.8,Local
2009-01-26,Home,Grandparents' House,Train,10.13,13.5,415.3,Local
2009-01-26,Grandparents' House,Shopping Centre,Walk,4.3,51.6,0.0,Local
2009-01-27,Home,Cricket Ground,Walk,15.87,190.4,0.0,Local
2009-01-28,Home,Shopping Centre,Car,15.53,23.3,2981.8,Local
2009-01-28,Shopping Centre,Cricket Ground,Car,3.77,5.7,723.8,Local
2009-01-29,Home,Cricket Ground,Walk,14.48,173.8,0.0,Local
2009-01-30,Friend's Place,Park,Car,3.84,5.8,737.3,Local
2009-01-30,Home,Friend's Place,Car,10.48,15.7,2012.2,Local
2009-02-01,Home,Friend's Place,Train,10.25,13.7,420.2,Local
2009-02-02,Home,Cinema,Walk,13.37,160.4,0.0,Local
2009-02-02,Cinema,School,Bus,4.78,11.5,501.9,Local
2009-02-02,School,Cricket Ground,Car,6.47,9.7,1242.2,Local
2009-02-03,Home,Cricket Ground,Bus,7.94,19.1,833.7,Local
2009-02-03,Cricket Ground,Cinema,Train,7.47,10.0,306.3,Local
2009-02-04,Home,Cricket Ground,Car,5.6,8.4,1075.2,Local
2009-02-06,Home,Park,Train,16.1,21.5,660.1,Local
2009-02-07,Home,Park,Bicycle,11.01,44.0,0.0,Local
2009-02-07,Park,Shopping Centre,Tram,5.51,16.5,330.6,Local
2009-02-08,Home,Friend's Place,Train,15.15,20.2,621.1,Local
2009-02-08,Friend's Place,Park,Car,6.2,9.3,1190.4,Local
2009-02-09,Home,School,Bus,18.17,43.6,1907.9,Local
2009-02-10,Home,Shopping Centre,Bicycle,17.53,70.1,0.0,Local
2009-02-10,Shopping Centre,Cricket Ground,Train,3.42,4.6,140.2,Local
2009-02-11,School,Cinema,Train,2.9,3.9,118.9,Local
2009-02-11,Home,School,Bus,6.48,15.6,680.4,Local
2009-02-13,Home,Cricket Ground,Tram,10.94,32.8,656.4,Local
2009-02-14,Home,Grandparents' House,Tram,9.78,29.3,586.8,Local
2009-02-14,Grandparents' House,Home,Tram,9.76,29.3,585.6,Local
2009-02-15,Home,Park,Bicycle,16.0,64.0,0.0,Local
2009-02-15,Park,Grandparents' House,Tram,0.71,2.1,42.6,Local
2009-02-15,Grandparents' House,Cricket Ground,Car,3.62,5.4,695.0,Local
2009-02-16,Home,Grandparents' House,Bicycle,12.69,50.8,0.0,Local
2009-02-16,Grandparents' House,Cinema,Tram,4.33,13.0,259.8,Local
2009-02-17,Home,Grandparents' House,Bicycle,15.11,60.4,0.0,Local
2009-02-18,Home,Cinema,Tram,18.87,56.6,1132.2,Local
2009-02-20,Home,Grandparents' House,Car,19.83,29.7,3807.4,Local
2009-02-21,Home,Park,Walk,11.46,137.5,0.0,Local
2009-02-22,Home,Park,Bicycle,7.26,29.0,0.0,Local
2009-02-23,Home,Shopping Centre,Walk,10.4,124.8,0.0,Local
2009-02-23,Shopping Centre,Cinema,Car,4.14,6.2,794.9,Local
2009-02-25,Home,Cricket Ground,Bus,10.25,24.6,1076.2,Local
2009-02-26,Home,Friend's Place,Bicycle,15.26,61.0,0.0,Local
2009-02-27,Home,Cinema,Bus,17.54,42.1,1841.7,Local
2009-02-28,Home,Shopping Centre,Bus,13.54,32.5,1421.7,Local
2009-02-28,Shopping Centre,Home,Walk,17.18,206.2,0.0,Local
2009-03-02,Home,Friend's Place,Car,8.16,12.2,1566.7,Local
2009-03-02,Friend's Place,Grandparents' House,Bus,5.97,14.3,626.9,Local
2009-03-02,Grandparents' House,Friend's Place,Tram,2.3,6.9,138.0,Local
2009-03-05,Home,Cricket Ground,Car,8.08,12.1,1551.4,Local
2009-03-06,Home,Cricket Ground,Tram,8.81,26.4,528.6,Local
2009-03-07,Home,Shopping Centre,Bus,11.84,28.4,1243.2,Local
2009-03-08,School,Home,Tram,11.96,35.9,717.6,Local
2009-03-08,Home,School,Bus,10.36,24.9,1087.8,Local
2009-03-10,Home,Grandparents' House,Tram,5.19,15.6,311.4,Local
2009-03-10,Grandparents' House,Cricket Ground,Car,3.71,5.6,712.3,Local
2009-03-10,Cricket Ground,School,Bus,1.7,4.1,178.5,Local
2009-03-12,Home,Cinema,Car,18.86,28.3,3621.1,Local
2009-03-13,Home,Friend's Place,Car,5.85,8.8,1123.2,Local
2009-03-14,Home,Cricket Ground,Bicycle,8.04,32.2,0.0,Local
2009-03-15,Shopping Centre,School,Bus,6.1,14.6,640.5,Local
2009-03-15,Home,Shopping Centre,Walk,12.77,153.2,0.0,Local
2009-03-16,Home,Grandparents' House,Walk,17.48,209.8,0.0,Local
2009-03-17,Home,School,Bus,7.49,18.0,786.5,Local
2009-03-18,Home,Cinema,Tram,13.44,40.3,806.4,Local
2009-03-19,Home,School,Bus,7.26,17.4,762.3,Local
2009-03-20,Home,Shopping Centre,Tram,10.38,31.1,622.8,Local
2009-03-20,Shopping Centre,Park,Walk,3.51,42.1,0.0,Local
2009-03-20,Park,Cricket Ground,Car,3.63,5.4,697.0,Local
2009-03-21,Home,Cricket Ground,Bicycle,16.45,65.8,0.0,Local
2009-03-22,Home,School,Bus,13.3,31.9,1396.5,Local
2009-03-23,Home,Cinema,Car,13.6,20.4,2611.2,Local
2009-03-23,Cinema,Grandparents' House,Tram,2.92,8.8,175.2,Local
2009-03-24,Home,Shopping Centre,Train,11.16,14.9,457.6,Local
2009-03-24,Shopping Centre,School,Bus,5.39,12.9,565.9,Local
2009-03-24,School,Shopping Centre,Train,4.01,5.3,164.4,Local
2009-03-25,Home,Grandparents' House,Walk,5.49,65.9,0.0,Local
2009-03-26,Home,School,Bus,12.94,31.1,1358.7,Local
2009-03-28,Home,Grandparents' House,Walk,14.2,170.4,0.0,Local
2009-03-29,Home,Cricket Ground,Tram,10.44,31.3,626.4,Local
2009-03-29,Cricket Ground,Park,Train,3.46,4.6,141.9,Local
2009-03-30,Home,Shopping Centre,Car,19.02,28.5,3651.8,Local
2009-03-31,Home,Cinema,Bus,14.67,35.2,1540.3,Local
2009-03-31,Cinema,Cricket Ground,Tram,1.9,5.7,114.0,Local
2009-04-01,Home,Cricket Ground,Bicycle,8.15,32.6,0.0,Local
2009-04-02,Home,Park,Bicycle,7.56,30.2,0.0,Local
2009-04-03,Home,Friend's Place,Bus,14.74,35.4,1547.7,Local
2009-04-06,Home,Shopping Centre,Walk,19.02,228.2,0.0,Local
2009-04-07,Home,Park,Tram,18.48,55.4,1108.8,Local
2009-04-07,Park,Cinema,Bicycle,2.32,9.3,0.0,Local
2009-04-07,Cinema,Shopping Centre,Train,5.63,7.5,230.8,Local
2009-04-08,Home,Shopping Centre,Car,17.71,26.6,3400.3,Local
2009-04-09,Home,Cinema,Bicycle,11.73,46.9,0.0,Local
2009-04-10,Home,School,Bus,7.64,18.3,802.2,Local
2009-04-10,School,Shopping Centre,Walk,4.06,48.7,0.0,Local
2009-04-11,Home,Friend's Place,Bicycle,6.16,24.6,0.0,Local
2009-04-11,Friend's Place,Home,Bus,8.1,19.4,850.5,Local
2009-04-11,Home,Friend's Place,Tram,14.65,44.0,879.0,Local
2009-04-12,Home,Park,Tram,11.92,35.8,715.2,Local
2009-04-14,Home,Cricket Ground,Walk,8.86,106.3,0.0,Local
2009-04-16,Home,Grandparents' House,Train,13.47,18.0,552.3,Local
2009-04-18,Home,Grandparents' House,Tram,16.84,50.5,1010.4,Local
2009-04-19,Home,Cinema,Bicycle,19.44,77.8,0.0,Local
2009-04-20,Home,Friend's Place,Bus,19.2,46.1,2016.0,Local
2009-04-22,Friend's Place,School,Bus,2.74,6.6,287.7,Local
2009-04-22,Home,Friend's Place,Train,9.87,13.2,404.7,Local
2009-04-23,Home,Shopping Centre,Car,13.68,20.5,2626.6,Local
2009-04-26,Home,Shopping Centre,Tram,18.87,56.6,1132.2,Local
2009-04-28,Home,Grandparents' House,Car,18.32,27.5,3517.4,Local
2009-04-29,Home,Shopping Centre,Car,13.37,20.1,2567.0,Local
2009-04-30,Home,School,Bus,16.47,39.5,1729.3,Local
2009-04-30,School,Friend's Place,Train,6.93,9.2,284.1,Local
2009-05-01,Home,Cinema,Train,11.51,15.3,471.9,Local
2009-05-02,Home,Shopping Centre,Bicycle,13.16,52.6,0.0,Local
2009-05-03,Park,Cricket Ground,Walk,2.1,25.2,0.0,Local
2009-05-03,Home,Friend's Place,Tram,15.51,46.5,930.6,Local
2009-05-03,Friend's Place,Park,Bus,3.11,7.5,326.6,Local
2009-05-04,Home,School,Bus,8.16,19.6,856.8,Local
2009-05-05,Home,Friend's Place,Car,17.28,25.9,3317.8,Local
2009-05-06,Home,Cinema,Train,14.75,19.7,604.8,Local
2009-05-07,Home,Shopping Centre,Walk,12.81,153.7,0.0,Local
2009-05-08,Home,Park,Train,14.94,19.9,612.5,Local
2009-05-09,Home,Cricket Ground,Train,11.81,15.7,484.2,Local
2009-05-10,Friend's Place,Park,Car,1.25,1.9,240.0,Local
2009-05-10,Home,Friend's Place,Train,18.84,25.1,772.4,Local
2009-05-11,Home,School,Bus,7.97,19.1,836.9,Local
2009-05-11,School,Park,Bicycle,4.6,18.4,0.0,Local
2009-05-11,Park,Shopping Centre,Walk,3.9,46.8,0.0,Local
2009-05-12,Home,Park,Bus,8.78,21.1,921.9,Local
2009-05-13,Home,Friend's Place,Tram,8.42,25.3,505.2,Local
2009-05-14,Cinema,Friend's Place,Bus,5.99,14.4,629.0,Local
2009-05-14,Home,Cinema,Walk,19.39,232.7,0.0,Local
2009-05-15,Park,Friend's Place,Bicycle,3.85,15.4,0.0,Local
2009-05-15,Home,Shopping Centre,Train,10.08,13.4,413.3,Local
2009-05-15,Shopping Centre,Park,Walk,4.05,48.6,0.0,Local
2009-05-16,Home,Park,Bicycle,8.59,34.4,0.0,Local
2009-05-16,Park,School,Bus,2.22,5.3,233.1,Local
2009-05-18,Home,Friend's Place,Tram,11.96,35.9,717.6,Local
2009-05-20,Home,Park,Bicycle,17.93,71.7,0.0,Local
2009-05-20,Park,Shopping Centre,Bus,5.39,12.9,565.9,Local
2009-05-21,Home,Park,Bus,18.49,44.4,1941.4,Local
2009-05-21,Park,Friend's Place,Bus,3.79,9.1,397.9,Local
2009-05-21,Friend's Place,Cinema,Car,5.99,9.0,1150.1,Local
2009-05-22,Home,Shopping Centre,Bicycle,13.51,54.0,0.0,Local
2009-05-24,Home,Cricket Ground,Tram,6.3,18.9,378.0,Local
2009-05-25,Home,Friend's Place,Bus,19.67,47.2,2065.4,Local
2009-05-26,Home,Cinema,Tram,10.42,31.3,625.2,Local
2009-05-27,Home,Shopping Centre,Tram,13.42,40.3,805.2,Local
2009-05-28,Home,Friend's Place,Train,17.23,23.0,706.4,Local
2009-05-29,Home,School,Bus,8.18,19.6,858.9,Local
2009-05-30,Home,Grandparents' House,Walk,6.68,80.2,0.0,Local
2009-06-01,Home,Cricket Ground,Bus,11.63,27.9,1221.2,Local
2009-06-01,Cricket Ground,Shopping Centre,Bus,4.55,10.9,477.8,Local
2009-06-06,Home,Park,Bicycle,5.42,21.7,0.0,Local
2009-06-07,Home,Park,Train,9.9,13.2,405.9,Local
2009-06-07,Park,Cinema,Car,3.19,4.8,612.5,Local
2009-06-08,Home,Grandparents' House,Walk,15.67,188.0,0.0,Local
2009-06-09,Home,Friend's Place,Bus,10.63,25.5,1116.2,Local
2009-06-11,Home,Shopping Centre,Car,17.23,25.8,3308.2,Local
2009-06-11,Shopping Centre,Cricket Ground,Train,2.58,3.4,105.8,Local
2009-06-13,Home,Cinema,Bicycle,18.12,72.5,0.0,Local
2009-06-14,Home,Friend's Place,Car,15.68,23.5,3010.6,Local
2009-06-14,Friend's Place,Shopping Centre,Tram,4.47,13.4,268.2,Local
2009-06-14,Shopping Centre,Friend's Place,Walk,1.5,18.0,0.0,Local
2009-06-15,Home,Friend's Place,Tram,9.68,29.0,580.8,Local
2009-06-15,Friend's Place,Shopping Centre,Bicycle,1.33,5.3,0.0,Local
2009-06-16,Home,Grandparents' House,Walk,16.08,193.0,0.0,Local
2009-06-16,Grandparents' House,Cinema,Walk,1.43,17.2,0.0,Local
2009-06-17,Home,Park,Train,18.27,24.4,749.1,Local
2009-06-18,Home,Cinema,Bicycle,14.82,59.3,0.0,Local
2009-06-18,Cinema,Park,Walk,6.01,72.1,0.0,Local
2009-06-18,Park,Friend's Place,Train,5.17,6.9,212.0,Local
2009-06-20,Home,Cinema,Train,12.89,17.2,528.5,Local
2009-06-20,Cinema,Cricket Ground,Walk,1.83,22.0,0.0,Local
2009-06-21,Home,Cricket Ground,Train,19.66,26.2,806.1,Local
2009-06-22,Home,Park,Train,14.87,19.8,609.7,Local
2009-06-22,Park,Friend's Place,Train,6.01,8.0,246.4,Local
2009-06-22,Friend's Place,Cricket Ground,Bicycle,1.04,4.2,0.0,Local
2009-06-23,Home,Park,Car,13.52,20.3,2595.8,Local
2009-06-23,Park,Cinema,Train,5.07,6.8,207.9,Local
2009-06-24,Home,Park,Bicycle,17.21,68.8,0.0,Local
2009-06-25,Home,Shopping Centre,Walk,8.52,102.2,0.0,Local
2009-06-26,Home,Grandparents' House,Bicycle,18.96,75.8,0.0,Local
2009-06-26,Grandparents' House,School,Bus,3.98,9.6,417.9,Local
2009-06-26,School,Shopping Centre,Bus,4.31,10.3,452.5,Local
2009-06-27,Cricket Ground,Shopping Centre,Train,4.96,6.6,203.4,Local
2009-06-27,Home,Cricket Ground,Tram,7.89,23.7,473.4,Local
2009-06-28,Home,Park,Tram,16.25,48.8,975.0,Local
2009-06-28,Park,Friend's Place,Bus,7.29,17.5,765.5,Local
2009-06-29,Home,Grandparents' House,Car,11.86,17.8,2277.1,Local
2009-07-01,Home,Park,Walk,16.28,195.4,0.0,Local
2009-07-02,Home,Cinema,Walk,13.6,163.2,0.0,Local
2009-07-03,Home,Grandparents' House,Tram,9.25,27.8,555.0,Local
2009-07-03,Grandparents' House,Home,Bicycle,12.64,50.6,0.0,Local
2009-07-05,Home,Shopping Centre,Bus,9.01,21.6,946.0,Local
2009-07-06,Home,Friend's Place,Bus,14.36,34.5,1507.8,Local
2009-07-07,Home,Grandparents' House,Walk,14.36,172.3,0.0,Local
2009-07-08,Home,Shopping Centre,Tram,14.46,43.4,867.6,Local
2009-07-09,Home,Grandparents' House,Train,17.81,23.7,730.2,Local
2009-07-10,Home,Friend's Place,Tram,12.96,38.9,777.6,Local
2009-07-10,Friend's Place,School,Bus,4.43,10.6,465.1,Local
2009-07-11,Shopping Centre,Friend's Place,Train,4.03,5.4,165.2,Local
2009-07-11,Home,Shopping Centre,Tram,12.72,38.2,763.2,Local
2009-07-11,Friend's Place,Home,Car,10.25,15.4,1968.0,Local
2009-07-12,Home,Grandparents' House,Tram,17.3,51.9,1038.0,Local
2009-07-13,Home,Shopping Centre,Bus,18.19,43.7,1910.0,Local
2009-07-14,Home,Grandparents' House,Train,12.49,16.7,512.1,Local
2009-07-16,Home,School,Bus,11.48,27.6,1205.4,Local
2009-07-17,Home,School,Bus,17.31,41.5,1817.5,Local
2009-07-17,School,Cinema,Train,2.7,3.6,110.7,Local
2009-07-18,Home,Shopping Centre,Car,15.18,22.8,2914.6,Local
2009-07-18,Shopping Centre,Cricket Ground,Bus,2.64,6.3,277.2,Local
2009-07-19,Cinema,Grandparents' House,Train,1.43,1.9,58.6,Local
2009-07-19,Park,Cinema,Walk,2.84,34.1,0.0,Local
2009-07-19,Home,Park,Bicycle,17.7,70.8,0.0,Local
2009-07-20,Home,Park,Car,9.76,14.6,1873.9,Local
2009-07-21,Home,Friend's Place,Tram,17.99,54.0,1079.4,Local
2009-07-22,Home,Cricket Ground,Car,18.69,28.0,3588.5,Local
2009-07-22,Cricket Ground,School,Bus,3.55,8.5,372.8,Local
2009-07-22,School,Home,Car,13.66,20.5,2622.7,Local
2009-07-24,Home,Cinema,Bicycle,8.83,35.3,0.0,Local
2009-07-25,Home,Grandparents' House,Walk,5.15,61.8,0.0,Local
2009-07-27,Home,Cricket Ground,Train,15.43,20.6,632.6,Local
2009-07-29,Home,Cricket Ground,Tram,6.41,19.2,384.6,Local
2009-07-30,Home,Grandparents' House,Bus,12.89,30.9,1353.5,Local
2009-08-01,Home,Grandparents' House,Tram,5.39,16.2,323.4,Local
2009-08-01,Grandparents' House,School,Bus,1.27,3.0,133.3,Local
2009-08-02,Home,Shopping Centre,Tram,12.36,37.1,741.6,Local
2009-08-03,Home,Cricket Ground,Tram,14.87,44.6,892.2,Local
2009-08-03,Cricket Ground,Park,Car,5.58,8.4,1071.4,Local
2009-08-03,Park,Friend's Place,Bus,2.18,5.2,228.9,Local
2009-08-04,Home,Cinema,Tram,19.07,57.2,1144.2,Local
2009-08-05,Home,Cricket Ground,Car,18.87,28.3,3623.0,Local
2009-08-06,Home,School,Bus,12.59,30.2,1322.0,Local
2009-08-06,School,Cricket Ground,Tram,2.36,7.1,141.6,Local
2009-08-07,Home,Park,Tram,11.49,34.5,689.4,Local
2009-08-09,Home,Cricket Ground,Walk,13.6,163.2,0.0,Local
2009-08-10,Home,School,Bus,16.25,39.0,1706.2,Local
2009-08-10,School,Shopping Centre,Walk,4.51,54.1,0.0,Local
2009-08-10,Shopping Centre,Home,Train,19.66,26.2,806.1,Local
2009-08-11,Home,School,Bus,6.51,15.6,683.5,Local
2009-08-11,Grandparents' House,Home,Walk,18.64,223.7,0.0,Local
2009-08-11,Home,Grandparents' House,Walk,7.07,84.8,0.0,Local
2009-08-12,Home,Cinema,Tram,7.75,23.2,465.0,Local
2009-08-12,Cinema,Park,Walk,6.41,76.9,0.0,Local
2009-08-12,Park,Cinema,Tram,3.54,10.6,212.4,Local
2009-08-15,Home,Shopping Centre,Train,13.63,18.2,558.8,Local
2009-08-16,Home,School,Bus,6.0,14.4,630.0,Local
2009-08-18,Home,Park,Bicycle,14.89,59.6,0.0,Local
2009-08-19,Home,Cinema,Train,13.16,17.5,539.6,Local
2009-08-20,Home,Grandparents' House,Walk,19.23,230.8,0.0,Local
2009-08-20,Grandparents' House,Shopping Centre,Train,2.35,3.1,96.4,Local
2009-08-20,Shopping Centre,Home,Train,11.89,15.9,487.5,Local
2009-08-21,Home,Park,Tram,15.48,46.4,928.8,Local
2009-08-21,Park,Grandparents' House,Bicycle,4.28,17.1,0.0,Local
2009-08-22,Home,Park,Tram,10.92,32.8,655.2,Local
2009-08-22,Park,Cricket Ground,Train,6.62,8.8,271.4,Local
2009-08-22,Cricket Ground,Park,Tram,2.44,7.3,146.4,Local
2009-08-23,Home,Grandparents' House,Car,9.93,14.9,1906.6,Local
2009-08-24,Home,Cricket Ground,Tram,7.59,22.8,455.4,Local
2009-08-24,Cricket Ground,Grandparents' House,Tram,6.62,19.9,397.2,Local
2009-08-25,Home,School,Bus,5.35,12.8,561.8,Local
2009-08-26,Home,Cinema,Train,14.87,19.8,609.7,Local
2009-08-27,Home,School,Bus,17.34,41.6,1820.7,Local
2009-08-27,School,Grandparents' House,Tram,1.36,4.1,81.6,Local
2009-08-28,Home,Park,Walk,8.5,102.0,0.0,Local
2009-08-29,Grandparents' House,Friend's Place,Tram,5.57,16.7,334.2,Local
2009-08-29,Home,Grandparents' House,Train,18.97,25.3,777.8,Local
2009-08-30,Home,Cinema,Car,13.35,20.0,2563.2,Local
2009-08-30,Cinema,Park,Bus,4.44,10.7,466.2,Local
2009-08-31,Home,Park,Car,8.42,12.6,1616.6,Local
2009-08-31,Park,Shopping Centre,Car,6.92,10.4,1328.6,Local
2009-09-01,Home,Friend's Place,Car,15.13,22.7,2905.0,Local
2009-09-01,Friend's Place,Grandparents' House,Bus,4.26,10.2,447.3,Local
2009-09-02,Home,Cinema,Car,10.54,15.8,2023.7,Local
2009-09-02,Cinema,Home,Bus,8.43,20.2,885.1,Local
2009-09-03,Home,School,Bus,6.8,16.3,714.0,Local
2009-09-04,Home,Cinema,Tram,14.5,43.5,870.0,Local
2009-09-05,Home,Park,Walk,17.19,206.3,0.0,Local
2009-09-05,Park,Home,Train,16.44,21.9,674.0,Local
2009-09-06,Home,Grandparents' House,Tram,5.23,15.7,313.8,Local
2009-09-07,Home,Park,Car,5.28,7.9,1013.8,Local
2009-09-07,Park,Friend's Place,Train,3.35,4.5,137.3,Local
2009-09-07,Friend's Place,Cricket Ground,Bus,2.25,5.4,236.2,Local
2009-09-08,Cricket Ground,Park,Car,3.27,4.9,627.8,Local
2009-09-08,Home,Cricket Ground,Bicycle,19.81,79.2,0.0,Local
2009-09-09,Home,Friend's Place,Bus,14.32,34.4,1503.6,Local
2009-09-10,Home,Grandparents' House,Train,7.25,9.7,297.2,Local
2009-09-10,Grandparents' House,Cinema,Train,1.82,2.4,74.6,Local
2009-09-10,Cinema,Shopping Centre,Bicycle,0.72,2.9,0.0,Local
2009-09-11,Home,Cricket Ground,Bus,6.87,16.5,721.4,Local
2009-09-11,Cricket Ground,School,Bus,3.51,8.4,368.5,Local
2009-09-11,School,Shopping Centre,Train,1.38,1.8,56.6,Local
2009-09-12,Home,Shopping Centre,Bus,6.57,15.8,689.9,Local
2009-09-13,Park,Shopping Centre,Bus,0.62,1.5,65.1,Local
2009-09-13,Home,Park,Car,8.73,13.1,1676.2,Local
2009-09-17,Home,School,Bus,10.2,24.5,1071.0,Local
2009-09-18,Home,Shopping Centre,Bicycle,7.63,30.5,0.0,Local
2009-09-18,Shopping Centre,Cricket Ground,Train,7.69,10.3,315.3,Local
2009-09-21,Home,Friend's Place,Bus,9.06,21.7,951.3,Local
2009-09-22,Home,Cinema,Car,13.08,19.6,2511.4,Local
2009-09-22,Cinema,Park,Car,2.92,4.4,560.6,Local
2009-09-22,Park,Grandparents' House,Car,4.88,7.3,937.0,Local
2009-09-24,Home,Grandparents' House,Walk,8.43,101.2,0.0,Local
2009-09-25,Home,Shopping Centre,Walk,13.69,164.3,0.0,Local
2009-09-25,Shopping Centre,Grandparents' House,Tram,0.57,1.7,34.2,Local
2009-09-26,Home,Shopping Centre,Car,17.77,26.7,3411.8,Local
2009-09-26,Shopping Centre,Cricket Ground,Train,3.27,4.4,134.1,Local
2009-09-26,Cricket Ground,Grandparents' House,Walk,1.15,13.8,0.0,Local
2009-09-27,Home,Cinema,Car,16.35,24.5,3139.2,Local
2009-09-27,Cinema,Cricket Ground,Train,7.82,10.4,320.6,Local
2009-09-28,Home,Cricket Ground,Tram,7.97,23.9,478.2,Local
2009-09-29,Home,Cricket Ground,Tram,14.12,42.4,847.2,Local
2009-09-30,Home,Shopping Centre,Tram,6.49,19.5,389.4,Local
2009-10-01,Home,Park,Car,18.4,27.6,3532.8,Local
2009-10-01,Park,Cinema,Bicycle,1.5,6.0,0.0,Local
2009-10-01,Cinema,Cricket Ground,Train,6.08,8.1,249.3,Local
2009-10-02,Home,Cinema,Train,5.73,7.6,234.9,Local
2009-10-02,Cinema,Park,Train,3.82,5.1,156.6,Local
2009-10-03,Home,School,Bus,12.89,30.9,1353.5,Local
2009-10-04,Home,Cricket Ground,Bicycle,13.64,54.6,0.0,Local
2009-10-05,Shopping Centre,Cinema,Tram,3.58,10.7,214.8,Local
2009-10-05,Home,Shopping Centre,Tram,11.02,33.1,661.2,Local
2009-10-09,Home,Cricket Ground,Bicycle,13.5,54.0,0.0,Local
2009-10-09,Cricket Ground,Grandparents' House,Bus,4.78,11.5,501.9,Local
2009-10-10,Home,Park,Tram,12.52,37.6,751.2,Local
2009-10-10,Park,School,Bus,7.76,18.6,814.8,Local
2009-10-10,School,Park,Car,6.72,10.1,1290.2,Local
2009-10-11,Home,Park,Car,9.21,13.8,1768.3,Local
2009-10-12,Home,Park,Train,7.21,9.6,295.6,Local
2009-10-14,Home,Cinema,Bicycle,11.3,45.2,0.0,Local
2009-10-15,Home,Cricket Ground,Car,10.63,15.9,2041.0,Local
2009-10-16,Home,Grandparents' House,Train,18.99,25.3,778.6,Local
2009-10-18,Home,Grandparents' House,Train,6.95,9.3,284.9,Local
2009-10-19,Home,Friend's Place,Walk,18.86,226.3,0.0,Local
2009-10-20,Home,School,Bus,5.21,12.5,547.0,Local
2009-10-21,Home,Shopping Centre,Bus,14.43,34.6,1515.1,Local
2009-10-22,Home,Friend's Place,Walk,18.66,223.9,0.0,Local
2009-10-22,Friend's Place,Home,Bicycle,18.41,73.6,0.0,Local
2009-10-23,Grandparents' House,Home,Train,14.61,19.5,599.0,Local
2009-10-23,Home,Grandparents' House,Bicycle,7.68,30.7,0.0,Local
2009-10-24,Home,School,Bus,17.14,41.1,1799.7,Local
2009-10-25,Home,School,Bus,7.65,18.4,803.2,Local
2009-10-26,Home,Shopping Centre,Walk,15.24,182.9,0.0,Local
2009-10-26,Shopping Centre,Friend's Place,Car,1.04,1.6,199.7,Local
2009-10-28,Home,Friend's Place,Car,19.33,29.0,3711.4,Local
2009-10-28,Friend's Place,Shopping Centre,Walk,6.77,81.2,0.0,Local
2009-10-29,Home,Cricket Ground,Tram,8.85,26.6,531.0,Local
2009-10-30,Cinema,Park,Bicycle,4.04,16.2,0.0,Local
2009-10-30,Home,Cinema,Car,8.11,12.2,1557.1,Local
2009-10-31,Home,Grandparents' House,Car,17.91,26.9,3438.7,Local
2009-10-31,Grandparents' House,Shopping Centre,Train,1.21,1.6,49.6,Local
2009-10-31,Shopping Centre,Cricket Ground,Tram,3.93,11.8,235.8,Local
2009-11-01,Home,Cricket Ground,Tram,19.54,58.6,1172.4,Local
2009-11-02,Home,Friend's Place,Car,5.32,8.0,1021.4,Local
2009-11-03,Home,School,Bus,12.25,29.4,1286.2,Local
2009-11-03,School,Grandparents' House,Walk,6.85,82.2,0.0,Local
2009-11-03,Grandparents' House,Shopping Centre,Bicycle,1.47,5.9,0.0,Local
2009-11-05,Home,Park,Car,19.4,29.1,3724.8,Local
2009-11-06,Home,Cricket Ground,Bus,19.14,45.9,2009.7,Local
2009-11-07,Home,School,Bus,12.51,30.0,1313.5,Local
2009-11-07,School,Home,Tram,11.6,34.8,696.0,Local
2009-11-07,Home,Friend's Place,Car,11.94,17.9,2292.5,Local
2009-11-09,Home,Shopping Centre,Tram,13.56,40.7,813.6,Local
2009-11-10,Home,School,Bus,5.56,13.3,583.8,Local
2009-11-11,Cricket Ground,School,Bus,7.77,18.6,815.8,Local
2009-11-11,Home,Cricket Ground,Car,11.05,16.6,2121.6,Local
2009-11-12,Home,Park,Walk,19.33,232.0,0.0,Local
2009-11-13,Home,Cinema,Tram,17.22,51.7,1033.2,Local
2009-11-13,Cinema,School,Bus,6.03,14.5,633.1,Local
2009-11-15,Home,Shopping Centre,Car,8.54,12.8,1639.7,Local
2009-11-15,Shopping Centre,Home,Tram,12.65,38.0,759.0,Local
2009-11-17,Home,Friend's Place,Train,8.07,10.8,330.9,Local
2009-11-17,Friend's Place,Park,Bicycle,3.79,15.2,0.0,Local
2009-11-18,Home,Cricket Ground,Bicycle,18.18,72.7,0.0,Local
2009-11-19,Home,Friend's Place,Walk,10.82,129.8,0.0,Local
2009-11-20,Home,Cinema,Tram,15.66,47.0,939.6,Local
2009-11-20,Cinema,School,Bus,5.33,12.8,559.6,Local
2009-11-21,Home,Cinema,Train,16.76,22.3,687.2,Local
2009-11-21,Cinema,Park,Bus,4.83,11.6,507.2,Local
2009-11-22,Home,Cinema,Car,10.56,15.8,2027.5,Local
2009-11-23,Home,Cinema,Train,5.95,7.9,244.0,Local
2009-11-24,Home,School,Bus,8.8,21.1,924.0,Local
2009-11-25,Home,Friend's Place,Walk,16.59,199.1,0.0,Local
2009-11-26,Park,Grandparents' House,Train,3.41,4.5,139.8,Local
2009-11-26,Home,Park,Walk,19.2,230.4,0.0,Local
2009-11-27,Home,Grandparents' House,Walk,15.42,185.0,0.0,Local
2009-11-28,Home,Friend's Place,Tram,11.38,34.1,682.8,Local
2009-11-29,Home,Friend's Place,Walk,11.24,134.9,0.0,Local
2009-11-30,Home,Cinema,Tram,11.56,34.7,693.6,Local
2009-11-30,Cinema,Cricket Ground,Walk,1.1,13.2,0.0,Local
2009-12-03,Home,Grandparents' House,Walk,8.26,99.1,0.0,Local
2009-12-05,Home,Cinema,Tram,19.02,57.1,1141.2,Local
2009-12-06,Home,Cricket Ground,Train,19.3,25.7,791.3,Local
2009-12-06,Cricket Ground,School,Bus,5.36,12.9,562.8,Local
2009-12-07,Home,Cricket Ground,Train,15.93,21.2,653.1,Local
2009-12-07,Cricket Ground,Grandparents' House,Walk,3.84,46.1,0.0,Local
2009-12-07,Grandparents' House,Park,Train,1.41,1.9,57.8,Local
2009-12-08,Home,School,Bus,6.35,15.2,666.8,Local
2009-12-09,Home,Cinema,Bus,14.99,36.0,1574.0,Local
2009-12-10,Home,Grandparents' House,Walk,8.79,105.5,0.0,Local
2009-12-12,Grandparents' House,Home,Train,13.31,17.7,545.7,Local
2009-12-12,Home,Grandparents' House,Train,5.33,7.1,218.5,Local
2009-12-13,Home,Friend's Place,Bus,8.13,19.5,853.7,Local
2009-12-14,Home,Shopping Centre,Tram,14.08,42.2,844.8,Local
2009-12-15,Home,Cinema,Bicycle,17.28,69.1,0.0,Local
2009-12-16,Home,Friend's Place,Bus,8.92,21.4,936.6,Local
2009-12-17,Home,Cinema,Walk,19.05,228.6,0.0,Local
2009-12-18,Home,Grandparents' House,Car,17.93,26.9,3442.6,Local
2009-12-19,Grandparents' House,Cricket Ground,Bus,2.99,7.2,314.0,Local
2009-12-19,Home,Friend's Place,Bicycle,8.03,32.1,0.0,Local
2009-12-19,Friend's Place,Grandparents' House,Walk,7.91,94.9,0.0,Local
2009-12-20,Home,School,Bus,19.72,47.3,2070.6,Local
2009-12-20,School,Home,Walk,12.74,152.9,0.0,Local
2009-12-20,Home,School,Bus,7.07,17.0,742.4,Local
2009-12-21,Home,School,Bus,7.6,18.2,798.0,Local
2009-12-21,School,Park,Walk,1.79,21.5,0.0,Local
2009-12-22,Cinema,School,Bus,2.83,6.8,297.2,Local
2009-12-22,School,Cinema,Bus,2.79,6.7,292.9,Local
2009-12-22,Home,Cinema,Bus,8.11,19.5,851.5,Local
2009-12-23,Park,School,Bus,0.85,2.0,89.2,Local
2009-12-23,Home,Friend's Place,Car,15.34,23.0,2945.3,Local
2009-12-23,Friend's Place,Park,Car,2.55,3.8,489.6,Local
2009-12-24,Home,Shopping Centre,Tram,13.18,39.5,790.8,Local
2009-12-26,Home,School,Bus,18.02,43.2,1892.1,Local
2009-12-26,School,Park,Walk,5.07,60.8,0.0,Local
2009-12-27,Home,Grandparents' House,Tram,5.91,17.7,354.6,Local
2009-12-27,Grandparents' House,Friend's Place,Tram,7.08,21.2,424.8,Local
2009-12-28,Home,Cinema,Bus,18.37,44.1,1928.9,Local
2009-12-30,Cricket Ground,Shopping Centre,Tram,6.52,19.6,391.2,Local
2009-12-30,Home,Cricket Ground,Bicycle,16.98,67.9,0.0,Local
2010-01-01,Home,Grandparents' House,Bicycle,11.48,45.9,0.0,Local
2010-01-04,Home,Park,Car,14.81,22.2,2843.5,Local
2010-01-06,Home,Cinema,Tram,17.48,52.4,1048.8,Local
2010-01-08,Home,Park,Walk,14.73,176.8,0.0,Local
2010-01-10,Home,Cricket Ground,Walk,6.83,82.0,0.0,Local
2010-01-11,Friend's Place,Shopping Centre,Tram,6.41,19.2,384.6,Local
2010-01-11,Home,Friend's Place,Car,15.8,23.7,3033.6,Local
2010-01-11,Shopping Centre,School,Bus,7.16,17.2,751.8,Local
2010-01-12,Home,Grandparents' House,Bicycle,13.46,53.8,0.0,Local
2010-01-13,Home,Park,Car,13.63,20.4,2617.0,Local
2010-01-14,Home,Grandparents' House,Bus,15.13,36.3,1588.7,Local
2010-01-16,Home,Friend's Place,Train,7.46,9.9,305.9,Local
2010-01-17,Home,Park,Tram,9.22,27.7,553.2,Local
2010-01-17,Park,Cricket Ground,Bicycle,7.77,31.1,0.0,Local
2010-01-17,Cricket Ground,Friend's Place,Car,2.16,3.2,414.7,Local
2010-01-18,Home,Park,Car,19.91,29.9,3822.7,Local
2010-01-18,Park,Shopping Centre,Bicycle,4.15,16.6,0.0,Local
2010-01-18,Shopping Centre,Park,Tram,2.1,6.3,126.0,Local
2010-01-19,Home,Shopping Centre,Car,15.13,22.7,2905.0,Local
2010-01-19,Shopping Centre,Grandparents' House,Walk,7.78,93.4,0.0,Local
2010-01-20,Home,Cricket Ground,Bicycle,8.38,33.5,0.0,Local
2010-01-20,Cricket Ground,Friend's Place,Walk,4.21,50.5,0.0,Local
2010-01-21,Grandparents' House,Cricket Ground,Walk,4.05,48.6,0.0,Local
2010-01-21,Cricket Ground,Home,Train,9.76,13.0,400.2,Local
2010-01-21,Home,Grandparents' House,Train,6.14,8.2,251.7,Local
2010-01-22,Shopping Centre,School,Bus,0.68,1.6,71.4,Local
2010-01-22,Home,Shopping Centre,Bus,13.67,32.8,1435.3,Local
2010-01-23,Home,Friend's Place,Tram,18.1,54.3,1086.0,Local
2010-01-23,Friend's Place,School,Bus,4.99,12.0,524.0,Local
2010-01-25,Home,Grandparents' House,Train,19.48,26.0,798.7,Local
2010-01-25,Grandparents' House,Home,Car,14.21,21.3,2728.3,Local
2010-01-26,Home,School,Bus,12.13,29.1,1273.7,Local
2010-01-26,School,Park,Tram,2.03,6.1,121.8,Local
2010-01-26,Park,Home,Bicycle,14.74,59.0,0.0,Local
2010-01-28,Home,Cricket Ground,Train,6.11,8.1,250.5,Local
2010-01-28,Cricket Ground,Park,Bus,2.8,6.7,294.0,Local
2010-01-29,Home,School,Bus,17.45,41.9,1832.2,Local
2010-01-30,Home,Park,Walk,18.4,220.8,0.0,Local
2010-01-30,Park,Shopping Centre,Walk,1.63,19.6,0.0,Local
2010-01-31,Home,Shopping Centre,Walk,8.52,102.2,0.0,Local
2010-02-01,Home,Friend's Place,Car,18.24,27.4,3502.1,Local
2010-02-01,Friend's Place,Cricket Ground,Train,3.09,4.1,126.7,Local
2010-02-02,Friend's Place,Shopping Centre,Bus,6.09,14.6,639.4,Local
2010-02-02,Home,Friend's Place,Car,13.43,20.1,2578.6,Local
2010-02-04,Home,Cricket Ground,Bus,11.35,27.2,1191.8,Local
2010-02-04,Cricket Ground,Friend's Place,Bus,6.26,15.0,657.3,Local
2010-02-04,Friend's Place,Cinema,Train,1.84,2.5,75.4,Local
2010-02-05,Home,School,Bus,6.9,16.6,724.5,Local
2010-02-07,Home,Friend's Place,Train,6.85,9.1,280.8,Local
2010-02-09,Friend's Place,School,Bus,5.39,12.9,565.9,Local
2010-02-09,Home,Grandparents' House,Walk,5.42,65.0,0.0,Local
2010-02-09,Grandparents' House,Friend's Place,Train,6.93,9.2,284.1,Local
2010-02-11,Home,School,Bus,13.57,32.6,1424.9,Local
2010-02-12,Home,Park,Walk,13.09,157.1,0.0,Local
2010-02-14,Home,Park,Tram,9.56,28.7,573.6,Local
2010-02-15,Home,Grandparents' House,Train,19.61,26.1,804.0,Local
2010-02-15,Grandparents' House,Shopping Centre,Train,1.24,1.7,50.8,Local
2010-02-15,Shopping Centre,Home,Tram,15.44,46.3,926.4,Local
2010-02-16,Home,Cinema,Train,8.13,10.8,333.3,Local
2010-02-17,School,Park,Walk,5.3,63.6,0.0,Local
2010-02-17,Park,Cinema,Walk,7.8,93.6,0.0,Local
2010-02-17,Home,School,Bus,12.46,29.9,1308.3,Local
2010-02-18,Home,Shopping Centre,Train,15.63,20.8,640.8,Local
2010-02-18,Shopping Centre,Cricket Ground,Bicycle,1.42,5.7,0.0,Local
2010-02-18,Cricket Ground,Home,Bus,9.17,22.0,962.9,Local
2010-02-19,Home,Cricket Ground,Train,16.35,21.8,670.4,Local
2010-02-20,Home,Shopping Centre,Bus,18.49,44.4,1941.4,Local
2010-02-20,Shopping Centre,Cricket Ground,Walk,2.06,24.7,0.0,Local
2010-02-23,School,Cinema,Bicycle,2.96,11.8,0.0,Local
2010-02-23,Cricket Ground,School,Bus,0.58,1.4,60.9,Local
2010-02-23,Home,Cricket Ground,Walk,19.43,233.2,0.0,Local
2010-02-24,Home,Grandparents' House,Train,10.4,13.9,426.4,Local
2010-02-25,Home,Cinema,Train,19.4,25.9,795.4,Local
2010-02-25,Cinema,Shopping Centre,Bicycle,5.22,20.9,0.0,Local
2010-02-26,Home,Cricket Ground,Bus,5.11,12.3,536.6,Local
2010-02-26,Cricket Ground,Shopping Centre,Walk,6.26,75.1,0.0,Local
2010-02-27,Home,Cricket Ground,Bus,9.0,21.6,945.0,Local
2010-02-28,Home,Cinema,Bicycle,18.06,72.2,0.0,Local
2010-03-01,Home,Park,Walk,5.73,68.8,0.0,Local
2010-03-02,Home,Friend's Place,Walk,5.31,63.7,0.0,Local
2010-03-02,Friend's Place,Cricket Ground,Bus,3.85,9.2,404.2,Local
2010-03-03,Home,Shopping Centre,Walk,5.39,64.7,0.0,Local
2010-03-04,Home,Cricket Ground,Bicycle,16.3,65.2,0.0,Local
2010-03-06,Home,School,Bus,13.93,33.4,1462.6,Local
2010-03-08,Home,School,Bus,6.06,14.5,636.3,Local
2010-03-08,School,Shopping Centre,Walk,5.88,70.6,0.0,Local
2010-03-08,Shopping Centre,School,Bus,1.07,2.6,112.4,Local
2010-03-10,Home,Cricket Ground,Train,6.21,8.3,254.6,Local
2010-03-10,Cricket Ground,Cinema,Train,5.49,7.3,225.1,Local
2010-03-10,Cinema,School,Bus,6.26,15.0,657.3,Local
2010-03-11,Home,School,Bus,15.83,38.0,1662.2,Local
2010-03-12,Home,Park,Train,9.32,12.4,382.1,Local
2010-03-12,Park,School,Bus,5.98,14.4,627.9,Local
2010-03-13,Home,School,Bus,19.84,47.6,2083.2,Local
2010-03-14,Shopping Centre,Home,Tram,18.77,56.3,1126.2,Local
2010-03-14,Home,Shopping Centre,Train,8.04,10.7,329.6,Local
2010-03-15,Home,Cinema,Bicycle,16.92,67.7,0.0,Local
2010-03-18,Home,Friend's Place,Car,15.38,23.1,2953.0,Local
2010-03-18,Friend's Place,School,Bus,6.72,16.1,705.6,Local
2010-03-19,Home,Friend's Place,Bus,13.39,32.1,1406.0,Local
2010-03-20,Grandparents' House,Cricket Ground,Tram,1.27,3.8,76.2,Local
2010-03-20,Home,Grandparents' House,Bus,5.94,14.3,623.7,Local
2010-03-21,Home,Park,Bicycle,10.73,42.9,0.0,Local
2010-03-23,Home,Cinema,Bus,13.62,32.7,1430.1,Local
2010-03-23,Cinema,Grandparents' House,Bus,6.7,16.1,703.5,Local
2010-03-23,Grandparents' House,Friend's Place,Train,5.64,7.5,231.2,Local
2010-03-24,Home,Cinema,Bicycle,16.48,65.9,0.0,Local
2010-03-24,Cinema,Home,Car,13.19,19.8,2532.5,Local
2010-03-26,Home,Cricket Ground,Bus,9.11,21.9,956.5,Local
2010-03-27,Grandparents' House,Park,Bus,5.72,13.7,600.6,Local
2010-03-27,Park,Grandparents' House,Car,4.74,7.1,910.1,Local
2010-03-27,Home,Park,Bus,9.58,23.0,1005.9,Local
2010-03-28,Home,Cinema,Bus,9.76,23.4,1024.8,Local
2010-03-30,Home,Cinema,Train,5.46,7.3,223.9,Local
2010-03-30,Cinema,Grandparents' House,Car,5.81,8.7,1115.5,Local
2010-03-31,Home,Friend's Place,Car,14.2,21.3,2726.4,Local
2010-04-01,Home,Friend's Place,Walk,11.42,137.0,0.0,Local
2010-04-01,Friend's Place,Park,Tram,1.7,5.1,102.0,Local
2010-04-01,Park,Shopping Centre,Bus,1.49,3.6,156.4,Local
2010-04-02,Home,Cricket Ground,Train,18.99,25.3,778.6,Local
2010-04-03,Home,Park,Tram,12.3,36.9,738.0,Local
2010-04-04,Home,Cinema,Bus,12.97,31.1,1361.9,Local
2010-04-05,Melbourne,Tokyo,Flight,8500.0,566.7,1150000.0,International-Out
2010-04-06,Home,Friend's Place,Car,15.8,23.7,3033.6,Local
2010-04-07,Home,School,Bus,11.47,27.5,1204.4,Local
2010-04-07,School,Friend's Place,Tram,6.72,20.2,403.2,Local
2010-04-08,Home,Park,Car,5.86,8.8,1125.1,Local
2010-04-08,Park,Friend's Place,Bicycle,2.12,8.5,0.0,Local
2010-04-09,Home,Shopping Centre,Car,9.65,14.5,1852.8,Local
2010-04-10,Home,Shopping Centre,Bus,10.18,24.4,1068.9,Local
2010-04-10,Shopping Centre,Cinema,Bus,1.16,2.8,121.8,Local
2010-04-10,Cinema,Friend's Place,Bus,7.59,18.2,796.9,Local
2010-04-11,Home,Park,Bus,12.02,28.8,1262.1,Local
2010-04-11,Park,Shopping Centre,Bicycle,6.82,27.3,0.0,Local
2010-04-11,Shopping Centre,Cinema,Tram,6.33,19.0,379.8,Local
2010-04-12,Tokyo,Melbourne,Flight,8500.0,566.7,1150000.0,International-Return
2010-04-13,Home,Cricket Ground,Bicycle,5.86,23.4,0.0,Local
2010-04-14,Home,School,Bus,15.91,38.2,1670.5,Local
2010-04-15,Home,Friend's Place,Tram,11.34,34.0,680.4,Local
2010-04-16,Home,Friend's Place,Train,13.71,18.3,562.1,Local
2010-04-17,Home,Shopping Centre,Bus,8.66,20.8,909.3,Local
2010-04-19,Home,Cinema,Bicycle,7.65,30.6,0.0,Local
2010-04-19,Cinema,School,Bus,0.85,2.0,89.2,Local
2010-04-20,Home,Cinema,Car,8.17,12.3,1568.6,Local
2010-04-21,Home,Friend's Place,Walk,9.29,111.5,0.0,Local
2010-04-22,Home,Shopping Centre,Tram,11.82,35.5,709.2,Local
2010-04-22,Shopping Centre,Park,Bus,1.89,4.5,198.4,Local
2010-04-23,Home,Cinema,Bus,15.7,37.7,1648.5,Local
2010-04-24,Home,Cinema,Walk,7.23,86.8,0.0,Local
2010-04-25,Home,Cricket Ground,Bus,8.08,19.4,848.4,Local
2010-04-27,Home,Shopping Centre,Train,6.85,9.1,280.8,Local
2010-04-28,Home,School,Bus,8.3,19.9,871.5,Local
2010-04-28,School,Home,Walk,18.26,219.1,0.0,Local
2010-04-28,Home,Cinema,Car,13.08,19.6,2511.4,Local
2010-04-29,Home,Friend's Place,Train,15.19,20.3,622.8,Local
2010-05-01,Home,Cinema,Walk,5.3,63.6,0.0,Local
2010-05-02,Home,Friend's Place,Bus,15.77,37.8,1655.8,Local
2010-05-03,Home,School,Bus,14.7,35.3,1543.5,Local
2010-05-04,Home,Shopping Centre,Walk,5.41,64.9,0.0,Local
2010-05-06,Home,Grandparents' House,Bus,15.14,36.3,1589.7,Local
2010-05-08,Home,Friend's Place,Bus,13.04,31.3,1369.2,Local
2010-05-08,Friend's Place,Shopping Centre,Car,5.46,8.2,1048.3,Local
2010-05-09,Home,Park,Bicycle,17.37,69.5,0.0,Local
2010-05-10,Home,Grandparents' House,Bicycle,10.16,40.6,0.0,Local
2010-05-12,Home,Friend's Place,Bicycle,17.34,69.4,0.0,Local
2010-05-13,Home,Friend's Place,Bus,6.5,15.6,682.5,Local
2010-05-14,Home,Cinema,Car,18.99,28.5,3646.1,Local
2010-05-14,Cinema,Cricket Ground,Car,4.3,6.5,825.6,Local
2010-05-14,Cricket Ground,Shopping Centre,Car,2.33,3.5,447.4,Local
2010-05-15,Home,School,Bus,9.8,23.5,1029.0,Local
2010-05-16,Home,Cricket Ground,Tram,16.95,50.8,1017.0,Local
2010-05-17,Home,Park,Bicycle,18.99,76.0,0.0,Local
2010-05-17,Park,Home,Bus,7.82,18.8,821.1,Local
2010-05-20,Home,Cricket Ground,Walk,7.37,88.4,0.0,Local
2010-05-21,Shopping Centre,School,Bus,4.5,10.8,472.5,Local
2010-05-21,Home,Grandparents' House,Walk,8.45,101.4,0.0,Local
2010-05-21,Grandparents' House,Shopping Centre,Walk,3.53,42.4,0.0,Local
2010-05-25,Home,Grandparents' House,Train,5.77,7.7,236.6,Local
2010-05-26,Home,Shopping Centre,Bus,5.66,13.6,594.3,Local
2010-05-27,Home,Park,Walk,11.53,138.4,0.0,Local
2010-05-27,Park,Cricket Ground,Tram,4.92,14.8,295.2,Local
2010-05-29,Home,Friend's Place,Walk,19.41,232.9,0.0,Local
2010-05-31,Home,Shopping Centre,Walk,14.64,175.7,0.0,Local
2010-05-31,Shopping Centre,Park,Bicycle,6.1,24.4,0.0,Local
2010-06-02,Home,Grandparents' House,Car,14.01,21.0,2689.9,Local
2010-06-03,Home,Grandparents' House,Car,17.27,25.9,3315.8,Local
2010-06-03,Grandparents' House,Friend's Place,Train,2.23,3.0,91.4,Local
2010-06-03,Friend's Place,School,Bus,1.56,3.7,163.8,Local
2010-06-04,Home,School,Bus,9.78,23.5,1026.9,Local
2010-06-04,School,Grandparents' House,Car,2.17,3.3,416.6,Local
2010-06-07,Home,Cricket Ground,Bus,17.71,42.5,1859.6,Local
2010-06-07,Cricket Ground,Cinema,Bus,1.87,4.5,196.4,Local
2010-06-08,Cinema,Home,Bus,8.02,19.2,842.1,Local
2010-06-08,Home,Cinema,Tram,14.36,43.1,861.6,Local
2010-06-10,Home,School,Bus,16.31,39.1,1712.5,Local
2010-06-11,Home,Cinema,Car,12.33,18.5,2367.4,Local
2010-06-11,Cinema,Grandparents' House,Train,5.53,7.4,226.7,Local
2010-06-12,Home,Friend's Place,Train,10.37,13.8,425.2,Local
2010-06-13,Home,School,Bus,10.39,24.9,1091.0,Local
2010-06-15,Home,Park,Walk,13.12,157.4,0.0,Local
2010-06-16,Home,School,Bus,11.41,27.4,1198.0,Local
2010-06-17,Home,Cinema,Train,17.25,23.0,707.2,Local
2010-06-18,Home,Shopping Centre,Car,16.2,24.3,3110.4,Local
2010-06-19,Home,Friend's Place,Bus,11.28,27.1,1184.4,Local
2010-06-19,Friend's Place,Park,Tram,5.23,15.7,313.8,Local
2010-06-20,Home,Friend's Place,Tram,7.16,21.5,429.6,Local
2010-06-21,Home,Cricket Ground,Tram,10.16,30.5,609.6,Local
2010-06-21,Cricket Ground,Shopping Centre,Tram,1.2,3.6,72.0,Local
2010-06-21,Shopping Centre,Cricket Ground,Train,5.0,6.7,205.0,Local
2010-06-23,Home,Cricket Ground,Bicycle,18.39,73.6,0.0,Local
2010-06-24,Home,Cinema,Tram,16.41,49.2,984.6,Local
2010-06-25,Cricket Ground,School,Bus,5.14,12.3,539.7,Local
2010-06-25,Home,Cricket Ground,Tram,15.59,46.8,935.4,Local
2010-06-26,Home,Cinema,Walk,5.33,64.0,0.0,Local
2010-06-27,Home,Park,Train,15.79,21.1,647.4,Local
2010-06-29,Home,Cricket Ground,Tram,6.17,18.5,370.2,Local
2010-06-29,Cricket Ground,Home,Bus,9.29,22.3,975.4,Local
2010-06-29,Home,Cinema,Walk,14.27,171.2,0.0,Local
2010-06-30,Home,Grandparents' House,Train,18.38,24.5,753.6,Local
2010-06-30,Grandparents' House,Friend's Place,Train,1.4,1.9,57.4,Local
2010-06-30,Friend's Place,Home,Train,6.96,9.3,285.4,Local
2010-07-01,Home,Friend's Place,Car,10.98,16.5,2108.2,Local
2010-07-03,Home,Cinema,Walk,11.56,138.7,0.0,Local
2010-07-04,Home,Grandparents' House,Bus,19.62,47.1,2060.1,Local
2010-07-04,Grandparents' House,School,Bus,4.74,11.4,497.7,Local
2010-07-04,School,Home,Tram,8.54,25.6,512.4,Local
2010-07-05,Home,Cinema,Tram,14.82,44.5,889.2,Local
2010-07-06,Home,Friend's Place,Tram,17.38,52.1,1042.8,Local
2010-07-07,Home,Cinema,Bicycle,12.94,51.8,0.0,Local
2010-07-08,Home,School,Bus,12.84,30.8,1348.2,Local
2010-07-09,Home,Cinema,Bicycle,5.94,23.8,0.0,Local
2010-07-09,Cinema,Home,Tram,5.4,16.2,324.0,Local
2010-07-11,Home,Park,Bus,18.92,45.4,1986.6,Local
2010-07-12,Home,Friend's Place,Car,5.32,8.0,1021.4,Local
2010-07-12,Friend's Place,Home,Bicycle,14.06,56.2,0.0,Local
2010-07-13,Home,Shopping Centre,Walk,14.06,168.7,0.0,Local
2010-07-13,Shopping Centre,Friend's Place,Train,0.89,1.2,36.5,Local
2010-07-14,Home,Park,Tram,6.28,18.8,376.8,Local
2010-07-15,Home,Friend's Place,Train,8.9,11.9,364.9,Local
2010-07-16,Home,Grandparents' House,Car,10.95,16.4,2102.4,Local
2010-07-17,Home,Friend's Place,Tram,16.97,50.9,1018.2,Local
2010-07-18,Home,Park,Car,17.97,27.0,3450.2,Local
2010-07-20,Home,Shopping Centre,Train,10.98,14.6,450.2,Local
2010-07-21,Home,School,Bus,14.27,34.2,1498.3,Local
2010-07-21,School,Friend's Place,Walk,0.61,7.3,0.0,Local
2010-07-22,Home,Friend's Place,Car,10.41,15.6,1998.7,Local
2010-07-23,Grandparents' House,Home,Car,10.84,16.3,2081.3,Local
2010-07-23,Home,Grandparents' House,Bicycle,6.97,27.9,0.0,Local
2010-07-24,Home,Cinema,Bicycle,13.22,52.9,0.0,Local
2010-07-24,Cinema,Shopping Centre,Tram,2.94,8.8,176.4,Local
2010-07-24,Shopping Centre,School,Bus,3.49,8.4,366.5,Local
2010-07-25,Home,Park,Tram,11.13,33.4,667.8,Local
2010-07-26,Home,Park,Car,16.53,24.8,3173.8,Local
2010-07-26,Park,Grandparents' House,Car,4.19,6.3,804.5,Local
2010-07-29,Home,School,Bus,10.3,24.7,1081.5,Local
2010-07-30,Home,Park,Bicycle,14.56,58.2,0.0,Local
2010-08-01,School,Cinema,Bus,6.89,16.5,723.4,Local
2010-08-01,Home,School,Bus,17.64,42.3,1852.2,Local
2010-08-02,Home,Friend's Place,Bus,6.02,14.4,632.1,Local
2010-08-03,Home,Shopping Centre,Car,10.1,15.2,1939.2,Local
2010-08-03,Shopping Centre,Park,Bicycle,5.66,22.6,0.0,Local
2010-08-04,Home,School,Bus,15.9,38.2,1669.5,Local
2010-08-04,School,Friend's Place,Tram,5.7,17.1,342.0,Local
2010-08-06,Home,Cinema,Walk,5.16,61.9,0.0,Local
2010-08-07,Home,Cricket Ground,Train,14.43,19.2,591.6,Local
2010-08-08,Home,Shopping Centre,Train,19.1,25.5,783.1,Local
2010-08-09,Home,Shopping Centre,Walk,12.44,149.3,0.0,Local
2010-08-10,Home,Park,Train,16.52,22.0,677.3,Local
2010-08-10,Park,Friend's Place,Bicycle,4.0,16.0,0.0,Local
2010-08-12,Home,Shopping Centre,Bicycle,15.96,63.8,0.0,Local
2010-08-13,Home,Cinema,Train,17.29,23.1,708.9,Local
2010-08-13,Cinema,Cricket Ground,Tram,6.22,18.7,373.2,Local
2010-08-15,Home,Grandparents' House,Train,13.31,17.7,545.7,Local
2010-08-16,Home,Cinema,Tram,15.75,47.2,945.0,Local
2010-08-16,Cinema,Home,Walk,19.42,233.0,0.0,Local
2010-08-16,Home,Cinema,Train,14.21,18.9,582.6,Local
2010-08-18,Home,School,Bus,8.79,21.1,922.9,Local
2010-08-18,School,Grandparents' House,Tram,1.49,4.5,89.4,Local
2010-08-18,Grandparents' House,Friend's Place,Bicycle,3.51,14.0,0.0,Local
2010-08-19,Home,Grandparents' House,Train,9.9,13.2,405.9,Local
2010-08-20,Home,Grandparents' House,Train,12.24,16.3,501.8,Local
2010-08-20,Grandparents' House,Park,Walk,7.64,91.7,0.0,Local
2010-08-21,Home,Cricket Ground,Bicycle,9.94,39.8,0.0,Local
2010-08-22,Home,Grandparents' House,Train,9.88,13.2,405.1,Local
2010-08-23,Home,Cricket Ground,Bicycle,18.23,72.9,0.0,Local
2010-08-23,Cricket Ground,Cinema,Walk,6.14,73.7,0.0,Local
2010-08-27,Home,School,Bus,7.56,18.1,793.8,Local
2010-08-28,Home,School,Bus,6.64,15.9,697.2,Local
2010-08-28,School,Friend's Place,Bus,4.97,11.9,521.9,Local
2010-08-28,Friend's Place,Cricket Ground,Tram,6.09,18.3,365.4,Local
2010-08-30,Home,Friend's Place,Train,10.21,13.6,418.6,Local
2010-08-31,Home,Friend's Place,Train,7.07,9.4,289.9,Local
2010-08-31,Friend's Place,Home,Tram,7.99,24.0,479.4,Local
2010-08-31,Home,Grandparents' House,Walk,12.8,153.6,0.0,Local
2010-09-01,Home,Friend's Place,Train,14.95,19.9,612.9,Local
2010-09-01,Friend's Place,Cricket Ground,Bus,1.9,4.6,199.5,Local
2010-09-01,Cricket Ground,Home,Tram,13.68,41.0,820.8,Local
2010-09-02,Home,Cricket Ground,Walk,6.18,74.2,0.0,Local
2010-09-06,Home,Shopping Centre,Train,7.36,9.8,301.8,Local
2010-09-06,Shopping Centre,Cricket Ground,Car,3.15,4.7,604.8,Local
2010-09-07,Shopping Centre,Friend's Place,Train,5.83,7.8,239.0,Local
2010-09-07,Home,Shopping Centre,Walk,10.93,131.2,0.0,Local
2010-09-08,Home,Cinema,Walk,17.07,204.8,0.0,Local
2010-09-09,Home,Cricket Ground,Train,5.06,6.7,207.5,Local
2010-09-11,Home,Park,Bicycle,6.09,24.4,0.0,Local
2010-09-12,Home,Cricket Ground,Car,10.01,15.0,1921.9,Local
2010-09-13,Home,Cinema,Train,17.31,23.1,709.7,Local
2010-09-14,Home,Friend's Place,Bicycle,16.41,65.6,0.0,Local
2010-09-14,Friend's Place,Cricket Ground,Bus,0.97,2.3,101.8,Local
2010-09-15,Home,Friend's Place,Bus,12.11,29.1,1271.5,Local
2010-09-16,Home,Grandparents' House,Bicycle,6.88,27.5,0.0,Local
2010-09-16,Grandparents' House,Cinema,Bus,4.72,11.3,495.6,Local
2010-09-16,Cinema,School,Bus,7.94,19.1,833.7,Local
2010-09-18,Home,Cricket Ground,Walk,18.38,220.6,0.0,Local
2010-09-20,Home,Friend's Place,Bus,17.15,41.2,1800.7,Local
2010-09-22,Grandparents' House,Shopping Centre,Car,2.4,3.6,460.8,Local
2010-09-22,Shopping Centre,Friend's Place,Bicycle,1.64,6.6,0.0,Local
2010-09-22,Home,Grandparents' House,Walk,9.3,111.6,0.0,Local
2010-09-23,Home,Grandparents' House,Tram,14.29,42.9,857.4,Local
2010-09-24,Home,Friend's Place,Bicycle,6.97,27.9,0.0,Local
2010-09-25,Home,School,Bus,10.15,24.4,1065.8,Local
2010-09-26,Home,School,Bus,15.75,37.8,1653.8,Local
2010-09-27,Home,Cinema,Bus,11.22,26.9,1178.1,Local
2010-09-28,Home,Cricket Ground,Bicycle,15.95,63.8,0.0,Local
2010-09-28,Cricket Ground,Park,Walk,0.63,7.6,0.0,Local
2010-09-29,Home,School,Bus,14.72,35.3,1545.6,Local
2010-09-29,School,Cricket Ground,Tram,5.44,16.3,326.4,Local
2010-09-30,Home,Friend's Place,Car,19.1,28.7,3667.2,Local
2010-10-01,Home,School,Bus,17.08,41.0,1793.4,Local
2010-10-02,Home,Grandparents' House,Bicycle,10.72,42.9,0.0,Local
2010-10-03,Home,Park,Train,14.32,19.1,587.1,Local
2010-10-03,Park,Cricket Ground,Walk,5.26,63.1,0.0,Local
2010-10-03,Cricket Ground,Cinema,Walk,3.7,44.4,0.0,Local
2010-10-05,Home,Park,Bicycle,8.16,32.6,0.0,Local
2010-10-06,Home,Park,Bicycle,14.63,58.5,0.0,Local
2010-10-06,Park,Shopping Centre,Car,1.1,1.7,211.2,Local
2010-10-07,Home,Park,Car,10.35,15.5,1987.2,Local
2010-10-09,Home,Park,Bicycle,8.37,33.5,0.0,Local
2010-10-10,Home,School,Bus,10.44,25.1,1096.2,Local
2010-10-11,Home,Cinema,Walk,18.3,219.6,0.0,Local
2010-10-11,Cinema,Cricket Ground,Walk,4.05,48.6,0.0,Local
2010-10-14,Home,Cinema,Tram,10.67,32.0,640.2,Local
2010-10-17,Home,Cinema,Tram,8.21,24.6,492.6,Local
2010-10-20,Home,Shopping Centre,Bus,13.18,31.6,1383.9,Local
2010-10-20,Shopping Centre,Friend's Place,Tram,4.78,14.3,286.8,Local
2010-10-20,Friend's Place,Shopping Centre,Train,0.75,1.0,30.8,Local
2010-10-21,Home,Cricket Ground,Car,5.8,8.7,1113.6,Local
2010-10-23,Home,Shopping Centre,Bus,19.55,46.9,2052.8,Local
2010-10-23,Shopping Centre,Home,Bus,10.2,24.5,1071.0,Local
2010-10-24,Home,Friend's Place,Walk,8.89,106.7,0.0,Local
2010-10-24,Friend's Place,Park,Train,7.55,10.1,309.6,Local
2010-10-24,Park,Home,Car,10.51,15.8,2017.9,Local
2010-10-25,Home,School,Bus,11.43,27.4,1200.1,Local
2010-10-25,School,Home,Train,5.05,6.7,207.0,Local
2010-10-25,Home,Park,Train,9.43,12.6,386.6,Local
2010-10-26,Home,Park,Car,5.47,8.2,1050.2,Local
2010-10-27,Home,Grandparents' House,Train,15.23,20.3,624.4,Local
2010-10-28,Home,Park,Tram,11.07,33.2,664.2,Local
2010-10-29,Home,Cricket Ground,Tram,8.89,26.7,533.4,Local
2010-10-30,Home,Park,Tram,18.73,56.2,1123.8,Local
2010-10-30,Park,Cricket Ground,Car,5.39,8.1,1034.9,Local
2010-10-30,Cricket Ground,Friend's Place,Car,2.05,3.1,393.6,Local
2010-10-31,Home,Park,Bus,19.72,47.3,2070.6,Local
2010-10-31,Park,Shopping Centre,Tram,1.98,5.9,118.8,Local
2010-11-01,Park,Friend's Place,Car,4.42,6.6,848.6,Local
2010-11-01,Home,Park,Train,15.84,21.1,649.4,Local
2010-11-03,Home,Park,Walk,5.79,69.5,0.0,Local
2010-11-04,Home,School,Bus,9.85,23.6,1034.2,Local
2010-11-04,School,Shopping Centre,Walk,1.13,13.6,0.0,Local
2010-11-05,Home,Park,Bicycle,17.83,71.3,0.0,Local
2010-11-05,Park,Friend's Place,Train,2.92,3.9,119.7,Local
2010-11-05,Friend's Place,School,Bus,2.74,6.6,287.7,Local
2010-11-06,Park,Grandparents' House,Tram,5.05,15.2,303.0,Local
2010-11-06,Grandparents' House,Park,Train,6.43,8.6,263.6,Local
2010-11-06,Home,Grandparents' House,Bus,13.39,32.1,1406.0,Local
2010-11-08,Home,Cricket Ground,Bus,5.92,14.2,621.6,Local
2010-11-08,Cricket Ground,Friend's Place,Tram,3.3,9.9,198.0,Local
2010-11-08,Friend's Place,School,Bus,1.87,4.5,196.4,Local
2010-11-09,Home,Friend's Place,Car,10.95,16.4,2102.4,Local
2010-11-11,Home,School,Bus,12.12,29.1,1272.6,Local
2010-11-12,Cricket Ground,Friend's Place,Walk,1.36,16.3,0.0,Local
2010-11-12,Friend's Place,Park,Bicycle,3.34,13.4,0.0,Local
2010-11-12,Home,Cricket Ground,Bicycle,9.54,38.2,0.0,Local
2010-11-13,Home,Cinema,Bicycle,5.28,21.1,0.0,Local
2010-11-15,Home,Cinema,Bicycle,11.96,47.8,0.0,Local
2010-11-16,Home,Friend's Place,Bicycle,10.86,43.4,0.0,Local
2010-11-18,Home,Cinema,Bus,11.72,28.1,1230.6,Local
2010-11-19,Home,Park,Walk,7.07,84.8,0.0,Local
2010-11-20,Home,Grandparents' House,Train,6.0,8.0,246.0,Local
2010-11-21,Home,Park,Car,11.48,17.2,2204.2,Local
2010-11-23,Grandparents' House,Shopping Centre,Car,1.69,2.5,324.5,Local
2010-11-23,Home,Grandparents' House,Tram,19.47,58.4,1168.2,Local
2010-11-25,Home,Cricket Ground,Bicycle,6.65,26.6,0.0,Local
2010-11-25,Cricket Ground,Home,Tram,7.82,23.5,469.2,Local
2010-11-26,Home,Park,Walk,15.78,189.4,0.0,Local
2010-11-26,Park,Home,Tram,18.81,56.4,1128.6,Local
2010-11-27,Home,Cricket Ground,Bicycle,10.18,40.7,0.0,Local
2010-11-28,Home,Cinema,Bicycle,13.89,55.6,0.0,Local
2010-11-29,Friend's Place,School,Bus,2.62,6.3,275.1,Local
2010-11-29,School,Park,Bicycle,6.4,25.6,0.0,Local
2010-11-29,Home,Friend's Place,Walk,19.16,229.9,0.0,Local
2010-11-30,Home,Shopping Centre,Tram,5.51,16.5,330.6,Local
2010-11-30,Shopping Centre,School,Bus,6.15,14.8,645.8,Local
2010-12-01,Home,Cricket Ground,Bicycle,9.67,38.7,0.0,Local
2010-12-03,Home,Cinema,Bus,9.93,23.8,1042.6,Local
2010-12-03,Cinema,Shopping Centre,Tram,3.39,10.2,203.4,Local
2010-12-04,Friend's Place,Shopping Centre,Walk,4.41,52.9,0.0,Local
2010-12-04,Home,Friend's Place,Tram,8.84,26.5,530.4,Local
2010-12-05,Shopping Centre,Home,Bicycle,13.5,54.0,0.0,Local
2010-12-05,Home,Cinema,Car,19.97,30.0,3834.2,Local
2010-12-05,Cinema,Shopping Centre,Walk,4.78,57.4,0.0,Local
2010-12-06,Home,Friend's Place,Walk,19.6,235.2,0.0,Local
2010-12-07,Home,School,Bus,18.94,45.5,1988.7,Local
2010-12-08,Home,Friend's Place,Bicycle,17.91,71.6,0.0,Local
2010-12-09,Home,Friend's Place,Bicycle,19.89,79.6,0.0,Local
2010-12-09,Friend's Place,Home,Bicycle,19.28,77.1,0.0,Local
2010-12-10,Home,Cricket Ground,Car,8.42,12.6,1616.6,Local
2010-12-11,Home,Cricket Ground,Tram,18.59,55.8,1115.4,Local
2010-12-12,Home,Park,Bicycle,6.21,24.8,0.0,Local
2010-12-13,Home,Shopping Centre,Bus,11.1,26.6,1165.5,Local
2010-12-13,Shopping Centre,Home,Car,17.82,26.7,3421.4,Local
2010-12-13,Home,Park,Train,6.05,8.1,248.0,Local
2010-12-14,Home,School,Bus,8.25,19.8,866.2,Local
2010-12-15,Home,Grandparents' House,Train,8.85,11.8,362.8,Local
2010-12-18,Shopping Centre,School,Bus,4.47,10.7,469.3,Local
2010-12-18,School,Friend's Place,Car,7.02,10.5,1347.8,Local
2010-12-18,Home,Shopping Centre,Train,14.06,18.7,576.5,Local
2010-12-19,Home,Cricket Ground,Car,17.66,26.5,3390.7,Local
2010-12-19,Cricket Ground,Shopping Centre,Bus,6.55,15.7,687.8,Local
2010-12-20,Home,Shopping Centre,Bicycle,9.21,36.8,0.0,Local
2010-12-22,Home,Cricket Ground,Bicycle,18.3,73.2,0.0,Local
2010-12-23,Home,Shopping Centre,Bicycle,9.65,38.6,0.0,Local
2010-12-23,Shopping Centre,Friend's Place,Train,3.55,4.7,145.5,Local
2010-12-24,Home,Friend's Place,Train,7.06,9.4,289.5,Local
2010-12-25,Home,Shopping Centre,Tram,18.0,54.0,1080.0,Local
2010-12-26,Home,Grandparents' House,Car,7.15,10.7,1372.8,Local
2010-12-26,Grandparents' House,Home,Car,16.1,24.2,3091.2,Local
2010-12-27,Home,School,Bus,11.89,28.5,1248.5,Local
2010-12-28,Home,Cricket Ground,Car,8.7,13.0,1670.4,Local
2010-12-29,Home,Friend's Place,Walk,19.12,229.4,0.0,Local
2010-12-30,Home,Friend's Place,Train,14.91,19.9,611.3,Local
2011-01-01,Cinema,Home,Car,11.16,16.7,2142.7,Local
2011-01-01,Cricket Ground,Cinema,Car,0.62,0.9,119.0,Local
2011-01-01,Home,Cricket Ground,Walk,9.52,114.2,0.0,Local
2011-01-03,Home,Grandparents' House,Bus,15.01,36.0,1576.0,Local
2011-01-04,Home,Cinema,Bus,8.04,19.3,844.2,Local
2011-01-05,Home,Park,Bicycle,16.5,66.0,0.0,Local
2011-01-06,Home,Cinema,Train,15.85,21.1,649.9,Local
2011-01-07,Home,School,Bus,14.94,35.9,1568.7,Local
2011-01-08,Home,Shopping Centre,Bicycle,15.76,63.0,0.0,Local
2011-01-09,Home,Park,Bus,5.22,12.5,548.1,Local
2011-01-10,Home,Cricket Ground,Bicycle,13.17,52.7,0.0,Local
2011-01-10,Cricket Ground,Park,Tram,4.03,12.1,241.8,Local
2011-01-11,Home,Shopping Centre,Walk,10.47,125.6,0.0,Local
2011-01-12,Home,Cricket Ground,Walk,18.06,216.7,0.0,Local
2011-01-14,Home,Shopping Centre,Walk,16.03,192.4,0.0,Local
2011-01-15,Home,Park,Bus,18.75,45.0,1968.8,Local
2011-01-16,Home,School,Bus,7.44,17.9,781.2,Local
2011-01-18,Home,Shopping Centre,Tram,11.07,33.2,664.2,Local
2011-01-19,School,Shopping Centre,Walk,3.81,45.7,0.0,Local
2011-01-19,Home,School,Bus,17.53,42.1,1840.7,Local
2011-01-19,Shopping Centre,Home,Bicycle,15.73,62.9,0.0,Local
2011-01-21,Home,Cricket Ground,Train,19.44,25.9,797.0,Local
2011-01-22,Home,School,Bus,18.14,43.5,1904.7,Local
2011-01-22,School,Cricket Ground,Train,6.51,8.7,266.9,Local
2011-01-23,Home,School,Bus,7.96,19.1,835.8,Local
2011-01-24,Home,Cinema,Train,7.17,9.6,294.0,Local
2011-01-24,Cinema,Friend's Place,Train,7.82,10.4,320.6,Local
2011-01-25,Home,Park,Bicycle,18.9,75.6,0.0,Local
2011-01-26,Home,Grandparents' House,Bus,15.28,36.7,1604.4,Local
2011-01-27,Home,Park,Walk,18.03,216.4,0.0,Local
2011-01-28,Home,School,Bus,15.25,36.6,1601.2,Local
2011-01-29,Home,Cinema,Bicycle,15.0,60.0,0.0,Local
2011-01-30,Home,Cricket Ground,Walk,7.16,85.9,0.0,Local
2011-01-31,Home,Cricket Ground,Walk,15.4,184.8,0.0,Local
2011-02-01,Home,Cricket Ground,Train,16.1,21.5,660.1,Local
2011-02-02,Home,Cinema,Bicycle,17.41,69.6,0.0,Local
2011-02-03,Home,Grandparents' House,Bus,11.34,27.2,1190.7,Local
2011-02-04,Shopping Centre,Home,Bus,10.79,25.9,1132.9,Local
2011-02-04,Home,School,Bus,6.91,16.6,725.6,Local
2011-02-04,Home,Shopping Centre,Bus,18.18,43.6,1908.9,Local
2011-02-05,Home,Cinema,Bus,19.78,47.5,2076.9,Local
2011-02-06,Home,Park,Bus,15.79,37.9,1657.9,Local
2011-02-07,Home,Park,Car,14.63,21.9,2809.0,Local
2011-02-08,Home,Cricket Ground,Bicycle,6.17,24.7,0.0,Local
2011-02-09,Home,Cinema,Car,14.93,22.4,2866.6,Local
2011-02-10,Home,Park,Walk,17.17,206.0,0.0,Local
2011-02-11,Home,School,Bus,8.63,20.7,906.2,Local
2011-02-12,Home,Park,Tram,18.38,55.1,1102.8,Local
2011-02-13,Home,Cricket Ground,Tram,9.29,27.9,557.4,Local
2011-02-14,Home,Cinema,Tram,5.67,17.0,340.2,Local
2011-02-16,Home,Friend's Place,Tram,12.64,37.9,758.4,Local
2011-02-17,Home,Cricket Ground,Tram,5.7,17.1,342.0,Local
2011-02-19,Home,Cricket Ground,Bus,8.86,21.3,930.3,Local
2011-02-20,Home,Park,Bicycle,12.16,48.6,0.0,Local
2011-02-21,Park,Cricket Ground,Walk,4.01,48.1,0.0,Local
2011-02-21,Cricket Ground,School,Bus,3.89,9.3,408.4,Local
2011-02-21,Home,Park,Train,8.03,10.7,329.2,Local
2011-02-22,Cinema,Cricket Ground,Train,2.91,3.9,119.3,Local
2011-02-22,Home,Cinema,Bus,14.0,33.6,1470.0,Local
2011-02-25,Home,Cricket Ground,Walk,7.92,95.0,0.0,Local
2011-02-26,Home,Friend's Place,Car,19.61,29.4,3765.1,Local
2011-02-27,Home,Park,Bus,9.37,22.5,983.8,Local
2011-02-28,Home,School,Bus,17.39,41.7,1826.0,Local
2011-03-01,Home,Cinema,Tram,17.91,53.7,1074.6,Local
2011-03-02,Home,School,Bus,15.58,37.4,1635.9,Local
2011-03-04,Home,Park,Walk,18.99,227.9,0.0,Local
2011-03-05,Friend's Place,School,Bus,7.09,17.0,744.4,Local
2011-03-05,Home,Friend's Place,Walk,7.36,88.3,0.0,Local
2011-03-07,Home,Friend's Place,Car,18.96,28.4,3640.3,Local
2011-03-09,Home,School,Bus,10.84,26.0,1138.2,Local
2011-03-09,School,Cinema,Bus,5.49,13.2,576.5,Local
2011-03-10,Home,Cricket Ground,Tram,14.62,43.9,877.2,Local
2011-03-11,Home,Cinema,Bicycle,6.56,26.2,0.0,Local
2011-03-11,Cinema,Grandparents' House,Train,6.35,8.5,260.3,Local
2011-03-12,Home,Grandparents' House,Car,9.58,14.4,1839.4,Local
2011-03-13,Shopping Centre,Park,Bicycle,6.68,26.7,0.0,Local
2011-03-13,Home,Shopping Centre,Train,5.57,7.4,228.4,Local
2011-03-14,Home,Cinema,Tram,17.09,51.3,1025.4,Local
2011-03-15,Home,School,Bus,6.27,15.0,658.3,Local
2011-03-16,Home,Shopping Centre,Bicycle,19.83,79.3,0.0,Local
2011-03-16,Shopping Centre,Cinema,Walk,1.92,23.0,0.0,Local
2011-03-16,Cinema,Shopping Centre,Train,3.83,5.1,157.0,Local
2011-03-17,Home,School,Bus,9.59,23.0,1006.9,Local
2011-03-18,Home,Friend's Place,Bicycle,9.63,38.5,0.0,Local
2011-03-19,Home,Grandparents' House,Tram,14.16,42.5,849.6,Local
2011-03-20,Home,Shopping Centre,Tram,7.14,21.4,428.4,Local
2011-03-20,Shopping Centre,Grandparents' House,Walk,0.72,8.6,0.0,Local
2011-03-21,Home,Park,Car,10.06,15.1,1931.5,Local
2011-03-21,Park,Friend's Place,Bus,6.43,15.4,675.1,Local
2011-03-21,Friend's Place,Park,Train,0.82,1.1,33.6,Local
2011-03-22,Home,Grandparents' House,Tram,17.85,53.6,1071.0,Local
2011-03-22,Grandparents' House,Cricket Ground,Walk,1.45,17.4,0.0,Local
2011-03-22,Cricket Ground,Grandparents' House,Train,6.01,8.0,246.4,Local
2011-03-23,Cricket Ground,Friend's Place,Bicycle,6.65,26.6,0.0,Local
2011-03-23,Home,Cricket Ground,Train,18.51,24.7,758.9,Local
2011-03-24,Home,Cricket Ground,Car,10.48,15.7,2012.2,Local
2011-03-24,Cricket Ground,Home,Bicycle,18.36,73.4,0.0,Local
2011-03-27,Home,Friend's Place,Walk,18.86,226.3,0.0,Local
2011-03-27,Friend's Place,Home,Bus,8.0,19.2,840.0,Local
2011-03-27,Home,Friend's Place,Car,12.73,19.1,2444.2,Local
2011-03-28,Home,Park,Bus,6.1,14.6,640.5,Local
2011-03-28,Park,Grandparents' House,Tram,1.37,4.1,82.2,Local
2011-03-29,Cinema,Grandparents' House,Train,7.82,10.4,320.6,Local
2011-03-29,Home,Cinema,Bus,16.42,39.4,1724.1,Local
2011-04-01,Home,Park,Walk,7.5,90.0,0.0,Local
2011-04-02,Home,Cricket Ground,Walk,9.43,113.2,0.0,Local
2011-04-04,Home,Friend's Place,Bicycle,10.39,41.6,0.0,Local
2011-04-05,Home,Friend's Place,Bicycle,8.28,33.1,0.0,Local
2011-04-06,Home,Cinema,Walk,19.25,231.0,0.0,Local
2011-04-07,Home,Cricket Ground,Car,19.5,29.2,3744.0,Local
2011-04-09,Home,Cricket Ground,Tram,17.49,52.5,1049.4,Local
2011-04-10,Home,Park,Car,13.58,20.4,2607.4,Local
2011-04-11,Home,School,Bus,11.15,26.8,1170.8,Local
2011-04-11,School,Friend's Place,Bicycle,5.51,22.0,0.0,Local
2011-04-12,Home,Cricket Ground,Walk,12.73,152.8,0.0,Local
2011-04-13,Home,Grandparents' House,Tram,19.67,59.0,1180.2,Local
2011-04-14,Home,Shopping Centre,Bus,13.59,32.6,1427.0,Local
2011-04-14,Shopping Centre,School,Bus,1.79,4.3,188.0,Local
2011-04-14,School,Cricket Ground,Bus,1.66,4.0,174.3,Local
2011-04-15,School,Cricket Ground,Walk,6.54,78.5,0.0,Local
2011-04-15,Home,School,Bus,14.58,35.0,1530.9,Local
2011-04-17,Home,Shopping Centre,Walk,10.19,122.3,0.0,Local
2011-04-17,Shopping Centre,Home,Train,8.32,11.1,341.1,Local
2011-04-18,Home,Park,Tram,11.82,35.5,709.2,Local
2011-04-18,Park,Cricket Ground,Bicycle,1.47,5.9,0.0,Local
2011-04-19,Home,Park,Bicycle,7.88,31.5,0.0,Local
2011-04-20,Cinema,School,Bus,6.01,14.4,631.0,Local
2011-04-20,Home,Cinema,Tram,6.4,19.2,384.0,Local
2011-04-20,School,Grandparents' House,Bicycle,6.46,25.8,0.0,Local
2011-04-21,Home,School,Bus,11.76,28.2,1234.8,Local
2011-04-22,Home,Shopping Centre,Bicycle,12.69,50.8,0.0,Local
2011-04-23,Home,Grandparents' House,Walk,19.55,234.6,0.0,Local
2011-04-23,Grandparents' House,Home,Train,19.32,25.8,792.1,Local
2011-04-24,Home,Cinema,Bicycle,12.97,51.9,0.0,Local
2011-04-25,Home,Park,Car,13.32,20.0,2557.4,Local
2011-04-26,Home,Cricket Ground,Bicycle,9.85,39.4,0.0,Local
2011-04-27,Home,School,Bus,9.74,23.4,1022.7,Local
2011-04-28,Home,Cricket Ground,Train,16.76,22.3,687.2,Local
2011-04-30,Friend's Place,Cricket Ground,Walk,5.33,64.0,0.0,Local
2011-04-30,Home,Friend's Place,Walk,19.34,232.1,0.0,Local
2011-05-01,Home,Grandparents' House,Train,10.02,13.4,410.8,Local
2011-05-02,Home,Friend's Place,Bus,15.87,38.1,1666.3,Local
2011-05-02,Friend's Place,School,Bus,7.34,17.6,770.7,Local
2011-05-02,School,Cinema,Walk,6.92,83.0,0.0,Local
2011-05-03,Home,Cricket Ground,Tram,9.31,27.9,558.6,Local
2011-05-04,Home,Shopping Centre,Walk,9.39,112.7,0.0,Local
2011-05-05,Home,School,Bus,10.02,24.0,1052.1,Local
2011-05-07,Shopping Centre,Cricket Ground,Bus,0.58,1.4,60.9,Local
2011-05-07,Home,Shopping Centre,Bicycle,12.95,51.8,0.0,Local
2011-05-09,Home,Cinema,Train,17.67,23.6,724.5,Local
2011-05-11,Home,Park,Train,6.65,8.9,272.7,Local
2011-05-12,Home,Shopping Centre,Car,17.84,26.8,3425.3,Local
2011-05-12,Shopping Centre,Cinema,Train,3.86,5.1,158.3,Local
2011-05-13,Home,Shopping Centre,Tram,15.89,47.7,953.4,Local
2011-05-13,Shopping Centre,Friend's Place,Train,4.9,6.5,200.9,Local
2011-05-15,Home,Cinema,Bus,16.15,38.8,1695.7,Local
2011-05-15,Cinema,Grandparents' House,Bus,4.37,10.5,458.9,Local
2011-05-16,Home,Cinema,Car,8.51,12.8,1633.9,Local
2011-05-16,Home,Cricket Ground,Walk,12.26,147.1,0.0,Local
2011-05-16,Cricket Ground,Home,Car,6.65,10.0,1276.8,Local
2011-05-18,Home,Cinema,Walk,12.53,150.4,0.0,Local
2011-05-19,Home,Cricket Ground,Train,19.62,26.2,804.4,Local
2011-05-20,Home,Cinema,Walk,17.43,209.2,0.0,Local
2011-05-21,Home,Friend's Place,Train,13.25,17.7,543.2,Local
2011-05-23,Home,Cinema,Bus,11.03,26.5,1158.1,Local
2011-05-24,Park,Home,Train,6.95,9.3,284.9,Local
2011-05-24,Home,Cricket Ground,Train,7.16,9.5,293.6,Local
2011-05-24,Cricket Ground,Park,Tram,6.6,19.8,396.0,Local
2011-05-25,Home,Grandparents' House,Walk,8.14,97.7,0.0,Local
2011-05-26,Home,Shopping Centre,Train,18.61,24.8,763.0,Local
2011-05-27,Home,Friend's Place,Train,15.73,21.0,644.9,Local
2011-05-28,Home,Park,Bus,13.13,31.5,1378.7,Local
2011-05-29,Home,Park,Train,12.95,17.3,530.9,Local
2011-05-31,Home,Grandparents' House,Bicycle,19.23,76.9,0.0,Local
2011-05-31,Grandparents' House,Cricket Ground,Walk,6.07,72.8,0.0,Local
2011-06-01,Shopping Centre,Friend's Place,Walk,0.85,10.2,0.0,Local
2011-06-01,Home,Shopping Centre,Bus,12.1,29.0,1270.5,Local
2011-06-02,Home,Shopping Centre,Walk,11.06,132.7,0.0,Local
2011-06-04,Home,Cinema,Bus,5.71,13.7,599.5,Local
2011-06-04,Cinema,Cricket Ground,Train,7.07,9.4,289.9,Local
2011-06-05,Home,Park,Car,17.26,25.9,3313.9,Local
2011-06-05,Park,Cinema,Bicycle,4.38,17.5,0.0,Local
2011-06-06,Home,Cinema,Bicycle,10.83,43.3,0.0,Local
2011-06-07,Friend's Place,Home,Bicycle,13.94,55.8,0.0,Local
2011-06-07,Home,Friend's Place,Train,12.89,17.2,528.5,Local
2011-06-08,Home,Park,Tram,14.93,44.8,895.8,Local
2011-06-09,Home,Cinema,Car,7.63,11.4,1465.0,Local
2011-06-10,Home,Shopping Centre,Car,9.51,14.3,1825.9,Local
2011-06-11,Home,Cricket Ground,Tram,5.05,15.2,303.0,Local
2011-06-12,Home,School,Bus,12.5,30.0,1312.5,Local
2011-06-16,Home,Friend's Place,Train,7.24,9.7,296.8,Local
2011-06-18,Home,Cinema,Car,5.74,8.6,1102.1,Local
2011-06-18,Cinema,Grandparents' House,Tram,2.98,8.9,178.8,Local
2011-06-18,Grandparents' House,Friend's Place,Bicycle,2.3,9.2,0.0,Local
2011-06-21,Home,Cinema,Tram,5.41,16.2,324.6,Local
2011-06-23,Home,Park,Bus,14.9,35.8,1564.5,Local
2011-06-23,Park,Shopping Centre,Walk,3.34,40.1,0.0,Local
2011-06-24,Home,School,Bus,19.34,46.4,2030.7,Local
2011-06-25,Home,Shopping Centre,Car,16.01,24.0,3073.9,Local
2011-06-26,Home,Cricket Ground,Bicycle,16.54,66.2,0.0,Local
2011-06-26,Cricket Ground,Friend's Place,Train,0.96,1.3,39.4,Local
2011-06-27,Home,Cricket Ground,Walk,8.73,104.8,0.0,Local
2011-06-28,Home,Park,Bicycle,14.3,57.2,0.0,Local
2011-06-28,Park,Cricket Ground,Train,6.08,8.1,249.3,Local
2011-06-29,Home,Grandparents' House,Tram,6.65,20.0,399.0,Local
2011-06-30,Home,Friend's Place,Bicycle,12.73,50.9,0.0,Local
2011-07-01,Home,School,Bus,9.41,22.6,988.1,Local
2011-07-02,Home,Cinema,Tram,9.16,27.5,549.6,Local
2011-07-02,Cinema,Home,Car,17.46,26.2,3352.3,Local
2011-07-03,Home,Cricket Ground,Tram,13.72,41.2,823.2,Local
2011-07-03,Cricket Ground,Cinema,Walk,4.39,52.7,0.0,Local
2011-07-04,Home,Cricket Ground,Car,19.81,29.7,3803.5,Local
2011-07-05,Home,School,Bus,10.88,26.1,1142.4,Local
2011-07-06,Home,Cricket Ground,Bus,17.55,42.1,1842.8,Local
2011-07-07,Home,Grandparents' House,Tram,18.61,55.8,1116.6,Local
2011-07-07,Grandparents' House,Shopping Centre,Bicycle,4.68,18.7,0.0,Local
2011-07-08,Home,Park,Bus,7.82,18.8,821.1,Local
2011-07-09,Cinema,Grandparents' House,Tram,0.78,2.3,46.8,Local
2011-07-09,Home,Cinema,Tram,15.44,46.3,926.4,Local
2011-07-10,Home,Shopping Centre,Bus,15.25,36.6,1601.2,Local
2011-07-11,Home,Park,Bus,7.6,18.2,798.0,Local
2011-07-11,Park,School,Bus,5.98,14.4,627.9,Local
2011-07-13,Home,Cinema,Tram,15.52,46.6,931.2,Local
2011-07-13,Cinema,Park,Car,6.04,9.1,1159.7,Local
2011-07-14,Home,Park,Train,15.47,20.6,634.3,Local
2011-07-16,Home,Cricket Ground,Walk,6.7,80.4,0.0,Local
2011-07-17,Home,Park,Tram,14.0,42.0,840.0,Local
2011-07-18,Home,Cinema,Car,19.37,29.1,3719.0,Local
2011-07-19,Home,Shopping Centre,Car,8.99,13.5,1726.1,Local
2011-07-20,Home,School,Bus,6.66,16.0,699.3,Local
2011-07-22,Home,Cinema,Bus,19.36,46.5,2032.8,Local
2011-07-24,Home,Grandparents' House,Train,10.38,13.8,425.6,Local
2011-07-25,Home,School,Bus,13.73,33.0,1441.7,Local
2011-07-26,Shopping Centre,Home,Car,6.48,9.7,1244.2,Local
2011-07-26,Home,Shopping Centre,Train,9.73,13.0,398.9,Local
2011-07-27,Home,Park,Bus,13.08,31.4,1373.4,Local
2011-07-28,Home,School,Bus,17.75,42.6,1863.8,Local
2011-07-29,Cinema,Shopping Centre,Tram,5.76,17.3,345.6,Local
2011-07-29,Home,Cinema,Tram,11.78,35.3,706.8,Local
2011-07-31,Home,Shopping Centre,Bus,15.85,38.0,1664.2,Local
2011-08-02,Home,School,Bus,10.2,24.5,1071.0,Local
2011-08-02,School,Home,Train,7.97,10.6,326.8,Local
2011-08-03,Home,Grandparents' House,Walk,9.95,119.4,0.0,Local
2011-08-04,Home,Shopping Centre,Bicycle,6.96,27.8,0.0,Local
2011-08-04,Shopping Centre,School,Bus,4.41,10.6,463.1,Local
2011-08-07,Park,Grandparents' House,Tram,2.17,6.5,130.2,Local
2011-08-07,Grandparents' House,Home,Bicycle,15.96,63.8,0.0,Local
2011-08-07,Home,Park,Tram,14.06,42.2,843.6,Local
2011-08-09,Home,Shopping Centre,Tram,19.24,57.7,1154.4,Local
2011-08-10,Home,Friend's Place,Train,17.48,23.3,716.7,Local
2011-08-10,Friend's Place,Cinema,Bus,1.37,3.3,143.9,Local
2011-08-10,Cinema,Park,Car,3.4,5.1,652.8,Local
2011-08-12,Home,Cricket Ground,Walk,18.34,220.1,0.0,Local
2011-08-14,Home,Park,Bus,7.55,18.1,792.8,Local
2011-08-14,Park,Cinema,Bus,2.62,6.3,275.1,Local
2011-08-16,Home,School,Bus,12.07,29.0,1267.4,Local
2011-08-17,Park,Grandparents' House,Tram,7.0,21.0,420.0,Local
2011-08-17,Home,Park,Walk,14.18,170.2,0.0,Local
2011-08-18,Home,Cinema,Bus,10.0,24.0,1050.0,Local
2011-08-19,Home,School,Bus,17.17,41.2,1802.9,Local
2011-08-20,Home,Cinema,Bicycle,15.75,63.0,0.0,Local
2011-08-22,Home,Shopping Centre,Car,5.14,7.7,986.9,Local
2011-08-22,Shopping Centre,Cricket Ground,Bicycle,5.48,21.9,0.0,Local
2011-08-23,Home,School,Bus,5.61,13.5,589.1,Local
2011-08-25,Home,School,Bus,18.87,45.3,1981.4,Local
2011-08-26,Home,Shopping Centre,Car,19.53,29.3,3749.8,Local
2011-08-26,Shopping Centre,Cricket Ground,Tram,2.68,8.0,160.8,Local
2011-08-27,Home,Shopping Centre,Bus,7.76,18.6,814.8,Local
2011-08-27,Shopping Centre,Home,Bus,12.58,30.2,1320.9,Local
2011-08-28,Home,School,Bus,15.84,38.0,1663.2,Local
2011-08-29,Home,Shopping Centre,Bicycle,17.82,71.3,0.0,Local
2011-08-30,Home,Cinema,Walk,8.19,98.3,0.0,Local
2011-08-31,Home,Shopping Centre,Walk,9.56,114.7,0.0,Local
2011-09-01,Home,Cricket Ground,Train,10.32,13.8,423.1,Local
2011-09-01,Home,Park,Bicycle,17.95,71.8,0.0,Local
2011-09-01,Park,Home,Bicycle,11.61,46.4,0.0,Local
2011-09-03,Home,School,Bus,5.69,13.7,597.5,Local
2011-09-04,Home,School,Bus,12.74,30.6,1337.7,Local
2011-09-06,Home,Cinema,Train,15.71,20.9,644.1,Local
2011-09-07,Home,Grandparents' House,Car,12.92,19.4,2480.6,Local
2011-09-09,Home,Friend's Place,Bicycle,14.19,56.8,0.0,Local
2011-09-09,Friend's Place,Park,Car,5.58,8.4,1071.4,Local
2011-09-10,Home,Friend's Place,Walk,16.06,192.7,0.0,Local
2011-09-11,Home,Cinema,Car,19.01,28.5,3649.9,Local
2011-09-11,Cinema,Friend's Place,Train,7.86,10.5,322.3,Local
2011-09-13,Home,Friend's Place,Bicycle,7.65,30.6,0.0,Local
2011-09-13,Friend's Place,Home,Car,14.97,22.5,2874.2,Local
2011-09-14,Home,Grandparents' House,Bus,9.79,23.5,1027.9,Local
2011-09-16,Home,Cricket Ground,Train,7.73,10.3,316.9,Local
2011-09-16,Cricket Ground,Shopping Centre,Bus,3.51,8.4,368.5,Local
2011-09-17,Home,Grandparents' House,Train,12.55,16.7,514.6,Local
2011-09-18,Home,Grandparents' House,Train,11.57,15.4,474.4,Local
2011-09-19,Home,Cricket Ground,Walk,5.48,65.8,0.0,Local
2011-09-20,Home,Cinema,Car,14.36,21.5,2757.1,Local
2011-09-20,Cinema,Friend's Place,Tram,2.53,7.6,151.8,Local
2011-09-21,Home,Grandparents' House,Bicycle,7.86,31.4,0.0,Local
2011-09-21,Grandparents' House,Cricket Ground,Bicycle,2.87,11.5,0.0,Local
2011-09-22,Home,School,Bus,9.93,23.8,1042.6,Local
2011-09-23,Home,School,Bus,9.17,22.0,962.9,Local
2011-09-24,Home,Shopping Centre,Bus,14.88,35.7,1562.4,Local
2011-09-27,Home,School,Bus,14.66,35.2,1539.3,Local
2011-09-27,School,Shopping Centre,Tram,6.4,19.2,384.0,Local
2011-09-30,Home,Cinema,Tram,19.86,59.6,1191.6,Local
2011-10-01,Home,Grandparents' House,Walk,9.15,109.8,0.0,Local
2011-10-03,Home,Cricket Ground,Bicycle,13.27,53.1,0.0,Local
2011-10-03,Cricket Ground,Grandparents' House,Train,4.03,5.4,165.2,Local
2011-10-04,Home,Park,Train,15.1,20.1,619.1,Local
2011-10-05,Home,School,Bus,11.63,27.9,1221.2,Local
2011-10-06,Grandparents' House,Cinema,Bicycle,2.93,11.7,0.0,Local
2011-10-06,Cinema,Grandparents' House,Train,4.88,6.5,200.1,Local
2011-10-06,Home,Cinema,Car,14.15,21.2,2716.8,Local
2011-10-07,Home,Cinema,Bus,13.52,32.4,1419.6,Local
2011-10-08,Home,Cinema,Walk,8.57,102.8,0.0,Local
2011-10-09,Home,Cricket Ground,Tram,18.15,54.4,1089.0,Local
2011-10-09,Cricket Ground,Grandparents' House,Train,4.5,6.0,184.5,Local
2011-10-09,Grandparents' House,Park,Walk,3.47,41.6,0.0,Local
2011-10-11,Home,Cinema,Train,7.04,9.4,288.6,Local
2011-10-11,Cinema,Friend's Place,Car,0.97,1.5,186.2,Local
2011-10-12,Friend's Place,Cricket Ground,Train,6.07,8.1,248.9,Local
2011-10-12,Home,Friend's Place,Car,9.28,13.9,1781.8,Local
2011-10-13,Home,Shopping Centre,Walk,17.71,212.5,0.0,Local
2011-10-14,Home,Cricket Ground,Bus,12.86,30.9,1350.3,Local
2011-10-14,Cricket Ground,Friend's Place,Bus,5.42,13.0,569.1,Local
2011-10-15,Home,School,Bus,5.09,12.2,534.4,Local
2011-10-16,Home,Cinema,Train,7.58,10.1,310.8,Local
2011-10-17,Home,Grandparents' House,Train,7.28,9.7,298.5,Local
2011-10-18,Home,Cinema,Car,14.01,21.0,2689.9,Local
2011-10-18,Cricket Ground,Home,Bus,5.36,12.9,562.8,Local
2011-10-18,Home,Cricket Ground,Train,8.66,11.5,355.1,Local
2011-10-19,Home,Cinema,Bicycle,19.81,79.2,0.0,Local
2011-10-19,Cinema,Home,Bicycle,19.07,76.3,0.0,Local
2011-10-20,Home,Shopping Centre,Walk,8.22,98.6,0.0,Local
2011-10-21,Home,School,Bus,8.1,19.4,850.5,Local
2011-10-22,Home,Shopping Centre,Bus,7.15,17.2,750.8,Local
2011-10-23,Home,Shopping Centre,Tram,6.87,20.6,412.2,Local
2011-10-24,Park,Home,Tram,16.17,48.5,970.2,Local
2011-10-24,Shopping Centre,Park,Bus,5.44,13.1,571.2,Local
2011-10-24,Home,Shopping Centre,Car,7.42,11.1,1424.6,Local
2011-10-25,Home,Grandparents' House,Car,7.75,11.6,1488.0,Local
2011-10-25,Grandparents' House,Friend's Place,Train,1.63,2.2,66.8,Local
2011-10-26,Home,Friend's Place,Bus,5.26,12.6,552.3,Local
2011-10-26,Friend's Place,Cinema,Bicycle,1.88,7.5,0.0,Local
2011-10-27,Home,Park,Train,12.74,17.0,522.3,Local
2011-10-29,Home,Grandparents' House,Bicycle,5.95,23.8,0.0,Local
2011-10-30,Home,Cricket Ground,Bus,6.57,15.8,689.9,Local
2011-10-31,Cricket Ground,Home,Walk,9.19,110.3,0.0,Local
2011-10-31,Home,Cricket Ground,Car,11.34,17.0,2177.3,Local
2011-11-01,Home,Park,Bicycle,12.88,51.5,0.0,Local
2011-11-01,Park,Cinema,Train,3.47,4.6,142.3,Local
2011-11-02,Home,Park,Bicycle,11.03,44.1,0.0,Local
2011-11-02,Park,Cinema,Tram,2.08,6.2,124.8,Local
2011-11-02,Cinema,Home,Bus,5.88,14.1,617.4,Local
2011-11-03,Home,Cricket Ground,Tram,11.2,33.6,672.0,Local
2011-11-03,Cricket Ground,Shopping Centre,Tram,0.77,2.3,46.2,Local
2011-11-04,Home,Shopping Centre,Bus,10.62,25.5,1115.1,Local
2011-11-05,Home,Park,Tram,7.72,23.2,463.2,Local
2011-11-06,Home,Cinema,Bicycle,12.76,51.0,0.0,Local
2011-11-07,Home,Park,Car,7.68,11.5,1474.6,Local
2011-11-08,Home,Grandparents' House,Tram,19.44,58.3,1166.4,Local
2011-11-08,Grandparents' House,Park,Tram,6.49,19.5,389.4,Local
2011-11-09,Home,Cricket Ground,Tram,17.86,53.6,1071.6,Local
2011-11-10,Home,Cricket Ground,Bicycle,9.41,37.6,0.0,Local
2011-11-11,Cricket Ground,Shopping Centre,Train,6.29,8.4,257.9,Local
2011-11-11,Home,Cricket Ground,Walk,6.39,76.7,0.0,Local
2011-11-12,Home,Park,Walk,9.71,116.5,0.0,Local
2011-11-12,Park,Cinema,Bicycle,4.1,16.4,0.0,Local
2011-11-14,Home,Friend's Place,Train,10.6,14.1,434.6,Local
2011-11-15,Home,Friend's Place,Train,19.65,26.2,805.6,Local
2011-11-15,Friend's Place,Park,Car,5.87,8.8,1127.0,Local
2011-11-16,Home,Cinema,Bus,7.69,18.5,807.5,Local
2011-11-17,Home,Grandparents' House,Walk,6.24,74.9,0.0,Local
2011-11-18,Home,Friend's Place,Bus,12.11,29.1,1271.5,Local
2011-11-18,Friend's Place,School,Bus,6.39,15.3,670.9,Local
2011-11-19,Home,School,Bus,14.16,34.0,1486.8,Local
2011-11-21,Home,Grandparents' House,Tram,11.34,34.0,680.4,Local
2011-11-22,Home,Shopping Centre,Bicycle,8.15,32.6,0.0,Local
2011-11-24,Home,Park,Bus,9.45,22.7,992.2,Local
2011-11-24,Park,Cinema,Bus,5.66,13.6,594.3,Local
2011-11-24,Cinema,Cricket Ground,Tram,0.64,1.9,38.4,Local
2011-11-26,Home,School,Bus,15.3,36.7,1606.5,Local
2011-11-27,Park,School,Bus,5.02,12.0,527.1,Local
2011-11-27,Friend's Place,Park,Train,5.79,7.7,237.4,Local
2011-11-27,Home,Friend's Place,Train,15.72,21.0,644.5,Local
2011-11-30,Home,Friend's Place,Bicycle,19.44,77.8,0.0,Local
2011-11-30,Friend's Place,Home,Tram,17.03,51.1,1021.8,Local
2011-12-01,Home,Shopping Centre,Bicycle,6.73,26.9,0.0,Local
2011-12-02,Home,Shopping Centre,Car,8.24,12.4,1582.1,Local
2011-12-03,Home,Friend's Place,Car,8.02,12.0,1539.8,Local
2011-12-04,Home,Shopping Centre,Bicycle,13.02,52.1,0.0,Local
2011-12-05,School,Friend's Place,Bicycle,1.71,6.8,0.0,Local
2011-12-05,Friend's Place,School,Bus,2.92,7.0,306.6,Local
2011-12-05,Home,Friend's Place,Walk,13.04,156.5,0.0,Local
2011-12-06,Home,Friend's Place,Bus,10.52,25.2,1104.6,Local
2011-12-09,Home,School,Bus,13.74,33.0,1442.7,Local
2011-12-10,Home,Friend's Place,Car,15.77,23.7,3027.8,Local
2011-12-11,Home,Friend's Place,Car,15.95,23.9,3062.4,Local
2011-12-13,Home,Park,Walk,19.0,228.0,0.0,Local
2011-12-14,Home,Shopping Centre,Car,15.05,22.6,2889.6,Local
2011-12-15,Grandparents' House,Cricket Ground,Bicycle,3.99,16.0,0.0,Local
2011-12-15,Home,Grandparents' House,Tram,14.96,44.9,897.6,Local
2011-12-16,Home,Grandparents' House,Tram,18.49,55.5,1109.4,Local
2011-12-19,Home,School,Bus,17.55,42.1,1842.8,Local
2011-12-22,Home,Cinema,Walk,8.85,106.2,0.0,Local
2011-12-23,Home,Park,Car,19.93,29.9,3826.6,Local
2011-12-23,Park,Shopping Centre,Bicycle,0.51,2.0,0.0,Local
2011-12-24,Home,Shopping Centre,Train,7.79,10.4,319.4,Local
2011-12-26,Home,Cinema,Car,10.73,16.1,2060.2,Local
2011-12-27,Home,Park,Tram,19.58,58.7,1174.8,Local
2011-12-27,Park,Friend's Place,Walk,2.81,33.7,0.0,Local
2011-12-27,Friend's Place,Park,Car,5.27,7.9,1011.8,Local
2011-12-28,Home,Cinema,Car,6.46,9.7,1240.3,Local
2011-12-29,Home,School,Bus,14.48,34.8,1520.4,Local
2011-12-29,School,Cricket Ground,Tram,6.53,19.6,391.8,Local
2011-12-30,Home,School,Bus,5.59,13.4,586.9,Local
2011-12-30,School,Cinema,Bus,4.83,11.6,507.2,Local
2011-12-31,Home,Shopping Centre,Bus,8.75,21.0,918.8,Local
2012-01-01,Park,Cinema,Tram,6.65,20.0,399.0,Local
2012-01-01,Home,Park,Walk,13.62,163.4,0.0,Local
2012-01-02,Home,Park,Tram,14.4,43.2,864.0,Local
2012-01-04,Home,Friend's Place,Car,6.57,9.9,1261.4,Local
2012-01-06,Home,Grandparents' House,Car,6.8,10.2,1305.6,Local
2012-01-06,Grandparents' House,Friend's Place,Tram,4.95,14.8,297.0,Local
2012-01-07,Home,Grandparents' House,Train,17.24,23.0,706.8,Local
2012-01-08,Home,Grandparents' House,Bicycle,12.62,50.5,0.0,Local
2012-01-09,Home,Grandparents' House,Walk,12.02,144.2,0.0,Local
2012-01-10,School,Park,Tram,4.62,13.9,277.2,Local
2012-01-10,Home,Cinema,Bus,9.42,22.6,989.1,Local
2012-01-10,Cinema,School,Bus,1.66,4.0,174.3,Local
2012-01-11,Home,Park,Train,14.89,19.9,610.5,Local
2012-01-11,Park,School,Bus,0.64,1.5,67.2,Local
2012-01-11,School,Friend's Place,Bus,6.2,14.9,651.0,Local
2012-01-12,Home,Cricket Ground,Bus,6.84,16.4,718.2,Local
2012-01-13,Home,Park,Bicycle,19.14,76.6,0.0,Local
2012-01-13,Park,Friend's Place,Bicycle,2.58,10.3,0.0,Local
2012-01-14,Home,Cinema,Bus,11.34,27.2,1190.7,Local
2012-01-16,Home,Friend's Place,Bicycle,8.06,32.2,0.0,Local
2012-01-16,Friend's Place,Grandparents' House,Car,2.69,4.0,516.5,Local
2012-01-17,Home,Cinema,Tram,17.51,52.5,1050.6,Local
2012-01-17,Cinema,Cricket Ground,Walk,6.56,78.7,0.0,Local
2012-01-18,Home,Grandparents' House,Bus,7.29,17.5,765.5,Local
2012-01-18,Grandparents' House,Cinema,Bus,3.55,8.5,372.8,Local
2012-01-18,Cinema,School,Bus,7.39,17.7,775.9,Local
2012-01-19,Home,Park,Bicycle,16.98,67.9,0.0,Local
2012-01-20,Home,Cinema,Tram,13.86,41.6,831.6,Local
2012-01-23,Home,Cinema,Bus,5.7,13.7,598.5,Local
2012-01-24,Home,Friend's Place,Car,12.43,18.6,2386.6,Local
2012-01-25,Home,Friend's Place,Car,10.74,16.1,2062.1,Local
2012-01-26,Home,Cinema,Tram,6.26,18.8,375.6,Local
2012-01-27,Home,Cinema,Tram,6.2,18.6,372.0,Local
2012-01-27,Cinema,School,Bus,6.5,15.6,682.5,Local
2012-01-28,Home,Park,Bus,12.43,29.8,1305.1,Local
2012-01-30,Home,Shopping Centre,Car,6.62,9.9,1271.0,Local
2012-01-31,Home,Shopping Centre,Tram,5.46,16.4,327.6,Local
2012-02-02,Home,Cricket Ground,Train,8.93,11.9,366.1,Local
2012-02-05,Home,Grandparents' House,Tram,17.68,53.0,1060.8,Local
2012-02-05,Grandparents' House,Shopping Centre,Walk,5.58,67.0,0.0,Local
2012-02-05,Shopping Centre,School,Bus,3.66,8.8,384.3,Local
2012-02-06,Home,Friend's Place,Bus,17.77,42.6,1865.8,Local
2012-02-08,Home,Cinema,Tram,6.28,18.8,376.8,Local
2012-02-10,Home,Friend's Place,Train,11.85,15.8,485.8,Local
2012-02-11,Home,Friend's Place,Train,14.51,19.3,594.9,Local
2012-02-12,Home,Grandparents' House,Car,13.9,20.9,2668.8,Local
2012-02-12,Grandparents' House,Shopping Centre,Train,5.0,6.7,205.0,Local
2012-02-13,Home,Cricket Ground,Walk,6.08,73.0,0.0,Local
2012-02-13,Cricket Ground,Park,Car,1.39,2.1,266.9,Local
2012-02-14,Home,Friend's Place,Walk,12.87,154.4,0.0,Local
2012-02-16,Home,Cricket Ground,Bus,14.78,35.5,1551.9,Local
2012-02-16,Cricket Ground,School,Bus,2.8,6.7,294.0,Local
2012-02-17,Home,Cricket Ground,Car,15.61,23.4,2997.1,Local
2012-02-17,Cricket Ground,Friend's Place,Bus,3.71,8.9,389.6,Local
2012-02-19,Shopping Centre,Cinema,Tram,2.2,6.6,132.0,Local
2012-02-19,Home,Shopping Centre,Train,14.19,18.9,581.8,Local
2012-02-20,Home,School,Bus,15.51,37.2,1628.5,Local
2012-02-21,Home,Cricket Ground,Tram,8.59,25.8,515.4,Local
2012-02-21,Cricket Ground,Grandparents' House,Walk,2.56,30.7,0.0,Local
2012-02-22,Home,Grandparents' House,Bicycle,16.19,64.8,0.0,Local
2012-02-24,Home,Park,Car,11.56,17.3,2219.5,Local
2012-02-24,Park,Home,Car,5.86,8.8,1125.1,Local
2012-02-26,Home,Park,Tram,11.24,33.7,674.4,Local
2012-02-27,Home,Shopping Centre,Tram,10.97,32.9,658.2,Local
2012-02-28,Home,Friend's Place,Walk,7.33,88.0,0.0,Local
2012-02-29,Home,Park,Bus,17.33,41.6,1819.6,Local
2012-02-29,Park,Friend's Place,Train,7.06,9.4,289.5,Local
2012-02-29,Friend's Place,Grandparents' House,Car,3.79,5.7,727.7,Local
2012-03-01,Home,Grandparents' House,Car,13.47,20.2,2586.2,Local
2012-03-01,Grandparents' House,Park,Car,6.11,9.2,1173.1,Local
2012-03-02,Home,Cricket Ground,Tram,16.44,49.3,986.4,Local
2012-03-03,Shopping Centre,Grandparents' House,Walk,2.22,26.6,0.0,Local
2012-03-03,Home,Shopping Centre,Bicycle,19.07,76.3,0.0,Local
2012-03-04,Park,School,Bus,4.34,10.4,455.7,Local
2012-03-04,Home,Cinema,Train,19.09,25.5,782.7,Local
2012-03-04,Cinema,Park,Bus,3.58,8.6,375.9,Local
2012-03-05,Home,Friend's Place,Bus,19.72,47.3,2070.6,Local
2012-03-06,Home,Shopping Centre,Walk,19.93,239.2,0.0,Local
2012-03-07,Home,School,Bus,15.07,36.2,1582.4,Local
2012-03-09,Home,Grandparents' House,Walk,15.43,185.2,0.0,Local
2012-03-10,Home,Grandparents' House,Bus,8.77,21.0,920.8,Local
2012-03-11,Home,Park,Bus,10.27,24.6,1078.3,Local
2012-03-12,Home,Cinema,Tram,7.1,21.3,426.0,Local
2012-03-13,Home,Park,Tram,19.72,59.2,1183.2,Local
2012-03-13,Park,Friend's Place,Bicycle,1.4,5.6,0.0,Local
2012-03-14,Home,Cricket Ground,Bicycle,7.69,30.8,0.0,Local
2012-03-14,Cricket Ground,School,Bus,1.9,4.6,199.5,Local
2012-03-14,School,Home,Train,16.92,22.6,693.7,Local
2012-03-15,School,Cinema,Bus,4.92,11.8,516.6,Local
2012-03-15,Home,Shopping Centre,Bicycle,13.27,53.1,0.0,Local
2012-03-15,Shopping Centre,School,Bus,1.86,4.5,195.3,Local
2012-03-16,Home,Grandparents' House,Car,18.23,27.3,3500.2,Local
2012-03-17,Home,School,Bus,7.41,17.8,778.1,Local
2012-03-17,School,Park,Car,5.74,8.6,1102.1,Local
2012-03-18,Home,Cinema,Train,14.69,19.6,602.3,Local
2012-03-19,Home,Cricket Ground,Bicycle,13.6,54.4,0.0,Local
2012-03-19,Cricket Ground,Home,Bus,10.16,24.4,1066.8,Local
2012-03-21,Home,Park,Train,14.55,19.4,596.6,Local
2012-03-21,Park,Grandparents' House,Car,4.75,7.1,912.0,Local
2012-03-22,Home,Cricket Ground,Train,10.25,13.7,420.2,Local
2012-03-23,Home,Shopping Centre,Train,7.82,10.4,320.6,Local
2012-03-24,Home,Cricket Ground,Train,5.43,7.2,222.6,Local
2012-03-25,Home,Friend's Place,Walk,8.9,106.8,0.0,Local
2012-03-26,Home,Cricket Ground,Bus,5.33,12.8,559.6,Local
2012-03-27,Home,Grandparents' House,Car,14.63,21.9,2809.0,Local
2012-03-28,Home,School,Bus,17.77,42.6,1865.8,Local
2012-03-29,School,Grandparents' House,Walk,2.46,29.5,0.0,Local
2012-03-29,Home,School,Bus,5.21,12.5,547.0,Local
2012-03-30,School,Friend's Place,Bus,1.27,3.0,133.3,Local
2012-03-30,Friend's Place,Cricket Ground,Bus,2.21,5.3,232.0,Local
2012-03-30,Home,School,Bus,14.64,35.1,1537.2,Local
2012-03-31,Home,School,Bus,15.76,37.8,1654.8,Local
2012-04-01,Home,Friend's Place,Train,19.65,26.2,805.6,Local
2012-04-02,Home,Friend's Place,Car,10.36,15.5,1989.1,Local
2012-04-02,Friend's Place,Cricket Ground,Tram,3.28,9.8,196.8,Local
2012-04-02,Cricket Ground,Home,Car,13.17,19.8,2528.6,Local
2012-04-03,Home,Cricket Ground,Tram,14.19,42.6,851.4,Local
2012-04-03,Cricket Ground,Cinema,Walk,1.24,14.9,0.0,Local
2012-04-03,Cinema,Park,Bus,6.87,16.5,721.4,Local
2012-04-04,Home,Shopping Centre,Walk,7.04,84.5,0.0,Local
2012-04-06,Home,Shopping Centre,Train,16.18,21.6,663.4,Local
2012-04-07,Home,Friend's Place,Bicycle,9.18,36.7,0.0,Local
2012-04-08,Home,Grandparents' House,Tram,18.31,54.9,1098.6,Local
2012-04-09,Home,Friend's Place,Bus,14.73,35.4,1546.7,Local
2012-04-09,Friend's Place,Cinema,Bicycle,7.47,29.9,0.0,Local
2012-04-09,Cinema,Grandparents' House,Tram,6.0,18.0,360.0,Local
2012-04-10,Home,Park,Bicycle,14.08,56.3,0.0,Local
2012-04-11,Home,Grandparents' House,Tram,6.93,20.8,415.8,Local
2012-04-11,Grandparents' House,Shopping Centre,Train,1.73,2.3,70.9,Local
2012-04-11,Shopping Centre,Park,Bicycle,5.08,20.3,0.0,Local
2012-04-12,Home,Grandparents' House,Bicycle,14.6,58.4,0.0,Local
2012-04-13,Home,School,Bus,13.68,32.8,1436.4,Local
2012-04-13,School,Park,Train,1.8,2.4,73.8,Local
2012-04-14,Home,Cricket Ground,Walk,8.36,100.3,0.0,Local
2012-04-14,Cricket Ground,Grandparents' House,Train,1.02,1.4,41.8,Local
2012-04-15,Shopping Centre,Cinema,Tram,0.52,1.6,31.2,Local
2012-04-15,Home,Cinema,Bus,8.93,21.4,937.6,Local
2012-04-15,Cinema,Shopping Centre,Car,7.56,11.3,1451.5,Local
2012-04-17,Home,Park,Bus,7.09,17.0,744.4,Local
2012-04-18,Home,Friend's Place,Walk,13.79,165.5,0.0,Local
2012-04-18,Friend's Place,Park,Bicycle,5.34,21.4,0.0,Local
2012-04-18,Park,Home,Train,11.09,14.8,454.7,Local
2012-04-21,Home,Grandparents' House,Car,9.02,13.5,1731.8,Local
2012-04-22,Home,Friend's Place,Car,10.85,16.3,2083.2,Local
2012-04-25,Home,Grandparents' House,Walk,13.37,160.4,0.0,Local
2012-04-26,Home,Shopping Centre,Train,10.49,14.0,430.1,Local
2012-04-26,Shopping Centre,Cinema,Train,5.91,7.9,242.3,Local
2012-04-27,Home,Shopping Centre,Car,9.26,13.9,1777.9,Local
2012-04-27,Shopping Centre,School,Bus,4.1,9.8,430.5,Local
2012-04-27,School,Home,Walk,16.75,201.0,0.0,Local
2012-04-29,Home,Cinema,Tram,19.68,59.0,1180.8,Local
2012-04-30,Home,Cinema,Bus,13.31,31.9,1397.5,Local
2012-05-01,Home,School,Bus,6.57,15.8,689.9,Local
2012-05-02,Home,School,Bus,7.54,18.1,791.7,Local
2012-05-03,Home,School,Bus,12.09,29.0,1269.5,Local
2012-05-04,Home,Park,Walk,10.59,127.1,0.0,Local
2012-05-04,Park,School,Bus,7.72,18.5,810.6,Local
2012-05-05,Home,Friend's Place,Bicycle,13.25,53.0,0.0,Local
2012-05-06,Home,Shopping Centre,Train,5.85,7.8,239.8,Local
2012-05-06,Shopping Centre,Cricket Ground,Tram,4.98,14.9,298.8,Local
2012-05-06,Cricket Ground,Cinema,Walk,4.74,56.9,0.0,Local
2012-05-07,Grandparents' House,Shopping Centre,Bus,2.79,6.7,292.9,Local
2012-05-07,Home,Grandparents' House,Tram,5.27,15.8,316.2,Local
2012-05-08,Home,Cricket Ground,Walk,7.16,85.9,0.0,Local
2012-05-11,Home,Grandparents' House,Walk,13.3,159.6,0.0,Local
2012-05-12,Home,Cricket Ground,Walk,5.95,71.4,0.0,Local
2012-05-13,Home,School,Bus,6.35,15.2,666.8,Local
2012-05-14,Home,Cinema,Bicycle,7.59,30.4,0.0,Local
2012-05-15,Home,Park,Bicycle,18.25,73.0,0.0,Local
2012-05-15,Park,Cinema,Tram,7.32,22.0,439.2,Local
2012-05-16,Home,Friend's Place,Walk,13.25,159.0,0.0,Local
2012-05-17,Home,Friend's Place,Walk,5.19,62.3,0.0,Local
2012-05-18,Home,Friend's Place,Car,16.42,24.6,3152.6,Local
2012-05-18,Friend's Place,School,Bus,7.29,17.5,765.5,Local
2012-05-18,School,Shopping Centre,Car,1.09,1.6,209.3,Local
2012-05-19,Home,School,Bus,12.67,30.4,1330.3,Local
2012-05-19,School,Grandparents' House,Bus,0.72,1.7,75.6,Local
2012-05-20,Melbourne,Singapore,Flight,6000.0,400.0,750000.0,International-Out
2012-05-21,Park,Cricket Ground,Car,1.08,1.6,207.4,Local
2012-05-21,Home,Park,Bus,18.66,44.8,1959.3,Local
2012-05-22,Home,Friend's Place,Tram,13.16,39.5,789.6,Local
2012-05-23,Home,Cricket Ground,Walk,17.97,215.6,0.0,Local
2012-05-24,Home,Grandparents' House,Car,19.66,29.5,3774.7,Local
2012-05-24,Grandparents' House,Shopping Centre,Car,1.97,3.0,378.2,Local
2012-05-26,Home,Cricket Ground,Tram,9.36,28.1,561.6,Local
2012-05-26,Cricket Ground,Shopping Centre,Bus,4.48,10.8,470.4,Local
2012-05-27,Singapore,Melbourne,Flight,6000.0,400.0,750000.0,International-Return
2012-05-28,Home,Park,Walk,10.0,120.0,0.0,Local
2012-05-30,Friend's Place,Shopping Centre,Walk,3.8,45.6,0.0,Local
2012-05-30,Home,Friend's Place,Bicycle,13.31,53.2,0.0,Local
2012-05-31,Home,Cricket Ground,Walk,11.92,143.0,0.0,Local
2012-05-31,Cricket Ground,Cinema,Car,5.87,8.8,1127.0,Local
2012-06-01,Home,Friend's Place,Tram,5.72,17.2,343.2,Local
2012-06-02,Home,Grandparents' House,Train,6.72,9.0,275.5,Local
2012-06-03,Home,Cinema,Car,19.63,29.4,3769.0,Local
2012-06-04,Home,Grandparents' House,Car,18.91,28.4,3630.7,Local
2012-06-05,Home,Cricket Ground,Tram,7.89,23.7,473.4,Local
2012-06-07,Home,Cricket Ground,Car,6.28,9.4,1205.8,Local
2012-06-08,Cinema,Friend's Place,Bicycle,3.27,13.1,0.0,Local
2012-06-08,Home,Cinema,Car,9.14,13.7,1754.9,Local
2012-06-09,Home,Grandparents' House,Bicycle,8.79,35.2,0.0,Local
2012-06-11,Home,Cinema,Walk,19.69,236.3,0.0,Local
2012-06-11,Cinema,Cricket Ground,Tram,7.55,22.6,453.0,Local
2012-06-12,Home,Cinema,Car,6.88,10.3,1321.0,Local
2012-06-13,Home,Park,Bicycle,5.32,21.3,0.0,Local
2012-06-14,Home,School,Bus,14.03,33.7,1473.1,Local
2012-06-15,Home,Cricket Ground,Walk,6.18,74.2,0.0,Local
2012-06-16,Home,Park,Car,10.25,15.4,1968.0,Local
2012-06-16,Grandparents' House,Home,Tram,15.1,45.3,906.0,Local
2012-06-16,Home,Grandparents' House,Bus,8.75,21.0,918.8,Local
2012-06-17,Home,Cricket Ground,Walk,18.8,225.6,0.0,Local
2012-06-18,Home,Friend's Place,Car,10.06,15.1,1931.5,Local
2012-06-19,Home,Cinema,Bus,7.96,19.1,835.8,Local
2012-06-20,Home,Grandparents' House,Tram,11.0,33.0,660.0,Local
2012-06-21,Home,Park,Train,8.56,11.4,351.0,Local
2012-06-21,Park,Home,Walk,9.71,116.5,0.0,Local
2012-06-22,Cinema,Friend's Place,Car,3.79,5.7,727.7,Local
2012-06-22,Home,Cinema,Bus,17.36,41.7,1822.8,Local
2012-06-23,Home,Grandparents' House,Tram,18.87,56.6,1132.2,Local
2012-06-24,Home,Shopping Centre,Tram,5.27,15.8,316.2,Local
2012-06-25,Home,Grandparents' House,Car,17.2,25.8,3302.4,Local
2012-06-26,Home,Shopping Centre,Car,15.72,23.6,3018.2,Local
2012-06-27,Home,Cinema,Walk,7.07,84.8,0.0,Local
2012-06-27,Cinema,Grandparents' House,Car,4.2,6.3,806.4,Local
2012-06-30,Home,Grandparents' House,Train,9.54,12.7,391.1,Local
2012-07-01,Home,School,Bus,19.86,47.7,2085.3,Local
2012-07-01,School,Friend's Place,Walk,6.58,79.0,0.0,Local
2012-07-02,Home,Shopping Centre,Car,5.14,7.7,986.9,Local
2012-07-02,Shopping Centre,Grandparents' House,Bus,2.49,6.0,261.5,Local
2012-07-02,Grandparents' House,School,Bus,5.75,13.8,603.8,Local
2012-07-03,Home,School,Bus,17.26,41.4,1812.3,Local
2012-07-03,School,Cricket Ground,Tram,6.31,18.9,378.6,Local
2012-07-06,Home,Grandparents' House,Bicycle,8.02,32.1,0.0,Local
2012-07-07,Cinema,School,Bus,4.07,9.8,427.4,Local
2012-07-07,Home,Cinema,Car,13.17,19.8,2528.6,Local
2012-07-08,Home,Friend's Place,Walk,18.91,226.9,0.0,Local
2012-07-09,Home,Cricket Ground,Bus,12.59,30.2,1322.0,Local
2012-07-11,Home,Park,Train,12.36,16.5,506.8,Local
2012-07-12,Home,Park,Train,10.61,14.1,435.0,Local
2012-07-13,Home,Cricket Ground,Bus,8.63,20.7,906.2,Local
2012-07-15,Home,Shopping Centre,Car,7.99,12.0,1534.1,Local
2012-07-15,Shopping Centre,School,Bus,6.88,16.5,722.4,Local
2012-07-17,Home,Park,Car,7.21,10.8,1384.3,Local
2012-07-18,Home,Cinema,Bus,13.39,32.1,1406.0,Local
2012-07-18,Cinema,Shopping Centre,Walk,4.28,51.4,0.0,Local
2012-07-19,Home,Park,Bus,5.88,14.1,617.4,Local
2012-07-19,Park,Home,Walk,9.8,117.6,0.0,Local
2012-07-20,Home,Cinema,Bicycle,19.81,79.2,0.0,Local
2012-07-21,Home,School,Bus,19.72,47.3,2070.6,Local
2012-07-22,Home,School,Bus,17.44,41.9,1831.2,Local
2012-07-23,Cricket Ground,Park,Car,1.18,1.8,226.6,Local
2012-07-23,Home,Cricket Ground,Tram,5.86,17.6,351.6,Local
2012-07-23,Park,Home,Walk,16.03,192.4,0.0,Local
2012-07-24,Home,Grandparents' House,Bicycle,5.23,20.9,0.0,Local
2012-07-25,Home,School,Bus,6.88,16.5,722.4,Local
2012-07-25,School,Cinema,Tram,7.02,21.1,421.2,Local
2012-07-26,Home,Cinema,Train,19.64,26.2,805.2,Local
2012-07-27,Home,Grandparents' House,Walk,18.6,223.2,0.0,Local
2012-07-28,Home,Shopping Centre,Train,15.41,20.5,631.8,Local
2012-07-31,Home,Shopping Centre,Car,12.9,19.4,2476.8,Local
2012-08-01,Home,Grandparents' House,Bicycle,14.94,59.8,0.0,Local
2012-08-01,Grandparents' House,Park,Car,3.06,4.6,587.5,Local
2012-08-02,Home,Shopping Centre,Bicycle,10.91,43.6,0.0,Local
2012-08-03,Home,Park,Walk,7.35,88.2,0.0,Local
2012-08-05,Home,Cinema,Bus,5.15,12.4,540.8,Local
2012-08-06,Home,School,Bus,9.29,22.3,975.4,Local
2012-08-06,School,Cinema,Bicycle,6.02,24.1,0.0,Local
2012-08-06,Cinema,Home,Train,18.21,24.3,746.6,Local
2012-08-07,Shopping Centre,Friend's Place,Bus,5.0,12.0,525.0,Local
2012-08-07,Friend's Place,Grandparents' House,Train,4.34,5.8,177.9,Local
2012-08-07,Home,Shopping Centre,Tram,14.61,43.8,876.6,Local
2012-08-08,Home,Friend's Place,Car,12.92,19.4,2480.6,Local
2012-08-08,Friend's Place,School,Bus,5.0,12.0,525.0,Local
2012-08-08,School,Home,Walk,19.54,234.5,0.0,Local
2012-08-09,Home,Park,Train,7.61,10.1,312.0,Local
2012-08-09,Park,Shopping Centre,Tram,2.55,7.7,153.0,Local
2012-08-12,Home,Park,Train,16.94,22.6,694.5,Local
2012-08-13,Cinema,Home,Car,7.49,11.2,1438.1,Local
2012-08-13,Home,Cinema,Train,10.63,14.2,435.8,Local
2012-08-13,Home,School,Bus,7.71,18.5,809.5,Local
2012-08-14,Home,Friend's Place,Walk,14.62,175.4,0.0,Local
2012-08-14,Friend's Place,Grandparents' House,Car,6.66,10.0,1278.7,Local
2012-08-15,Home,Park,Train,19.06,25.4,781.5,Local
2012-08-16,Home,School,Bus,7.62,18.3,800.1,Local
2012-08-17,Home,Grandparents' House,Bus,19.77,47.4,2075.8,Local
2012-08-17,Grandparents' House,Park,Train,1.61,2.1,66.0,Local
2012-08-18,Home,School,Bus,19.29,46.3,2025.4,Local
2012-08-18,School,Cricket Ground,Train,2.81,3.7,115.2,Local
2012-08-19,Shopping Centre,School,Bus,4.8,11.5,504.0,Local
2012-08-19,Home,Shopping Centre,Tram,19.02,57.1,1141.2,Local
2012-08-20,Home,School,Bus,13.76,33.0,1444.8,Local
2012-08-20,School,Grandparents' House,Walk,7.07,84.8,0.0,Local
2012-08-21,Home,School,Bus,16.17,38.8,1697.9,Local
2012-08-22,Home,Park,Walk,17.52,210.2,0.0,Local
2012-08-23,Home,Friend's Place,Train,17.77,23.7,728.6,Local
2012-08-23,Friend's Place,Cinema,Tram,5.29,15.9,317.4,Local
2012-08-24,School,Cricket Ground,Bicycle,4.48,17.9,0.0,Local
2012-08-24,Home,School,Bus,18.41,44.2,1933.0,Local
2012-08-25,Home,Friend's Place,Bus,11.38,27.3,1194.9,Local
2012-08-26,Home,Friend's Place,Bus,14.82,35.6,1556.1,Local
2012-08-27,Home,Shopping Centre,Bicycle,6.18,24.7,0.0,Local
2012-08-28,Home,Cricket Ground,Bus,18.21,43.7,1912.1,Local
2012-08-28,Cricket Ground,Shopping Centre,Bus,1.11,2.7,116.6,Local
2012-08-29,Home,Friend's Place,Car,14.11,21.2,2709.1,Local
2012-08-29,Friend's Place,Cricket Ground,Bus,6.7,16.1,703.5,Local
2012-08-31,Home,Friend's Place,Car,17.02,25.5,3267.8,Local
2012-09-02,School,Grandparents' House,Bicycle,2.73,10.9,0.0,Local
2012-09-02,Home,School,Bus,13.16,31.6,1381.8,Local
2012-09-03,Home,Park,Tram,6.91,20.7,414.6,Local
2012-09-04,Home,Friend's Place,Bus,19.52,46.8,2049.6,Local
2012-09-06,Home,Shopping Centre,Car,14.46,21.7,2776.3,Local
2012-09-07,Home,Park,Walk,11.12,133.4,0.0,Local
2012-09-09,Home,Cricket Ground,Walk,8.36,100.3,0.0,Local
2012-09-11,Home,Cinema,Tram,16.66,50.0,999.6,Local
2012-09-12,Home,Grandparents' House,Bicycle,14.72,58.9,0.0,Local
2012-09-12,Grandparents' House,Friend's Place,Walk,0.71,8.5,0.0,Local
2012-09-14,Home,Cricket Ground,Walk,11.32,135.8,0.0,Local
2012-09-15,Home,Grandparents' House,Walk,14.73,176.8,0.0,Local
2012-09-15,Grandparents' House,Cricket Ground,Car,3.2,4.8,614.4,Local
2012-09-16,Home,School,Bus,5.85,14.0,614.2,Local
2012-09-17,Home,Park,Car,7.07,10.6,1357.4,Local
2012-09-19,Home,Shopping Centre,Car,5.9,8.9,1132.8,Local
2012-09-20,Grandparents' House,Park,Car,0.54,0.8,103.7,Local
2012-09-20,Home,Grandparents' House,Tram,6.91,20.7,414.6,Local
2012-09-21,Grandparents' House,School,Bus,3.8,9.1,399.0,Local
2012-09-21,Home,Park,Train,8.53,11.4,349.7,Local
2012-09-21,Park,Grandparents' House,Walk,6.97,83.6,0.0,Local
2012-09-22,Home,Shopping Centre,Walk,12.73,152.8,0.0,Local
2012-09-23,Home,Cinema,Train,17.91,23.9,734.3,Local
2012-09-24,Home,Park,Car,18.43,27.6,3538.6,Local
2012-09-25,Home,Friend's Place,Bicycle,11.29,45.2,0.0,Local
2012-09-26,Home,Park,Walk,10.31,123.7,0.0,Local
2012-09-27,Home,Shopping Centre,Train,16.96,22.6,695.4,Local
2012-09-28,Home,Cricket Ground,Bicycle,5.46,21.8,0.0,Local
2012-09-29,Home,Cricket Ground,Tram,15.23,45.7,913.8,Local
2012-09-30,Home,Park,Train,15.7,20.9,643.7,Local
2012-10-01,Home,School,Bus,15.05,36.1,1580.2,Local
2012-10-02,Home,Park,Walk,15.03,180.4,0.0,Local
2012-10-03,Home,Shopping Centre,Tram,14.24,42.7,854.4,Local
2012-10-05,Home,Friend's Place,Bus,17.92,43.0,1881.6,Local
2012-10-05,Friend's Place,School,Bus,2.09,5.0,219.4,Local
2012-10-05,School,Friend's Place,Tram,1.03,3.1,61.8,Local
2012-10-07,Home,School,Bus,8.46,20.3,888.3,Local
2012-10-08,Home,Friend's Place,Car,7.67,11.5,1472.6,Local
2012-10-09,Home,School,Bus,13.33,32.0,1399.7,Local
2012-10-09,School,Park,Train,0.91,1.2,37.3,Local
2012-10-09,Park,Shopping Centre,Walk,5.56,66.7,0.0,Local
2012-10-10,Home,Cricket Ground,Train,18.09,24.1,741.7,Local
2012-10-12,Home,Cinema,Bus,12.07,29.0,1267.4,Local
2012-10-13,Home,Cinema,Bicycle,7.97,31.9,0.0,Local
2012-10-14,Friend's Place,Shopping Centre,Bus,5.41,13.0,568.1,Local
2012-10-14,Home,Friend's Place,Walk,11.89,142.7,0.0,Local
2012-10-15,Home,Cinema,Walk,7.67,92.0,0.0,Local
2012-10-16,Home,Shopping Centre,Walk,7.58,91.0,0.0,Local
2012-10-16,Shopping Centre,Friend's Place,Train,5.29,7.1,216.9,Local
2012-10-16,Friend's Place,Cricket Ground,Car,6.5,9.8,1248.0,Local
2012-10-17,Home,Park,Tram,15.93,47.8,955.8,Local
2012-10-19,Home,Shopping Centre,Walk,13.99,167.9,0.0,Local
2012-10-21,Home,Grandparents' House,Bus,14.39,34.5,1511.0,Local
2012-10-21,Grandparents' House,Cricket Ground,Train,3.73,5.0,152.9,Local
2012-10-22,Home,Friend's Place,Train,10.07,13.4,412.9,Local
2012-10-23,Home,Shopping Centre,Walk,17.47,209.6,0.0,Local
2012-10-23,Shopping Centre,Cricket Ground,Tram,3.43,10.3,205.8,Local
2012-10-23,Cricket Ground,School,Bus,3.32,8.0,348.6,Local
2012-10-24,Home,Friend's Place,Bus,13.04,31.3,1369.2,Local
2012-10-24,Friend's Place,Cinema,Car,3.24,4.9,622.1,Local
2012-10-25,Home,Park,Bus,6.15,14.8,645.8,Local
2012-10-25,Park,Cinema,Bicycle,4.65,18.6,0.0,Local
2012-10-25,Cinema,Shopping Centre,Car,5.18,7.8,994.6,Local
2012-10-28,Home,Grandparents' House,Car,6.05,9.1,1161.6,Local
2012-10-29,Home,Cinema,Walk,7.79,93.5,0.0,Local
2012-10-30,Home,School,Bus,7.09,17.0,744.4,Local
2012-10-30,School,Home,Car,7.7,11.6,1478.4,Local
2012-10-30,Home,Park,Walk,16.99,203.9,0.0,Local
2012-10-31,Home,Grandparents' House,Tram,5.21,15.6,312.6,Local
2012-11-01,Home,Cinema,Bicycle,13.43,53.7,0.0,Local
2012-11-01,Cinema,Friend's Place,Walk,3.91,46.9,0.0,Local
2012-11-02,Home,Friend's Place,Walk,10.16,121.9,0.0,Local
2012-11-04,Home,Cricket Ground,Walk,12.18,146.2,0.0,Local
2012-11-05,Home,Park,Car,19.09,28.6,3665.3,Local
2012-11-06,Home,Cinema,Tram,19.86,59.6,1191.6,Local
2012-11-06,Cinema,Cricket Ground,Bus,0.76,1.8,79.8,Local
2012-11-06,Cricket Ground,Shopping Centre,Tram,7.86,23.6,471.6,Local
2012-11-07,Home,Cricket Ground,Bus,17.59,42.2,1847.0,Local
2012-11-08,Home,Park,Walk,9.95,119.4,0.0,Local
2012-11-08,Park,Home,Tram,6.38,19.1,382.8,Local
2012-11-08,Home,Cricket Ground,Bicycle,14.16,56.6,0.0,Local
2012-11-09,Home,Grandparents' House,Car,14.18,21.3,2722.6,Local
2012-11-09,Grandparents' House,Cinema,Walk,0.69,8.3,0.0,Local
2012-11-09,Cinema,Grandparents' House,Bus,7.91,19.0,830.6,Local
2012-11-10,Home,Grandparents' House,Tram,19.13,57.4,1147.8,Local
2012-11-11,Home,Shopping Centre,Bicycle,8.42,33.7,0.0,Local
2012-11-11,Shopping Centre,Friend's Place,Walk,2.68,32.2,0.0,Local
2012-11-12,Home,Cricket Ground,Bicycle,14.89,59.6,0.0,Local
2012-11-13,Home,Park,Car,7.56,11.3,1451.5,Local
2012-11-14,Home,Cinema,Car,6.66,10.0,1278.7,Local
2012-11-15,Home,Grandparents' House,Train,16.36,21.8,670.8,Local
2012-11-16,Home,Grandparents' House,Tram,18.33,55.0,1099.8,Local
2012-11-18,Friend's Place,Cricket Ground,Bus,1.23,3.0,129.2,Local
2012-11-18,Home,Friend's Place,Car,15.98,24.0,3068.2,Local
2012-11-19,Home,Friend's Place,Walk,8.65,103.8,0.0,Local
2012-11-19,Friend's Place,Park,Train,2.76,3.7,113.2,Local
2012-11-21,Home,School,Bus,13.63,32.7,1431.2,Local
2012-11-23,Home,Shopping Centre,Tram,16.03,48.1,961.8,Local
2012-11-23,Shopping Centre,Cricket Ground,Bus,7.43,17.8,780.1,Local
2012-11-24,Home,School,Bus,6.59,15.8,691.9,Local
2012-11-25,Home,Shopping Centre,Bus,16.31,39.1,1712.5,Local
2012-11-26,Home,Friend's Place,Walk,12.67,152.0,0.0,Local
2012-11-27,Home,Shopping Centre,Car,9.48,14.2,1820.2,Local
2012-11-29,Home,Park,Bus,18.84,45.2,1978.2,Local
2012-11-30,Home,Park,Bus,10.74,25.8,1127.7,Local
2012-11-30,Park,School,Bus,7.41,17.8,778.1,Local
2012-11-30,School,Park,Train,8.0,10.7,328.0,Local
2012-12-01,Home,Park,Bicycle,8.13,32.5,0.0,Local
2012-12-03,Home,Cricket Ground,Car,14.48,21.7,2780.2,Local
2012-12-04,Home,Grandparents' House,Walk,12.0,144.0,0.0,Local
2012-12-05,Home,Grandparents' House,Car,17.8,26.7,3417.6,Local
2012-12-07,Home,Friend's Place,Car,12.13,18.2,2329.0,Local
2012-12-08,Home,School,Bus,14.84,35.6,1558.2,Local
2012-12-08,School,Park,Train,5.55,7.4,227.5,Local
2012-12-08,Park,Home,Bus,10.82,26.0,1136.1,Local
2012-12-09,Home,School,Bus,7.84,18.8,823.2,Local
2012-12-10,Home,School,Bus,17.95,43.1,1884.8,Local
2012-12-11,Home,Shopping Centre,Walk,14.56,174.7,0.0,Local
2012-12-12,Home,Grandparents' House,Tram,15.4,46.2,924.0,Local
2012-12-13,Home,Cricket Ground,Bicycle,8.05,32.2,0.0,Local
2012-12-14,Home,Cinema,Train,9.64,12.9,395.2,Local
2012-12-14,Cinema,Shopping Centre,Car,5.72,8.6,1098.2,Local
2012-12-14,Shopping Centre,Cinema,Tram,6.27,18.8,376.2,Local
2012-12-15,Home,Friend's Place,Bus,19.87,47.7,2086.3,Local
2012-12-17,Home,Park,Bicycle,17.45,69.8,0.0,Local
2012-12-18,Home,Cricket Ground,Train,18.48,24.6,757.7,Local
2012-12-19,Home,Shopping Centre,Walk,17.35,208.2,0.0,Local
2012-12-19,Shopping Centre,School,Bus,1.72,4.1,180.6,Local
2012-12-20,Home,Cinema,Car,11.06,16.6,2123.5,Local
2012-12-21,Home,Park,Bicycle,9.17,36.7,0.0,Local
2012-12-22,Home,Park,Walk,12.7,152.4,0.0,Local
2012-12-23,Home,School,Bus,19.16,46.0,2011.8,Local
2012-12-24,Home,Cinema,Tram,16.29,48.9,977.4,Local
2012-12-25,Home,Cinema,Train,11.05,14.7,453.1,Local
2012-12-26,Home,Cricket Ground,Train,19.4,25.9,795.4,Local
2012-12-27,Friend's Place,Grandparents' House,Walk,7.25,87.0,0.0,Local
2012-12-27,Grandparents' House,Cricket Ground,Tram,1.22,3.7,73.2,Local
2012-12-27,Home,Friend's Place,Bus,14.28,34.3,1499.4,Local
2012-12-28,Home,Grandparents' House,Bicycle,12.41,49.6,0.0,Local
2012-12-29,Home,Park,Bus,15.61,37.5,1639.0,Local
2012-12-29,Park,Cinema,Bus,1.38,3.3,144.9,Local
2012-12-31,Home,Shopping Centre,Car,11.56,17.3,2219.5,Local
2012-12-31,Shopping Centre,Home,Bicycle,7.99,32.0,0.0,Local
2013-01-01,Home,School,Bus,13.66,32.8,1434.3,Local
2013-01-02,Home,Cinema,Bicycle,13.23,52.9,0.0,Local
2013-01-04,Friend's Place,Grandparents' House,Tram,3.88,11.6,232.8,Local
2013-01-04,Cinema,Friend's Place,Train,3.05,4.1,125.0,Local
2013-01-04,Home,Cinema,Bicycle,15.22,60.9,0.0,Local
2013-01-06,Home,Shopping Centre,Walk,18.03,216.4,0.0,Local
2013-01-07,Home,School,Bus,10.55,25.3,1107.8,Local
2013-01-07,School,Shopping Centre,Car,3.82,5.7,733.4,Local
2013-01-08,Home,Cricket Ground,Bus,15.59,37.4,1637.0,Local
2013-01-09,Home,Cinema,Walk,15.64,187.7,0.0,Local
2013-01-10,Home,School,Bus,13.75,33.0,1443.8,Local
2013-01-10,School,Grandparents' House,Car,3.51,5.3,673.9,Local
2013-01-12,Home,Shopping Centre,Train,11.55,15.4,473.6,Local
2013-01-13,Home,School,Bus,6.0,14.4,630.0,Local
2013-01-14,Home,Grandparents' House,Tram,16.66,50.0,999.6,Local
2013-01-16,Home,Shopping Centre,Bus,16.65,40.0,1748.2,Local
2013-01-19,Home,Park,Car,19.54,29.3,3751.7,Local
2013-01-20,Home,School,Bus,8.64,20.7,907.2,Local
2013-01-21,Home,Park,Bicycle,19.58,78.3,0.0,Local
2013-01-21,Park,Friend's Place,Walk,6.67,80.0,0.0,Local
2013-01-22,Home,Grandparents' House,Train,12.68,16.9,519.9,Local
2013-01-23,Home,Park,Train,16.56,22.1,679.0,Local
2013-01-24,Home,Friend's Place,Walk,13.52,162.2,0.0,Local
2013-01-27,Home,Park,Bus,19.7,47.3,2068.5,Local
2013-01-28,Home,Park,Bicycle,14.07,56.3,0.0,Local
2013-01-28,Park,School,Bus,3.05,7.3,320.2,Local
2013-01-28,School,Cinema,Car,2.36,3.5,453.1,Local
2013-01-29,Home,Shopping Centre,Tram,17.9,53.7,1074.0,Local
2013-01-30,Home,Cinema,Train,12.98,17.3,532.2,Local
2013-01-30,Cinema,Grandparents' House,Bus,1.63,3.9,171.1,Local
2013-02-02,Home,Grandparents' House,Car,11.01,16.5,2113.9,Local
2013-02-03,Home,Park,Tram,19.54,58.6,1172.4,Local
2013-02-05,Home,Cricket Ground,Tram,5.56,16.7,333.6,Local
2013-02-06,Home,Grandparents' House,Walk,12.34,148.1,0.0,Local
2013-02-08,Home,Park,Walk,12.64,151.7,0.0,Local
2013-02-09,Home,School,Bus,9.69,23.3,1017.4,Local
2013-02-09,School,Cricket Ground,Bicycle,7.7,30.8,0.0,Local
2013-02-09,Cricket Ground,School,Bus,2.27,5.4,238.3,Local
2013-02-10,Home,Grandparents' House,Walk,8.0,96.0,0.0,Local
2013-02-11,Home,Grandparents' House,Bicycle,14.96,59.8,0.0,Local
2013-02-12,Home,Friend's Place,Car,6.98,10.5,1340.2,Local
2013-02-13,Home,School,Bus,14.48,34.8,1520.4,Local
2013-02-14,Home,Cricket Ground,Walk,10.42,125.0,0.0,Local
2013-02-18,Home,Grandparents' House,Tram,12.71,38.1,762.6,Local
2013-02-19,Home,Cinema,Tram,19.97,59.9,1198.2,Local
2013-02-20,Home,Cinema,Bicycle,16.63,66.5,0.0,Local
2013-02-21,Home,Cinema,Bicycle,13.64,54.6,0.0,Local
2013-02-22,Cinema,Friend's Place,Tram,3.8,11.4,228.0,Local
2013-02-22,Cricket Ground,Cinema,Train,3.31,4.4,135.7,Local
2013-02-22,Home,Cricket Ground,Tram,18.27,54.8,1096.2,Local
2013-02-25,Home,Park,Walk,14.25,171.0,0.0,Local
2013-02-26,Home,Park,Bicycle,14.21,56.8,0.0,Local
2013-02-28,Home,Grandparents' House,Walk,6.05,72.6,0.0,Local
2013-03-01,Home,Cricket Ground,Tram,11.47,34.4,688.2,Local
2013-03-02,Home,Shopping Centre,Tram,14.61,43.8,876.6,Local
2013-03-02,Shopping Centre,Cinema,Car,3.61,5.4,693.1,Local
2013-03-02,Cinema,Friend's Place,Bus,2.51,6.0,263.5,Local
2013-03-03,Home,Park,Train,15.42,20.6,632.2,Local
2013-03-05,Home,Shopping Centre,Walk,16.33,196.0,0.0,Local
2013-03-06,Home,Grandparents' House,Bicycle,12.16,48.6,0.0,Local
2013-03-07,Home,Friend's Place,Tram,9.77,29.3,586.2,Local
2013-03-07,Friend's Place,Cricket Ground,Tram,7.41,22.2,444.6,Local
2013-03-08,Home,School,Bus,18.57,44.6,1949.9,Local
2013-03-09,Home,Cricket Ground,Bicycle,10.72,42.9,0.0,Local
2013-03-10,Home,Shopping Centre,Car,7.1,10.6,1363.2,Local
2013-03-10,Shopping Centre,Grandparents' House,Tram,5.85,17.5,351.0,Local
2013-03-11,Home,Grandparents' House,Train,6.09,8.1,249.7,Local
2013-03-12,Home,Park,Train,9.98,13.3,409.2,Local
2013-03-12,Park,Home,Walk,13.97,167.6,0.0,Local
2013-03-13,Home,Cinema,Tram,16.78,50.3,1006.8,Local
2013-03-14,Home,Shopping Centre,Bus,16.37,39.3,1718.9,Local
2013-03-15,Home,Cinema,Walk,12.07,144.8,0.0,Local
2013-03-17,Home,Park,Tram,11.71,35.1,702.6,Local
2013-03-18,Home,School,Bus,10.92,26.2,1146.6,Local
2013-03-19,School,Cricket Ground,Tram,4.54,13.6,272.4,Local
2013-03-19,Home,School,Bus,17.21,41.3,1807.1,Local
2013-03-20,Home,Cricket Ground,Train,8.12,10.8,332.9,Local
2013-03-21,Home,Park,Car,10.87,16.3,2087.0,Local
2013-03-22,Home,Cricket Ground,Tram,17.75,53.2,1065.0,Local
2013-03-23,Home,Friend's Place,Train,17.79,23.7,729.4,Local
2013-03-23,Friend's Place,Cinema,Walk,6.42,77.0,0.0,Local
2013-03-24,Home,Shopping Centre,Tram,5.61,16.8,336.6,Local
2013-03-25,Home,Friend's Place,Tram,11.98,35.9,718.8,Local
2013-03-26,Cinema,Grandparents' House,Tram,2.11,6.3,126.6,Local
2013-03-26,Home,Cinema,Bicycle,12.78,51.1,0.0,Local
2013-03-28,Home,Cricket Ground,Walk,11.72,140.6,0.0,Local
2013-03-28,Cricket Ground,Home,Walk,14.49,173.9,0.0,Local
2013-03-29,Home,Grandparents' House,Bus,14.97,35.9,1571.9,Local
2013-03-30,Home,Friend's Place,Bus,12.45,29.9,1307.2,Local
2013-03-31,Home,Cinema,Bicycle,10.43,41.7,0.0,Local
2013-04-01,Home,Shopping Centre,Tram,8.61,25.8,516.6,Local
2013-04-05,Home,Park,Bicycle,18.36,73.4,0.0,Local
2013-04-06,Home,Cinema,Train,8.07,10.8,330.9,Local
2013-04-07,Friend's Place,Grandparents' House,Bicycle,1.13,4.5,0.0,Local
2013-04-07,Shopping Centre,Friend's Place,Walk,3.96,47.5,0.0,Local
2013-04-07,Home,Shopping Centre,Car,12.57,18.9,2413.4,Local
2013-04-10,Home,Cricket Ground,Walk,10.32,123.8,0.0,Local
2013-04-11,Home,Park,Walk,19.32,231.8,0.0,Local
2013-04-11,Park,Shopping Centre,Tram,5.59,16.8,335.4,Local
2013-04-11,Shopping Centre,Friend's Place,Bus,3.3,7.9,346.5,Local
2013-04-12,Home,School,Bus,12.44,29.9,1306.2,Local
2013-04-13,Home,Park,Walk,14.19,170.3,0.0,Local
2013-04-14,Home,School,Bus,13.53,32.5,1420.6,Local
2013-04-14,School,Friend's Place,Car,7.47,11.2,1434.2,Local
2013-04-15,Home,Cinema,Tram,6.1,18.3,366.0,Local
2013-04-15,Cinema,Grandparents' House,Bus,3.6,8.6,378.0,Local
2013-04-16,Home,Cricket Ground,Tram,12.8,38.4,768.0,Local
2013-04-17,Home,Friend's Place,Bus,14.03,33.7,1473.1,Local
2013-04-17,Friend's Place,Cricket Ground,Car,1.39,2.1,266.9,Local
2013-04-17,Cricket Ground,Friend's Place,Car,6.67,10.0,1280.6,Local
2013-04-18,Home,Cricket Ground,Bicycle,18.33,73.3,0.0,Local
2013-04-20,Park,Cricket Ground,Train,4.52,6.0,185.3,Local
2013-04-20,Home,Park,Walk,15.01,180.1,0.0,Local
2013-04-21,Home,Cinema,Train,8.09,10.8,331.7,Local
2013-04-21,Cinema,Cricket Ground,Car,3.49,5.2,670.1,Local
2013-04-22,Home,Park,Car,13.57,20.4,2605.4,Local
2013-04-22,Park,Friend's Place,Bicycle,8.0,32.0,0.0,Local
2013-04-23,Home,Friend's Place,Tram,6.34,19.0,380.4,Local
2013-04-24,Cricket Ground,Friend's Place,Bus,4.7,11.3,493.5,Local
2013-04-24,Home,Cinema,Bus,10.06,24.1,1056.3,Local
2013-04-24,Cinema,Cricket Ground,Train,6.04,8.1,247.6,Local
2013-04-25,Home,Friend's Place,Walk,16.78,201.4,0.0,Local
2013-04-26,Home,Friend's Place,Train,11.21,14.9,459.6,Local
2013-04-27,Home,Cricket Ground,Bicycle,12.74,51.0,0.0,Local
2013-04-27,Cricket Ground,Home,Tram,6.37,19.1,382.2,Local
2013-04-27,Home,School,Bus,19.68,47.2,2066.4,Local
2013-04-28,Home,Cricket Ground,Train,10.32,13.8,423.1,Local
2013-04-29,Cinema,School,Bus,6.27,15.0,658.3,Local
2013-04-29,Home,Cinema,Bus,10.14,24.3,1064.7,Local
2013-04-30,Home,Grandparents' House,Bicycle,10.76,43.0,0.0,Local
2013-05-01,Home,School,Bus,11.29,27.1,1185.4,Local
2013-05-02,Home,Cricket Ground,Bicycle,16.02,64.1,0.0,Local
2013-05-02,Cricket Ground,Park,Walk,6.88,82.6,0.0,Local
2013-05-03,Home,Friend's Place,Train,18.35,24.5,752.4,Local
2013-05-03,Friend's Place,Cricket Ground,Car,7.66,11.5,1470.7,Local
2013-05-05,Home,Grandparents' House,Tram,19.32,58.0,1159.2,Local
2013-05-05,Grandparents' House,School,Bus,3.22,7.7,338.1,Local
2013-05-07,Home,Shopping Centre,Bicycle,14.31,57.2,0.0,Local
2013-05-09,Home,Cricket Ground,Bicycle,7.11,28.4,0.0,Local
2013-05-10,Home,Shopping Centre,Bus,19.65,47.2,2063.2,Local
2013-05-11,Home,Friend's Place,Car,9.18,13.8,1762.6,Local
2013-05-11,Friend's Place,Shopping Centre,Bicycle,3.47,13.9,0.0,Local
2013-05-12,Home,Friend's Place,Tram,5.23,15.7,313.8,Local
2013-05-12,Friend's Place,Park,Bicycle,1.85,7.4,0.0,Local
2013-05-12,Park,Cricket Ground,Car,3.99,6.0,766.1,Local
2013-05-13,Home,Friend's Place,Bicycle,16.3,65.2,0.0,Local
2013-05-14,Home,Friend's Place,Bicycle,12.12,48.5,0.0,Local
2013-05-15,Home,Cinema,Train,5.82,7.8,238.6,Local
2013-05-16,Home,Cinema,Tram,8.1,24.3,486.0,Local
2013-05-17,Home,Grandparents' House,Walk,11.3,135.6,0.0,Local
2013-05-18,Home,Cricket Ground,Car,18.95,28.4,3638.4,Local
2013-05-19,Home,Friend's Place,Bicycle,15.55,62.2,0.0,Local
2013-05-20,Home,Friend's Place,Train,7.73,10.3,316.9,Local
2013-05-21,Home,School,Bus,17.98,43.2,1887.9,Local
2013-05-21,School,Friend's Place,Tram,7.95,23.9,477.0,Local
2013-05-21,Friend's Place,Cricket Ground,Bus,1.12,2.7,117.6,Local
2013-05-22,Cricket Ground,Grandparents' House,Bicycle,2.71,10.8,0.0,Local
2013-05-22,Home,Cricket Ground,Tram,8.02,24.1,481.2,Local
2013-05-23,Home,Shopping Centre,Walk,14.71,176.5,0.0,Local
2013-05-24,Home,Park,Bicycle,17.15,68.6,0.0,Local
2013-05-25,Home,Shopping Centre,Train,9.97,13.3,408.8,Local
2013-05-25,Shopping Centre,Park,Bus,6.41,15.4,673.1,Local
2013-05-26,Home,Cinema,Walk,17.22,206.6,0.0,Local
2013-05-27,Cricket Ground,Cinema,Bus,1.38,3.3,144.9,Local
2013-05-27,Home,Cricket Ground,Bicycle,9.53,38.1,0.0,Local
2013-05-28,Home,Friend's Place,Car,14.49,21.7,2782.1,Local
2013-05-30,Home,Friend's Place,Bus,12.98,31.2,1362.9,Local
2013-06-01,Home,Cinema,Tram,12.03,36.1,721.8,Local
2013-06-01,Cinema,Park,Walk,1.7,20.4,0.0,Local
2013-06-04,Home,Park,Bus,13.45,32.3,1412.2,Local
2013-06-05,Home,School,Bus,8.35,20.0,876.8,Local
2013-06-05,School,Friend's Place,Bus,1.65,4.0,173.2,Local
2013-06-06,Home,Park,Bus,5.99,14.4,629.0,Local
2013-06-06,Park,Cricket Ground,Train,1.05,1.4,43.1,Local
2013-06-07,Home,Grandparents' House,Walk,15.52,186.2,0.0,Local
2013-06-08,Home,Friend's Place,Car,11.16,16.7,2142.7,Local
2013-06-09,Home,Cricket Ground,Bus,17.16,41.2,1801.8,Local
2013-06-10,Home,Cricket Ground,Tram,5.16,15.5,309.6,Local
2013-06-11,Home,Cinema,Bicycle,6.67,26.7,0.0,Local
2013-06-13,Home,School,Bus,10.97,26.3,1151.9,Local
2013-06-14,Home,Shopping Centre,Train,6.57,8.8,269.4,Local
2013-06-15,Home,Cricket Ground,Train,7.64,10.2,313.2,Local
2013-06-15,Cricket Ground,Grandparents' House,Tram,2.75,8.2,165.0,Local
2013-06-15,Grandparents' House,School,Bus,6.63,15.9,696.1,Local
2013-06-16,Home,Shopping Centre,Train,7.71,10.3,316.1,Local
2013-06-18,Home,Cricket Ground,Bicycle,17.91,71.6,0.0,Local
2013-06-19,Home,Shopping Centre,Bicycle,10.23,40.9,0.0,Local
2013-06-19,Shopping Centre,Friend's Place,Train,5.32,7.1,218.1,Local
2013-06-21,Home,Friend's Place,Bicycle,11.87,47.5,0.0,Local
2013-06-21,Friend's Place,Grandparents' House,Tram,7.32,22.0,439.2,Local
2013-06-21,Grandparents' House,Friend's Place,Bus,3.16,7.6,331.8,Local
2013-06-22,Home,Cricket Ground,Bus,19.99,48.0,2098.9,Local
2013-06-23,Shopping Centre,Cinema,Bicycle,2.12,8.5,0.0,Local
2013-06-23,Cricket Ground,Shopping Centre,Train,2.21,2.9,90.6,Local
2013-06-23,Home,Cricket Ground,Car,19.85,29.8,3811.2,Local
2013-06-24,Home,Cinema,Car,14.95,22.4,2870.4,Local
2013-06-26,Home,Friend's Place,Car,5.44,8.2,1044.5,Local
2013-06-26,Friend's Place,Cinema,Walk,4.32,51.8,0.0,Local
2013-06-26,Cinema,Shopping Centre,Walk,1.64,19.7,0.0,Local
2013-06-28,Home,Grandparents' House,Car,5.42,8.1,1040.6,Local
2013-06-29,Home,Friend's Place,Walk,6.22,74.6,0.0,Local
2013-06-29,Friend's Place,Grandparents' House,Car,5.16,7.7,990.7,Local
2013-06-30,Home,Shopping Centre,Bicycle,7.14,28.6,0.0,Local
2013-07-01,Home,Grandparents' House,Car,7.53,11.3,1445.8,Local
2013-07-01,Grandparents' House,Shopping Centre,Bicycle,3.37,13.5,0.0,Local
2013-07-02,Home,School,Bus,5.17,12.4,542.9,Local
2013-07-03,Home,Cinema,Train,16.9,22.5,692.9,Local
2013-07-04,Home,School,Bus,15.24,36.6,1600.2,Local
2013-07-06,Home,Grandparents' House,Bus,14.56,34.9,1528.8,Local
2013-07-07,Home,Cricket Ground,Bus,14.63,35.1,1536.2,Local
2013-07-08,School,Cinema,Train,1.6,2.1,65.6,Local
2013-07-08,Home,School,Bus,18.22,43.7,1913.1,Local
2013-07-09,Home,Grandparents' House,Car,17.76,26.6,3409.9,Local
2013-07-09,Grandparents' House,Cinema,Bus,2.74,6.6,287.7,Local
2013-07-10,Home,Friend's Place,Bicycle,9.29,37.2,0.0,Local
2013-07-11,Home,Friend's Place,Train,10.78,14.4,442.0,Local
2013-07-11,Friend's Place,Cricket Ground,Train,6.77,9.0,277.6,Local
2013-07-11,Cricket Ground,Home,Bus,8.7,20.9,913.5,Local
2013-07-12,Home,Shopping Centre,Bicycle,10.65,42.6,0.0,Local
2013-07-12,Shopping Centre,Park,Car,4.75,7.1,912.0,Local
2013-07-14,Home,Shopping Centre,Car,7.93,11.9,1522.6,Local
2013-07-15,Home,Cinema,Train,18.74,25.0,768.3,Local
2013-07-16,Home,Cinema,Car,6.88,10.3,1321.0,Local
2013-07-16,Cinema,Home,Car,12.67,19.0,2432.6,Local
2013-07-17,Home,Friend's Place,Train,19.04,25.4,780.6,Local
2013-07-17,Friend's Place,Shopping Centre,Car,2.38,3.6,457.0,Local
2013-07-18,Home,Friend's Place,Bicycle,17.87,71.5,0.0,Local
2013-07-19,Home,School,Bus,7.82,18.8,821.1,Local
2013-07-19,School,Shopping Centre,Train,7.78,10.4,319.0,Local
2013-07-20,Shopping Centre,Grandparents' House,Bus,1.34,3.2,140.7,Local
2013-07-20,Home,Friend's Place,Walk,17.04,204.5,0.0,Local
2013-07-20,Friend's Place,Shopping Centre,Bicycle,1.76,7.0,0.0,Local
2013-07-21,Home,Friend's Place,Walk,12.78,153.4,0.0,Local
2013-07-22,Home,Cinema,Tram,13.21,39.6,792.6,Local
2013-07-22,Cinema,Friend's Place,Car,3.34,5.0,641.3,Local
2013-07-23,School,Cinema,Bicycle,1.87,7.5,0.0,Local
2013-07-23,Home,Friend's Place,Bus,15.14,36.3,1589.7,Local
2013-07-23,Friend's Place,School,Bus,2.5,6.0,262.5,Local
2013-07-25,Shopping Centre,Park,Walk,1.29,15.5,0.0,Local
2013-07-25,Home,Shopping Centre,Car,8.88,13.3,1705.0,Local
2013-07-26,Home,Cricket Ground,Train,18.32,24.4,751.1,Local
2013-07-26,Cricket Ground,Park,Bus,3.78,9.1,396.9,Local
2013-07-27,Home,Cinema,Train,17.49,23.3,717.1,Local
2013-07-28,Home,Friend's Place,Tram,17.52,52.6,1051.2,Local
2013-07-29,Home,Park,Bus,12.34,29.6,1295.7,Local
2013-07-29,Park,Shopping Centre,Car,5.33,8.0,1023.4,Local
2013-07-30,Home,Grandparents' House,Train,13.32,17.8,546.1,Local
2013-07-30,Grandparents' House,Cinema,Walk,2.24,26.9,0.0,Local
2013-07-31,Home,Cricket Ground,Bus,13.23,31.8,1389.2,Local
2013-08-01,Home,Cricket Ground,Bicycle,6.18,24.7,0.0,Local
2013-08-02,Home,Cinema,Bus,15.68,37.6,1646.4,Local
2013-08-02,Cinema,Shopping Centre,Walk,7.05,84.6,0.0,Local
2013-08-02,Shopping Centre,Home,Walk,12.33,148.0,0.0,Local
2013-08-03,Home,Park,Bicycle,14.5,58.0,0.0,Local
2013-08-04,Home,Shopping Centre,Tram,11.19,33.6,671.4,Local
2013-08-06,Home,Grandparents' House,Tram,11.78,35.3,706.8,Local
2013-08-07,Home,Grandparents' House,Bus,17.9,43.0,1879.5,Local
2013-08-08,Friend's Place,Cinema,Walk,6.68,80.2,0.0,Local
2013-08-08,Home,Cricket Ground,Bus,19.79,47.5,2077.9,Local
2013-08-08,Cricket Ground,Friend's Place,Bicycle,4.47,17.9,0.0,Local
2013-08-10,Home,Park,Car,12.62,18.9,2423.0,Local
2013-08-11,Home,Grandparents' House,Bus,13.52,32.4,1419.6,Local
2013-08-12,Home,Cinema,Walk,9.42,113.0,0.0,Local
2013-08-13,Home,Cinema,Walk,6.22,74.6,0.0,Local
2013-08-14,Home,Cinema,Tram,10.65,31.9,639.0,Local
2013-08-14,Cinema,Shopping Centre,Bus,4.52,10.8,474.6,Local
2013-08-15,Home,Park,Train,15.27,20.4,626.1,Local
2013-08-16,Home,Grandparents' House,Bus,14.81,35.5,1555.0,Local
2013-08-17,Home,School,Bus,13.58,32.6,1425.9,Local
2013-08-18,Home,Shopping Centre,Bicycle,10.09,40.4,0.0,Local
2013-08-19,Home,Grandparents' House,Bicycle,16.98,67.9,0.0,Local
2013-08-20,Home,Cricket Ground,Bus,8.47,20.3,889.4,Local
2013-08-21,School,Cinema,Tram,6.71,20.1,402.6,Local
2013-08-21,Home,School,Bus,12.02,28.8,1262.1,Local
2013-08-22,School,Grandparents' House,Train,6.96,9.3,285.4,Local
2013-08-22,Cricket Ground,School,Bus,6.25,15.0,656.2,Local
2013-08-22,Home,Cricket Ground,Tram,10.66,32.0,639.6,Local
2013-08-23,Home,School,Bus,16.35,39.2,1716.8,Local
2013-08-24,Home,Grandparents' House,Bicycle,10.37,41.5,0.0,Local
2013-08-24,Grandparents' House,Cinema,Bicycle,5.66,22.6,0.0,Local
2013-08-25,Home,School,Bus,10.6,25.4,1113.0,Local
2013-08-26,Home,Shopping Centre,Tram,13.66,41.0,819.6,Local
2013-08-27,Home,Shopping Centre,Bicycle,19.88,79.5,0.0,Local
2013-08-28,Home,Friend's Place,Tram,9.99,30.0,599.4,Local
2013-08-29,Cinema,Home,Train,5.58,7.4,228.8,Local
2013-08-29,Home,Cricket Ground,Bus,16.79,40.3,1762.9,Local
2013-08-29,Cricket Ground,Cinema,Bicycle,1.31,5.2,0.0,Local
2013-08-31,Home,Grandparents' House,Bicycle,14.43,57.7,0.0,Local
2013-08-31,Grandparents' House,Home,Car,9.45,14.2,1814.4,Local
2013-09-03,Home,Cricket Ground,Walk,9.21,110.5,0.0,Local
2013-09-04,Home,Cinema,Train,8.31,11.1,340.7,Local
2013-09-06,Home,Cricket Ground,Bicycle,7.55,30.2,0.0,Local
2013-09-07,Home,School,Bus,16.34,39.2,1715.7,Local
2013-09-08,Home,Cinema,Bicycle,18.34,73.4,0.0,Local
2013-09-09,Home,Friend's Place,Bus,13.94,33.5,1463.7,Local
2013-09-11,Home,Park,Bicycle,12.67,50.7,0.0,Local
2013-09-12,Home,Cinema,Train,11.48,15.3,470.7,Local
2013-09-14,Home,Cinema,Tram,5.24,15.7,314.4,Local
2013-09-15,Home,Cricket Ground,Bicycle,15.75,63.0,0.0,Local
2013-09-15,Cricket Ground,Cinema,Train,0.6,0.8,24.6,Local
2013-09-16,Home,School,Bus,7.12,17.1,747.6,Local
2013-09-16,School,Cricket Ground,Walk,5.07,60.8,0.0,Local
2013-09-17,Home,Cricket Ground,Bus,8.13,19.5,853.7,Local
2013-09-19,Home,Park,Bus,16.9,40.6,1774.5,Local
2013-09-20,Home,Friend's Place,Train,9.58,12.8,392.8,Local
2013-09-20,Friend's Place,Shopping Centre,Car,3.47,5.2,666.2,Local
2013-09-20,Shopping Centre,Cinema,Train,4.27,5.7,175.1,Local
2013-09-21,Home,Cricket Ground,Train,17.26,23.0,707.7,Local
2013-09-22,Home,Friend's Place,Car,8.19,12.3,1572.5,Local
2013-09-23,Home,Shopping Centre,Car,12.72,19.1,2442.2,Local
2013-09-23,Shopping Centre,Park,Bus,4.0,9.6,420.0,Local
2013-09-27,Home,Park,Car,8.91,13.4,1710.7,Local
2013-09-28,Home,Cinema,Bus,11.76,28.2,1234.8,Local
2013-09-29,Home,Cinema,Bus,9.68,23.2,1016.4,Local
2013-09-29,Cinema,Friend's Place,Walk,6.9,82.8,0.0,Local
2013-09-30,Home,Grandparents' House,Bus,6.26,15.0,657.3,Local
2013-10-01,Home,Friend's Place,Walk,19.71,236.5,0.0,Local
2013-10-02,Home,Grandparents' House,Bicycle,9.59,38.4,0.0,Local
2013-10-04,Home,School,Bus,13.69,32.9,1437.5,Local
2013-10-04,School,Friend's Place,Car,5.08,7.6,975.4,Local
2013-10-05,Shopping Centre,Grandparents' House,Bicycle,0.66,2.6,0.0,Local
2013-10-05,Home,School,Bus,8.77,21.0,920.8,Local
2013-10-05,School,Shopping Centre,Bus,4.86,11.7,510.3,Local
2013-10-06,Home,Park,Bicycle,19.83,79.3,0.0,Local
2013-10-07,Home,Park,Car,15.38,23.1,2953.0,Local
2013-10-09,Home,Grandparents' House,Car,16.6,24.9,3187.2,Local
2013-10-10,Home,Park,Walk,17.58,211.0,0.0,Local
2013-10-11,Home,Park,Bus,5.81,13.9,610.0,Local
2013-10-12,Home,Cricket Ground,Bicycle,12.53,50.1,0.0,Local
2013-10-13,Grandparents' House,Friend's Place,Car,7.88,11.8,1513.0,Local
2013-10-13,Home,Grandparents' House,Train,6.69,8.9,274.3,Local
2013-10-14,Home,Cinema,Train,8.99,12.0,368.6,Local
2013-10-14,Cinema,Grandparents' House,Bus,3.22,7.7,338.1,Local
2013-10-15,Home,Grandparents' House,Walk,15.58,187.0,0.0,Local
2013-10-17,Home,Cricket Ground,Tram,17.17,51.5,1030.2,Local
2013-10-17,Cricket Ground,School,Bus,5.5,13.2,577.5,Local
2013-10-19,Home,Friend's Place,Train,14.25,19.0,584.2,Local
2013-10-20,Home,Park,Bus,18.59,44.6,1952.0,Local
2013-10-21,Home,School,Bus,16.44,39.5,1726.2,Local
2013-10-22,Home,School,Bus,15.97,38.3,1676.9,Local
2013-10-22,School,Home,Bicycle,16.72,66.9,0.0,Local
2013-10-23,Home,Shopping Centre,Train,19.27,25.7,790.1,Local
2013-10-23,Shopping Centre,School,Bus,7.47,17.9,784.4,Local
2013-10-23,School,Park,Tram,6.8,20.4,408.0,Local
2013-10-24,Home,Cricket Ground,Tram,11.15,33.5,669.0,Local
2013-10-25,Home,School,Bus,14.74,35.4,1547.7,Local
2013-10-26,Home,Cinema,Bicycle,6.82,27.3,0.0,Local
2013-10-27,Home,Park,Tram,16.09,48.3,965.4,Local
2013-10-28,Home,Cricket Ground,Walk,6.03,72.4,0.0,Local
2013-10-29,Home,Cinema,Train,14.02,18.7,574.8,Local
2013-10-29,Cinema,Grandparents' House,Bicycle,2.71,10.8,0.0,Local
2013-10-29,Grandparents' House,Cinema,Train,7.87,10.5,322.7,Local
2013-10-30,Home,Friend's Place,Walk,18.24,218.9,0.0,Local
2013-10-30,Friend's Place,Home,Tram,7.86,23.6,471.6,Local
2013-10-31,Grandparents' House,Home,Bicycle,13.19,52.8,0.0,Local
2013-10-31,Home,Park,Bus,5.86,14.1,615.3,Local
2013-10-31,Home,Grandparents' House,Car,11.75,17.6,2256.0,Local
2013-11-02,Home,Friend's Place,Car,19.36,29.0,3717.1,Local
2013-11-03,Home,Park,Tram,10.0,30.0,600.0,Local
2013-11-03,Park,Friend's Place,Bus,1.5,3.6,157.5,Local
2013-11-03,Friend's Place,Park,Bus,4.69,11.3,492.5,Local
2013-11-04,Home,Cricket Ground,Bus,19.97,47.9,2096.8,Local
2013-11-05,School,Home,Bus,5.24,12.6,550.2,Local
2013-11-05,Home,Cinema,Car,16.27,24.4,3123.8,Local
2013-11-05,Cinema,School,Bus,0.96,2.3,100.8,Local
2013-11-06,School,Park,Train,4.79,6.4,196.4,Local
2013-11-06,Home,School,Bus,6.41,15.4,673.1,Local
2013-11-08,Home,Shopping Centre,Tram,6.33,19.0,379.8,Local
2013-11-09,Home,Friend's Place,Bus,9.48,22.8,995.4,Local
2013-11-12,Home,School,Bus,5.04,12.1,529.2,Local
2013-11-12,School,Cricket Ground,Train,7.41,9.9,303.8,Local
2013-11-12,Cricket Ground,Friend's Place,Bus,1.73,4.2,181.7,Local
2013-11-13,Home,Shopping Centre,Bus,11.75,28.2,1233.8,Local
2013-11-13,Shopping Centre,Cricket Ground,Walk,1.97,23.6,0.0,Local
2013-11-14,Cinema,Grandparents' House,Tram,0.59,1.8,35.4,Local
2013-11-14,Friend's Place,Cinema,Bus,0.81,1.9,85.1,Local
2013-11-14,Home,Friend's Place,Bicycle,5.71,22.8,0.0,Local
2013-11-15,Home,Cinema,Train,10.2,13.6,418.2,Local
2013-11-15,Cinema,School,Bus,3.95,9.5,414.8,Local
2013-11-16,Home,School,Bus,14.61,35.1,1534.0,Local
2013-11-18,Home,Cricket Ground,Car,10.81,16.2,2075.5,Local
2013-11-19,Home,Grandparents' House,Bicycle,18.34,73.4,0.0,Local
2013-11-19,Grandparents' House,Friend's Place,Bicycle,3.32,13.3,0.0,Local
2013-11-20,Home,School,Bus,11.79,28.3,1237.9,Local
2013-11-20,Home,Cinema,Walk,11.22,134.6,0.0,Local
2013-11-20,Cinema,Home,Walk,12.38,148.6,0.0,Local
2013-11-21,Home,Shopping Centre,Car,9.75,14.6,1872.0,Local
2013-11-22,Home,Cinema,Bus,10.12,24.3,1062.6,Local
2013-11-22,Cinema,Cricket Ground,Tram,5.92,17.8,355.2,Local
2013-11-23,Home,Grandparents' House,Car,19.29,28.9,3703.7,Local
2013-11-23,Grandparents' House,Park,Bus,5.89,14.1,618.4,Local
2013-11-23,Park,Grandparents' House,Walk,0.91,10.9,0.0,Local
2013-11-26,Home,Shopping Centre,Train,8.79,11.7,360.4,Local
2013-11-26,Shopping Centre,School,Bus,3.79,9.1,397.9,Local
2013-11-26,School,Home,Bicycle,8.9,35.6,0.0,Local
2013-11-27,Home,School,Bus,9.16,22.0,961.8,Local
2013-11-29,Home,Cinema,Tram,14.86,44.6,891.6,Local
2013-11-30,Home,Park,Train,10.53,14.0,431.7,Local
2013-11-30,Park,Cricket Ground,Bicycle,4.2,16.8,0.0,Local
2013-12-02,Home,Cinema,Bicycle,8.33,33.3,0.0,Local
2013-12-03,Home,Shopping Centre,Bicycle,17.43,69.7,0.0,Local
2013-12-05,Shopping Centre,Park,Bicycle,1.01,4.0,0.0,Local
2013-12-05,Home,Shopping Centre,Bus,9.04,21.7,949.2,Local
2013-12-06,Home,School,Bus,19.22,46.1,2018.1,Local
2013-12-07,Home,Shopping Centre,Walk,13.44,161.3,0.0,Local
2013-12-08,Home,Cricket Ground,Walk,10.26,123.1,0.0,Local
2013-12-11,Home,Friend's Place,Tram,9.73,29.2,583.8,Local
2013-12-12,Home,Friend's Place,Train,6.36,8.5,260.8,Local
2013-12-13,Home,School,Bus,19.01,45.6,1996.1,Local
2013-12-14,Home,Cricket Ground,Bicycle,10.44,41.8,0.0,Local
2013-12-15,Home,Shopping Centre,Train,5.47,7.3,224.3,Local
2013-12-15,Shopping Centre,School,Bus,1.93,4.6,202.7,Local
2013-12-15,School,Friend's Place,Car,2.55,3.8,489.6,Local
2013-12-17,Home,Cricket Ground,Bicycle,15.68,62.7,0.0,Local
2013-12-18,Home,Friend's Place,Train,12.21,16.3,500.6,Local
2013-12-18,Friend's Place,Shopping Centre,Car,6.51,9.8,1249.9,Local
2013-12-19,Home,School,Bus,7.62,18.3,800.1,Local
2013-12-20,Cinema,Park,Bicycle,4.09,16.4,0.0,Local
2013-12-20,Home,Cinema,Tram,6.82,20.5,409.2,Local
2013-12-20,Park,Grandparents' House,Walk,2.06,24.7,0.0,Local
2013-12-21,Home,Grandparents' House,Walk,18.81,225.7,0.0,Local
2013-12-22,Home,Shopping Centre,Tram,10.14,30.4,608.4,Local
2013-12-23,Home,Shopping Centre,Walk,7.68,92.2,0.0,Local
2013-12-23,Shopping Centre,Home,Walk,7.06,84.7,0.0,Local
2013-12-24,Home,Shopping Centre,Car,8.54,12.8,1639.7,Local
2013-12-24,Shopping Centre,Cinema,Bus,4.66,11.2,489.3,Local
2013-12-25,Home,Shopping Centre,Walk,16.34,196.1,0.0,Local
2013-12-26,Home,Park,Car,17.48,26.2,3356.2,Local
2013-12-26,Park,Shopping Centre,Bicycle,5.02,20.1,0.0,Local
2013-12-27,Home,Friend's Place,Bus,17.83,42.8,1872.1,Local
2013-12-28,Home,Friend's Place,Tram,8.66,26.0,519.6,Local
2013-12-28,Friend's Place,Cinema,Train,7.11,9.5,291.5,Local
2013-12-29,Home,Park,Train,10.03,13.4,411.2,Local
2013-12-29,Park,Shopping Centre,Bicycle,2.4,9.6,0.0,Local
2013-12-30,Home,Cinema,Train,15.77,21.0,646.6,Local
2013-12-31,Home,Grandparents' House,Car,19.93,29.9,3826.6,Local
2013-12-31,Grandparents' House,Shopping Centre,Bicycle,5.51,22.0,0.0,Local
2014-01-01,Home,Cricket Ground,Car,7.34,11.0,1409.3,Local
2014-01-02,Home,Park,Car,11.08,16.6,2127.4,Local
2014-01-03,Home,Grandparents' House,Bus,9.43,22.6,990.1,Local
2014-01-04,Home,Grandparents' House,Bus,6.12,14.7,642.6,Local
2014-01-05,Home,Grandparents' House,Bicycle,12.76,51.0,0.0,Local
2014-01-06,Home,Cinema,Bus,5.89,14.1,618.4,Local
2014-01-06,Cinema,Home,Bicycle,18.05,72.2,0.0,Local
2014-01-07,Home,Cinema,Car,11.51,17.3,2209.9,Local
2014-01-09,Grandparents' House,Home,Car,6.62,9.9,1271.0,Local
2014-01-09,Home,School,Bus,15.16,36.4,1591.8,Local
2014-01-09,Home,Grandparents' House,Train,15.97,21.3,654.8,Local
2014-01-11,Home,School,Bus,5.59,13.4,586.9,Local
2014-01-11,School,Friend's Place,Car,3.01,4.5,577.9,Local
2014-01-11,Friend's Place,Cricket Ground,Bus,3.66,8.8,384.3,Local
2014-01-12,Home,Cricket Ground,Bicycle,10.52,42.1,0.0,Local
2014-01-12,Cricket Ground,Park,Tram,5.94,17.8,356.4,Local
2014-01-12,Park,Home,Tram,5.25,15.8,315.0,Local
2014-01-14,Home,Shopping Centre,Car,5.59,8.4,1073.3,Local
2014-01-14,Shopping Centre,Grandparents' House,Walk,3.0,36.0,0.0,Local
2014-01-15,Home,School,Bus,9.91,23.8,1040.5,Local
2014-01-16,Home,Cricket Ground,Bus,14.93,35.8,1567.6,Local
2014-01-16,Cricket Ground,School,Bus,6.24,15.0,655.2,Local
2014-01-17,Home,Cricket Ground,Tram,19.48,58.4,1168.8,Local
2014-01-18,Home,Cinema,Walk,8.23,98.8,0.0,Local
2014-01-18,Cinema,Friend's Place,Bicycle,4.13,16.5,0.0,Local
2014-01-20,Home,Shopping Centre,Train,12.25,16.3,502.2,Local
2014-01-20,Shopping Centre,Cricket Ground,Tram,7.24,21.7,434.4,Local
2014-01-21,Home,Shopping Centre,Bus,13.17,31.6,1382.8,Local
2014-01-22,Home,School,Bus,10.76,25.8,1129.8,Local
2014-01-23,Home,Shopping Centre,Train,5.08,6.8,208.3,Local
2014-01-24,Home,Grandparents' House,Train,9.56,12.7,392.0,Local
2014-01-25,Home,Cricket Ground,Bicycle,12.15,48.6,0.0,Local
2014-01-25,Cricket Ground,Cinema,Tram,5.33,16.0,319.8,Local
2014-01-26,Home,Cinema,Tram,12.8,38.4,768.0,Local
2014-01-27,Park,School,Bus,5.56,13.3,583.8,Local
2014-01-27,School,Park,Tram,1.65,4.9,99.0,Local
2014-01-27,Home,Park,Walk,16.06,192.7,0.0,Local
2014-01-29,Home,Shopping Centre,Bicycle,18.75,75.0,0.0,Local
2014-01-31,Home,Shopping Centre,Tram,15.43,46.3,925.8,Local
2014-02-01,Home,Friend's Place,Bicycle,16.7,66.8,0.0,Local
2014-02-01,Friend's Place,Home,Tram,17.79,53.4,1067.4,Local
2014-02-02,Home,Park,Train,5.91,7.9,242.3,Local
2014-02-02,Park,Shopping Centre,Car,4.04,6.1,775.7,Local
2014-02-04,Home,Cricket Ground,Walk,12.57,150.8,0.0,Local
2014-02-06,Home,Park,Bicycle,16.93,67.7,0.0,Local
2014-02-06,Park,Shopping Centre,Tram,6.6,19.8,396.0,Local
2014-02-07,Home,Grandparents' House,Train,8.82,11.8,361.6,Local
2014-02-08,Home,Shopping Centre,Bicycle,5.56,22.2,0.0,Local
2014-02-10,Home,Park,Bicycle,8.68,34.7,0.0,Local
2014-02-11,Home,Cinema,Bicycle,17.48,69.9,0.0,Local
2014-02-12,Home,Grandparents' House,Car,5.07,7.6,973.4,Local
2014-02-13,Park,Cinema,Bus,3.64,8.7,382.2,Local
2014-02-13,Home,Park,Tram,13.94,41.8,836.4,Local
2014-02-13,Cinema,Shopping Centre,Tram,0.98,2.9,58.8,Local
2014-02-14,Home,School,Bus,9.95,23.9,1044.8,Local
2014-02-15,Home,Cinema,Tram,8.78,26.3,526.8,Local
2014-02-15,Cinema,Cricket Ground,Car,2.15,3.2,412.8,Local
2014-02-16,Home,Park,Train,5.49,7.3,225.1,Local
2014-02-17,Home,School,Bus,8.03,19.3,843.1,Local
2014-02-17,School,Friend's Place,Walk,6.55,78.6,0.0,Local
2014-02-17,Friend's Place,Park,Bus,2.51,6.0,263.5,Local
2014-02-18,Home,Friend's Place,Bicycle,15.85,63.4,0.0,Local
2014-02-18,Friend's Place,Cinema,Bicycle,1.2,4.8,0.0,Local
2014-02-19,Home,Grandparents' House,Bicycle,7.8,31.2,0.0,Local
2014-02-19,Grandparents' House,Cinema,Bicycle,6.61,26.4,0.0,Local
2014-02-20,Home,Cinema,Bus,15.42,37.0,1619.1,Local
2014-02-21,Home,School,Bus,7.22,17.3,758.1,Local
2014-02-21,School,Cinema,Car,1.5,2.2,288.0,Local
2014-02-22,Home,Cinema,Car,5.13,7.7,985.0,Local
2014-02-23,School,Cricket Ground,Bicycle,5.71,22.8,0.0,Local
2014-02-23,Cricket Ground,Cinema,Car,4.72,7.1,906.2,Local
2014-02-23,Home,School,Bus,7.01,16.8,736.0,Local
2014-02-25,Home,Friend's Place,Bicycle,9.83,39.3,0.0,Local
2014-02-25,Friend's Place,Park,Train,4.92,6.6,201.7,Local
2014-02-26,Home,School,Bus,6.37,15.3,668.9,Local
2014-02-27,Home,Grandparents' House,Car,12.56,18.8,2411.5,Local
2014-02-27,Grandparents' House,School,Bus,5.72,13.7,600.6,Local
2014-02-28,Home,Cinema,Bicycle,5.6,22.4,0.0,Local
2014-03-01,School,Home,Bicycle,9.86,39.4,0.0,Local
2014-03-01,Home,School,Bus,12.7,30.5,1333.5,Local
2014-03-03,Home,Cricket Ground,Bicycle,5.01,20.0,0.0,Local
2014-03-03,Cricket Ground,Cinema,Bicycle,3.6,14.4,0.0,Local
2014-03-03,Cinema,Friend's Place,Tram,5.27,15.8,316.2,Local
2014-03-06,Home,Cricket Ground,Bus,8.22,19.7,863.1,Local
2014-03-07,Home,Grandparents' House,Bus,16.78,40.3,1761.9,Local
2014-03-07,Grandparents' House,Park,Tram,7.02,21.1,421.2,Local
2014-03-09,Home,School,Bus,14.4,34.6,1512.0,Local
2014-03-10,Home,Friend's Place,Bus,13.2,31.7,1386.0,Local
2014-03-11,Home,Shopping Centre,Walk,16.97,203.6,0.0,Local
2014-03-12,Home,Shopping Centre,Bus,18.95,45.5,1989.8,Local
2014-03-13,Cricket Ground,Park,Bus,3.68,8.8,386.4,Local
2014-03-13,Home,Cricket Ground,Bus,13.54,32.5,1421.7,Local
2014-03-14,Home,Grandparents' House,Walk,16.08,193.0,0.0,Local
2014-03-15,Home,Cricket Ground,Bus,16.28,39.1,1709.4,Local
2014-03-16,Home,Cricket Ground,Walk,8.61,103.3,0.0,Local
2014-03-18,Home,Cinema,Train,5.32,7.1,218.1,Local
2014-03-19,Home,Shopping Centre,Tram,10.05,30.2,603.0,Local
2014-03-19,Shopping Centre,Cinema,Tram,1.33,4.0,79.8,Local
2014-03-21,Home,Cricket Ground,Bicycle,14.58,58.3,0.0,Local
2014-03-22,Home,Shopping Centre,Car,18.96,28.4,3640.3,Local
2014-03-23,Home,Cinema,Bus,18.67,44.8,1960.4,Local
2014-03-23,Cinema,Park,Bicycle,2.37,9.5,0.0,Local
2014-03-24,Home,Park,Tram,9.78,29.3,586.8,Local
2014-03-24,Park,Grandparents' House,Car,6.72,10.1,1290.2,Local
2014-03-24,Grandparents' House,Cricket Ground,Walk,5.93,71.2,0.0,Local
2014-03-25,Home,Friend's Place,Walk,14.55,174.6,0.0,Local
2014-03-25,Friend's Place,Park,Car,6.02,9.0,1155.8,Local
2014-03-27,Home,School,Bus,16.3,39.1,1711.5,Local
2014-03-28,Home,Grandparents' House,Bicycle,7.38,29.5,0.0,Local
2014-03-29,Home,School,Bus,6.43,15.4,675.1,Local
2014-03-30,Home,Grandparents' House,Train,14.84,19.8,608.4,Local
2014-03-30,Grandparents' House,Friend's Place,Train,0.94,1.3,38.5,Local
2014-03-31,Home,Cinema,Tram,11.93,35.8,715.8,Local
2014-03-31,Cinema,Cricket Ground,Car,4.74,7.1,910.1,Local
2014-04-01,Home,Friend's Place,Walk,17.48,209.8,0.0,Local
2014-04-01,Friend's Place,Cinema,Walk,6.21,74.5,0.0,Local
2014-04-01,Cinema,Home,Bicycle,15.71,62.8,0.0,Local
2014-04-02,Home,Friend's Place,Train,13.48,18.0,552.7,Local
2014-04-04,Home,Cinema,Bicycle,16.81,67.2,0.0,Local
2014-04-05,Home,Park,Train,14.76,19.7,605.2,Local
2014-04-06,Home,Grandparents' House,Bicycle,8.11,32.4,0.0,Local
2014-04-07,Home,Park,Car,7.5,11.2,1440.0,Local
2014-04-07,Park,Home,Tram,15.0,45.0,900.0,Local
2014-04-08,Home,School,Bus,18.7,44.9,1963.5,Local
2014-04-09,Home,Cricket Ground,Tram,13.56,40.7,813.6,Local
2014-04-10,Home,School,Bus,17.65,42.4,1853.2,Local
2014-04-11,Home,Park,Train,14.07,18.8,576.9,Local
2014-04-12,Home,School,Bus,10.16,24.4,1066.8,Local
2014-04-13,Home,Park,Bus,15.57,37.4,1634.9,Local
2014-04-15,Home,Friend's Place,Tram,5.93,17.8,355.8,Local
2014-04-16,Home,Cricket Ground,Train,18.17,24.2,745.0,Local
2014-04-16,Cricket Ground,School,Bus,1.52,3.6,159.6,Local
2014-04-17,Home,School,Bus,7.61,18.3,799.1,Local
2014-04-19,Home,Cricket Ground,Bus,19.97,47.9,2096.8,Local
2014-04-20,Home,Park,Car,11.74,17.6,2254.1,Local
2014-04-21,Home,Park,Bus,7.39,17.7,775.9,Local
2014-04-22,Home,Cinema,Car,7.2,10.8,1382.4,Local
2014-04-24,Home,Friend's Place,Walk,16.8,201.6,0.0,Local
2014-04-25,Home,School,Bus,13.3,31.9,1396.5,Local
2014-04-25,School,Cinema,Train,3.13,4.2,128.3,Local
2014-04-26,Home,Grandparents' House,Walk,8.84,106.1,0.0,Local
2014-04-27,Home,Shopping Centre,Car,9.09,13.6,1745.3,Local
2014-04-27,Shopping Centre,Cricket Ground,Bicycle,0.77,3.1,0.0,Local
2014-04-28,Park,Cricket Ground,Bicycle,4.69,18.8,0.0,Local
2014-04-28,Home,Park,Bicycle,9.76,39.0,0.0,Local
2014-04-29,Home,Cinema,Walk,6.17,74.0,0.0,Local
2014-05-01,Home,Cricket Ground,Car,15.32,23.0,2941.4,Local
2014-05-03,Home,Park,Bus,9.29,22.3,975.4,Local
2014-05-03,Park,School,Bus,1.26,3.0,132.3,Local
2014-05-03,School,Grandparents' House,Train,6.9,9.2,282.9,Local
2014-05-06,Home,Cricket Ground,Car,10.6,15.9,2035.2,Local
2014-05-07,Home,Shopping Centre,Walk,18.83,226.0,0.0,Local
2014-05-08,Home,Friend's Place,Train,14.89,19.9,610.5,Local
2014-05-09,Home,Cinema,Car,11.47,17.2,2202.2,Local
2014-05-09,Cinema,Friend's Place,Walk,2.35,28.2,0.0,Local
2014-05-10,Home,Friend's Place,Car,18.13,27.2,3481.0,Local
2014-05-11,Home,School,Bus,17.97,43.1,1886.8,Local
2014-05-12,Home,Shopping Centre,Car,12.91,19.4,2478.7,Local
2014-05-12,Shopping Centre,Friend's Place,Walk,4.13,49.6,0.0,Local
2014-05-14,Home,Shopping Centre,Car,8.89,13.3,1706.9,Local
2014-05-15,Home,Cinema,Bus,17.1,41.0,1795.5,Local
2014-05-15,Cinema,Friend's Place,Bicycle,1.67,6.7,0.0,Local
2014-05-16,Grandparents' House,Home,Car,8.48,12.7,1628.2,Local
2014-05-16,Home,Grandparents' House,Tram,18.61,55.8,1116.6,Local
2014-05-17,Home,Park,Car,14.21,21.3,2728.3,Local
2014-05-18,Home,School,Bus,19.59,47.0,2056.9,Local
2014-05-18,School,Friend's Place,Walk,6.13,73.6,0.0,Local
2014-05-20,Home,Park,Bicycle,5.61,22.4,0.0,Local
2014-05-21,Home,Friend's Place,Bicycle,16.03,64.1,0.0,Local
2014-05-21,Friend's Place,School,Bus,6.74,16.2,707.7,Local
2014-05-22,Shopping Centre,Cricket Ground,Bicycle,1.41,5.6,0.0,Local
2014-05-22,Home,Shopping Centre,Bus,16.16,38.8,1696.8,Local
2014-05-23,Home,Cricket Ground,Bus,9.78,23.5,1026.9,Local
2014-05-24,Home,Friend's Place,Walk,13.83,166.0,0.0,Local
2014-05-24,Friend's Place,Home,Bicycle,12.84,51.4,0.0,Local
2014-05-24,Home,Friend's Place,Car,15.66,23.5,3006.7,Local
2014-05-25,Home,Grandparents' House,Train,15.1,20.1,619.1,Local
2014-05-26,Home,Grandparents' House,Bicycle,10.52,42.1,0.0,Local
2014-05-27,Home,Cricket Ground,Car,14.2,21.3,2726.4,Local
2014-05-27,Cricket Ground,Cinema,Car,6.02,9.0,1155.8,Local
2014-05-28,Home,Shopping Centre,Car,12.11,18.2,2325.1,Local
2014-05-29,Home,Cinema,Tram,7.43,22.3,445.8,Local
2014-05-30,Home,Cricket Ground,Bus,12.17,29.2,1277.8,Local
2014-05-31,Home,Grandparents' House,Train,9.26,12.3,379.7,Local
2014-06-01,Home,Park,Walk,16.92,203.0,0.0,Local
2014-06-01,Park,Cricket Ground,Car,1.03,1.5,197.8,Local
2014-06-02,Home,Park,Bicycle,11.38,45.5,0.0,Local
2014-06-02,Park,Home,Tram,15.25,45.8,915.0,Local
2014-06-03,Home,Park,Bicycle,17.2,68.8,0.0,Local
2014-06-04,Home,Cinema,Walk,12.12,145.4,0.0,Local
2014-06-05,Home,Friend's Place,Bicycle,17.18,68.7,0.0,Local
2014-06-06,Home,Cinema,Bicycle,9.07,36.3,0.0,Local
2014-06-09,Home,School,Bus,11.44,27.5,1201.2,Local
2014-06-10,Home,Friend's Place,Bicycle,17.4,69.6,0.0,Local
2014-06-11,Home,Park,Bus,16.13,38.7,1693.6,Local
2014-06-11,Park,Home,Tram,17.97,53.9,1078.2,Local
2014-06-12,Home,Grandparents' House,Bicycle,13.8,55.2,0.0,Local
2014-06-12,Grandparents' House,Shopping Centre,Bicycle,5.33,21.3,0.0,Local
2014-06-13,Home,Shopping Centre,Bicycle,6.17,24.7,0.0,Local
2014-06-14,Home,Cricket Ground,Bicycle,6.49,26.0,0.0,Local
2014-06-15,Home,School,Bus,8.13,19.5,853.7,Local
2014-06-15,School,Home,Walk,13.97,167.6,0.0,Local
2014-06-15,Home,Park,Train,6.03,8.0,247.2,Local
2014-06-17,Home,Shopping Centre,Walk,16.04,192.5,0.0,Local
2014-06-17,Shopping Centre,Grandparents' House,Bus,7.16,17.2,751.8,Local
2014-06-18,Home,Cinema,Bicycle,11.5,46.0,0.0,Local
2014-06-18,Cinema,Cricket Ground,Bus,3.35,8.0,351.8,Local
2014-06-20,Home,Cinema,Train,10.58,14.1,433.8,Local
2014-06-21,Home,Grandparents' House,Bus,12.29,29.5,1290.4,Local
2014-06-21,Grandparents' House,Park,Walk,7.16,85.9,0.0,Local
2014-06-22,Home,Grandparents' House,Car,15.05,22.6,2889.6,Local
2014-06-23,Home,Park,Train,18.47,24.6,757.3,Local
2014-06-23,Park,Cricket Ground,Train,4.19,5.6,171.8,Local
2014-06-24,Home,Grandparents' House,Car,12.56,18.8,2411.5,Local
2014-06-25,Home,Friend's Place,Tram,9.63,28.9,577.8,Local
2014-06-26,Home,Shopping Centre,Car,14.3,21.5,2745.6,Local
2014-06-27,Home,Park,Bicycle,12.86,51.4,0.0,Local
2014-06-28,Home,Shopping Centre,Walk,7.97,95.6,0.0,Local
2014-06-29,Home,Friend's Place,Walk,19.05,228.6,0.0,Local
2014-06-29,Friend's Place,Shopping Centre,Bus,6.82,16.4,716.1,Local
2014-06-30,Home,Cricket Ground,Train,11.06,14.7,453.5,Local
2014-06-30,Cricket Ground,Park,Tram,5.03,15.1,301.8,Local
2014-06-30,Park,Shopping Centre,Bus,7.8,18.7,819.0,Local
2014-07-01,Home,Grandparents' House,Bicycle,11.39,45.6,0.0,Local
2014-07-02,Home,Cricket Ground,Tram,18.83,56.5,1129.8,Local
2014-07-03,Home,Grandparents' House,Car,10.18,15.3,1954.6,Local
2014-07-04,Home,Cricket Ground,Tram,17.08,51.2,1024.8,Local
2014-07-05,Home,Shopping Centre,Walk,5.76,69.1,0.0,Local
2014-07-05,Shopping Centre,Friend's Place,Walk,1.24,14.9,0.0,Local
2014-07-06,Home,Cricket Ground,Bus,5.63,13.5,591.1,Local
2014-07-07,Home,Cinema,Bus,17.91,43.0,1880.5,Local
2014-07-09,Home,Grandparents' House,Bus,8.43,20.2,885.1,Local
2014-07-11,Home,Shopping Centre,Bicycle,5.9,23.6,0.0,Local
2014-07-11,Shopping Centre,Home,Bus,17.64,42.3,1852.2,Local
2014-07-14,Home,Shopping Centre,Train,9.16,12.2,375.6,Local
2014-07-15,Grandparents' House,School,Bus,7.92,19.0,831.6,Local
2014-07-15,Home,School,Bus,14.25,34.2,1496.2,Local
2014-07-15,School,Grandparents' House,Bus,3.22,7.7,338.1,Local
2014-07-16,Home,Park,Train,19.91,26.5,816.3,Local
2014-07-19,Home,Cinema,Tram,15.22,45.7,913.2,Local
2014-07-19,Cinema,Friend's Place,Walk,1.09,13.1,0.0,Local
2014-07-19,Friend's Place,Shopping Centre,Bicycle,5.6,22.4,0.0,Local
2014-07-20,Home,Park,Train,11.58,15.4,474.8,Local
2014-07-20,Park,Cinema,Tram,6.48,19.4,388.8,Local
2014-07-20,Cinema,Cricket Ground,Bus,1.27,3.0,133.3,Local
2014-07-21,Home,Cricket Ground,Walk,11.5,138.0,0.0,Local
2014-07-22,Home,Grandparents' House,Bus,17.37,41.7,1823.9,Local
2014-07-22,Grandparents' House,Home,Train,14.96,19.9,613.4,Local
2014-07-22,Home,School,Bus,10.76,25.8,1129.8,Local
2014-07-23,Home,School,Bus,5.74,13.8,602.7,Local
2014-07-24,Home,School,Bus,15.25,36.6,1601.2,Local
2014-07-25,Home,Grandparents' House,Train,6.74,9.0,276.3,Local
2014-07-26,School,Cinema,Tram,2.97,8.9,178.2,Local
2014-07-26,Grandparents' House,School,Bus,6.8,16.3,714.0,Local
2014-07-26,Home,Grandparents' House,Tram,10.82,32.5,649.2,Local
2014-07-27,Home,Friend's Place,Walk,19.03,228.4,0.0,Local
2014-07-28,Home,Grandparents' House,Walk,18.47,221.6,0.0,Local
2014-07-30,Home,Friend's Place,Walk,10.59,127.1,0.0,Local
2014-07-30,Friend's Place,Cricket Ground,Tram,3.19,9.6,191.4,Local
2014-07-31,Home,Grandparents' House,Tram,18.98,56.9,1138.8,Local
2014-07-31,Grandparents' House,Friend's Place,Bus,1.96,4.7,205.8,Local
2014-08-02,Home,Cinema,Walk,9.13,109.6,0.0,Local
2014-08-03,Shopping Centre,Cricket Ground,Car,5.56,8.3,1067.5,Local
2014-08-03,Home,Shopping Centre,Walk,9.19,110.3,0.0,Local
2014-08-04,Home,Park,Train,7.51,10.0,307.9,Local
2014-08-05,Home,Friend's Place,Car,9.1,13.6,1747.2,Local
2014-08-06,Home,Cricket Ground,Bicycle,19.95,79.8,0.0,Local
2014-08-06,Cricket Ground,Park,Train,4.41,5.9,180.8,Local
2014-08-07,Home,School,Bus,12.02,28.8,1262.1,Local
2014-08-08,Home,Grandparents' House,Bus,16.34,39.2,1715.7,Local
2014-08-09,Grandparents' House,Shopping Centre,Bus,3.85,9.2,404.2,Local
2014-08-09,Shopping Centre,School,Bus,4.12,9.9,432.6,Local
2014-08-09,Home,Grandparents' House,Bus,16.1,38.6,1690.5,Local
2014-08-12,Home,School,Bus,15.65,37.6,1643.2,Local
2014-08-13,Home,School,Bus,6.69,16.1,702.5,Local
2014-08-13,School,Park,Car,7.85,11.8,1507.2,Local
2014-08-14,Home,Shopping Centre,Bicycle,11.45,45.8,0.0,Local
2014-08-14,Shopping Centre,Park,Train,2.44,3.3,100.0,Local
2014-08-14,Park,Grandparents' House,Walk,6.25,75.0,0.0,Local
2014-08-16,Home,Cinema,Walk,5.52,66.2,0.0,Local
2014-08-17,Home,Cricket Ground,Train,18.55,24.7,760.6,Local
2014-08-18,Home,Shopping Centre,Tram,15.34,46.0,920.4,Local
2014-08-18,Shopping Centre,School,Bus,3.48,8.4,365.4,Local
2014-08-18,School,Home,Car,10.74,16.1,2062.1,Local
2014-08-19,Home,Cinema,Tram,18.63,55.9,1117.8,Local
2014-08-20,Home,Grandparents' House,Bicycle,10.02,40.1,0.0,Local
2014-08-23,Home,Park,Car,6.4,9.6,1228.8,Local
2014-08-23,Park,Cricket Ground,Tram,7.95,23.9,477.0,Local
2014-08-24,Home,School,Bus,9.85,23.6,1034.2,Local
2014-08-27,Friend's Place,Home,Tram,15.31,45.9,918.6,Local
2014-08-27,Home,Friend's Place,Bus,19.8,47.5,2079.0,Local
2014-08-28,Home,Shopping Centre,Walk,14.23,170.8,0.0,Local
2014-08-30,Home,Park,Bicycle,16.88,67.5,0.0,Local
2014-08-31,Home,Shopping Centre,Train,13.5,18.0,553.5,Local
2014-09-01,Home,Park,Tram,8.86,26.6,531.6,Local
2014-09-02,Home,Cinema,Car,6.36,9.5,1221.1,Local
2014-09-03,Home,Park,Train,17.38,23.2,712.6,Local
2014-09-04,Home,Park,Bicycle,14.93,59.7,0.0,Local
2014-09-04,Park,Home,Train,8.04,10.7,329.6,Local
2014-09-05,Home,School,Bus,15.85,38.0,1664.2,Local
2014-09-05,School,Home,Car,5.94,8.9,1140.5,Local
2014-09-05,Home,Cricket Ground,Walk,16.15,193.8,0.0,Local
2014-09-06,Home,Grandparents' House,Train,9.01,12.0,369.4,Local
2014-09-07,Home,Shopping Centre,Walk,7.48,89.8,0.0,Local
2014-09-08,Home,Cricket Ground,Train,10.23,13.6,419.4,Local
2014-09-08,Cricket Ground,Cinema,Tram,7.81,23.4,468.6,Local
2014-09-09,Home,Cricket Ground,Bicycle,18.24,73.0,0.0,Local
2014-09-09,Cricket Ground,Cinema,Bus,0.79,1.9,83.0,Local
2014-09-10,Home,Shopping Centre,Bus,10.63,25.5,1116.2,Local
2014-09-11,Home,Cinema,Bicycle,6.03,24.1,0.0,Local
2014-09-12,Home,Cricket Ground,Bicycle,14.27,57.1,0.0,Local
2014-09-12,Cricket Ground,Shopping Centre,Bicycle,6.35,25.4,0.0,Local
2014-09-13,Home,Grandparents' House,Train,19.56,26.1,802.0,Local
2014-09-14,Home,Cinema,Train,5.46,7.3,223.9,Local
2014-09-15,Home,Cricket Ground,Car,14.39,21.6,2762.9,Local
2014-09-15,Cricket Ground,Cinema,Walk,5.82,69.8,0.0,Local
2014-09-16,Home,Cricket Ground,Bicycle,6.47,25.9,0.0,Local
2014-09-17,Home,School,Bus,7.81,18.7,820.0,Local
2014-09-18,Home,Park,Car,19.46,29.2,3736.3,Local
2014-09-20,Home,Cinema,Bus,15.89,38.1,1668.5,Local
2014-09-21,Home,Grandparents' House,Car,9.12,13.7,1751.0,Local
2014-09-24,Home,Park,Car,12.98,19.5,2492.2,Local
2014-09-25,Home,School,Bus,10.45,25.1,1097.2,Local
2014-09-25,School,Shopping Centre,Bicycle,7.55,30.2,0.0,Local
2014-09-26,Friend's Place,Home,Tram,8.26,24.8,495.6,Local
2014-09-26,Home,Friend's Place,Bus,10.38,24.9,1089.9,Local
2014-09-27,Home,Shopping Centre,Bus,12.57,30.2,1319.9,Local
2014-09-28,Home,Friend's Place,Bicycle,14.38,57.5,0.0,Local
2014-09-29,Home,Friend's Place,Bicycle,18.24,73.0,0.0,Local
2014-09-30,Home,Grandparents' House,Bus,6.87,16.5,721.4,Local
2014-10-01,Home,Shopping Centre,Car,6.82,10.2,1309.4,Local
2014-10-03,Home,Cinema,Bus,16.58,39.8,1740.9,Local
2014-10-04,Home,Cinema,Bus,16.7,40.1,1753.5,Local
2014-10-05,Home,School,Bus,15.05,36.1,1580.2,Local
2014-10-07,Home,Park,Train,12.14,16.2,497.7,Local
2014-10-07,Park,Home,Bus,7.88,18.9,827.4,Local
2014-10-08,Home,Grandparents' House,Train,16.22,21.6,665.0,Local
2014-10-08,Grandparents' House,Cricket Ground,Train,1.58,2.1,64.8,Local
2014-10-09,Home,Friend's Place,Car,6.23,9.3,1196.2,Local
2014-10-10,Home,Cricket Ground,Bicycle,12.38,49.5,0.0,Local
2014-10-11,Home,Cricket Ground,Walk,6.88,82.6,0.0,Local
2014-10-12,Home,Park,Tram,16.27,48.8,976.2,Local
2014-10-12,Park,Grandparents' House,Car,3.87,5.8,743.0,Local
2014-10-13,Home,Park,Walk,17.19,206.3,0.0,Local
2014-10-14,Home,School,Bus,8.45,20.3,887.2,Local
2014-10-15,Home,Cinema,Tram,11.5,34.5,690.0,Local
2014-10-17,Home,Grandparents' House,Train,9.01,12.0,369.4,Local
2014-10-18,Home,Park,Tram,18.23,54.7,1093.8,Local
2014-10-18,Park,Shopping Centre,Walk,2.13,25.6,0.0,Local
2014-10-19,Home,Cinema,Bicycle,17.16,68.6,0.0,Local
2014-10-20,Home,Cinema,Car,11.61,17.4,2229.1,Local
2014-10-21,Home,Friend's Place,Walk,8.65,103.8,0.0,Local
2014-10-21,Friend's Place,Cricket Ground,Bus,6.56,15.7,688.8,Local
2014-10-22,Home,Grandparents' House,Walk,6.36,76.3,0.0,Local
2014-10-23,Home,Cricket Ground,Car,5.87,8.8,1127.0,Local
2014-10-24,Home,Cinema,Car,19.96,29.9,3832.3,Local
2014-10-25,Home,Friend's Place,Train,10.71,14.3,439.1,Local
2014-10-26,Home,Cricket Ground,Train,17.66,23.5,724.1,Local
2014-10-27,Home,Cricket Ground,Tram,11.29,33.9,677.4,Local
2014-10-29,Home,Park,Walk,17.86,214.3,0.0,Local
2014-10-30,Home,School,Bus,13.86,33.3,1455.3,Local
2014-10-31,Home,Friend's Place,Car,17.72,26.6,3402.2,Local
2014-10-31,Friend's Place,Home,Walk,15.54,186.5,0.0,Local
2014-11-01,Home,Friend's Place,Car,10.13,15.2,1945.0,Local
2014-11-02,Home,Cinema,Car,6.55,9.8,1257.6,Local
2014-11-03,Home,Friend's Place,Tram,9.39,28.2,563.4,Local
2014-11-03,Friend's Place,Grandparents' House,Bus,7.8,18.7,819.0,Local
2014-11-04,Home,Cricket Ground,Bicycle,10.17,40.7,0.0,Local
2014-11-05,Home,Park,Tram,10.44,31.3,626.4,Local
2014-11-06,Home,Shopping Centre,Bicycle,19.5,78.0,0.0,Local
2014-11-08,Home,Cinema,Car,9.14,13.7,1754.9,Local
2014-11-08,Cinema,Friend's Place,Bicycle,3.42,13.7,0.0,Local
2014-11-10,Home,Park,Bicycle,9.26,37.0,0.0,Local
2014-11-11,Home,Cricket Ground,Bus,11.97,28.7,1256.9,Local
2014-11-12,Home,Cricket Ground,Tram,12.38,37.1,742.8,Local
2014-11-13,Home,School,Bus,10.01,24.0,1051.0,Local
2014-11-13,School,Friend's Place,Bicycle,7.27,29.1,0.0,Local
2014-11-14,Home,Grandparents' House,Car,11.04,16.6,2119.7,Local
2014-11-15,Home,Grandparents' House,Car,16.38,24.6,3145.0,Local
2014-11-16,Cricket Ground,Friend's Place,Tram,6.12,18.4,367.2,Local
2014-11-16,Home,Cricket Ground,Train,19.32,25.8,792.1,Local
2014-11-17,Home,Cinema,Walk,18.9,226.8,0.0,Local
2014-11-18,Home,Grandparents' House,Walk,17.25,207.0,0.0,Local
2014-11-18,Grandparents' House,Friend's Place,Train,0.56,0.7,23.0,Local
2014-11-19,Home,Cricket Ground,Walk,16.33,196.0,0.0,Local
2014-11-21,Home,Grandparents' House,Bus,15.28,36.7,1604.4,Local
2014-11-22,Home,Park,Walk,19.32,231.8,0.0,Local
2014-11-23,Home,Shopping Centre,Tram,5.27,15.8,316.2,Local
2014-11-24,Cricket Ground,Park,Tram,0.5,1.5,30.0,Local
2014-11-24,Home,Cricket Ground,Bicycle,7.27,29.1,0.0,Local
2014-11-25,Home,School,Bus,14.01,33.6,1471.0,Local
2014-11-26,Home,Park,Bus,17.78,42.7,1866.9,Local
2014-11-27,Home,Friend's Place,Tram,9.93,29.8,595.8,Local
2014-11-27,Friend's Place,Park,Bus,6.96,16.7,730.8,Local
2014-11-29,Home,Cinema,Tram,15.35,46.0,921.0,Local
2014-11-30,Home,Friend's Place,Car,15.92,23.9,3056.6,Local
2014-12-01,Grandparents' House,Park,Train,5.13,6.8,210.3,Local
2014-12-01,Home,Grandparents' House,Bus,19.31,46.3,2027.5,Local
2014-12-02,Shopping Centre,School,Bus,1.59,3.8,167.0,Local
2014-12-02,Home,Shopping Centre,Car,19.76,29.6,3793.9,Local
2014-12-03,Home,Park,Tram,17.59,52.8,1055.4,Local
2014-12-04,Home,Shopping Centre,Train,7.71,10.3,316.1,Local
2014-12-06,Home,School,Bus,5.2,12.5,546.0,Local
2014-12-07,Home,Cinema,Bus,6.99,16.8,734.0,Local
2014-12-08,Home,Shopping Centre,Car,14.9,22.4,2860.8,Local
2014-12-09,Home,School,Bus,5.01,12.0,526.0,Local
2014-12-10,Home,Grandparents' House,Bus,10.27,24.6,1078.3,Local
2014-12-11,Home,Shopping Centre,Tram,13.48,40.4,808.8,Local
2014-12-12,Friend's Place,Cinema,Train,0.83,1.1,34.0,Local
2014-12-12,Home,Friend's Place,Train,8.96,11.9,367.4,Local
2014-12-15,Home,School,Bus,7.94,19.1,833.7,Local
2014-12-15,School,Home,Car,19.23,28.8,3692.2,Local
2014-12-18,Home,Friend's Place,Train,6.81,9.1,279.2,Local
2014-12-19,Home,Park,Tram,7.63,22.9,457.8,Local
2014-12-20,Home,School,Bus,16.56,39.7,1738.8,Local
2014-12-22,Home,Cinema,Train,6.93,9.2,284.1,Local
2014-12-23,Park,Cricket Ground,Tram,3.94,11.8,236.4,Local
2014-12-23,Home,Park,Car,16.3,24.5,3129.6,Local
2014-12-24,Home,Park,Walk,7.86,94.3,0.0,Local
2014-12-25,Home,Grandparents' House,Train,11.81,15.7,484.2,Local
2014-12-26,Home,Friend's Place,Bus,19.82,47.6,2081.1,Local
2014-12-27,Home,Cricket Ground,Bus,8.86,21.3,930.3,Local
2014-12-27,Cricket Ground,School,Bus,0.81,1.9,85.1,Local
2014-12-28,Home,Cinema,Walk,11.19,134.3,0.0,Local
2014-12-31,Cinema,Shopping Centre,Car,4.19,6.3,804.5,Local
2014-12-31,Shopping Centre,School,Bus,1.35,3.2,141.8,Local
2014-12-31,Home,Cinema,Tram,9.01,27.0,540.6,Local
2015-01-01,Home,Cinema,Train,7.14,9.5,292.7,Local
2015-01-01,Cinema,Grandparents' House,Bicycle,4.33,17.3,0.0,Local
2015-01-02,Home,Shopping Centre,Bus,9.71,23.3,1019.6,Local
2015-01-02,Shopping Centre,Friend's Place,Walk,4.44,53.3,0.0,Local
2015-01-02,Friend's Place,Grandparents' House,Bus,1.53,3.7,160.7,Local
2015-01-03,Home,Friend's Place,Train,7.4,9.9,303.4,Local
2015-01-04,Home,School,Bus,13.88,33.3,1457.4,Local
2015-01-05,Friend's Place,Grandparents' House,Train,4.82,6.4,197.6,Local
2015-01-05,Home,Shopping Centre,Tram,16.77,50.3,1006.2,Local
2015-01-05,Shopping Centre,Friend's Place,Car,5.43,8.1,1042.6,Local
2015-01-06,Home,Park,Walk,7.24,86.9,0.0,Local
2015-01-07,Home,Grandparents' House,Bicycle,9.45,37.8,0.0,Local
2015-01-08,Home,Grandparents' House,Car,5.23,7.8,1004.2,Local
2015-01-08,Grandparents' House,Home,Bicycle,6.9,27.6,0.0,Local
2015-01-09,Home,School,Bus,10.69,25.7,1122.5,Local
2015-01-09,School,Cricket Ground,Car,2.58,3.9,495.4,Local
2015-01-10,Home,Friend's Place,Train,6.96,9.3,285.4,Local
2015-01-10,Friend's Place,Park,Train,2.04,2.7,83.6,Local
2015-01-10,Park,Cricket Ground,Bicycle,2.85,11.4,0.0,Local
2015-01-11,Home,Park,Bus,9.61,23.1,1009.0,Local
2015-01-13,Home,Cricket Ground,Car,6.36,9.5,1221.1,Local
2015-01-14,Home,Grandparents' House,Bicycle,12.44,49.8,0.0,Local
2015-01-16,Cinema,Friend's Place,Walk,7.38,88.6,0.0,Local
2015-01-16,Home,Cinema,Bicycle,18.1,72.4,0.0,Local
2015-01-16,Friend's Place,Shopping Centre,Train,5.13,6.8,210.3,Local
2015-01-17,Home,Park,Walk,17.63,211.6,0.0,Local
2015-01-19,Home,Shopping Centre,Bicycle,19.86,79.4,0.0,Local
2015-01-20,Home,Park,Car,10.88,16.3,2089.0,Local
2015-01-20,Park,Cricket Ground,Car,1.41,2.1,270.7,Local
2015-01-21,Home,Cricket Ground,Car,15.77,23.7,3027.8,Local
2015-01-22,Home,Grandparents' House,Tram,13.6,40.8,816.0,Local
2015-01-23,Home,Cinema,Train,13.34,17.8,546.9,Local
2015-01-23,Cinema,Grandparents' House,Bus,4.73,11.4,496.7,Local
2015-01-24,Shopping Centre,School,Bus,0.81,1.9,85.1,Local
2015-01-24,School,Shopping Centre,Bicycle,2.78,11.1,0.0,Local
2015-01-24,Home,School,Bus,16.0,38.4,1680.0,Local
2015-01-25,Home,School,Bus,14.0,33.6,1470.0,Local
2015-01-26,Home,Cinema,Bus,7.6,18.2,798.0,Local
2015-01-26,Cinema,Cricket Ground,Bicycle,2.07,8.3,0.0,Local
2015-01-27,Home,Friend's Place,Train,6.25,8.3,256.2,Local
2015-01-27,Friend's Place,Cinema,Walk,5.63,67.6,0.0,Local
2015-01-29,Home,Cinema,Car,9.15,13.7,1756.8,Local
2015-01-30,Home,Cinema,Car,8.63,12.9,1657.0,Local
2015-01-31,Home,Grandparents' House,Car,14.29,21.4,2743.7,Local
2015-02-01,Home,Friend's Place,Tram,17.36,52.1,1041.6,Local
2015-02-02,Home,Friend's Place,Tram,6.55,19.7,393.0,Local
2015-02-03,Home,Shopping Centre,Bus,8.34,20.0,875.7,Local
2015-02-03,Shopping Centre,Home,Bus,5.26,12.6,552.3,Local
2015-02-04,Home,School,Bus,6.08,14.6,638.4,Local
2015-02-04,School,Shopping Centre,Tram,6.51,19.5,390.6,Local
2015-02-05,Shopping Centre,Friend's Place,Bicycle,3.98,15.9,0.0,Local
2015-02-05,Friend's Place,Home,Car,18.13,27.2,3481.0,Local
2015-02-05,Home,Shopping Centre,Bicycle,5.13,20.5,0.0,Local
2015-02-07,Home,School,Bus,18.01,43.2,1891.1,Local
2015-02-09,Home,Friend's Place,Bicycle,17.14,68.6,0.0,Local
2015-02-10,Home,Grandparents' House,Train,16.96,22.6,695.4,Local
2015-02-10,Grandparents' House,Friend's Place,Bus,0.85,2.0,89.2,Local
2015-02-12,Home,Grandparents' House,Tram,5.28,15.8,316.8,Local
2015-02-13,Home,Cinema,Bicycle,14.87,59.5,0.0,Local
2015-02-14,Home,Friend's Place,Train,7.47,10.0,306.3,Local
2015-02-14,Friend's Place,Grandparents' House,Train,7.06,9.4,289.5,Local
2015-02-16,Home,Cinema,Train,15.28,20.4,626.5,Local
2015-02-17,Home,Cinema,Walk,16.99,203.9,0.0,Local
2015-02-17,Cinema,School,Bus,1.79,4.3,188.0,Local
2015-02-19,Home,Park,Walk,17.02,204.2,0.0,Local
2015-02-19,Park,Home,Bus,19.08,45.8,2003.4,Local
2015-02-20,Home,Friend's Place,Tram,17.39,52.2,1043.4,Local
2015-02-20,Friend's Place,Shopping Centre,Walk,2.48,29.8,0.0,Local
2015-02-21,Home,Shopping Centre,Bus,8.13,19.5,853.7,Local
2015-02-22,Home,Friend's Place,Tram,15.36,46.1,921.6,Local
2015-02-23,Home,Cinema,Car,8.0,12.0,1536.0,Local
2015-02-25,Home,Park,Bicycle,8.43,33.7,0.0,Local
2015-02-25,Park,Cricket Ground,Walk,0.58,7.0,0.0,Local
2015-02-27,Home,School,Bus,19.17,46.0,2012.9,Local
2015-02-28,Home,School,Bus,18.71,44.9,1964.6,Local
2015-03-01,Home,Shopping Centre,Car,13.43,20.1,2578.6,Local
2015-03-04,Home,Grandparents' House,Bicycle,9.27,37.1,0.0,Local
2015-03-05,Park,Grandparents' House,Car,1.6,2.4,307.2,Local
2015-03-05,Grandparents' House,School,Bus,4.33,10.4,454.7,Local
2015-03-05,Home,Park,Car,19.44,29.2,3732.5,Local
2015-03-06,Home,Cinema,Tram,12.55,37.7,753.0,Local
2015-03-07,Home,Grandparents' House,Tram,12.52,37.6,751.2,Local
2015-03-07,Grandparents' House,Cricket Ground,Bicycle,1.63,6.5,0.0,Local
2015-03-09,Home,Grandparents' House,Walk,8.35,100.2,0.0,Local
2015-03-10,Home,School,Bus,14.0,33.6,1470.0,Local
2015-03-11,Home,Cinema,Car,14.47,21.7,2778.2,Local
2015-03-12,Home,Friend's Place,Walk,13.43,161.2,0.0,Local
2015-03-13,Home,Shopping Centre,Walk,14.11,169.3,0.0,Local
2015-03-14,Home,Cricket Ground,Train,19.73,26.3,808.9,Local
2015-03-15,Home,Park,Bus,11.48,27.6,1205.4,Local
2015-03-16,Home,Park,Bicycle,9.68,38.7,0.0,Local
2015-03-17,Home,School,Bus,15.72,37.7,1650.6,Local
2015-03-18,Home,Cinema,Walk,5.54,66.5,0.0,Local
2015-03-18,Cinema,Home,Walk,19.88,238.6,0.0,Local
2015-03-19,Home,School,Bus,18.02,43.2,1892.1,Local
2015-03-20,Home,Friend's Place,Walk,17.43,209.2,0.0,Local
2015-03-23,Home,Cricket Ground,Train,11.3,15.1,463.3,Local
2015-03-23,Home,Cricket Ground,Car,7.55,11.3,1449.6,Local
2015-03-23,Cricket Ground,Home,Walk,10.25,123.0,0.0,Local
2015-03-24,Home,Friend's Place,Train,16.34,21.8,669.9,Local
2015-03-25,Home,Park,Walk,19.19,230.3,0.0,Local
2015-03-26,Home,Cricket Ground,Train,12.0,16.0,492.0,Local
2015-03-26,Cricket Ground,Cinema,Bus,0.63,1.5,66.2,Local
2015-03-27,Home,Grandparents' House,Train,5.13,6.8,210.3,Local
2015-03-27,Grandparents' House,Shopping Centre,Train,4.02,5.4,164.8,Local
2015-03-27,Shopping Centre,Grandparents' House,Bus,4.25,10.2,446.2,Local
2015-03-29,Home,Cinema,Tram,11.75,35.2,705.0,Local
2015-03-30,Home,Cricket Ground,Train,18.88,25.2,774.1,Local
2015-03-31,Home,Cricket Ground,Bicycle,9.0,36.0,0.0,Local
2015-03-31,Cricket Ground,Park,Bus,1.73,4.2,181.7,Local
2015-04-02,Home,Cricket Ground,Car,5.8,8.7,1113.6,Local
2015-04-03,Home,Park,Car,13.09,19.6,2513.3,Local
2015-04-04,Home,Cricket Ground,Train,10.23,13.6,419.4,Local
2015-04-04,Cricket Ground,Cinema,Walk,5.3,63.6,0.0,Local
2015-04-05,Home,Shopping Centre,Car,12.59,18.9,2417.3,Local
2015-04-07,Home,Friend's Place,Bicycle,5.38,21.5,0.0,Local
2015-04-08,Home,Shopping Centre,Car,5.76,8.6,1105.9,Local
2015-04-09,Home,Cricket Ground,Bus,9.94,23.9,1043.7,Local
2015-04-09,Cricket Ground,Grandparents' House,Train,6.89,9.2,282.5,Local
2015-04-10,Home,Cinema,Bicycle,19.39,77.6,0.0,Local
2015-04-11,Home,Cinema,Car,18.65,28.0,3580.8,Local
2015-04-12,Home,Grandparents' House,Bicycle,16.19,64.8,0.0,Local
2015-04-12,Grandparents' House,Shopping Centre,Train,7.12,9.5,291.9,Local
2015-04-12,Shopping Centre,Home,Train,19.73,26.3,808.9,Local
2015-04-13,Cricket Ground,Friend's Place,Bicycle,4.55,18.2,0.0,Local
2015-04-13,Home,Cricket Ground,Car,8.98,13.5,1724.2,Local
2015-04-14,Home,Shopping Centre,Bicycle,17.15,68.6,0.0,Local
2015-04-14,Shopping Centre,Home,Bicycle,11.24,45.0,0.0,Local
2015-04-14,Home,Cinema,Walk,15.71,188.5,0.0,Local
2015-04-15,Home,Park,Car,7.32,11.0,1405.4,Local
2015-04-16,Home,Grandparents' House,Bicycle,8.94,35.8,0.0,Local
2015-04-17,Home,Friend's Place,Bicycle,6.25,25.0,0.0,Local
2015-04-19,Home,Grandparents' House,Train,8.44,11.3,346.0,Local
2015-04-20,Home,Cricket Ground,Bicycle,7.33,29.3,0.0,Local
2015-04-22,Home,Grandparents' House,Car,10.4,15.6,1996.8,Local
2015-04-22,Grandparents' House,School,Bus,5.49,13.2,576.5,Local
2015-04-23,Home,Park,Walk,9.99,119.9,0.0,Local
2015-04-25,Home,Cricket Ground,Bus,12.68,30.4,1331.4,Local
2015-04-26,Home,Park,Tram,17.24,51.7,1034.4,Local
2015-04-27,Home,Shopping Centre,Walk,9.52,114.2,0.0,Local
2015-04-29,Home,Park,Train,5.05,6.7,207.0,Local
2015-05-01,Home,School,Bus,19.17,46.0,2012.9,Local
2015-05-02,Park,Home,Train,16.93,22.6,694.1,Local
2015-05-02,Home,Park,Bus,5.65,13.6,593.2,Local
2015-05-04,Home,Park,Tram,15.23,45.7,913.8,Local
2015-05-04,Park,Friend's Place,Train,7.67,10.2,314.5,Local
2015-05-05,Home,School,Bus,15.5,37.2,1627.5,Local
2015-05-06,Home,Park,Train,19.5,26.0,799.5,Local
2015-05-06,Park,Shopping Centre,Walk,7.21,86.5,0.0,Local
2015-05-07,Home,Cinema,Walk,16.49,197.9,0.0,Local
2015-05-08,Home,Park,Bus,19.58,47.0,2055.9,Local
2015-05-12,Home,Cricket Ground,Tram,7.26,21.8,435.6,Local
2015-05-13,Home,Cricket Ground,Bus,13.87,33.3,1456.3,Local
2015-05-13,Cricket Ground,Shopping Centre,Bus,1.62,3.9,170.1,Local
2015-05-14,Home,Park,Bus,16.74,40.2,1757.7,Local
2015-05-15,Home,Shopping Centre,Car,15.11,22.7,2901.1,Local
2015-05-17,Home,Park,Tram,17.79,53.4,1067.4,Local
2015-05-17,Park,Friend's Place,Train,7.09,9.5,290.7,Local
2015-05-18,Home,Park,Car,6.45,9.7,1238.4,Local
2015-05-19,Home,Cinema,Bicycle,9.65,38.6,0.0,Local
2015-05-20,Home,Shopping Centre,Walk,14.26,171.1,0.0,Local
2015-05-21,Home,Grandparents' House,Tram,13.2,39.6,792.0,Local
2015-05-21,Grandparents' House,Home,Tram,11.75,35.2,705.0,Local
2015-05-22,Home,Friend's Place,Bicycle,19.5,78.0,0.0,Local
2015-05-23,Home,Park,Tram,11.93,35.8,715.8,Local
2015-05-24,Home,Cinema,Tram,13.58,40.7,814.8,Local
2015-05-24,Cinema,School,Bus,7.01,16.8,736.0,Local
2015-05-25,Park,Cinema,Car,7.17,10.8,1376.6,Local
2015-05-25,Cinema,Park,Bus,6.46,15.5,678.3,Local
2015-05-25,Home,Cinema,Car,12.73,19.1,2444.2,Local
2015-05-26,Home,Shopping Centre,Bicycle,19.51,78.0,0.0,Local
2015-05-27,Home,Shopping Centre,Tram,9.29,27.9,557.4,Local
2015-05-28,Home,Shopping Centre,Bus,13.73,33.0,1441.7,Local
2015-05-30,Home,Park,Walk,9.91,118.9,0.0,Local
2015-05-31,Home,Park,Car,11.11,16.7,2133.1,Local
2015-06-01,Home,Shopping Centre,Bicycle,8.62,34.5,0.0,Local
2015-06-01,Shopping Centre,Cricket Ground,Bicycle,4.38,17.5,0.0,Local
2015-06-02,Home,Shopping Centre,Tram,6.76,20.3,405.6,Local
2015-06-02,Shopping Centre,Park,Bus,7.19,17.3,755.0,Local
2015-06-04,Home,Park,Train,18.21,24.3,746.6,Local
2015-06-04,Park,School,Bus,6.22,14.9,653.1,Local
2015-06-04,School,Shopping Centre,Bicycle,6.83,27.3,0.0,Local
2015-06-05,Home,Cricket Ground,Train,5.81,7.7,238.2,Local
2015-06-05,Cricket Ground,Friend's Place,Bus,5.62,13.5,590.1,Local
2015-06-07,Home,Grandparents' House,Walk,13.01,156.1,0.0,Local
2015-06-07,Grandparents' House,Park,Car,3.45,5.2,662.4,Local
2015-06-09,Home,Shopping Centre,Car,13.31,20.0,2555.5,Local
2015-06-11,Home,Cinema,Train,13.73,18.3,562.9,Local
2015-06-11,Cinema,School,Bus,2.51,6.0,263.5,Local
2015-06-12,Home,Cricket Ground,Train,17.0,22.7,697.0,Local
2015-06-13,Home,Park,Walk,8.76,105.1,0.0,Local
2015-06-14,Home,School,Bus,9.74,23.4,1022.7,Local
2015-06-14,School,Cricket Ground,Car,0.62,0.9,119.0,Local
2015-06-15,Home,Grandparents' House,Tram,14.26,42.8,855.6,Local
2015-06-15,Grandparents' House,Shopping Centre,Bus,2.98,7.2,312.9,Local
2015-06-16,Home,Cinema,Bicycle,6.7,26.8,0.0,Local
2015-06-16,Cinema,Park,Bus,4.4,10.6,462.0,Local
2015-06-17,Home,Grandparents' House,Walk,9.96,119.5,0.0,Local
2015-06-17,Grandparents' House,Shopping Centre,Bus,2.06,4.9,216.3,Local
2015-06-18,Home,Grandparents' House,Walk,9.04,108.5,0.0,Local
2015-06-19,Home,School,Bus,5.5,13.2,577.5,Local
2015-06-20,Home,Cricket Ground,Bus,17.42,41.8,1829.1,Local
2015-06-21,Home,Shopping Centre,Tram,16.88,50.6,1012.8,Local
2015-06-22,Home,Park,Tram,8.72,26.2,523.2,Local
2015-06-25,Home,Park,Tram,11.3,33.9,678.0,Local
2015-06-25,Park,Shopping Centre,Bus,2.89,6.9,303.4,Local
2015-06-25,Shopping Centre,Cricket Ground,Car,4.21,6.3,808.3,Local
2015-06-26,Home,School,Bus,16.73,40.2,1756.7,Local
2015-06-27,Home,School,Bus,7.42,17.8,779.1,Local
2015-06-29,Home,Shopping Centre,Bus,8.81,21.1,925.1,Local
2015-06-30,Home,School,Bus,6.44,15.5,676.2,Local
2015-06-30,School,Park,Train,4.34,5.8,177.9,Local
2015-07-02,Home,Friend's Place,Bus,19.96,47.9,2095.8,Local
2015-07-02,Friend's Place,Home,Bus,16.28,39.1,1709.4,Local
2015-07-03,Home,Grandparents' House,Train,14.32,19.1,587.1,Local
2015-07-05,Home,Shopping Centre,Walk,16.72,200.6,0.0,Local
2015-07-05,Shopping Centre,Grandparents' House,Bicycle,3.66,14.6,0.0,Local
2015-07-06,Home,Park,Car,6.53,9.8,1253.8,Local
2015-07-07,Home,Grandparents' House,Train,9.47,12.6,388.3,Local
2015-07-08,Home,Grandparents' House,Tram,18.52,55.6,1111.2,Local
2015-07-10,Home,Friend's Place,Walk,12.94,155.3,0.0,Local
2015-07-12,Home,Grandparents' House,Car,17.05,25.6,3273.6,Local
2015-07-12,Grandparents' House,Cinema,Bus,6.98,16.8,732.9,Local
2015-07-13,Home,Cinema,Train,10.76,14.3,441.2,Local
2015-07-14,Home,Cinema,Bicycle,17.66,70.6,0.0,Local
2015-07-16,Home,Shopping Centre,Bus,13.88,33.3,1457.4,Local
2015-07-17,Home,Friend's Place,Bus,10.06,24.1,1056.3,Local
2015-07-18,Home,School,Bus,17.17,41.2,1802.9,Local
2015-07-19,Shopping Centre,Cinema,Walk,6.78,81.4,0.0,Local
2015-07-19,Home,Shopping Centre,Bicycle,6.96,27.8,0.0,Local
2015-07-20,Home,Cricket Ground,Walk,13.12,157.4,0.0,Local
2015-07-20,Cricket Ground,Grandparents' House,Walk,3.86,46.3,0.0,Local
2015-07-21,Home,Cricket Ground,Tram,11.76,35.3,705.6,Local
2015-07-22,Home,Shopping Centre,Tram,14.45,43.3,867.0,Local
2015-07-22,Shopping Centre,Grandparents' House,Tram,4.75,14.2,285.0,Local
2015-07-24,Park,Grandparents' House,Bicycle,4.9,19.6,0.0,Local
2015-07-24,Home,Park,Train,5.08,6.8,208.3,Local
2015-07-25,Home,Shopping Centre,Train,7.44,9.9,305.0,Local
2015-07-26,Home,Grandparents' House,Car,8.2,12.3,1574.4,Local
2015-07-27,Home,Friend's Place,Tram,8.8,26.4,528.0,Local
2015-07-28,Home,Cinema,Bus,12.26,29.4,1287.3,Local
2015-07-29,Park,Cinema,Tram,5.18,15.5,310.8,Local
2015-07-29,Home,Friend's Place,Bus,16.09,38.6,1689.5,Local
2015-07-29,Friend's Place,Park,Car,4.35,6.5,835.2,Local
2015-07-30,Home,Grandparents' House,Bicycle,18.94,75.8,0.0,Local
2015-07-30,Grandparents' House,Shopping Centre,Bicycle,5.66,22.6,0.0,Local
2015-07-30,Shopping Centre,Grandparents' House,Walk,2.44,29.3,0.0,Local
2015-08-02,Home,Park,Car,14.97,22.5,2874.2,Local
2015-08-03,Home,Shopping Centre,Bus,14.28,34.3,1499.4,Local
2015-08-04,Home,Friend's Place,Bus,8.35,20.0,876.8,Local
2015-08-05,Home,Park,Walk,14.29,171.5,0.0,Local
2015-08-05,Park,Home,Train,10.25,13.7,420.2,Local
2015-08-05,Home,Grandparents' House,Walk,9.46,113.5,0.0,Local
2015-08-06,Home,Park,Car,9.09,13.6,1745.3,Local
2015-08-07,Home,Shopping Centre,Tram,12.45,37.3,747.0,Local
2015-08-07,Shopping Centre,Cricket Ground,Bus,7.02,16.8,737.1,Local
2015-08-10,Home,Cricket Ground,Tram,11.05,33.1,663.0,Local
2015-08-11,Home,Cinema,Bicycle,7.96,31.8,0.0,Local
2015-08-12,Home,Park,Walk,17.57,210.8,0.0,Local
2015-08-13,Home,Cinema,Walk,13.73,164.8,0.0,Local
2015-08-14,Home,Cricket Ground,Tram,9.87,29.6,592.2,Local
2015-08-15,Home,Friend's Place,Car,18.15,27.2,3484.8,Local
2015-08-16,Home,Friend's Place,Bicycle,14.41,57.6,0.0,Local
2015-08-17,Home,Shopping Centre,Bicycle,5.43,21.7,0.0,Local
2015-08-18,Home,Friend's Place,Tram,8.83,26.5,529.8,Local
2015-08-19,Home,Shopping Centre,Train,7.7,10.3,315.7,Local
2015-08-20,School,Cricket Ground,Train,2.47,3.3,101.3,Local
2015-08-20,Cricket Ground,Park,Tram,4.2,12.6,252.0,Local
2015-08-20,Home,School,Bus,15.72,37.7,1650.6,Local
2015-08-21,Home,Shopping Centre,Train,19.19,25.6,786.8,Local
2015-08-22,Home,Park,Bus,9.16,22.0,961.8,Local
2015-08-23,Home,School,Bus,11.62,27.9,1220.1,Local
2015-08-25,Home,Grandparents' House,Train,6.09,8.1,249.7,Local
2015-08-27,Home,Shopping Centre,Bicycle,14.86,59.4,0.0,Local
2015-08-28,Home,Friend's Place,Bus,12.93,31.0,1357.6,Local
2015-08-29,Home,Friend's Place,Tram,19.97,59.9,1198.2,Local
2015-08-29,Friend's Place,Grandparents' House,Tram,6.97,20.9,418.2,Local
2015-08-30,Home,School,Bus,17.58,42.2,1845.9,Local
2015-08-31,Home,Grandparents' House,Walk,5.38,64.6,0.0,Local
2015-08-31,Grandparents' House,Home,Bicycle,19.53,78.1,0.0,Local
2015-09-02,Home,Friend's Place,Tram,16.99,51.0,1019.4,Local
2015-09-04,Home,Grandparents' House,Walk,13.77,165.2,0.0,Local
2015-09-05,Home,Grandparents' House,Bicycle,17.13,68.5,0.0,Local
2015-09-07,Home,School,Bus,8.76,21.0,919.8,Local
2015-09-07,School,Park,Tram,5.34,16.0,320.4,Local
2015-09-09,Home,Friend's Place,Bicycle,6.92,27.7,0.0,Local
2015-09-10,Home,Friend's Place,Bicycle,15.91,63.6,0.0,Local
2015-09-13,Home,Shopping Centre,Bus,8.44,20.3,886.2,Local
2015-09-13,Shopping Centre,Friend's Place,Walk,4.54,54.5,0.0,Local
2015-09-15,Home,Park,Walk,9.51,114.1,0.0,Local
2015-09-16,Home,Friend's Place,Bicycle,10.06,40.2,0.0,Local
2015-09-19,Home,Cinema,Bicycle,19.96,79.8,0.0,Local
2015-09-20,Home,Friend's Place,Bus,14.96,35.9,1570.8,Local
2015-09-20,Friend's Place,Cinema,Walk,2.62,31.4,0.0,Local
2015-09-20,Cinema,Park,Tram,2.44,7.3,146.4,Local
2015-09-21,Home,Friend's Place,Car,7.14,10.7,1370.9,Local
2015-09-21,Home,Cinema,Bus,15.53,37.3,1630.6,Local
2015-09-21,Cinema,Home,Walk,19.03,228.4,0.0,Local
2015-09-22,Home,Grandparents' House,Train,17.71,23.6,726.1,Local
2015-09-23,Home,Friend's Place,Train,12.9,17.2,528.9,Local
2015-09-25,Home,Friend's Place,Car,15.12,22.7,2903.0,Local
2015-09-25,Friend's Place,Cricket Ground,Bicycle,4.24,17.0,0.0,Local
2015-09-26,Home,Friend's Place,Tram,18.1,54.3,1086.0,Local
2015-09-26,Friend's Place,School,Bus,1.98,4.8,207.9,Local
2015-09-27,Home,Grandparents' House,Bus,19.06,45.7,2001.3,Local
2015-09-29,Home,Cricket Ground,Car,9.28,13.9,1781.8,Local
2015-09-30,Home,Friend's Place,Walk,12.13,145.6,0.0,Local
2015-10-02,Home,School,Bus,17.54,42.1,1841.7,Local
2015-10-03,Home,Grandparents' House,Train,11.74,15.7,481.3,Local
2015-10-04,Home,Cinema,Tram,13.77,41.3,826.2,Local
2015-10-04,Home,Cinema,Car,5.3,8.0,1017.6,Local
2015-10-04,Cinema,Home,Car,15.64,23.5,3002.9,Local
2015-10-05,Cricket Ground,Home,Bus,8.82,21.2,926.1,Local
2015-10-05,Grandparents' House,Cricket Ground,Train,6.7,8.9,274.7,Local
2015-10-05,Home,Grandparents' House,Car,15.36,23.0,2949.1,Local
2015-10-06,Home,Grandparents' House,Bus,18.0,43.2,1890.0,Local
2015-10-09,Home,Cricket Ground,Tram,14.07,42.2,844.2,Local
2015-10-10,Home,School,Bus,16.27,39.0,1708.3,Local
2015-10-11,Home,Cricket Ground,Car,7.54,11.3,1447.7,Local
2015-10-12,Home,Park,Bus,17.2,41.3,1806.0,Local
2015-10-13,Home,Friend's Place,Tram,12.09,36.3,725.4,Local
2015-10-14,Home,School,Bus,12.34,29.6,1295.7,Local
2015-10-14,School,Park,Car,3.35,5.0,643.2,Local
2015-10-14,Park,Grandparents' House,Train,7.83,10.4,321.0,Local
2015-10-15,Home,Grandparents' House,Walk,17.54,210.5,0.0,Local
2015-10-15,Grandparents' House,Cinema,Bicycle,5.05,20.2,0.0,Local
2015-10-16,Home,Cinema,Car,13.48,20.2,2588.2,Local
2015-10-17,Home,Cinema,Tram,14.29,42.9,857.4,Local
2015-10-18,Home,School,Bus,12.98,31.2,1362.9,Local
2015-10-18,School,Friend's Place,Car,5.77,8.7,1107.8,Local
2015-10-19,Shopping Centre,School,Bus,1.31,3.1,137.6,Local
2015-10-19,Home,Shopping Centre,Tram,16.41,49.2,984.6,Local
2015-10-20,Home,Grandparents' House,Bus,10.63,25.5,1116.2,Local
2015-10-20,Grandparents' House,Cricket Ground,Tram,7.85,23.5,471.0,Local
2015-10-20,Cricket Ground,Home,Train,8.48,11.3,347.7,Local
2015-10-21,Home,Park,Car,13.9,20.9,2668.8,Local
2015-10-22,Home,Park,Train,19.3,25.7,791.3,Local
2015-10-24,Home,School,Bus,18.32,44.0,1923.6,Local
2015-10-27,Home,Grandparents' House,Car,16.16,24.2,3102.7,Local
2015-10-28,School,Cinema,Tram,0.7,2.1,42.0,Local
2015-10-28,Home,School,Bus,10.21,24.5,1072.1,Local
2015-10-29,Home,Grandparents' House,Tram,8.34,25.0,500.4,Local
2015-10-29,Grandparents' House,Friend's Place,Tram,3.92,11.8,235.2,Local
2015-10-30,Home,Park,Train,6.49,8.7,266.1,Local
2015-11-01,Home,Friend's Place,Bicycle,5.01,20.0,0.0,Local
2015-11-01,Friend's Place,Park,Bus,1.89,4.5,198.4,Local
2015-11-01,Park,Friend's Place,Tram,6.45,19.4,387.0,Local
2015-11-04,Home,Cricket Ground,Bus,11.64,27.9,1222.2,Local
2015-11-06,Home,School,Bus,7.02,16.8,737.1,Local
2015-11-07,Shopping Centre,Friend's Place,Bus,4.31,10.3,452.5,Local
2015-11-07,Home,Shopping Centre,Train,10.81,14.4,443.2,Local
2015-11-08,Home,Cinema,Tram,8.98,26.9,538.8,Local
2015-11-08,Cinema,Friend's Place,Tram,7.78,23.3,466.8,Local
2015-11-09,Home,Friend's Place,Train,19.13,25.5,784.3,Local
2015-11-10,Home,School,Bus,12.07,29.0,1267.4,Local
2015-11-11,Home,Cinema,Bus,19.74,47.4,2072.7,Local
2015-11-12,Home,Park,Bicycle,12.21,48.8,0.0,Local
2015-11-13,Home,Cricket Ground,Bicycle,12.64,50.6,0.0,Local
2015-11-14,Home,Park,Tram,17.1,51.3,1026.0,Local
2015-11-14,Park,Home,Train,12.74,17.0,522.3,Local
2015-11-14,Home,Cricket Ground,Train,13.67,18.2,560.5,Local
2015-11-15,Home,Park,Car,9.29,13.9,1783.7,Local
2015-11-16,Home,Shopping Centre,Tram,14.36,43.1,861.6,Local
2015-11-16,Shopping Centre,Cinema,Bicycle,1.66,6.6,0.0,Local
2015-11-17,Home,Shopping Centre,Walk,18.93,227.2,0.0,Local
2015-11-21,Home,Park,Car,17.13,25.7,3289.0,Local
2015-11-22,Cinema,School,Bus,5.52,13.2,579.6,Local
2015-11-22,Grandparents' House,Cinema,Car,1.29,1.9,247.7,Local
2015-11-22,Home,Grandparents' House,Tram,13.35,40.0,801.0,Local
2015-11-23,Home,Cinema,Train,9.91,13.2,406.3,Local
2015-11-24,Home,Cinema,Tram,14.93,44.8,895.8,Local
2015-11-25,Home,Park,Car,18.62,27.9,3575.0,Local
2015-11-25,Park,Friend's Place,Train,6.67,8.9,273.5,Local
2015-11-26,Home,Friend's Place,Car,13.46,20.2,2584.3,Local
2015-11-27,Home,Friend's Place,Tram,19.15,57.4,1149.0,Local
2015-11-27,Friend's Place,Cinema,Train,2.18,2.9,89.4,Local
2015-11-28,Friend's Place,Grandparents' House,Tram,1.38,4.1,82.8,Local
2015-11-28,Home,Friend's Place,Bus,5.48,13.2,575.4,Local
2015-11-29,Home,School,Bus,19.51,46.8,2048.6,Local
2015-12-02,Home,Friend's Place,Train,6.02,8.0,246.8,Local
2015-12-02,Friend's Place,School,Bus,7.97,19.1,836.9,Local
2015-12-03,Home,Cricket Ground,Train,6.84,9.1,280.4,Local
2015-12-04,Home,Cinema,Walk,8.65,103.8,0.0,Local
2015-12-04,Cinema,Home,Bicycle,11.07,44.3,0.0,Local
2015-12-04,Home,Friend's Place,Bicycle,12.89,51.6,0.0,Local
2015-12-05,Friend's Place,Shopping Centre,Bicycle,6.99,28.0,0.0,Local
2015-12-05,Home,Friend's Place,Tram,10.64,31.9,638.4,Local
2015-12-06,Home,Cinema,Train,15.28,20.4,626.5,Local
2015-12-06,Cinema,Grandparents' House,Bicycle,4.3,17.2,0.0,Local
2015-12-07,Home,Shopping Centre,Tram,10.5,31.5,630.0,Local
2015-12-09,Home,Cricket Ground,Walk,14.45,173.4,0.0,Local
2015-12-10,Home,Cricket Ground,Train,17.17,22.9,704.0,Local
2015-12-10,Cricket Ground,Cinema,Car,0.97,1.5,186.2,Local
2015-12-10,Cinema,Shopping Centre,Car,6.84,10.3,1313.3,Local
2015-12-11,Home,Cinema,Bicycle,10.88,43.5,0.0,Local
2015-12-13,Home,Park,Car,16.26,24.4,3121.9,Local
2015-12-13,Park,Friend's Place,Car,7.18,10.8,1378.6,Local
2015-12-13,Friend's Place,Home,Bicycle,11.84,47.4,0.0,Local
2015-12-15,Home,School,Bus,18.87,45.3,1981.4,Local
2015-12-15,School,Cricket Ground,Bicycle,5.01,20.0,0.0,Local
2015-12-15,Cricket Ground,School,Bus,7.52,18.0,789.6,Local
2015-12-16,Home,School,Bus,13.03,31.3,1368.1,Local
2015-12-17,Park,Grandparents' House,Bus,7.65,18.4,803.2,Local
2015-12-17,School,Park,Bus,0.78,1.9,81.9,Local
2015-12-17,Home,School,Bus,10.65,25.6,1118.2,Local
2015-12-21,Home,Friend's Place,Bicycle,17.83,71.3,0.0,Local
2015-12-22,Home,Friend's Place,Tram,15.89,47.7,953.4,Local
2015-12-23,Home,Grandparents' House,Train,6.5,8.7,266.5,Local
2015-12-23,Grandparents' House,Cinema,Bicycle,3.32,13.3,0.0,Local
2015-12-23,Cinema,Park,Bus,4.64,11.1,487.2,Local
2015-12-24,Park,Cinema,Walk,0.85,10.2,0.0,Local
2015-12-24,Cinema,School,Bus,5.47,13.1,574.4,Local
2015-12-24,Home,Park,Bus,10.52,25.2,1104.6,Local
2015-12-25,Home,Friend's Place,Car,6.8,10.2,1305.6,Local
2015-12-27,Home,Friend's Place,Train,11.39,15.2,467.0,Local
2015-12-27,Friend's Place,School,Bus,6.43,15.4,675.1,Local
2015-12-28,Home,Grandparents' House,Walk,15.75,189.0,0.0,Local
2015-12-29,Home,Cinema,Tram,9.27,27.8,556.2,Local
2015-12-30,Home,Park,Walk,5.47,65.6,0.0,Local
2016-01-02,Home,Park,Train,10.53,14.0,431.7,Local
2016-01-03,Home,Park,Walk,17.91,214.9,0.0,Local
2016-01-04,Home,School,Bus,15.94,38.3,1673.7,Local
2016-01-05,Home,Park,Tram,14.82,44.5,889.2,Local
2016-01-06,Home,Park,Bicycle,14.64,58.6,0.0,Local
2016-01-06,Park,Cricket Ground,Walk,7.23,86.8,0.0,Local
2016-01-06,Cricket Ground,Friend's Place,Walk,3.98,47.8,0.0,Local
2016-01-09,Home,Friend's Place,Bus,8.91,21.4,935.6,Local
2016-01-09,Friend's Place,Park,Train,7.91,10.5,324.3,Local
2016-01-10,Home,Grandparents' House,Walk,13.93,167.2,0.0,Local
2016-01-10,Grandparents' House,Home,Walk,17.29,207.5,0.0,Local
2016-01-11,School,Shopping Centre,Train,5.89,7.9,241.5,Local
2016-01-11,Park,School,Bus,7.99,19.2,839.0,Local
2016-01-11,Home,Park,Tram,10.0,30.0,600.0,Local
2016-01-12,Home,Friend's Place,Tram,14.64,43.9,878.4,Local
2016-01-13,Home,School,Bus,16.66,40.0,1749.3,Local
2016-01-14,Home,Park,Train,12.28,16.4,503.5,Local
2016-01-16,Home,Park,Bicycle,9.62,38.5,0.0,Local
2016-01-17,Home,Friend's Place,Tram,17.21,51.6,1032.6,Local
2016-01-19,Home,Cinema,Car,17.59,26.4,3377.3,Local
2016-01-20,Home,Friend's Place,Walk,10.59,127.1,0.0,Local
2016-01-22,Home,Park,Train,5.11,6.8,209.5,Local
2016-01-23,Home,Shopping Centre,Car,5.31,8.0,1019.5,Local
2016-01-23,Shopping Centre,Park,Bicycle,1.06,4.2,0.0,Local
2016-01-23,Park,Cinema,Bus,2.01,4.8,211.0,Local
2016-01-25,Home,Friend's Place,Car,14.45,21.7,2774.4,Local
2016-01-26,Home,Cinema,Bicycle,18.37,73.5,0.0,Local
2016-01-27,Home,Shopping Centre,Tram,18.87,56.6,1132.2,Local
2016-01-27,Shopping Centre,Park,Train,4.33,5.8,177.5,Local
2016-01-27,Park,Friend's Place,Bicycle,7.63,30.5,0.0,Local
2016-01-28,School,Park,Tram,5.01,15.0,300.6,Local
2016-01-28,Home,Cricket Ground,Walk,13.36,160.3,0.0,Local
2016-01-28,Cricket Ground,School,Bus,1.39,3.3,145.9,Local
2016-01-29,Home,Cinema,Train,11.12,14.8,455.9,Local
2016-01-29,Cinema,Cricket Ground,Walk,2.37,28.4,0.0,Local
2016-01-29,Cricket Ground,Friend's Place,Car,0.53,0.8,101.8,Local
2016-01-30,Home,Cinema,Walk,12.54,150.5,0.0,Local
2016-01-31,Home,Cinema,Tram,13.68,41.0,820.8,Local
2016-02-01,Home,Friend's Place,Train,7.46,9.9,305.9,Local
2016-02-02,Park,Home,Car,7.02,10.5,1347.8,Local
2016-02-02,Home,Park,Bicycle,5.88,23.5,0.0,Local
2016-02-03,Home,Cricket Ground,Bus,17.52,42.0,1839.6,Local
2016-02-04,Home,School,Bus,18.7,44.9,1963.5,Local
2016-02-05,Home,School,Bus,8.35,20.0,876.8,Local
2016-02-08,Home,Shopping Centre,Tram,14.12,42.4,847.2,Local
2016-02-08,Shopping Centre,Home,Train,15.03,20.0,616.2,Local
2016-02-09,Home,Cricket Ground,Bus,13.18,31.6,1383.9,Local
2016-02-10,Home,School,Bus,7.38,17.7,774.9,Local
2016-02-11,Home,Cinema,Bus,6.28,15.1,659.4,Local
2016-02-12,Grandparents' House,School,Bus,1.13,2.7,118.6,Local
2016-02-12,Home,Grandparents' House,Car,10.81,16.2,2075.5,Local
2016-02-14,Home,Shopping Centre,Bicycle,12.88,51.5,0.0,Local
2016-02-15,Home,Cinema,Bicycle,17.26,69.0,0.0,Local
2016-02-15,Cinema,Cricket Ground,Bicycle,7.48,29.9,0.0,Local
2016-02-15,Cricket Ground,Home,Car,14.0,21.0,2688.0,Local
2016-02-16,Home,School,Bus,9.44,22.7,991.2,Local
2016-02-18,Home,Cinema,Train,8.76,11.7,359.2,Local
2016-02-20,Grandparents' House,Friend's Place,Bus,2.85,6.8,299.2,Local
2016-02-20,Home,Friend's Place,Tram,15.01,45.0,900.6,Local
2016-02-20,Friend's Place,Grandparents' House,Bus,2.61,6.3,274.1,Local
2016-02-21,Home,Cinema,Bicycle,8.23,32.9,0.0,Local
2016-02-22,Home,Grandparents' House,Bicycle,18.37,73.5,0.0,Local
2016-02-23,Home,Shopping Centre,Car,14.12,21.2,2711.0,Local
2016-02-23,Shopping Centre,Friend's Place,Walk,1.09,13.1,0.0,Local
2016-02-26,Home,Cinema,Bicycle,9.91,39.6,0.0,Local
2016-02-27,Home,Park,Train,14.53,19.4,595.7,Local
2016-02-27,Park,Cinema,Bus,2.49,6.0,261.5,Local
2016-02-28,Home,Cricket Ground,Train,17.26,23.0,707.7,Local
2016-02-29,Home,Park,Bicycle,17.57,70.3,0.0,Local
2016-03-01,Home,Shopping Centre,Train,8.82,11.8,361.6,Local
2016-03-02,Home,Park,Car,9.87,14.8,1895.0,Local
2016-03-02,Park,Home,Bicycle,19.92,79.7,0.0,Local
2016-03-03,Home,Friend's Place,Bicycle,19.1,76.4,0.0,Local
2016-03-04,Home,Grandparents' House,Car,10.02,15.0,1923.8,Local
2016-03-05,Park,School,Bus,6.54,15.7,686.7,Local
2016-03-05,Home,Park,Tram,13.86,41.6,831.6,Local
2016-03-06,Home,Grandparents' House,Walk,16.08,193.0,0.0,Local
2016-03-08,Home,School,Bus,6.92,16.6,726.6,Local
2016-03-09,Home,Friend's Place,Bus,18.99,45.6,1993.9,Local
2016-03-10,Home,Grandparents' House,Train,16.26,21.7,666.7,Local
2016-03-11,Home,School,Bus,19.1,45.8,2005.5,Local
2016-03-12,Home,Cinema,Train,10.26,13.7,420.7,Local
2016-03-13,Home,Cinema,Train,18.64,24.9,764.2,Local
2016-03-14,Grandparents' House,Park,Bicycle,6.69,26.8,0.0,Local
2016-03-14,Home,Cinema,Tram,12.02,36.1,721.2,Local
2016-03-14,Cinema,Grandparents' House,Tram,5.92,17.8,355.2,Local
2016-03-15,Home,Cinema,Tram,11.79,35.4,707.4,Local
2016-03-16,Home,School,Bus,11.28,27.1,1184.4,Local
2016-03-18,Home,Park,Car,5.67,8.5,1088.6,Local
2016-03-18,Park,Cricket Ground,Train,6.44,8.6,264.0,Local
2016-03-18,Cricket Ground,Friend's Place,Bicycle,7.39,29.6,0.0,Local
2016-03-19,Home,Shopping Centre,Bicycle,13.35,53.4,0.0,Local
2016-03-20,Shopping Centre,School,Bus,0.5,1.2,52.5,Local
2016-03-20,Home,Shopping Centre,Bicycle,19.52,78.1,0.0,Local
2016-03-21,Home,Cricket Ground,Bicycle,16.66,66.6,0.0,Local
2016-03-22,Home,Park,Walk,14.48,173.8,0.0,Local
2016-03-23,Home,Friend's Place,Walk,5.36,64.3,0.0,Local
2016-03-23,Friend's Place,Home,Car,6.43,9.6,1234.6,Local
2016-03-26,Home,Grandparents' House,Car,7.07,10.6,1357.4,Local
2016-03-26,Grandparents' House,School,Bus,0.69,1.7,72.4,Local
2016-03-27,Home,Park,Tram,17.97,53.9,1078.2,Local
2016-03-28,Home,Cinema,Tram,9.48,28.4,568.8,Local
2016-03-30,Home,Cricket Ground,Tram,19.92,59.8,1195.2,Local
2016-03-31,Home,Friend's Place,Bicycle,5.24,21.0,0.0,Local
2016-04-01,Home,School,Bus,12.41,29.8,1303.0,Local
2016-04-02,Home,Shopping Centre,Car,7.49,11.2,1438.1,Local
2016-04-03,Home,School,Bus,12.06,28.9,1266.3,Local
2016-04-03,School,Friend's Place,Bus,5.05,12.1,530.2,Local
2016-04-04,Home,Cricket Ground,Bus,18.42,44.2,1934.1,Local
2016-04-05,Home,Friend's Place,Car,17.54,26.3,3367.7,Local
2016-04-06,Home,Shopping Centre,Car,8.31,12.5,1595.5,Local
2016-04-07,Home,School,Bus,12.1,29.0,1270.5,Local
2016-04-08,Home,Cinema,Car,10.04,15.1,1927.7,Local
2016-04-09,Home,School,Bus,16.35,39.2,1716.8,Local
2016-04-10,Home,Cinema,Car,10.17,15.3,1952.6,Local
2016-04-11,Home,Shopping Centre,Bus,13.74,33.0,1442.7,Local
2016-04-13,Home,Shopping Centre,Walk,11.9,142.8,0.0,Local
2016-04-13,Shopping Centre,Park,Bicycle,4.86,19.4,0.0,Local
2016-04-14,Home,Cricket Ground,Tram,16.49,49.5,989.4,Local
2016-04-15,Home,Grandparents' House,Walk,11.16,133.9,0.0,Local
2016-04-16,Home,Cinema,Tram,6.43,19.3,385.8,Local
2016-04-18,Home,School,Bus,19.83,47.6,2082.1,Local
2016-04-19,Home,School,Bus,10.54,25.3,1106.7,Local
2016-04-20,Home,Park,Tram,11.94,35.8,716.4,Local
2016-04-21,Home,Grandparents' House,Tram,16.9,50.7,1014.0,Local
2016-04-21,Grandparents' House,Park,Bus,6.21,14.9,652.0,Local
2016-04-22,Home,Cricket Ground,Bicycle,6.78,27.1,0.0,Local
2016-04-24,Home,Shopping Centre,Tram,10.96,32.9,657.6,Local
2016-04-25,Home,Cricket Ground,Walk,7.17,86.0,0.0,Local
2016-04-26,Grandparents' House,Home,Train,6.19,8.3,253.8,Local
2016-04-26,Home,School,Bus,18.65,44.8,1958.2,Local
2016-04-26,School,Grandparents' House,Bicycle,1.32,5.3,0.0,Local
2016-04-27,Home,Friend's Place,Bicycle,19.02,76.1,0.0,Local
2016-04-28,Home,Park,Car,14.58,21.9,2799.4,Local
2016-04-29,Home,Cricket Ground,Bus,13.03,31.3,1368.1,Local
2016-04-29,Cricket Ground,Shopping Centre,Train,1.78,2.4,73.0,Local
2016-04-30,Home,School,Bus,11.4,27.4,1197.0,Local
2016-05-01,Home,Grandparents' House,Bicycle,15.12,60.5,0.0,Local
2016-05-02,Home,Park,Bus,10.68,25.6,1121.4,Local
2016-05-03,Home,Grandparents' House,Train,11.23,15.0,460.4,Local
2016-05-03,Grandparents' House,Friend's Place,Walk,0.67,8.0,0.0,Local
2016-05-03,Friend's Place,Shopping Centre,Bicycle,3.18,12.7,0.0,Local
2016-05-04,Home,Friend's Place,Bus,9.73,23.4,1021.7,Local
2016-05-06,Home,Shopping Centre,Train,5.55,7.4,227.5,Local
2016-05-08,Home,School,Bus,10.16,24.4,1066.8,Local
2016-05-09,Home,Grandparents' House,Bicycle,6.61,26.4,0.0,Local
2016-05-09,Grandparents' House,Cinema,Train,3.07,4.1,125.9,Local
2016-05-11,Home,Shopping Centre,Tram,19.63,58.9,1177.8,Local
2016-05-15,Home,Cinema,Tram,7.99,24.0,479.4,Local
2016-05-15,Cinema,Home,Bicycle,7.99,32.0,0.0,Local
2016-05-16,Home,Shopping Centre,Bicycle,19.31,77.2,0.0,Local
2016-05-17,Home,Shopping Centre,Train,9.85,13.1,403.8,Local
2016-05-17,Shopping Centre,Home,Bicycle,16.48,65.9,0.0,Local
2016-05-17,Home,Cricket Ground,Car,6.57,9.9,1261.4,Local
2016-05-18,Home,Shopping Centre,Car,8.72,13.1,1674.2,Local
2016-05-20,Home,Cricket Ground,Bus,13.29,31.9,1395.4,Local
2016-05-21,Home,Park,Train,18.89,25.2,774.5,Local
2016-05-23,Home,Park,Bicycle,8.1,32.4,0.0,Local
2016-05-24,Home,Grandparents' House,Tram,5.17,15.5,310.2,Local
2016-05-24,Grandparents' House,Park,Bicycle,5.04,20.2,0.0,Local
2016-05-25,Home,Park,Bus,16.67,40.0,1750.4,Local
2016-05-26,Home,Friend's Place,Bicycle,10.03,40.1,0.0,Local
2016-05-27,Home,Park,Tram,18.81,56.4,1128.6,Local
2016-05-28,Home,School,Bus,6.57,15.8,689.9,Local
2016-05-29,Home,Cinema,Tram,10.6,31.8,636.0,Local
2016-05-31,Home,School,Bus,10.11,24.3,1061.5,Local
2016-06-01,Home,Friend's Place,Bus,9.45,22.7,992.2,Local
2016-06-02,Home,Grandparents' House,Bicycle,5.26,21.0,0.0,Local
2016-06-03,Home,Shopping Centre,Bicycle,6.16,24.6,0.0,Local
2016-06-03,Shopping Centre,Cricket Ground,Tram,6.55,19.7,393.0,Local
2016-06-03,Cricket Ground,Shopping Centre,Tram,2.96,8.9,177.6,Local
2016-06-04,Home,Cinema,Bicycle,5.24,21.0,0.0,Local
2016-06-04,Cinema,Home,Walk,11.65,139.8,0.0,Local
2016-06-04,Home,Shopping Centre,Train,15.22,20.3,624.0,Local
2016-06-05,Home,Shopping Centre,Bicycle,16.96,67.8,0.0,Local
2016-06-06,Home,Cinema,Car,13.97,21.0,2682.2,Local
2016-06-07,Home,Friend's Place,Walk,7.41,88.9,0.0,Local
2016-06-08,Home,Shopping Centre,Bus,18.56,44.5,1948.8,Local
2016-06-09,Home,Grandparents' House,Bus,16.74,40.2,1757.7,Local
2016-06-09,Grandparents' House,Park,Car,6.41,9.6,1230.7,Local
2016-06-10,Home,Grandparents' House,Bus,6.75,16.2,708.8,Local
2016-06-10,Grandparents' House,Cinema,Train,5.95,7.9,244.0,Local
2016-06-12,Shopping Centre,Home,Bus,14.94,35.9,1568.7,Local
2016-06-12,Home,Park,Bus,19.49,46.8,2046.4,Local
2016-06-12,Home,Shopping Centre,Bus,13.16,31.6,1381.8,Local
2016-06-13,Home,Cricket Ground,Bus,6.2,14.9,651.0,Local
2016-06-13,Cricket Ground,School,Bus,1.67,4.0,175.3,Local
2016-06-14,Home,School,Bus,6.08,14.6,638.4,Local
2016-06-15,Home,Cricket Ground,Walk,15.74,188.9,0.0,Local
2016-06-16,Home,Cricket Ground,Bicycle,5.15,20.6,0.0,Local
2016-06-17,Home,Cinema,Tram,7.64,22.9,458.4,Local
2016-06-19,Home,Park,Bicycle,13.51,54.0,0.0,Local
2016-06-20,Home,Cricket Ground,Train,17.71,23.6,726.1,Local
2016-06-21,Home,Grandparents' House,Bus,9.24,22.2,970.2,Local
2016-06-22,Home,Friend's Place,Bicycle,9.53,38.1,0.0,Local
2016-06-23,Home,Cinema,Bus,7.96,19.1,835.8,Local
2016-06-23,Cinema,Shopping Centre,Bicycle,2.34,9.4,0.0,Local
2016-06-23,Shopping Centre,Park,Train,6.68,8.9,273.9,Local
2016-06-24,Home,Park,Bicycle,16.43,65.7,0.0,Local
2016-06-25,Home,Shopping Centre,Bus,17.53,42.1,1840.7,Local
2016-06-25,Shopping Centre,Friend's Place,Walk,1.77,21.2,0.0,Local
2016-06-26,Cinema,School,Bus,6.42,15.4,674.1,Local
2016-06-26,Home,School,Bus,15.45,37.1,1622.2,Local
2016-06-26,School,Cinema,Walk,5.55,66.6,0.0,Local
2016-06-27,Home,Friend's Place,Bicycle,11.61,46.4,0.0,Local
2016-06-27,Friend's Place,Home,Walk,10.59,127.1,0.0,Local
2016-06-29,Home,Cricket Ground,Bus,7.18,17.2,753.9,Local
2016-06-30,Home,Grandparents' House,Bicycle,8.15,32.6,0.0,Local
2016-06-30,Grandparents' House,Cinema,Train,1.86,2.5,76.3,Local
2016-06-30,Cinema,Park,Bicycle,4.38,17.5,0.0,Local
2016-07-02,School,Cricket Ground,Car,5.38,8.1,1033.0,Local
2016-07-02,Home,School,Bus,5.24,12.6,550.2,Local
2016-07-03,Home,Grandparents' House,Bus,15.22,36.5,1598.1,Local
2016-07-03,Grandparents' House,Cinema,Train,1.21,1.6,49.6,Local
2016-07-04,Home,Cinema,Car,10.8,16.2,2073.6,Local
2016-07-05,Home,Cricket Ground,Bicycle,13.93,55.7,0.0,Local
2016-07-08,Home,School,Bus,17.93,43.0,1882.6,Local
2016-07-09,Home,School,Bus,19.09,45.8,2004.5,Local
2016-07-11,Home,Shopping Centre,Walk,5.47,65.6,0.0,Local
2016-07-12,Friend's Place,Cinema,Bus,5.07,12.2,532.4,Local
2016-07-12,Home,Grandparents' House,Walk,5.76,69.1,0.0,Local
2016-07-12,Grandparents' House,Friend's Place,Walk,7.99,95.9,0.0,Local
2016-07-13,Home,Park,Bus,15.57,37.4,1634.9,Local
2016-07-13,Park,Cricket Ground,Bus,3.64,8.7,382.2,Local
2016-07-14,Home,Grandparents' House,Tram,9.82,29.5,589.2,Local
2016-07-15,Home,Friend's Place,Car,19.04,28.6,3655.7,Local
2016-07-16,Home,Shopping Centre,Bus,8.69,20.9,912.4,Local
2016-07-17,Home,Shopping Centre,Bicycle,6.23,24.9,0.0,Local
2016-07-17,Shopping Centre,Home,Tram,11.78,35.3,706.8,Local
2016-07-18,Home,Cinema,Bus,9.63,23.1,1011.2,Local
2016-07-18,Cinema,School,Bus,6.3,15.1,661.5,Local
2016-07-19,Home,Shopping Centre,Bus,6.47,15.5,679.4,Local
2016-07-19,Shopping Centre,Home,Walk,7.1,85.2,0.0,Local
2016-07-20,Home,Shopping Centre,Car,9.22,13.8,1770.2,Local
2016-07-21,Home,School,Bus,6.19,14.9,650.0,Local
2016-07-22,Grandparents' House,Home,Walk,13.99,167.9,0.0,Local
2016-07-22,Home,Park,Train,12.63,16.8,517.8,Local
2016-07-22,Home,Grandparents' House,Train,13.29,17.7,544.9,Local
2016-07-23,Home,School,Bus,17.56,42.1,1843.8,Local
2016-07-24,Home,Friend's Place,Bicycle,8.93,35.7,0.0,Local
2016-07-24,Friend's Place,Shopping Centre,Train,0.62,0.8,25.4,Local
2016-07-25,Home,Grandparents' House,Train,8.25,11.0,338.2,Local
2016-07-25,Grandparents' House,Friend's Place,Bicycle,3.78,15.1,0.0,Local
2016-07-25,Friend's Place,Grandparents' House,Bus,4.51,10.8,473.5,Local
2016-07-26,Home,School,Bus,18.37,44.1,1928.9,Local
2016-07-26,School,Grandparents' House,Train,2.43,3.2,99.6,Local
2016-07-27,Home,Cinema,Tram,19.55,58.7,1173.0,Local
2016-07-27,Cinema,School,Bus,2.16,5.2,226.8,Local
2016-07-29,Home,Cricket Ground,Walk,13.18,158.2,0.0,Local
2016-07-30,Home,Friend's Place,Tram,17.78,53.3,1066.8,Local
2016-07-31,Home,Cricket Ground,Car,14.25,21.4,2736.0,Local
2016-08-01,Home,Cinema,Tram,16.3,48.9,978.0,Local
2016-08-01,Cinema,Park,Walk,2.61,31.3,0.0,Local
2016-08-02,Park,Home,Tram,7.83,23.5,469.8,Local
2016-08-02,Home,Park,Tram,18.05,54.2,1083.0,Local
2016-08-02,Home,Park,Tram,15.72,47.2,943.2,Local
2016-08-03,Home,Cinema,Tram,6.41,19.2,384.6,Local
2016-08-04,Home,Cinema,Bus,7.19,17.3,755.0,Local
2016-08-05,Home,School,Bus,8.21,19.7,862.1,Local
2016-08-07,Home,School,Bus,12.61,30.3,1324.0,Local
2016-08-09,Home,School,Bus,7.5,18.0,787.5,Local
2016-08-10,Home,Grandparents' House,Bicycle,8.56,34.2,0.0,Local
2016-08-12,Home,Friend's Place,Bus,15.78,37.9,1656.9,Local
2016-08-12,Friend's Place,Cricket Ground,Car,2.33,3.5,447.4,Local
2016-08-12,Cricket Ground,School,Bus,0.52,1.2,54.6,Local
2016-08-13,Home,School,Bus,18.68,44.8,1961.4,Local
2016-08-14,Home,Shopping Centre,Train,10.45,13.9,428.4,Local
2016-08-14,Shopping Centre,School,Bus,7.03,16.9,738.1,Local
2016-08-14,School,Cricket Ground,Walk,2.34,28.1,0.0,Local
2016-08-15,Home,Shopping Centre,Tram,9.44,28.3,566.4,Local
2016-08-16,Home,Friend's Place,Car,15.75,23.6,3024.0,Local
2016-08-17,Home,Shopping Centre,Walk,8.06,96.7,0.0,Local
2016-08-17,Shopping Centre,Park,Car,3.37,5.1,647.0,Local
2016-08-18,Home,Cinema,Tram,7.92,23.8,475.2,Local
2016-08-18,Park,Home,Car,12.78,19.2,2453.8,Local
2016-08-18,Home,Park,Bus,9.54,22.9,1001.7,Local
2016-08-19,Home,School,Bus,6.99,16.8,734.0,Local
2016-08-20,Home,Friend's Place,Train,12.82,17.1,525.6,Local
2016-08-21,Home,Cinema,Walk,5.98,71.8,0.0,Local
2016-08-22,Home,Friend's Place,Bicycle,12.12,48.5,0.0,Local
2016-08-23,Home,Friend's Place,Tram,9.68,29.0,580.8,Local
2016-08-23,Friend's Place,School,Bus,0.51,1.2,53.6,Local
2016-08-23,School,Shopping Centre,Walk,2.46,29.5,0.0,Local
2016-08-24,Cricket Ground,Home,Walk,12.7,152.4,0.0,Local
2016-08-24,Home,Cricket Ground,Train,14.29,19.1,585.9,Local
2016-08-25,Home,Friend's Place,Bus,14.19,34.1,1490.0,Local
2016-08-26,Home,Park,Car,17.87,26.8,3431.0,Local
2016-08-27,Home,Grandparents' House,Bicycle,14.75,59.0,0.0,Local
2016-08-28,Home,School,Bus,10.89,26.1,1143.5,Local
2016-08-29,Home,Cricket Ground,Bus,15.39,36.9,1616.0,Local
2016-08-30,Home,Shopping Centre,Car,10.44,15.7,2004.5,Local
2016-08-30,Shopping Centre,Home,Tram,10.0,30.0,600.0,Local
2016-08-31,Home,Friend's Place,Bus,12.24,29.4,1285.2,Local
2016-09-01,Home,School,Bus,11.65,28.0,1223.2,Local
2016-09-01,School,Park,Bicycle,5.67,22.7,0.0,Local
2016-09-01,Park,Grandparents' House,Train,7.73,10.3,316.9,Local
2016-09-02,Home,Cinema,Car,19.63,29.4,3769.0,Local
2016-09-03,Home,Park,Train,14.7,19.6,602.7,Local
2016-09-03,Park,Home,Train,12.83,17.1,526.0,Local
2016-09-04,Home,Cricket Ground,Tram,17.67,53.0,1060.2,Local
2016-09-06,Home,Park,Walk,9.72,116.6,0.0,Local
2016-09-08,Home,Grandparents' House,Train,19.41,25.9,795.8,Local
2016-09-10,Home,Grandparents' House,Walk,12.1,145.2,0.0,Local
2016-09-11,Home,School,Bus,6.1,14.6,640.5,Local
2016-09-12,Home,Friend's Place,Tram,5.78,17.3,346.8,Local
2016-09-13,Home,School,Bus,18.67,44.8,1960.4,Local
2016-09-14,Home,Cricket Ground,Bicycle,6.09,24.4,0.0,Local
2016-09-14,Cricket Ground,Grandparents' House,Train,5.98,8.0,245.2,Local
2016-09-15,Home,Shopping Centre,Walk,12.85,154.2,0.0,Local
2016-09-15,Shopping Centre,Park,Bicycle,1.01,4.0,0.0,Local
2016-09-16,Friend's Place,Cinema,Train,2.63,3.5,107.8,Local
2016-09-16,Home,Friend's Place,Bicycle,8.87,35.5,0.0,Local
2016-09-17,Home,Friend's Place,Train,16.06,21.4,658.5,Local
2016-09-18,Home,Shopping Centre,Train,17.72,23.6,726.5,Local
2016-09-19,Home,Cinema,Car,9.84,14.8,1889.3,Local
2016-09-20,Home,Friend's Place,Car,12.86,19.3,2469.1,Local
2016-09-20,Friend's Place,Cinema,Bicycle,6.64,26.6,0.0,Local
2016-09-20,Cinema,School,Bus,3.79,9.1,397.9,Local
2016-09-21,Home,Friend's Place,Walk,9.24,110.9,0.0,Local
2016-09-22,Home,Park,Bicycle,15.14,60.6,0.0,Local
2016-09-23,Home,Friend's Place,Tram,14.52,43.6,871.2,Local
2016-09-24,Home,Friend's Place,Bus,13.05,31.3,1370.2,Local
2016-09-27,Home,Shopping Centre,Train,12.72,17.0,521.5,Local
2016-09-27,Shopping Centre,Park,Bicycle,1.65,6.6,0.0,Local
2016-09-27,Park,Friend's Place,Bicycle,3.22,12.9,0.0,Local
2016-09-28,Home,Friend's Place,Walk,8.26,99.1,0.0,Local
2016-09-29,Home,Grandparents' House,Walk,12.8,153.6,0.0,Local
2016-09-30,Home,Grandparents' House,Bicycle,13.21,52.8,0.0,Local
2016-10-01,Home,School,Bus,9.59,23.0,1006.9,Local
2016-10-04,Home,School,Bus,17.19,41.3,1805.0,Local
2016-10-05,Home,Grandparents' House,Train,11.26,15.0,461.7,Local
2016-10-06,Home,Grandparents' House,Train,7.22,9.6,296.0,Local
2016-10-07,Home,Grandparents' House,Bus,10.68,25.6,1121.4,Local
2016-10-07,Grandparents' House,Shopping Centre,Train,4.99,6.7,204.6,Local
2016-10-08,Home,Park,Bicycle,6.31,25.2,0.0,Local
2016-10-09,Home,Cricket Ground,Car,8.44,12.7,1620.5,Local
2016-10-10,Home,Friend's Place,Tram,9.43,28.3,565.8,Local
2016-10-12,Home,Friend's Place,Train,17.12,22.8,701.9,Local
2016-10-13,Home,Shopping Centre,Bicycle,13.49,54.0,0.0,Local
2016-10-13,Shopping Centre,Cinema,Car,4.84,7.3,929.3,Local
2016-10-13,Cinema,Cricket Ground,Bus,6.57,15.8,689.9,Local
2016-10-15,Home,Park,Bicycle,15.21,60.8,0.0,Local
2016-10-16,Home,Cricket Ground,Car,5.49,8.2,1054.1,Local
2016-10-16,Cricket Ground,Shopping Centre,Car,2.72,4.1,522.2,Local
2016-10-16,Shopping Centre,Grandparents' House,Bicycle,7.66,30.6,0.0,Local
2016-10-17,Home,Grandparents' House,Car,9.4,14.1,1804.8,Local
2016-10-18,Home,Cricket Ground,Walk,8.5,102.0,0.0,Local
2016-10-19,Home,Grandparents' House,Walk,5.4,64.8,0.0,Local
2016-10-19,Grandparents' House,Cinema,Car,7.6,11.4,1459.2,Local
2016-10-19,Cinema,Home,Train,14.88,19.8,610.1,Local
2016-10-20,Home,Cinema,Bicycle,16.93,67.7,0.0,Local
2016-10-20,Cinema,Park,Bicycle,2.57,10.3,0.0,Local
2016-10-21,Home,Friend's Place,Car,14.69,22.0,2820.5,Local
2016-10-21,Friend's Place,Shopping Centre,Bicycle,2.85,11.4,0.0,Local
2016-10-21,Shopping Centre,Park,Car,4.54,6.8,871.7,Local
2016-10-22,Cricket Ground,Cinema,Bus,1.54,3.7,161.7,Local
2016-10-22,Home,Grandparents' House,Bicycle,18.07,72.3,0.0,Local
2016-10-22,Grandparents' House,Cricket Ground,Bicycle,3.29,13.2,0.0,Local
2016-10-23,Home,Cinema,Car,11.59,17.4,2225.3,Local
2016-10-24,Home,Cinema,Bus,6.96,16.7,730.8,Local
2016-10-24,Cinema,Park,Tram,7.59,22.8,455.4,Local
2016-10-24,Park,Cricket Ground,Walk,4.64,55.7,0.0,Local
2016-10-25,Home,Grandparents' House,Bus,18.14,43.5,1904.7,Local
2016-10-26,Home,Park,Tram,16.72,50.2,1003.2,Local
2016-10-28,Home,Grandparents' House,Walk,18.93,227.2,0.0,Local
2016-10-29,Home,School,Bus,6.89,16.5,723.4,Local
2016-10-29,School,Cinema,Bus,1.99,4.8,208.9,Local
2016-10-30,Home,Cricket Ground,Train,9.03,12.0,370.2,Local
2016-10-31,Home,Grandparents' House,Bus,19.29,46.3,2025.4,Local
2016-10-31,Grandparents' House,Cricket Ground,Car,4.7,7.1,902.4,Local
2016-10-31,Cricket Ground,Shopping Centre,Car,4.94,7.4,948.5,Local
2016-11-01,Home,Cinema,Car,14.28,21.4,2741.8,Local
2016-11-05,Home,School,Bus,16.12,38.7,1692.6,Local
2016-11-06,Home,Park,Car,15.35,23.0,2947.2,Local
2016-11-08,Home,Cricket Ground,Bicycle,6.13,24.5,0.0,Local
2016-11-08,Cricket Ground,Park,Car,3.75,5.6,720.0,Local
2016-11-09,Home,Grandparents' House,Tram,17.56,52.7,1053.6,Local
2016-11-10,Home,Cinema,Bicycle,10.93,43.7,0.0,Local
2016-11-11,Home,Friend's Place,Train,11.69,15.6,479.3,Local
2016-11-12,Home,Cricket Ground,Tram,15.13,45.4,907.8,Local
2016-11-13,Home,Cricket Ground,Bicycle,15.94,63.8,0.0,Local
2016-11-13,Cricket Ground,School,Bus,3.71,8.9,389.6,Local
2016-11-14,Cricket Ground,School,Bus,6.88,16.5,722.4,Local
2016-11-14,Home,Cricket Ground,Tram,13.4,40.2,804.0,Local
2016-11-15,Home,Shopping Centre,Tram,12.79,38.4,767.4,Local
2016-11-16,Home,School,Bus,18.47,44.3,1939.3,Local
2016-11-16,School,Home,Tram,17.74,53.2,1064.4,Local
2016-11-18,Home,Friend's Place,Tram,16.13,48.4,967.8,Local
2016-11-18,Friend's Place,Home,Tram,13.56,40.7,813.6,Local
2016-11-19,Home,Park,Walk,17.34,208.1,0.0,Local
2016-11-19,Park,Home,Tram,14.09,42.3,845.4,Local
2016-11-19,Home,Shopping Centre,Bicycle,5.46,21.8,0.0,Local
2016-11-20,Home,Shopping Centre,Bicycle,13.81,55.2,0.0,Local
2016-11-22,Home,Cricket Ground,Train,11.81,15.7,484.2,Local
2016-11-22,Cricket Ground,Cinema,Train,5.37,7.2,220.2,Local
2016-11-22,Cinema,Cricket Ground,Train,5.13,6.8,210.3,Local
2016-11-24,Home,Grandparents' House,Bicycle,5.86,23.4,0.0,Local
2016-11-25,Home,Cricket Ground,Bus,12.44,29.9,1306.2,Local
2016-11-26,Home,Grandparents' House,Train,10.02,13.4,410.8,Local
2016-11-27,Home,Grandparents' House,Car,13.36,20.0,2565.1,Local
2016-11-27,Grandparents' House,Friend's Place,Bicycle,3.3,13.2,0.0,Local
2016-11-28,Home,Cinema,Bicycle,6.05,24.2,0.0,Local
2016-11-30,Home,Shopping Centre,Bicycle,7.86,31.4,0.0,Local
2016-12-01,Home,Cinema,Bus,16.48,39.6,1730.4,Local
2016-12-01,Cinema,Shopping Centre,Bus,5.76,13.8,604.8,Local
2016-12-01,Shopping Centre,Park,Tram,4.66,14.0,279.6,Local
2016-12-02,Home,Shopping Centre,Bicycle,19.91,79.6,0.0,Local
2016-12-02,Shopping Centre,Park,Tram,2.71,8.1,162.6,Local
2016-12-03,Home,Shopping Centre,Walk,12.09,145.1,0.0,Local
2016-12-04,Home,Grandparents' House,Walk,5.48,65.8,0.0,Local
2016-12-05,Cinema,Friend's Place,Bicycle,1.62,6.5,0.0,Local
2016-12-05,Home,Cinema,Bicycle,7.16,28.6,0.0,Local
2016-12-06,Home,Cinema,Car,10.15,15.2,1948.8,Local
2016-12-07,Home,Cinema,Train,8.1,10.8,332.1,Local
2016-12-08,Home,Grandparents' House,Tram,8.32,25.0,499.2,Local
2016-12-10,Home,School,Bus,8.96,21.5,940.8,Local
2016-12-11,Home,Grandparents' House,Walk,18.07,216.8,0.0,Local
2016-12-12,Home,Cinema,Bicycle,9.45,37.8,0.0,Local
2016-12-13,Home,Friend's Place,Car,16.02,24.0,3075.8,Local
2016-12-14,Home,Cricket Ground,Train,12.58,16.8,515.8,Local
2016-12-15,Home,Cricket Ground,Train,6.37,8.5,261.2,Local
2016-12-17,Home,Grandparents' House,Bicycle,12.69,50.8,0.0,Local
2016-12-17,Grandparents' House,Home,Bicycle,5.87,23.5,0.0,Local
2016-12-18,Home,Grandparents' House,Walk,15.57,186.8,0.0,Local
2016-12-18,Grandparents' House,Cinema,Tram,3.3,9.9,198.0,Local
2016-12-19,Home,Friend's Place,Car,13.71,20.6,2632.3,Local
2016-12-19,Friend's Place,Cricket Ground,Bus,1.68,4.0,176.4,Local
2016-12-20,Home,Cricket Ground,Bicycle,7.67,30.7,0.0,Local
2016-12-21,School,Park,Tram,4.64,13.9,278.4,Local
2016-12-21,Home,School,Bus,15.88,38.1,1667.4,Local
2016-12-22,Home,Park,Train,11.35,15.1,465.3,Local
2016-12-23,Home,Park,Car,19.24,28.9,3694.1,Local
2016-12-24,Home,Shopping Centre,Train,7.87,10.5,322.7,Local
2016-12-26,Home,Park,Car,18.1,27.2,3475.2,Local
2016-12-26,Park,School,Bus,6.84,16.4,718.2,Local
2016-12-27,Home,Cricket Ground,Walk,14.06,168.7,0.0,Local
2016-12-27,Cricket Ground,Shopping Centre,Bicycle,4.35,17.4,0.0,Local
2016-12-28,Home,Cinema,Car,18.14,27.2,3482.9,Local
2016-12-29,Home,Grandparents' House,Train,8.91,11.9,365.3,Local
2016-12-29,Grandparents' House,Home,Bus,17.81,42.7,1870.0,Local
2016-12-29,Home,Park,Tram,5.07,15.2,304.2,Local
2016-12-30,Home,School,Bus,18.44,44.3,1936.2,Local
2016-12-31,Home,Friend's Place,Walk,5.09,61.1,0.0,Local
2016-12-31,Friend's Place,School,Bus,4.92,11.8,516.6,Local
2017-01-01,Home,Grandparents' House,Bicycle,11.24,45.0,0.0,Local
2017-01-03,Cricket Ground,Park,Bus,1.09,2.6,114.5,Local
2017-01-03,Home,Cricket Ground,Bus,5.29,12.7,555.5,Local
2017-01-04,Home,Cricket Ground,Car,10.27,15.4,1971.8,Local
2017-01-06,Home,Park,Walk,19.95,239.4,0.0,Local
2017-01-06,Park,School,Bus,4.7,11.3,493.5,Local
2017-01-07,Home,Friend's Place,Bicycle,15.13,60.5,0.0,Local
2017-01-07,Friend's Place,Shopping Centre,Bus,2.86,6.9,300.3,Local
2017-01-08,Home,Cinema,Train,11.46,15.3,469.9,Local
2017-01-09,Home,Grandparents' House,Train,15.87,21.2,650.7,Local
2017-01-11,Cinema,Friend's Place,Walk,2.43,29.2,0.0,Local
2017-01-11,Friend's Place,Cinema,Walk,3.01,36.1,0.0,Local
2017-01-11,Home,Friend's Place,Tram,16.02,48.1,961.2,Local
2017-01-12,Home,Shopping Centre,Tram,6.96,20.9,417.6,Local
2017-01-13,Home,Cinema,Tram,5.0,15.0,300.0,Local
2017-01-13,Cinema,Home,Walk,16.45,197.4,0.0,Local
2017-01-14,Home,Shopping Centre,Walk,14.76,177.1,0.0,Local
2017-01-17,Home,Cricket Ground,Tram,16.49,49.5,989.4,Local
2017-01-17,Cricket Ground,Friend's Place,Bicycle,4.96,19.8,0.0,Local
2017-01-18,Home,Cinema,Train,11.8,15.7,483.8,Local
2017-01-19,Friend's Place,Grandparents' House,Train,1.05,1.4,43.1,Local
2017-01-19,Home,Shopping Centre,Bus,16.7,40.1,1753.5,Local
2017-01-19,Shopping Centre,Friend's Place,Train,2.31,3.1,94.7,Local
2017-01-20,Home,Cinema,Car,13.05,19.6,2505.6,Local
2017-01-20,Cinema,Friend's Place,Walk,2.04,24.5,0.0,Local
2017-01-20,Friend's Place,Shopping Centre,Bicycle,6.74,27.0,0.0,Local
2017-01-21,Home,Friend's Place,Train,14.25,19.0,584.2,Local
2017-01-21,Friend's Place,Cricket Ground,Bicycle,2.98,11.9,0.0,Local
2017-01-22,Home,School,Bus,8.17,19.6,857.9,Local
2017-01-23,Home,Cinema,Car,10.25,15.4,1968.0,Local
2017-01-24,Home,Park,Train,19.58,26.1,802.8,Local
2017-01-27,Home,Friend's Place,Walk,10.66,127.9,0.0,Local
2017-01-28,Home,Cricket Ground,Car,16.08,24.1,3087.4,Local
2017-01-28,Cricket Ground,Cinema,Train,6.43,8.6,263.6,Local
2017-01-29,Home,Cricket Ground,Bicycle,15.89,63.6,0.0,Local
2017-01-30,Home,Grandparents' House,Train,19.4,25.9,795.4,Local
2017-01-30,Grandparents' House,Shopping Centre,Train,4.57,6.1,187.4,Local
2017-01-31,Home,Park,Train,17.13,22.8,702.3,Local
2017-02-01,Home,Shopping Centre,Walk,6.03,72.4,0.0,Local
2017-02-02,Home,Shopping Centre,Bus,16.43,39.4,1725.1,Local
2017-02-03,Home,Shopping Centre,Walk,12.07,144.8,0.0,Local
2017-02-04,Home,Cinema,Walk,19.62,235.4,0.0,Local
2017-02-04,Cinema,Park,Walk,6.55,78.6,0.0,Local
2017-02-04,Park,Cinema,Tram,1.38,4.1,82.8,Local
2017-02-05,Home,Shopping Centre,Tram,14.38,43.1,862.8,Local
2017-02-07,Home,School,Bus,15.54,37.3,1631.7,Local
2017-02-08,Home,Grandparents' House,Tram,11.68,35.0,700.8,Local
2017-02-08,Grandparents' House,Shopping Centre,Bicycle,2.03,8.1,0.0,Local
2017-02-09,Home,Park,Train,8.69,11.6,356.3,Local
2017-02-10,Home,Grandparents' House,Bicycle,13.94,55.8,0.0,Local
2017-02-11,Home,Grandparents' House,Car,19.33,29.0,3711.4,Local
2017-02-11,Grandparents' House,Home,Walk,16.57,198.8,0.0,Local
2017-02-11,Home,Cricket Ground,Bus,16.54,39.7,1736.7,Local
2017-02-13,Home,Shopping Centre,Car,9.97,15.0,1914.2,Local
2017-02-15,Home,Cinema,Tram,5.93,17.8,355.8,Local
2017-02-16,Home,Grandparents' House,Bus,12.77,30.6,1340.8,Local
2017-02-17,Home,School,Bus,14.13,33.9,1483.7,Local
2017-02-18,Home,Park,Bicycle,17.05,68.2,0.0,Local
2017-02-19,Home,Park,Train,8.17,10.9,335.0,Local
2017-02-20,Home,School,Bus,16.03,38.5,1683.2,Local
2017-02-22,Home,Friend's Place,Walk,9.66,115.9,0.0,Local
2017-02-22,Friend's Place,Cinema,Tram,2.66,8.0,159.6,Local
2017-02-23,Home,Park,Bus,10.17,24.4,1067.8,Local
2017-02-24,Home,Park,Bicycle,17.14,68.6,0.0,Local
2017-02-25,Home,Grandparents' House,Car,6.46,9.7,1240.3,Local
2017-02-25,Grandparents' House,Cricket Ground,Bicycle,4.31,17.2,0.0,Local
2017-02-26,Park,Cinema,Bus,6.92,16.6,726.6,Local
2017-02-26,Home,Park,Bus,7.96,19.1,835.8,Local
2017-02-27,Home,Cricket Ground,Tram,12.89,38.7,773.4,Local
2017-02-27,Cricket Ground,Cinema,Bicycle,5.05,20.2,0.0,Local
2017-02-27,Cinema,School,Bus,5.37,12.9,563.9,Local
2017-03-02,Home,Friend's Place,Bus,14.91,35.8,1565.5,Local
2017-03-03,Home,Shopping Centre,Tram,13.66,41.0,819.6,Local
2017-03-04,Home,Shopping Centre,Car,9.76,14.6,1873.9,Local
2017-03-06,Home,Cricket Ground,Car,12.93,19.4,2482.6,Local
2017-03-06,Cricket Ground,Cinema,Bicycle,1.97,7.9,0.0,Local
2017-03-07,Home,Cricket Ground,Train,11.06,14.7,453.5,Local
2017-03-08,Home,Friend's Place,Tram,14.54,43.6,872.4,Local
2017-03-08,Friend's Place,Park,Bicycle,0.63,2.5,0.0,Local
2017-03-09,Home,Cricket Ground,Walk,15.85,190.2,0.0,Local
2017-03-09,Cricket Ground,Shopping Centre,Walk,1.43,17.2,0.0,Local
2017-03-10,Home,School,Bus,6.29,15.1,660.5,Local
2017-03-11,Home,Park,Train,13.39,17.9,549.0,Local
2017-03-11,Park,Friend's Place,Walk,6.05,72.6,0.0,Local
2017-03-12,Home,Grandparents' House,Bus,11.24,27.0,1180.2,Local
2017-03-14,Home,School,Bus,17.05,40.9,1790.2,Local
2017-03-15,Home,Friend's Place,Car,13.66,20.5,2622.7,Local
2017-03-16,Home,Cricket Ground,Bicycle,12.37,49.5,0.0,Local
2017-03-17,Home,Grandparents' House,Walk,13.76,165.1,0.0,Local
2017-03-17,Grandparents' House,Home,Tram,10.13,30.4,607.8,Local
2017-03-17,Home,Friend's Place,Bus,19.65,47.2,2063.2,Local
2017-03-18,Home,Cricket Ground,Walk,11.99,143.9,0.0,Local
2017-03-18,Cricket Ground,Park,Bicycle,2.52,10.1,0.0,Local
2017-03-19,Home,Cricket Ground,Train,19.97,26.6,818.8,Local
2017-03-21,School,Shopping Centre,Train,1.64,2.2,67.2,Local
2017-03-21,Home,School,Bus,10.31,24.7,1082.5,Local
2017-03-22,Home,School,Bus,8.42,20.2,884.1,Local
2017-03-23,Home,School,Bus,16.51,39.6,1733.6,Local
2017-03-24,Home,Friend's Place,Train,13.23,17.6,542.4,Local
2017-03-24,Friend's Place,School,Bus,1.31,3.1,137.6,Local
2017-03-26,Home,Shopping Centre,Tram,14.46,43.4,867.6,Local
2017-03-27,Home,Grandparents' House,Tram,14.04,42.1,842.4,Local
2017-03-28,School,Shopping Centre,Walk,7.87,94.4,0.0,Local
2017-03-28,Home,School,Bus,14.56,34.9,1528.8,Local
2017-03-29,Home,Shopping Centre,Bus,5.02,12.0,527.1,Local
2017-03-30,Home,Cinema,Car,12.19,18.3,2340.5,Local
2017-03-31,Home,Friend's Place,Walk,16.05,192.6,0.0,Local
2017-04-01,Home,Park,Bus,9.48,22.8,995.4,Local
2017-04-02,Home,Grandparents' House,Bicycle,17.71,70.8,0.0,Local
2017-04-02,Grandparents' House,School,Bus,4.89,11.7,513.4,Local
2017-04-02,School,Grandparents' House,Walk,0.93,11.2,0.0,Local
2017-04-03,Home,Cricket Ground,Tram,8.54,25.6,512.4,Local
2017-04-03,Cricket Ground,School,Bus,3.89,9.3,408.4,Local
2017-04-04,Home,Shopping Centre,Walk,8.67,104.0,0.0,Local
2017-04-04,Shopping Centre,School,Bus,7.53,18.1,790.6,Local
2017-04-05,Home,School,Bus,18.69,44.9,1962.5,Local
2017-04-05,School,Home,Walk,19.59,235.1,0.0,Local
2017-04-06,Home,Friend's Place,Bus,16.35,39.2,1716.8,Local
2017-04-06,Friend's Place,Grandparents' House,Walk,2.46,29.5,0.0,Local
2017-04-06,Grandparents' House,Friend's Place,Bus,5.13,12.3,538.6,Local
2017-04-09,Grandparents' House,School,Bus,5.56,13.3,583.8,Local
2017-04-09,Home,Grandparents' House,Bicycle,10.52,42.1,0.0,Local
2017-04-10,Home,Cinema,Bus,18.43,44.2,1935.1,Local
2017-04-10,Cinema,Grandparents' House,Car,7.12,10.7,1367.0,Local
2017-04-11,Home,School,Bus,6.58,15.8,690.9,Local
2017-04-12,Home,Friend's Place,Bus,14.18,34.0,1488.9,Local
2017-04-12,Friend's Place,Park,Train,5.03,6.7,206.2,Local
2017-04-15,Home,Grandparents' House,Tram,11.57,34.7,694.2,Local
2017-04-17,Home,Park,Train,7.23,9.6,296.4,Local
2017-04-19,Friend's Place,Shopping Centre,Tram,4.45,13.3,267.0,Local
2017-04-19,Shopping Centre,Cricket Ground,Bicycle,2.34,9.4,0.0,Local
2017-04-19,Home,Friend's Place,Bus,9.07,21.8,952.4,Local
2017-04-20,Home,Friend's Place,Tram,9.39,28.2,563.4,Local
2017-04-20,Friend's Place,Cinema,Bus,4.28,10.3,449.4,Local
2017-04-20,Cinema,Friend's Place,Car,1.44,2.2,276.5,Local
2017-04-22,Home,Park,Train,18.41,24.5,754.8,Local
2017-04-22,Park,Shopping Centre,Train,4.72,6.3,193.5,Local
2017-04-22,Shopping Centre,Cricket Ground,Bus,7.92,19.0,831.6,Local
2017-04-23,Home,Grandparents' House,Walk,10.55,126.6,0.0,Local
2017-04-24,Park,Grandparents' House,Tram,7.67,23.0,460.2,Local
2017-04-24,Home,Park,Bus,15.44,37.1,1621.2,Local
2017-04-26,Home,School,Bus,11.14,26.7,1169.7,Local
2017-04-26,School,Home,Bus,19.37,46.5,2033.9,Local
2017-04-28,Home,Shopping Centre,Bus,15.47,37.1,1624.4,Local
2017-04-28,Shopping Centre,Cinema,Bus,1.24,3.0,130.2,Local
2017-04-30,Home,Cricket Ground,Bicycle,11.85,47.4,0.0,Local
2017-05-02,Home,School,Bus,12.41,29.8,1303.0,Local
2017-05-02,School,Friend's Place,Walk,2.54,30.5,0.0,Local
2017-05-03,Home,Park,Walk,12.7,152.4,0.0,Local
2017-05-03,Park,Grandparents' House,Walk,6.04,72.5,0.0,Local
2017-05-04,Home,Friend's Place,Train,18.9,25.2,774.9,Local
2017-05-05,Home,Grandparents' House,Bus,17.06,40.9,1791.3,Local
2017-05-07,Home,Friend's Place,Bus,18.93,45.4,1987.6,Local
2017-05-09,Home,Friend's Place,Car,18.55,27.8,3561.6,Local
2017-05-10,Home,Park,Bicycle,13.38,53.5,0.0,Local
2017-05-11,Home,Friend's Place,Tram,18.24,54.7,1094.4,Local
2017-05-12,Shopping Centre,School,Bus,7.23,17.4,759.2,Local
2017-05-12,School,Shopping Centre,Tram,6.93,20.8,415.8,Local
2017-05-12,Home,School,Bus,7.54,18.1,791.7,Local
2017-05-13,Home,Friend's Place,Bus,14.86,35.7,1560.3,Local
2017-05-13,Friend's Place,Shopping Centre,Train,1.99,2.7,81.6,Local
2017-05-13,Shopping Centre,Grandparents' House,Walk,1.94,23.3,0.0,Local
2017-05-14,Home,Cricket Ground,Tram,13.4,40.2,804.0,Local
2017-05-15,Home,School,Bus,19.91,47.8,2090.6,Local
2017-05-15,School,Shopping Centre,Walk,5.31,63.7,0.0,Local
2017-05-16,Home,School,Bus,17.19,41.3,1805.0,Local
2017-05-17,Home,School,Bus,14.63,35.1,1536.2,Local
2017-05-18,Home,School,Bus,12.09,29.0,1269.5,Local
2017-05-20,Home,School,Bus,13.78,33.1,1446.9,Local
2017-05-22,Home,Friend's Place,Car,16.41,24.6,3150.7,Local
2017-05-22,Friend's Place,Cinema,Train,3.12,4.2,127.9,Local
2017-05-23,Home,Friend's Place,Bus,19.71,47.3,2069.6,Local
2017-05-24,Home,Friend's Place,Tram,19.55,58.7,1173.0,Local
2017-05-25,Home,Cinema,Car,12.85,19.3,2467.2,Local
2017-05-25,Cinema,Shopping Centre,Tram,3.69,11.1,221.4,Local
2017-05-26,Home,Cinema,Bus,15.04,36.1,1579.2,Local
2017-05-27,Home,School,Bus,9.93,23.8,1042.6,Local
2017-05-28,Home,Friend's Place,Bicycle,17.75,71.0,0.0,Local
2017-05-28,Friend's Place,Cricket Ground,Bus,4.26,10.2,447.3,Local
2017-05-29,Home,Grandparents' House,Walk,11.92,143.0,0.0,Local
2017-05-30,Home,Grandparents' House,Bus,18.48,44.4,1940.4,Local
2017-05-31,Home,Park,Tram,13.8,41.4,828.0,Local
2017-05-31,Park,Cinema,Walk,4.14,49.7,0.0,Local
2017-06-01,Home,Park,Bicycle,17.86,71.4,0.0,Local
2017-06-02,Grandparents' House,Park,Tram,7.99,24.0,479.4,Local
2017-06-02,Home,Grandparents' House,Train,16.56,22.1,679.0,Local
2017-06-03,Home,Shopping Centre,Bicycle,13.29,53.2,0.0,Local
2017-06-03,Shopping Centre,Park,Train,4.29,5.7,175.9,Local
2017-06-04,Home,Grandparents' House,Train,8.01,10.7,328.4,Local
2017-06-05,Home,Grandparents' House,Bus,16.61,39.9,1744.0,Local
2017-06-06,Home,Park,Train,18.96,25.3,777.4,Local
2017-06-07,Home,Shopping Centre,Bus,12.71,30.5,1334.6,Local
2017-06-08,Home,Cricket Ground,Walk,12.13,145.6,0.0,Local
2017-06-09,School,Cricket Ground,Train,4.94,6.6,202.5,Local
2017-06-09,Home,School,Bus,6.61,15.9,694.1,Local
2017-06-10,Home,Friend's Place,Bicycle,19.93,79.7,0.0,Local
2017-06-10,Friend's Place,Cinema,Train,6.79,9.1,278.4,Local
2017-06-12,Home,Shopping Centre,Tram,15.32,46.0,919.2,Local
2017-06-12,Shopping Centre,Home,Walk,12.22,146.6,0.0,Local
2017-06-14,Home,Cricket Ground,Walk,15.02,180.2,0.0,Local
2017-06-14,Cricket Ground,Home,Bus,5.08,12.2,533.4,Local
2017-06-14,Home,Friend's Place,Bicycle,14.93,59.7,0.0,Local
2017-06-15,Grandparents' House,Cricket Ground,Bus,1.7,4.1,178.5,Local
2017-06-15,Park,Grandparents' House,Tram,5.6,16.8,336.0,Local
2017-06-15,Home,Park,Bicycle,13.13,52.5,0.0,Local
2017-06-16,Home,Friend's Place,Train,6.4,8.5,262.4,Local
2017-06-17,Home,Friend's Place,Bus,18.4,44.2,1932.0,Local
2017-06-18,Home,Grandparents' House,Bicycle,16.48,65.9,0.0,Local
2017-06-18,Grandparents' House,Cinema,Train,5.13,6.8,210.3,Local
2017-06-20,Home,Grandparents' House,Bus,16.14,38.7,1694.7,Local
2017-06-21,Home,School,Bus,17.04,40.9,1789.2,Local
2017-06-22,Friend's Place,Shopping Centre,Tram,1.52,4.6,91.2,Local
2017-06-22,Home,Friend's Place,Walk,7.64,91.7,0.0,Local
2017-06-23,Home,Cinema,Train,18.89,25.2,774.5,Local
2017-06-24,Home,Cinema,Bicycle,13.63,54.5,0.0,Local
2017-06-25,Home,Shopping Centre,Bicycle,6.55,26.2,0.0,Local
2017-06-25,Shopping Centre,Cricket Ground,Train,2.4,3.2,98.4,Local
2017-06-25,Cricket Ground,Grandparents' House,Bicycle,7.96,31.8,0.0,Local
2017-06-26,Home,Cinema,Bicycle,16.73,66.9,0.0,Local
2017-06-27,Home,Friend's Place,Car,9.14,13.7,1754.9,Local
2017-06-28,Home,Friend's Place,Bus,9.44,22.7,991.2,Local
2017-06-30,Home,Shopping Centre,Bicycle,5.11,20.4,0.0,Local
2017-07-03,Home,Park,Car,16.53,24.8,3173.8,Local
2017-07-04,Home,Cinema,Walk,18.45,221.4,0.0,Local
2017-07-05,Home,Friend's Place,Tram,11.86,35.6,711.6,Local
2017-07-06,Home,Friend's Place,Tram,17.49,52.5,1049.4,Local
2017-07-06,Friend's Place,Home,Tram,7.09,21.3,425.4,Local
2017-07-07,Home,School,Bus,11.34,27.2,1190.7,Local
2017-07-09,Home,Shopping Centre,Train,9.71,12.9,398.1,Local
2017-07-10,Home,Grandparents' House,Bus,6.68,16.0,701.4,Local
2017-07-11,Home,Shopping Centre,Walk,8.91,106.9,0.0,Local
2017-07-12,Home,Cinema,Tram,16.49,49.5,989.4,Local
2017-07-13,Home,School,Bus,18.0,43.2,1890.0,Local
2017-07-14,Home,School,Bus,9.11,21.9,956.5,Local
2017-07-16,Home,Park,Tram,6.71,20.1,402.6,Local
2017-07-16,Park,School,Bus,1.99,4.8,208.9,Local
2017-07-16,School,Friend's Place,Bicycle,2.39,9.6,0.0,Local
2017-07-17,Shopping Centre,Home,Car,9.95,14.9,1910.4,Local
2017-07-17,Home,Shopping Centre,Car,15.05,22.6,2889.6,Local
2017-07-20,Home,Cricket Ground,Train,12.64,16.9,518.2,Local
2017-07-21,Home,Friend's Place,Bus,10.7,25.7,1123.5,Local
2017-07-23,Home,Shopping Centre,Train,18.55,24.7,760.6,Local
2017-07-24,Home,Park,Walk,13.97,167.6,0.0,Local
2017-07-24,Park,Grandparents' House,Tram,6.85,20.5,411.0,Local
2017-07-24,Grandparents' House,Shopping Centre,Bus,1.74,4.2,182.7,Local
2017-07-25,Home,Friend's Place,Bus,13.18,31.6,1383.9,Local
2017-07-26,Shopping Centre,Cricket Ground,Tram,1.84,5.5,110.4,Local
2017-07-26,Home,Shopping Centre,Car,13.76,20.6,2641.9,Local
2017-07-28,Home,Shopping Centre,Bicycle,11.83,47.3,0.0,Local
2017-07-28,Shopping Centre,Home,Bus,12.36,29.7,1297.8,Local
2017-07-29,Home,Cinema,Walk,16.12,193.4,0.0,Local
2017-07-30,Home,Friend's Place,Train,11.46,15.3,469.9,Local
2017-07-31,Home,Grandparents' House,Bicycle,12.82,51.3,0.0,Local
2017-08-01,Home,Park,Bicycle,12.18,48.7,0.0,Local
2017-08-01,Park,Cricket Ground,Walk,3.74,44.9,0.0,Local
2017-08-03,Home,Cricket Ground,Walk,15.74,188.9,0.0,Local
2017-08-04,Home,Friend's Place,Tram,17.12,51.4,1027.2,Local
2017-08-05,Home,Shopping Centre,Car,14.01,21.0,2689.9,Local
2017-08-06,Home,Friend's Place,Train,5.34,7.1,218.9,Local
2017-08-06,Friend's Place,School,Bus,7.79,18.7,818.0,Local
2017-08-06,School,Home,Car,17.47,26.2,3354.2,Local
2017-08-08,Home,Cinema,Bicycle,5.92,23.7,0.0,Local
2017-08-08,Cinema,Home,Car,14.36,21.5,2757.1,Local
2017-08-09,Home,School,Bus,18.67,44.8,1960.4,Local
2017-08-10,Home,Grandparents' House,Tram,7.5,22.5,450.0,Local
2017-08-12,Home,Park,Bus,7.17,17.2,752.9,Local
2017-08-14,Home,Park,Train,6.74,9.0,276.3,Local
2017-08-14,Park,Grandparents' House,Car,7.29,10.9,1399.7,Local
2017-08-15,Home,Grandparents' House,Bus,18.38,44.1,1929.9,Local
2017-08-15,Grandparents' House,Cricket Ground,Tram,3.62,10.9,217.2,Local
2017-08-15,Cricket Ground,Park,Walk,6.35,76.2,0.0,Local
2017-08-16,Home,Cinema,Tram,18.79,56.4,1127.4,Local
2017-08-18,Home,Park,Car,5.18,7.8,994.6,Local
2017-08-19,Home,Friend's Place,Bus,7.56,18.1,793.8,Local
2017-08-20,Home,Cinema,Walk,19.63,235.6,0.0,Local
2017-08-21,Home,Cricket Ground,Bicycle,13.14,52.6,0.0,Local
2017-08-22,Home,Friend's Place,Train,9.3,12.4,381.3,Local
2017-08-23,Home,Park,Train,6.46,8.6,264.9,Local
2017-08-25,Home,Shopping Centre,Train,16.17,21.6,663.0,Local
2017-08-25,Shopping Centre,School,Bus,7.64,18.3,802.2,Local
2017-08-26,Home,School,Bus,14.21,34.1,1492.1,Local
2017-08-27,Home,School,Bus,12.35,29.6,1296.8,Local
2017-08-27,School,Friend's Place,Tram,4.89,14.7,293.4,Local
2017-08-28,Home,Cinema,Bus,6.88,16.5,722.4,Local
2017-08-29,Home,Grandparents' House,Bus,19.48,46.8,2045.4,Local
2017-08-30,Home,Cricket Ground,Bus,19.35,46.4,2031.8,Local
2017-09-01,Home,Friend's Place,Bicycle,16.09,64.4,0.0,Local
2017-09-01,Friend's Place,School,Bus,4.55,10.9,477.8,Local
2017-09-03,Home,Shopping Centre,Train,15.23,20.3,624.4,Local
2017-09-04,Home,Cricket Ground,Train,8.26,11.0,338.7,Local
2017-09-05,School,Shopping Centre,Tram,7.18,21.5,430.8,Local
2017-09-05,Shopping Centre,School,Bus,3.97,9.5,416.9,Local
2017-09-05,Home,School,Bus,8.19,19.7,859.9,Local
2017-09-06,Home,Grandparents' House,Tram,9.48,28.4,568.8,Local
2017-09-06,Grandparents' House,Cricket Ground,Bus,7.03,16.9,738.1,Local
2017-09-07,Home,Friend's Place,Walk,6.8,81.6,0.0,Local
2017-09-08,Home,Cinema,Bus,15.1,36.2,1585.5,Local
2017-09-09,Home,Cricket Ground,Tram,5.23,15.7,313.8,Local
2017-09-09,Cricket Ground,Shopping Centre,Tram,5.05,15.2,303.0,Local
2017-09-10,Home,Shopping Centre,Bicycle,16.4,65.6,0.0,Local
2017-09-12,Home,Cinema,Train,8.67,11.6,355.5,Local
2017-09-13,Home,Cinema,Car,15.37,23.1,2951.0,Local
2017-09-13,Home,Cinema,Bus,12.46,29.9,1308.3,Local
2017-09-13,Cinema,Home,Bus,9.58,23.0,1005.9,Local
2017-09-14,Home,Grandparents' House,Car,11.7,17.5,2246.4,Local
2017-09-15,Home,Grandparents' House,Walk,19.57,234.8,0.0,Local
2017-09-16,Home,Park,Bus,18.33,44.0,1924.6,Local
2017-09-17,Home,Shopping Centre,Car,6.47,9.7,1242.2,Local
2017-09-18,Home,Grandparents' House,Bicycle,16.77,67.1,0.0,Local
2017-09-19,Home,Cricket Ground,Car,11.29,16.9,2167.7,Local
2017-09-19,Cricket Ground,School,Bus,5.41,13.0,568.1,Local
2017-09-19,School,Park,Bus,6.21,14.9,652.0,Local
2017-09-20,Home,Shopping Centre,Bus,6.4,15.4,672.0,Local
2017-09-21,Home,Cricket Ground,Walk,14.03,168.4,0.0,Local
2017-09-23,Home,Shopping Centre,Tram,11.4,34.2,684.0,Local
2017-09-24,Home,Friend's Place,Car,13.15,19.7,2524.8,Local
2017-09-25,Cricket Ground,School,Bus,1.45,3.5,152.2,Local
2017-09-25,Home,Cricket Ground,Tram,17.6,52.8,1056.0,Local
2017-09-26,Friend's Place,Cricket Ground,Car,2.31,3.5,443.5,Local
2017-09-26,Grandparents' House,Friend's Place,Train,4.32,5.8,177.1,Local
2017-09-26,Home,Grandparents' House,Walk,16.13,193.6,0.0,Local
2017-09-27,Home,Park,Car,15.79,23.7,3031.7,Local
2017-09-29,Home,Friend's Place,Walk,10.94,131.3,0.0,Local
2017-09-30,Home,Cricket Ground,Bus,19.04,45.7,1999.2,Local
2017-10-01,Home,Shopping Centre,Train,6.97,9.3,285.8,Local
2017-10-01,Shopping Centre,Cinema,Train,2.38,3.2,97.6,Local
2017-10-01,Cinema,School,Bus,1.74,4.2,182.7,Local
2017-10-02,Home,Cricket Ground,Walk,10.55,126.6,0.0,Local
2017-10-02,Cricket Ground,School,Bus,4.75,11.4,498.8,Local
2017-10-04,Home,Grandparents' House,Bicycle,14.65,58.6,0.0,Local
2017-10-05,Home,Cinema,Bus,11.45,27.5,1202.2,Local
2017-10-06,Home,Friend's Place,Bus,16.78,40.3,1761.9,Local
2017-10-07,Home,Cricket Ground,Walk,15.63,187.6,0.0,Local
2017-10-08,Home,School,Bus,8.22,19.7,863.1,Local
2017-10-09,Home,Park,Bus,18.15,43.6,1905.7,Local
2017-10-10,Home,Park,Train,10.65,14.2,436.7,Local
2017-10-11,Home,Cricket Ground,Walk,14.84,178.1,0.0,Local
2017-10-12,Home,Shopping Centre,Bicycle,10.57,42.3,0.0,Local
2017-10-14,Home,Cinema,Train,10.62,14.2,435.4,Local
2017-10-15,Home,Grandparents' House,Bus,13.5,32.4,1417.5,Local
2017-10-15,Grandparents' House,Home,Bicycle,7.35,29.4,0.0,Local
2017-10-16,Home,Shopping Centre,Walk,7.96,95.5,0.0,Local
2017-10-16,Shopping Centre,Park,Train,6.75,9.0,276.8,Local
2017-10-17,Home,Cricket Ground,Bus,8.93,21.4,937.6,Local
2017-10-18,School,Park,Tram,5.33,16.0,319.8,Local
2017-10-18,Home,School,Bus,10.35,24.8,1086.8,Local
2017-10-19,Home,Grandparents' House,Bus,15.42,37.0,1619.1,Local
2017-10-19,Grandparents' House,Cricket Ground,Bicycle,3.64,14.6,0.0,Local
2017-10-19,Cricket Ground,Cinema,Bus,4.83,11.6,507.2,Local
2017-10-20,Home,Shopping Centre,Tram,14.08,42.2,844.8,Local
2017-10-21,Cricket Ground,Friend's Place,Walk,7.24,86.9,0.0,Local
2017-10-21,Home,Cinema,Bus,5.68,13.6,596.4,Local
2017-10-21,Cinema,Cricket Ground,Bicycle,3.1,12.4,0.0,Local
2017-10-22,Home,Cricket Ground,Train,17.62,23.5,722.4,Local
2017-10-23,Cricket Ground,Friend's Place,Walk,1.0,12.0,0.0,Local
2017-10-23,Home,Cricket Ground,Walk,8.12,97.4,0.0,Local
2017-10-24,Home,Shopping Centre,Train,17.49,23.3,717.1,Local
2017-10-25,Home,Cinema,Walk,18.58,223.0,0.0,Local
2017-10-27,Home,Grandparents' House,Tram,19.89,59.7,1193.4,Local
2017-10-28,Home,Cinema,Walk,7.03,84.4,0.0,Local
2017-10-29,Home,School,Bus,13.74,33.0,1442.7,Local
2017-10-29,School,Park,Train,4.81,6.4,197.2,Local
2017-10-31,School,Cinema,Train,6.3,8.4,258.3,Local
2017-10-31,Home,School,Bus,10.68,25.6,1121.4,Local
2017-11-01,Home,Cinema,Walk,11.34,136.1,0.0,Local
2017-11-01,Cinema,School,Bus,0.82,2.0,86.1,Local
2017-11-02,Home,School,Bus,10.99,26.4,1154.0,Local
2017-11-03,Home,Cricket Ground,Bus,16.3,39.1,1711.5,Local
2017-11-04,Home,Shopping Centre,Bus,14.27,34.2,1498.3,Local
2017-11-06,Park,Cinema,Tram,6.43,19.3,385.8,Local
2017-11-06,Home,Park,Tram,7.84,23.5,470.4,Local
2017-11-07,Home,Park,Bus,8.96,21.5,940.8,Local
2017-11-08,Home,Cinema,Bus,15.88,38.1,1667.4,Local
2017-11-09,Home,Friend's Place,Walk,17.52,210.2,0.0,Local
2017-11-10,Home,Cricket Ground,Car,16.9,25.3,3244.8,Local
2017-11-11,Home,Grandparents' House,Train,5.63,7.5,230.8,Local
2017-11-13,Home,Cinema,Bus,5.51,13.2,578.5,Local
2017-11-13,Cinema,Grandparents' House,Bicycle,5.04,20.2,0.0,Local
2017-11-16,Home,Friend's Place,Bus,17.27,41.4,1813.3,Local
2017-11-17,Home,Park,Car,18.22,27.3,3498.2,Local
2017-11-18,Home,Grandparents' House,Car,5.51,8.3,1057.9,Local
2017-11-19,Home,Park,Car,12.17,18.3,2336.6,Local
2017-11-20,Home,Grandparents' House,Bicycle,7.03,28.1,0.0,Local
2017-11-20,Grandparents' House,Cricket Ground,Bicycle,1.37,5.5,0.0,Local
2017-11-20,Cricket Ground,Friend's Place,Train,7.34,9.8,300.9,Local
2017-11-21,Home,Cinema,Car,5.64,8.5,1082.9,Local
2017-11-21,Cinema,Cricket Ground,Tram,6.47,19.4,388.2,Local
2017-11-21,Cricket Ground,Shopping Centre,Walk,5.4,64.8,0.0,Local
2017-11-22,Cricket Ground,Friend's Place,Tram,4.81,14.4,288.6,Local
2017-11-22,Home,Cricket Ground,Bus,8.51,20.4,893.5,Local
2017-11-22,Friend's Place,Grandparents' House,Bicycle,1.81,7.2,0.0,Local
2017-11-24,Home,Grandparents' House,Train,6.21,8.3,254.6,Local
2017-11-25,Home,Shopping Centre,Car,17.57,26.4,3373.4,Local
2017-11-26,Home,Cinema,Bicycle,19.2,76.8,0.0,Local
2017-11-29,Home,Cricket Ground,Bicycle,18.02,72.1,0.0,Local
2017-11-29,Cricket Ground,Cinema,Car,0.66,1.0,126.7,Local
2017-11-29,Cinema,Friend's Place,Tram,0.6,1.8,36.0,Local
2017-11-30,Home,Cricket Ground,Train,8.38,11.2,343.6,Local
2017-11-30,Cricket Ground,Home,Car,9.74,14.6,1870.1,Local
2017-11-30,Home,Shopping Centre,Car,11.94,17.9,2292.5,Local
2017-12-01,Home,Grandparents' House,Car,16.45,24.7,3158.4,Local
2017-12-02,Home,Grandparents' House,Train,11.69,15.6,479.3,Local
2017-12-02,Grandparents' House,Cricket Ground,Car,7.75,11.6,1488.0,Local
2017-12-03,Home,Park,Bicycle,14.94,59.8,0.0,Local
2017-12-04,Home,Cinema,Car,16.71,25.1,3208.3,Local
2017-12-05,Home,Cricket Ground,Tram,10.85,32.5,651.0,Local
2017-12-06,Home,Shopping Centre,Walk,11.3,135.6,0.0,Local
2017-12-07,Home,School,Bus,11.44,27.5,1201.2,Local
2017-12-08,Home,Shopping Centre,Train,18.93,25.2,776.1,Local
2017-12-10,Cricket Ground,Shopping Centre,Bicycle,2.44,9.8,0.0,Local
2017-12-10,Home,Cricket Ground,Walk,10.84,130.1,0.0,Local
2017-12-11,Home,School,Bus,9.06,21.7,951.3,Local
2017-12-11,School,Park,Bicycle,6.74,27.0,0.0,Local
2017-12-12,Home,Friend's Place,Car,7.65,11.5,1468.8,Local
2017-12-13,Home,Grandparents' House,Car,15.77,23.7,3027.8,Local
2017-12-13,Grandparents' House,Shopping Centre,Bicycle,3.8,15.2,0.0,Local
2017-12-14,Home,Cricket Ground,Bus,18.41,44.2,1933.0,Local
2017-12-15,Home,Cinema,Train,9.43,12.6,386.6,Local
2017-12-16,Home,Grandparents' House,Bus,12.85,30.8,1349.2,Local
2017-12-18,Home,School,Bus,9.03,21.7,948.1,Local
2017-12-18,School,Cinema,Walk,0.52,6.2,0.0,Local
2017-12-18,Cinema,Shopping Centre,Walk,5.15,61.8,0.0,Local
2017-12-19,Home,Shopping Centre,Bus,11.11,26.7,1166.5,Local
2017-12-20,Home,Friend's Place,Bicycle,6.79,27.2,0.0,Local
2017-12-20,Friend's Place,Grandparents' House,Car,2.95,4.4,566.4,Local
2017-12-20,Grandparents' House,Park,Walk,7.22,86.6,0.0,Local
2017-12-23,Grandparents' House,Friend's Place,Tram,1.12,3.4,67.2,Local
2017-12-23,Home,Grandparents' House,Bicycle,14.3,57.2,0.0,Local
2017-12-25,Home,Cinema,Train,12.4,16.5,508.4,Local
2017-12-27,Home,Grandparents' House,Walk,10.73,128.8,0.0,Local
2017-12-30,Home,Cricket Ground,Bus,13.26,31.8,1392.3,Local
2017-12-31,Home,Friend's Place,Tram,9.37,28.1,562.2,Local
2018-01-01,Home,School,Bus,18.36,44.1,1927.8,Local
2018-01-01,School,Home,Car,7.33,11.0,1407.4,Local
2018-01-01,Home,Cinema,Train,6.02,8.0,246.8,Local
2018-01-02,Home,Shopping Centre,Walk,11.06,132.7,0.0,Local
2018-01-03,Home,Park,Train,11.77,15.7,482.6,Local
2018-01-04,Home,Park,Train,12.51,16.7,512.9,Local
2018-01-04,Park,Home,Tram,17.32,52.0,1039.2,Local
2018-01-05,Home,Cinema,Car,10.41,15.6,1998.7,Local
2018-01-07,Home,Cinema,Train,19.5,26.0,799.5,Local
2018-01-08,Home,School,Bus,15.01,36.0,1576.0,Local
2018-01-09,Home,School,Bus,8.09,19.4,849.4,Local
2018-01-10,Home,Cinema,Walk,10.13,121.6,0.0,Local
2018-01-12,Home,Cinema,Bus,19.27,46.2,2023.3,Local
2018-01-13,Home,Cinema,Tram,17.88,53.6,1072.8,Local
2018-01-14,Home,Cricket Ground,Tram,5.68,17.0,340.8,Local
2018-01-15,Home,Park,Bus,14.93,35.8,1567.6,Local
2018-01-15,Park,Cinema,Tram,3.23,9.7,193.8,Local
2018-01-16,Home,Friend's Place,Walk,12.94,155.3,0.0,Local
2018-01-16,Friend's Place,Shopping Centre,Tram,5.56,16.7,333.6,Local
2018-01-17,Home,Cricket Ground,Walk,14.59,175.1,0.0,Local
2018-01-19,Home,Shopping Centre,Car,7.63,11.4,1465.0,Local
2018-01-20,Cricket Ground,Park,Train,3.75,5.0,153.8,Local
2018-01-20,Home,Cricket Ground,Car,19.89,29.8,3818.9,Local
2018-01-22,Home,Cricket Ground,Train,10.55,14.1,432.6,Local
2018-01-22,Cricket Ground,Shopping Centre,Walk,6.07,72.8,0.0,Local
2018-01-22,Shopping Centre,Home,Walk,8.75,105.0,0.0,Local
2018-01-23,Home,Friend's Place,Bus,9.37,22.5,983.8,Local
2018-01-23,Friend's Place,Cinema,Train,4.48,6.0,183.7,Local
2018-01-25,Home,Cricket Ground,Walk,6.99,83.9,0.0,Local
2018-01-25,Cricket Ground,Cinema,Bicycle,7.45,29.8,0.0,Local
2018-01-27,Shopping Centre,School,Bus,1.58,3.8,165.9,Local
2018-01-27,Home,Shopping Centre,Bus,9.68,23.2,1016.4,Local
2018-01-28,Home,Friend's Place,Train,18.08,24.1,741.3,Local
2018-01-30,Home,Park,Tram,10.52,31.6,631.2,Local
2018-01-31,Home,Friend's Place,Bicycle,18.33,73.3,0.0,Local
2018-01-31,Friend's Place,Cricket Ground,Car,4.68,7.0,898.6,Local
2018-02-01,Home,Cinema,Car,8.07,12.1,1549.4,Local
2018-02-01,Cinema,Friend's Place,Bicycle,6.07,24.3,0.0,Local
2018-02-02,Home,Friend's Place,Bus,13.46,32.3,1413.3,Local
2018-02-03,Home,School,Bus,15.77,37.8,1655.8,Local
2018-02-05,Home,Grandparents' House,Bicycle,19.73,78.9,0.0,Local
2018-02-07,Home,Park,Bicycle,16.82,67.3,0.0,Local
2018-02-07,Park,Shopping Centre,Walk,3.13,37.6,0.0,Local
2018-02-07,Shopping Centre,Friend's Place,Train,1.47,2.0,60.3,Local
2018-02-08,Home,Shopping Centre,Car,6.12,9.2,1175.0,Local
2018-02-08,Shopping Centre,Friend's Place,Train,6.96,9.3,285.4,Local
2018-02-10,Home,Cinema,Walk,17.93,215.2,0.0,Local
2018-02-12,Home,Grandparents' House,Train,12.38,16.5,507.6,Local
2018-02-13,Home,Friend's Place,Walk,9.16,109.9,0.0,Local
2018-02-14,Home,Park,Car,5.14,7.7,986.9,Local
2018-02-15,Home,Cricket Ground,Bus,5.64,13.5,592.2,Local
2018-02-15,Cricket Ground,Cinema,Car,7.52,11.3,1443.8,Local
2018-02-15,Cinema,Friend's Place,Car,4.54,6.8,871.7,Local
2018-02-16,Home,Grandparents' House,Walk,5.24,62.9,0.0,Local
2018-02-18,Home,School,Bus,17.19,41.3,1805.0,Local
2018-02-18,School,Grandparents' House,Bicycle,3.1,12.4,0.0,Local
2018-02-19,Home,School,Bus,7.67,18.4,805.4,Local
2018-02-20,Grandparents' House,Cinema,Car,7.79,11.7,1495.7,Local
2018-02-20,Home,Friend's Place,Bicycle,15.38,61.5,0.0,Local
2018-02-20,Friend's Place,Grandparents' House,Bus,3.11,7.5,326.6,Local
2018-02-23,Home,Grandparents' House,Bicycle,6.97,27.9,0.0,Local
2018-02-24,Home,Grandparents' House,Walk,5.28,63.4,0.0,Local
2018-02-25,Home,Friend's Place,Train,5.06,6.7,207.5,Local
2018-02-26,Shopping Centre,Home,Bicycle,15.92,63.7,0.0,Local
2018-02-26,Home,Shopping Centre,Bicycle,15.67,62.7,0.0,Local
2018-02-26,Home,Grandparents' House,Tram,6.39,19.2,383.4,Local
2018-02-27,Home,Cricket Ground,Car,5.53,8.3,1061.8,Local
2018-02-28,Home,Shopping Centre,Tram,7.43,22.3,445.8,Local
2018-02-28,Shopping Centre,Home,Train,5.53,7.4,226.7,Local
2018-03-01,Home,School,Bus,8.78,21.1,921.9,Local
2018-03-01,School,Park,Walk,5.31,63.7,0.0,Local
2018-03-02,Home,Park,Bicycle,12.68,50.7,0.0,Local
2018-03-02,Park,Cricket Ground,Tram,1.03,3.1,61.8,Local
2018-03-03,Home,Grandparents' House,Walk,12.06,144.7,0.0,Local
2018-03-05,Home,Cricket Ground,Car,10.74,16.1,2062.1,Local
2018-03-05,Cricket Ground,Grandparents' House,Bicycle,3.67,14.7,0.0,Local
2018-03-05,Grandparents' House,School,Bus,6.48,15.6,680.4,Local
2018-03-06,Home,Cinema,Car,16.62,24.9,3191.0,Local
2018-03-07,Home,Cinema,Walk,12.3,147.6,0.0,Local
2018-03-09,Home,Cricket Ground,Bus,17.7,42.5,1858.5,Local
2018-03-10,Home,Friend's Place,Train,5.82,7.8,238.6,Local
2018-03-11,Home,Cricket Ground,Bus,5.3,12.7,556.5,Local
2018-03-12,Park,School,Bus,1.39,3.3,145.9,Local
2018-03-12,Cricket Ground,Park,Bus,2.18,5.2,228.9,Local
2018-03-12,Home,Cricket Ground,Bus,6.77,16.2,710.8,Local
2018-03-15,Home,Friend's Place,Walk,19.12,229.4,0.0,Local
2018-03-16,Home,Shopping Centre,Tram,13.54,40.6,812.4,Local
2018-03-16,Shopping Centre,Park,Bus,6.74,16.2,707.7,Local
2018-03-18,Home,Shopping Centre,Car,19.09,28.6,3665.3,Local
2018-03-20,Home,Friend's Place,Bus,11.87,28.5,1246.3,Local
2018-03-21,Home,Friend's Place,Tram,5.91,17.7,354.6,Local
2018-03-22,Home,Friend's Place,Bus,15.97,38.3,1676.9,Local
2018-03-23,Cinema,Shopping Centre,Bus,3.66,8.8,384.3,Local
2018-03-23,Home,Cinema,Car,6.66,10.0,1278.7,Local
2018-03-24,Home,Grandparents' House,Bus,9.85,23.6,1034.2,Local
2018-03-25,Home,Shopping Centre,Bicycle,18.49,74.0,0.0,Local
2018-03-25,Shopping Centre,School,Bus,3.78,9.1,396.9,Local
2018-03-26,Home,Shopping Centre,Tram,16.49,49.5,989.4,Local
2018-03-27,Home,Grandparents' House,Car,11.32,17.0,2173.4,Local
2018-03-28,Home,Friend's Place,Car,10.83,16.2,2079.4,Local
2018-03-29,Home,Cricket Ground,Bus,14.33,34.4,1504.7,Local
2018-03-30,Home,Shopping Centre,Tram,6.69,20.1,401.4,Local
2018-03-31,Home,Cricket Ground,Bicycle,13.03,52.1,0.0,Local
2018-04-02,Home,Cricket Ground,Bicycle,7.18,28.7,0.0,Local
2018-04-03,Home,Grandparents' House,Bus,16.38,39.3,1719.9,Local
2018-04-03,Grandparents' House,Shopping Centre,Train,2.61,3.5,107.0,Local
2018-04-04,Home,Friend's Place,Tram,8.19,24.6,491.4,Local
2018-04-05,Home,Grandparents' House,Walk,13.47,161.6,0.0,Local
2018-04-05,Grandparents' House,Park,Car,5.45,8.2,1046.4,Local
2018-04-06,Home,School,Bus,16.29,39.1,1710.4,Local
2018-04-06,School,Park,Tram,7.69,23.1,461.4,Local
2018-04-06,Park,Friend's Place,Bicycle,1.27,5.1,0.0,Local
2018-04-08,Home,School,Bus,19.24,46.2,2020.2,Local
2018-04-08,School,Cricket Ground,Bus,2.63,6.3,276.1,Local
2018-04-09,Home,Park,Bicycle,15.15,60.6,0.0,Local
2018-04-10,Home,Cricket Ground,Car,9.35,14.0,1795.2,Local
2018-04-10,Cricket Ground,Cinema,Bus,7.93,19.0,832.6,Local
2018-04-11,Home,Cinema,Bicycle,15.75,63.0,0.0,Local
2018-04-13,Home,Cinema,Walk,19.8,237.6,0.0,Local
2018-04-13,Cinema,Grandparents' House,Train,7.02,9.4,287.8,Local
2018-04-14,Home,Cinema,Train,8.1,10.8,332.1,Local
2018-04-15,Home,Shopping Centre,Tram,11.18,33.5,670.8,Local
2018-04-16,Home,Cricket Ground,Bicycle,11.27,45.1,0.0,Local
2018-04-17,Home,School,Bus,13.54,32.5,1421.7,Local
2018-04-18,Home,Park,Car,19.05,28.6,3657.6,Local
2018-04-18,Park,School,Bus,4.33,10.4,454.7,Local
2018-04-20,Home,Friend's Place,Tram,5.34,16.0,320.4,Local
2018-04-21,Home,Grandparents' House,Tram,17.06,51.2,1023.6,Local
2018-04-22,Home,School,Bus,8.53,20.5,895.6,Local
2018-04-22,School,Park,Train,0.52,0.7,21.3,Local
2018-04-24,Home,Park,Bus,19.19,46.1,2015.0,Local
2018-04-26,Home,Cinema,Tram,14.99,45.0,899.4,Local
2018-04-26,Cinema,Friend's Place,Bicycle,6.93,27.7,0.0,Local
2018-04-27,Home,Grandparents' House,Bicycle,5.54,22.2,0.0,Local
2018-04-28,Home,Friend's Place,Tram,13.06,39.2,783.6,Local
2018-04-28,Friend's Place,Shopping Centre,Train,7.87,10.5,322.7,Local
2018-04-29,Home,Shopping Centre,Car,19.77,29.7,3795.8,Local
2018-04-30,School,Grandparents' House,Train,4.6,6.1,188.6,Local
2018-04-30,Home,School,Bus,10.23,24.6,1074.2,Local
2018-05-01,Home,Grandparents' House,Walk,16.42,197.0,0.0,Local
2018-05-02,Home,Cinema,Car,12.11,18.2,2325.1,Local
2018-05-03,Home,Friend's Place,Tram,12.97,38.9,778.2,Local
2018-05-03,Friend's Place,Park,Bicycle,0.94,3.8,0.0,Local
2018-05-04,Home,School,Bus,8.87,21.3,931.3,Local
2018-05-05,Home,Park,Bicycle,17.42,69.7,0.0,Local
2018-05-07,Friend's Place,Park,Bicycle,2.03,8.1,0.0,Local
2018-05-07,Home,Friend's Place,Bus,11.56,27.7,1213.8,Local
2018-05-08,Home,Grandparents' House,Walk,12.63,151.6,0.0,Local
2018-05-09,Home,School,Bus,15.8,37.9,1659.0,Local
2018-05-09,School,Shopping Centre,Bus,7.73,18.6,811.7,Local
2018-05-10,Home,Cricket Ground,Bicycle,11.74,47.0,0.0,Local
2018-05-11,Home,School,Bus,13.26,31.8,1392.3,Local
2018-05-11,School,Friend's Place,Tram,1.26,3.8,75.6,Local
2018-05-12,Home,Shopping Centre,Car,16.56,24.8,3179.5,Local
2018-05-13,Shopping Centre,Cinema,Train,4.63,6.2,189.8,Local
2018-05-13,Home,Shopping Centre,Bus,13.81,33.1,1450.0,Local
2018-05-14,Home,Cricket Ground,Bus,7.97,19.1,836.9,Local
2018-05-14,Cricket Ground,Friend's Place,Bicycle,6.66,26.6,0.0,Local
2018-05-16,Home,Cricket Ground,Bus,6.48,15.6,680.4,Local
2018-05-17,Home,Grandparents' House,Tram,12.57,37.7,754.2,Local
2018-05-18,Home,Cinema,Tram,6.24,18.7,374.4,Local
2018-05-19,Home,Grandparents' House,Bicycle,19.66,78.6,0.0,Local
2018-05-19,Grandparents' House,School,Bus,4.93,11.8,517.6,Local
2018-05-20,Home,Cinema,Bicycle,19.64,78.6,0.0,Local
2018-05-22,Home,Shopping Centre,Walk,19.87,238.4,0.0,Local
2018-05-24,Home,Shopping Centre,Bicycle,13.87,55.5,0.0,Local
2018-05-24,Shopping Centre,Park,Tram,5.42,16.3,325.2,Local
2018-05-25,Home,Shopping Centre,Bicycle,17.73,70.9,0.0,Local
2018-05-26,Home,School,Bus,7.69,18.5,807.5,Local
2018-05-27,Home,Cinema,Train,18.88,25.2,774.1,Local
2018-05-28,Shopping Centre,Home,Car,13.6,20.4,2611.2,Local
2018-05-28,Home,School,Bus,11.81,28.3,1240.0,Local
2018-05-28,Home,Shopping Centre,Bicycle,6.34,25.4,0.0,Local
2018-05-29,Friend's Place,Cinema,Bus,2.15,5.2,225.8,Local
2018-05-29,Cinema,Shopping Centre,Tram,2.12,6.4,127.2,Local
2018-05-29,Home,Friend's Place,Walk,5.84,70.1,0.0,Local
2018-05-30,Home,Park,Tram,5.52,16.6,331.2,Local
2018-05-31,Home,Park,Bus,11.1,26.6,1165.5,Local
2018-05-31,Park,Friend's Place,Bicycle,2.64,10.6,0.0,Local
2018-06-01,Home,School,Bus,19.15,46.0,2010.7,Local
2018-06-01,School,Cinema,Tram,7.48,22.4,448.8,Local
2018-06-02,Home,Friend's Place,Walk,7.31,87.7,0.0,Local
2018-06-03,Home,Cricket Ground,Tram,9.67,29.0,580.2,Local
2018-06-03,Cricket Ground,Home,Walk,5.87,70.4,0.0,Local
2018-06-04,Home,Friend's Place,Bicycle,12.5,50.0,0.0,Local
2018-06-05,Home,Grandparents' House,Tram,6.28,18.8,376.8,Local
2018-06-06,Home,Shopping Centre,Train,13.17,17.6,540.0,Local
2018-06-08,Home,Friend's Place,Walk,12.3,147.6,0.0,Local
2018-06-09,Home,Friend's Place,Bus,15.61,37.5,1639.0,Local
2018-06-09,Friend's Place,Park,Walk,7.73,92.8,0.0,Local
2018-06-10,Home,Cricket Ground,Bus,8.51,20.4,893.5,Local
2018-06-11,Friend's Place,Cinema,Train,0.66,0.9,27.1,Local
2018-06-11,Home,Friend's Place,Tram,6.16,18.5,369.6,Local
2018-06-12,Home,Friend's Place,Car,6.26,9.4,1201.9,Local
2018-06-12,Friend's Place,Cricket Ground,Bus,5.1,12.2,535.5,Local
2018-06-13,Home,School,Bus,14.36,34.5,1507.8,Local
2018-06-14,Home,Park,Tram,15.94,47.8,956.4,Local
2018-06-15,Home,School,Bus,7.98,19.2,837.9,Local
2018-06-15,School,Home,Car,10.23,15.3,1964.2,Local
2018-06-16,Home,Shopping Centre,Train,13.59,18.1,557.2,Local
2018-06-20,Shopping Centre,Cricket Ground,Walk,4.55,54.6,0.0,Local
2018-06-20,Cricket Ground,Friend's Place,Car,5.72,8.6,1098.2,Local
2018-06-20,Home,Shopping Centre,Car,19.72,29.6,3786.2,Local
2018-06-21,Home,Grandparents' House,Bicycle,17.19,68.8,0.0,Local
2018-06-21,Grandparents' House,Friend's Place,Bicycle,4.46,17.8,0.0,Local
2018-06-22,Home,Cinema,Bus,15.05,36.1,1580.2,Local
2018-06-23,Home,School,Bus,8.52,20.4,894.6,Local
2018-06-24,Home,Shopping Centre,Bicycle,5.7,22.8,0.0,Local
2018-06-25,Home,Park,Bicycle,8.26,33.0,0.0,Local
2018-06-26,Home,Cricket Ground,Bicycle,5.37,21.5,0.0,Local
2018-06-28,Shopping Centre,Grandparents' House,Train,4.4,5.9,180.4,Local
2018-06-28,Home,Grandparents' House,Train,5.32,7.1,218.1,Local
2018-06-28,Grandparents' House,Shopping Centre,Train,4.33,5.8,177.5,Local
2018-06-29,Home,School,Bus,9.77,23.4,1025.8,Local
2018-06-30,Home,Shopping Centre,Tram,15.38,46.1,922.8,Local
2018-07-01,Home,Shopping Centre,Bus,15.49,37.2,1626.5,Local
2018-07-02,Home,Grandparents' House,Bicycle,15.44,61.8,0.0,Local
2018-07-03,Home,Shopping Centre,Train,17.92,23.9,734.7,Local
2018-07-04,Home,Grandparents' House,Bus,13.23,31.8,1389.2,Local
2018-07-05,Home,Friend's Place,Car,6.59,9.9,1265.3,Local
2018-07-06,Home,Cricket Ground,Walk,18.59,223.1,0.0,Local
2018-07-07,Home,Cricket Ground,Tram,8.97,26.9,538.2,Local
2018-07-09,Home,Park,Walk,7.25,87.0,0.0,Local
2018-07-09,Park,Shopping Centre,Walk,2.42,29.0,0.0,Local
2018-07-09,Shopping Centre,School,Bus,7.0,16.8,735.0,Local
2018-07-10,Home,Friend's Place,Bicycle,5.68,22.7,0.0,Local
2018-07-11,Cricket Ground,Cinema,Tram,4.02,12.1,241.2,Local
2018-07-11,Home,Cricket Ground,Train,19.53,26.0,800.7,Local
2018-07-12,Home,Cricket Ground,Walk,8.9,106.8,0.0,Local
2018-07-13,Home,Cricket Ground,Tram,5.34,16.0,320.4,Local
2018-07-14,Home,Cinema,Walk,9.11,109.3,0.0,Local
2018-07-16,Home,Park,Bus,11.36,27.3,1192.8,Local
2018-07-17,Home,Friend's Place,Tram,14.75,44.2,885.0,Local
2018-07-17,Friend's Place,Shopping Centre,Bus,1.2,2.9,126.0,Local
2018-07-18,Home,Park,Train,16.21,21.6,664.6,Local
2018-07-19,Home,School,Bus,9.39,22.5,986.0,Local
2018-07-20,Home,Cricket Ground,Walk,7.8,93.6,0.0,Local
2018-07-20,Cricket Ground,Cinema,Train,6.62,8.8,271.4,Local
2018-07-21,Home,Shopping Centre,Bicycle,19.1,76.4,0.0,Local
2018-07-23,Home,Park,Bus,16.01,38.4,1681.1,Local
2018-07-24,Home,Friend's Place,Bus,15.73,37.8,1651.7,Local
2018-07-25,Home,Cricket Ground,Car,16.34,24.5,3137.3,Local
2018-07-26,Home,Cricket Ground,Bus,19.24,46.2,2020.2,Local
2018-07-27,Home,School,Bus,16.88,40.5,1772.4,Local
2018-07-27,School,Friend's Place,Bus,4.31,10.3,452.5,Local
2018-07-28,Home,Cricket Ground,Walk,10.03,120.4,0.0,Local
2018-07-29,Shopping Centre,Park,Car,7.42,11.1,1424.6,Local
2018-07-29,Home,Shopping Centre,Bus,13.5,32.4,1417.5,Local
2018-07-30,Home,Cricket Ground,Train,9.77,13.0,400.6,Local
2018-08-01,Home,School,Bus,16.75,40.2,1758.8,Local
2018-08-02,Home,Shopping Centre,Car,15.49,23.2,2974.1,Local
2018-08-04,Home,Shopping Centre,Car,12.2,18.3,2342.4,Local
2018-08-04,Shopping Centre,School,Bus,3.1,7.4,325.5,Local
2018-08-05,Home,Cricket Ground,Bus,15.36,36.9,1612.8,Local
2018-08-06,Home,Cricket Ground,Tram,6.31,18.9,378.6,Local
2018-08-09,Home,Cinema,Tram,16.06,48.2,963.6,Local
2018-08-10,Home,Park,Car,5.56,8.3,1067.5,Local
2018-08-11,Home,Cricket Ground,Train,13.25,17.7,543.2,Local
2018-08-12,Home,Grandparents' House,Tram,13.09,39.3,785.4,Local
2018-08-12,Grandparents' House,School,Bus,6.66,16.0,699.3,Local
2018-08-12,School,Friend's Place,Bicycle,1.35,5.4,0.0,Local
2018-08-15,Home,Grandparents' House,Tram,18.48,55.4,1108.8,Local
2018-08-16,Home,Shopping Centre,Train,5.3,7.1,217.3,Local
2018-08-17,Home,Park,Bus,10.66,25.6,1119.3,Local
2018-08-17,Park,Shopping Centre,Tram,7.57,22.7,454.2,Local
2018-08-18,Park,School,Bus,5.96,14.3,625.8,Local
2018-08-18,Home,Friend's Place,Walk,18.24,218.9,0.0,Local
2018-08-18,Friend's Place,Park,Tram,4.88,14.6,292.8,Local
2018-08-19,Home,Grandparents' House,Walk,15.45,185.4,0.0,Local
2018-08-20,Home,Grandparents' House,Bus,19.78,47.5,2076.9,Local
2018-08-20,Grandparents' House,Park,Train,2.52,3.4,103.3,Local
2018-08-21,Home,Park,Tram,6.06,18.2,363.6,Local
2018-08-21,Park,Shopping Centre,Bus,5.28,12.7,554.4,Local
2018-08-22,Home,Park,Tram,17.63,52.9,1057.8,Local
2018-08-23,Home,Cinema,Walk,15.81,189.7,0.0,Local
2018-08-23,Cinema,Home,Bicycle,18.67,74.7,0.0,Local
2018-08-24,Home,Park,Bus,8.15,19.6,855.8,Local
2018-08-25,Home,Friend's Place,Walk,19.9,238.8,0.0,Local
2018-08-26,Home,Grandparents' House,Bicycle,15.51,62.0,0.0,Local
2018-08-28,Home,Cinema,Tram,19.89,59.7,1193.4,Local
2018-08-29,Grandparents' House,Home,Walk,18.04,216.5,0.0,Local
2018-08-29,Home,Grandparents' House,Tram,7.7,23.1,462.0,Local
2018-08-31,Cricket Ground,Friend's Place,Walk,3.17,38.0,0.0,Local
2018-08-31,Home,Cricket Ground,Tram,16.13,48.4,967.8,Local
2018-09-01,Home,Cricket Ground,Tram,15.06,45.2,903.6,Local
2018-09-01,Cricket Ground,Cinema,Car,7.89,11.8,1514.9,Local
2018-09-02,Home,Shopping Centre,Bicycle,15.24,61.0,0.0,Local
2018-09-03,Home,Friend's Place,Bicycle,8.32,33.3,0.0,Local
2018-09-04,Home,Cricket Ground,Train,11.61,15.5,476.0,Local
2018-09-05,Home,Friend's Place,Bus,16.79,40.3,1762.9,Local
2018-09-06,Home,Park,Car,13.74,20.6,2638.1,Local
2018-09-07,Home,Cinema,Car,13.42,20.1,2576.6,Local
2018-09-09,Home,Shopping Centre,Car,7.68,11.5,1474.6,Local
2018-09-10,Home,Grandparents' House,Tram,8.28,24.8,496.8,Local
2018-09-11,Home,Shopping Centre,Tram,15.47,46.4,928.2,Local
2018-09-12,Home,Grandparents' House,Bus,19.08,45.8,2003.4,Local
2018-09-12,Grandparents' House,Cinema,Bus,4.62,11.1,485.1,Local
2018-09-13,Home,Cinema,Bicycle,12.15,48.6,0.0,Local
2018-09-13,Cinema,Shopping Centre,Tram,2.43,7.3,145.8,Local
2018-09-14,Home,School,Bus,15.73,37.8,1651.7,Local
2018-09-15,Home,Grandparents' House,Tram,6.01,18.0,360.6,Local
2018-09-16,Home,Cricket Ground,Bicycle,8.09,32.4,0.0,Local
2018-09-17,Home,Grandparents' House,Bicycle,6.24,25.0,0.0,Local
2018-09-18,Home,Park,Bicycle,6.82,27.3,0.0,Local
2018-09-18,Park,Home,Walk,16.9,202.8,0.0,Local
2018-09-18,Home,Cricket Ground,Car,14.64,22.0,2810.9,Local
2018-09-19,Home,Shopping Centre,Train,11.26,15.0,461.7,Local
2018-09-19,Shopping Centre,Grandparents' House,Bicycle,7.07,28.3,0.0,Local
2018-09-21,Home,Park,Walk,10.18,122.2,0.0,Local
2018-09-22,Home,Cinema,Tram,18.93,56.8,1135.8,Local
2018-09-24,Home,Grandparents' House,Bus,10.01,24.0,1051.0,Local
2018-09-25,Home,School,Bus,6.17,14.8,647.9,Local
2018-09-25,School,Shopping Centre,Bus,0.75,1.8,78.8,Local
2018-09-25,Shopping Centre,School,Bus,3.6,8.6,378.0,Local
2018-09-26,Home,Cinema,Tram,13.76,41.3,825.6,Local
2018-09-26,Cinema,Friend's Place,Train,3.13,4.2,128.3,Local
2018-09-27,Home,Shopping Centre,Tram,12.22,36.7,733.2,Local
2018-09-28,Home,Friend's Place,Bus,16.79,40.3,1762.9,Local
2018-10-01,Home,Cricket Ground,Car,6.49,9.7,1246.1,Local
2018-10-02,Home,School,Bus,8.23,19.8,864.2,Local
2018-10-03,Home,Cricket Ground,Bicycle,9.61,38.4,0.0,Local
2018-10-04,Home,Grandparents' House,Train,18.5,24.7,758.5,Local
2018-10-04,Grandparents' House,Friend's Place,Bus,2.18,5.2,228.9,Local
2018-10-05,Home,Cricket Ground,Walk,9.84,118.1,0.0,Local
2018-10-05,Cricket Ground,Grandparents' House,Car,4.4,6.6,844.8,Local
2018-10-05,Grandparents' House,School,Bus,2.04,4.9,214.2,Local
2018-10-06,Home,Grandparents' House,Bus,16.98,40.8,1782.9,Local
2018-10-06,Grandparents' House,Friend's Place,Tram,6.59,19.8,395.4,Local
2018-10-06,Friend's Place,Cinema,Walk,4.47,53.6,0.0,Local
2018-10-07,Home,Park,Train,19.38,25.8,794.6,Local
2018-10-08,Home,Park,Train,18.4,24.5,754.4,Local
2018-10-09,Home,Friend's Place,Bus,15.21,36.5,1597.1,Local
2018-10-10,Home,Park,Train,12.08,16.1,495.3,Local
2018-10-10,Park,Grandparents' House,Tram,4.05,12.1,243.0,Local
2018-10-11,Home,Friend's Place,Train,14.35,19.1,588.4,Local
2018-10-14,Cinema,Grandparents' House,Walk,5.95,71.4,0.0,Local
2018-10-14,Home,Cinema,Bus,13.75,33.0,1443.8,Local
2018-10-15,Home,Cinema,Walk,9.09,109.1,0.0,Local
2018-10-15,Cinema,Shopping Centre,Walk,6.3,75.6,0.0,Local
2018-10-16,Home,Friend's Place,Bicycle,6.49,26.0,0.0,Local
2018-10-17,Home,Friend's Place,Walk,11.65,139.8,0.0,Local
2018-10-17,Friend's Place,Park,Tram,4.96,14.9,297.6,Local
2018-10-17,Park,Friend's Place,Bus,1.59,3.8,167.0,Local
2018-10-18,Home,Cinema,Walk,14.95,179.4,0.0,Local
2018-10-19,Home,Park,Bicycle,16.26,65.0,0.0,Local
2018-10-20,Home,School,Bus,6.92,16.6,726.6,Local
2018-10-20,School,Grandparents' House,Walk,3.57,42.8,0.0,Local
2018-10-20,Grandparents' House,Cricket Ground,Tram,5.89,17.7,353.4,Local
2018-10-21,Home,Cinema,Bus,7.17,17.2,752.9,Local
2018-10-23,Home,Park,Bicycle,9.97,39.9,0.0,Local
2018-10-24,Home,Cinema,Car,17.21,25.8,3304.3,Local
2018-10-25,Grandparents' House,Cricket Ground,Bus,6.94,16.7,728.7,Local
2018-10-25,Home,Grandparents' House,Tram,11.89,35.7,713.4,Local
2018-10-25,Cricket Ground,Cinema,Train,1.57,2.1,64.4,Local
2018-10-26,Home,Grandparents' House,Walk,13.26,159.1,0.0,Local
2018-10-28,Home,Park,Bus,16.98,40.8,1782.9,Local
2018-10-30,Home,Friend's Place,Bus,11.64,27.9,1222.2,Local
2018-10-31,Home,School,Bus,15.42,37.0,1619.1,Local
2018-10-31,School,Friend's Place,Car,1.29,1.9,247.7,Local
2018-11-01,Home,Friend's Place,Bus,15.62,37.5,1640.1,Local
2018-11-02,Home,Shopping Centre,Bus,6.87,16.5,721.4,Local
2018-11-04,Home,Shopping Centre,Car,5.02,7.5,963.8,Local
2018-11-05,Home,School,Bus,14.13,33.9,1483.7,Local
2018-11-06,Home,Park,Tram,9.39,28.2,563.4,Local
2018-11-07,Home,Grandparents' House,Train,9.02,12.0,369.8,Local
2018-11-08,Home,Cinema,Bus,10.76,25.8,1129.8,Local
2018-11-09,Home,Cricket Ground,Tram,18.76,56.3,1125.6,Local
2018-11-11,Home,Shopping Centre,Bus,18.69,44.9,1962.5,Local
2018-11-12,Home,Cricket Ground,Train,5.13,6.8,210.3,Local
2018-11-13,Home,Shopping Centre,Bicycle,19.98,79.9,0.0,Local
2018-11-15,Home,Friend's Place,Tram,13.15,39.4,789.0,Local
2018-11-16,School,Home,Train,7.75,10.3,317.8,Local
2018-11-16,Home,School,Bus,5.46,13.1,573.3,Local
2018-11-17,Home,Grandparents' House,Car,10.99,16.5,2110.1,Local
2018-11-17,Grandparents' House,Park,Tram,1.23,3.7,73.8,Local
2018-11-17,Park,School,Bus,5.13,12.3,538.6,Local
2018-11-19,Home,Shopping Centre,Bus,6.06,14.5,636.3,Local
2018-11-20,Home,Cricket Ground,Walk,15.7,188.4,0.0,Local
2018-11-20,Cricket Ground,Cinema,Tram,5.54,16.6,332.4,Local
2018-11-23,Home,Cricket Ground,Train,5.41,7.2,221.8,Local
2018-11-25,Home,Cinema,Train,6.86,9.1,281.3,Local
2018-11-26,Home,Park,Bicycle,19.48,77.9,0.0,Local
2018-11-27,Home,Cinema,Bicycle,9.01,36.0,0.0,Local
2018-11-29,Home,Shopping Centre,Car,15.1,22.6,2899.2,Local
2018-11-29,Shopping Centre,Cinema,Walk,5.0,60.0,0.0,Local
2018-11-29,Cinema,Shopping Centre,Tram,3.96,11.9,237.6,Local
2018-11-30,Home,Friend's Place,Tram,6.14,18.4,368.4,Local
2018-12-02,Friend's Place,Cinema,Tram,3.31,9.9,198.6,Local
2018-12-02,Home,Friend's Place,Car,11.95,17.9,2294.4,Local
2018-12-03,School,Park,Bicycle,7.74,31.0,0.0,Local
2018-12-03,Park,Home,Car,11.6,17.4,2227.2,Local
2018-12-03,Home,School,Bus,7.29,17.5,765.5,Local
2018-12-04,Home,Grandparents' House,Train,13.18,17.6,540.4,Local
2018-12-04,Grandparents' House,Cinema,Train,0.6,0.8,24.6,Local
2018-12-05,Home,Park,Bus,15.05,36.1,1580.2,Local
2018-12-07,Home,School,Bus,15.24,36.6,1600.2,Local
2018-12-08,Home,School,Bus,5.83,14.0,612.1,Local
2018-12-08,School,Cinema,Train,6.42,8.6,263.2,Local
2018-12-08,Cinema,School,Bus,2.42,5.8,254.1,Local
2018-12-09,Cinema,Cricket Ground,Bicycle,5.89,23.6,0.0,Local
2018-12-09,Home,Grandparents' House,Bus,5.87,14.1,616.4,Local
2018-12-09,Grandparents' House,Cinema,Tram,4.67,14.0,280.2,Local
2018-12-10,Home,Grandparents' House,Tram,9.95,29.8,597.0,Local
2018-12-11,Home,Cinema,Bus,13.94,33.5,1463.7,Local
2018-12-11,Cinema,School,Bus,7.8,18.7,819.0,Local
2018-12-11,School,Park,Bus,5.19,12.5,545.0,Local
2018-12-12,Home,Cricket Ground,Bicycle,5.84,23.4,0.0,Local
2018-12-13,Home,Cricket Ground,Car,13.46,20.2,2584.3,Local
2018-12-14,Home,Friend's Place,Bus,19.01,45.6,1996.1,Local
2018-12-15,Home,Park,Tram,14.6,43.8,876.0,Local
2018-12-18,Home,Cinema,Car,7.6,11.4,1459.2,Local
2018-12-18,Cinema,Cricket Ground,Train,2.04,2.7,83.6,Local
2018-12-19,Home,Grandparents' House,Walk,18.41,220.9,0.0,Local
2018-12-20,Home,Cinema,Walk,13.0,156.0,0.0,Local
2018-12-21,Home,Grandparents' House,Tram,10.8,32.4,648.0,Local
2018-12-23,Home,Park,Bus,16.1,38.6,1690.5,Local
2018-12-23,Park,Cricket Ground,Tram,1.96,5.9,117.6,Local
2018-12-24,Home,Friend's Place,Walk,11.5,138.0,0.0,Local
2018-12-26,Home,Cinema,Bus,9.68,23.2,1016.4,Local
2018-12-26,Cinema,Home,Walk,5.44,65.3,0.0,Local
2018-12-28,Home,School,Bus,16.86,40.5,1770.3,Local
2018-12-29,Home,Shopping Centre,Bus,18.23,43.8,1914.2,Local
2018-12-29,Shopping Centre,Grandparents' House,Bus,4.7,11.3,493.5,Local
2018-12-29,Grandparents' House,School,Bus,2.98,7.2,312.9,Local
2018-12-30,Home,Grandparents' House,Tram,7.81,23.4,468.6,Local
2018-12-31,Home,Cricket Ground,Train,13.06,17.4,535.5,Local
2019-01-01,Cricket Ground,Grandparents' House,Car,6.49,9.7,1246.1,Local
2019-01-01,Home,Cricket Ground,Walk,14.63,175.6,0.0,Local
2019-01-02,Home,Cinema,Walk,8.11,97.3,0.0,Local
2019-01-03,Home,Friend's Place,Walk,14.73,176.8,0.0,Local
2019-01-04,Home,School,Bus,8.28,19.9,869.4,Local
2019-01-04,School,Cricket Ground,Walk,0.84,10.1,0.0,Local
2019-01-06,Home,School,Bus,8.5,20.4,892.5,Local
2019-01-06,School,Shopping Centre,Car,4.7,7.1,902.4,Local
2019-01-07,Home,Grandparents' House,Train,16.29,21.7,667.9,Local
2019-01-08,Home,Shopping Centre,Walk,19.47,233.6,0.0,Local
2019-01-09,Home,Grandparents' House,Bicycle,6.21,24.8,0.0,Local
2019-01-09,Grandparents' House,Cricket Ground,Tram,1.28,3.8,76.8,Local
2019-01-11,Home,Grandparents' House,Walk,17.82,213.8,0.0,Local
2019-01-11,Grandparents' House,Home,Walk,14.96,179.5,0.0,Local
2019-01-12,Home,Friend's Place,Bicycle,15.53,62.1,0.0,Local
2019-01-13,Home,Friend's Place,Bus,5.02,12.0,527.1,Local
2019-01-14,Home,Shopping Centre,Tram,11.14,33.4,668.4,Local
2019-01-15,Cricket Ground,Shopping Centre,Bus,1.11,2.7,116.6,Local
2019-01-15,Shopping Centre,Grandparents' House,Bus,1.56,3.7,163.8,Local
2019-01-15,Home,Cricket Ground,Bicycle,10.54,42.2,0.0,Local
2019-01-16,Home,Friend's Place,Train,7.8,10.4,319.8,Local
2019-01-17,Home,School,Bus,7.62,18.3,800.1,Local
2019-01-17,School,Shopping Centre,Bus,2.02,4.8,212.1,Local
2019-01-18,Home,Friend's Place,Bus,12.48,30.0,1310.4,Local
2019-01-21,Home,Friend's Place,Walk,6.38,76.6,0.0,Local
2019-01-22,Home,Cinema,Bus,10.17,24.4,1067.8,Local
2019-01-23,Home,Friend's Place,Bicycle,11.13,44.5,0.0,Local
2019-01-24,Home,Grandparents' House,Bicycle,16.01,64.0,0.0,Local
2019-01-25,Home,Friend's Place,Bus,5.7,13.7,598.5,Local
2019-01-26,Home,Friend's Place,Walk,7.6,91.2,0.0,Local
2019-01-27,Home,Friend's Place,Bus,6.58,15.8,690.9,Local
2019-01-28,Home,School,Bus,8.73,21.0,916.7,Local
2019-01-28,School,Park,Train,5.02,6.7,205.8,Local
2019-01-29,Home,Friend's Place,Bicycle,7.88,31.5,0.0,Local
2019-01-30,Cricket Ground,Home,Car,8.16,12.2,1566.7,Local
2019-01-30,Home,Cricket Ground,Tram,15.46,46.4,927.6,Local
2019-02-01,Home,Friend's Place,Bus,9.88,23.7,1037.4,Local
2019-02-03,Home,Cinema,Car,7.63,11.4,1465.0,Local
2019-02-04,Home,Cinema,Tram,14.27,42.8,856.2,Local
2019-02-06,Home,Park,Bus,7.47,17.9,784.4,Local
2019-02-08,Home,Park,Car,8.72,13.1,1674.2,Local
2019-02-09,Home,Grandparents' House,Walk,13.43,161.2,0.0,Local
2019-02-09,Grandparents' House,Shopping Centre,Bicycle,7.18,28.7,0.0,Local
2019-02-09,Shopping Centre,Cricket Ground,Bus,1.59,3.8,167.0,Local
2019-02-10,Home,Friend's Place,Bus,16.49,39.6,1731.4,Local
2019-02-10,Friend's Place,School,Bus,2.43,5.8,255.2,Local
2019-02-13,Home,Shopping Centre,Train,13.03,17.4,534.2,Local
2019-02-13,Shopping Centre,Cinema,Train,1.92,2.6,78.7,Local
2019-02-14,Home,Friend's Place,Train,11.12,14.8,455.9,Local
2019-02-15,Home,Cricket Ground,Train,13.36,17.8,547.8,Local
2019-02-17,Home,Friend's Place,Car,6.57,9.9,1261.4,Local
2019-02-18,Home,School,Bus,12.45,29.9,1307.2,Local
2019-02-19,Home,Grandparents' House,Walk,12.07,144.8,0.0,Local
2019-02-20,Home,Park,Walk,11.69,140.3,0.0,Local
2019-02-22,Home,School,Bus,5.5,13.2,577.5,Local
2019-02-23,Home,Park,Walk,14.26,171.1,0.0,Local
2019-02-24,Home,Grandparents' House,Train,16.24,21.7,665.8,Local
2019-02-25,Home,Park,Bicycle,10.81,43.2,0.0,Local
2019-02-25,Park,Grandparents' House,Walk,2.06,24.7,0.0,Local
2019-02-25,Grandparents' House,Home,Car,10.87,16.3,2087.0,Local
2019-02-26,Home,School,Bus,18.97,45.5,1991.8,Local
2019-02-26,School,Park,Bus,1.1,2.6,115.5,Local
2019-02-27,Home,Park,Bus,19.73,47.4,2071.7,Local
2019-02-28,Home,Friend's Place,Car,9.13,13.7,1753.0,Local
2019-03-01,Home,Grandparents' House,Tram,12.93,38.8,775.8,Local
2019-03-02,Home,Shopping Centre,Tram,15.9,47.7,954.0,Local
2019-03-03,Home,Friend's Place,Car,14.43,21.6,2770.6,Local
2019-03-04,Home,Shopping Centre,Car,5.44,8.2,1044.5,Local
2019-03-04,Shopping Centre,Park,Tram,7.76,23.3,465.6,Local
2019-03-05,Home,Grandparents' House,Walk,6.1,73.2,0.0,Local
2019-03-06,Home,Friend's Place,Car,15.15,22.7,2908.8,Local
2019-03-09,Home,School,Bus,8.01,19.2,841.0,Local
2019-03-10,Grandparents' House,Cricket Ground,Bicycle,4.79,19.2,0.0,Local
2019-03-10,Home,Grandparents' House,Car,16.53,24.8,3173.8,Local
2019-03-13,Home,Shopping Centre,Tram,17.69,53.1,1061.4,Local
2019-03-15,Home,Cricket Ground,Walk,7.4,88.8,0.0,Local
2019-03-16,Home,Cinema,Bus,11.24,27.0,1180.2,Local
2019-03-18,Home,Cricket Ground,Walk,10.2,122.4,0.0,Local
2019-03-18,Cricket Ground,Grandparents' House,Tram,5.35,16.0,321.0,Local
2019-03-21,Home,Friend's Place,Car,6.36,9.5,1221.1,Local
2019-03-23,Home,Cricket Ground,Walk,5.97,71.6,0.0,Local
2019-03-23,Cricket Ground,Shopping Centre,Tram,2.1,6.3,126.0,Local
2019-03-25,Home,Park,Walk,10.4,124.8,0.0,Local
2019-03-26,Home,School,Bus,12.71,30.5,1334.6,Local
2019-03-28,Home,Cinema,Bicycle,8.63,34.5,0.0,Local
2019-03-28,Cinema,Grandparents' House,Car,3.72,5.6,714.2,Local
2019-03-29,Home,Park,Car,6.47,9.7,1242.2,Local
2019-03-29,Park,Home,Bus,8.54,20.5,896.7,Local
2019-03-29,Home,Cricket Ground,Train,19.41,25.9,795.8,Local
2019-03-30,Home,Cinema,Tram,8.69,26.1,521.4,Local
2019-03-30,Cinema,Grandparents' House,Walk,6.76,81.1,0.0,Local
2019-03-31,Cricket Ground,School,Bus,1.73,4.2,181.7,Local
2019-03-31,Home,Cricket Ground,Walk,5.6,67.2,0.0,Local
2019-04-01,Home,Grandparents' House,Walk,9.05,108.6,0.0,Local
2019-04-02,Home,Friend's Place,Walk,11.97,143.6,0.0,Local
2019-04-03,Home,Park,Tram,19.28,57.8,1156.8,Local
2019-04-04,Home,Shopping Centre,Train,5.33,7.1,218.5,Local
2019-04-05,Home,Cinema,Bicycle,8.75,35.0,0.0,Local
2019-04-06,Home,School,Bus,11.54,27.7,1211.7,Local
2019-04-07,Home,Park,Tram,11.58,34.7,694.8,Local
2019-04-07,Park,Home,Bicycle,10.34,41.4,0.0,Local
2019-04-08,Home,School,Bus,19.29,46.3,2025.4,Local
2019-04-10,Home,Cinema,Walk,19.48,233.8,0.0,Local
2019-04-10,Cinema,Friend's Place,Car,5.32,8.0,1021.4,Local
2019-04-11,Home,Shopping Centre,Bus,11.57,27.8,1214.9,Local
2019-04-11,Shopping Centre,Cricket Ground,Train,5.13,6.8,210.3,Local
2019-04-11,Cricket Ground,Friend's Place,Tram,1.52,4.6,91.2,Local
2019-04-12,Home,Friend's Place,Tram,12.76,38.3,765.6,Local
2019-04-14,Home,Park,Car,9.34,14.0,1793.3,Local
2019-04-15,Friend's Place,Home,Tram,19.87,59.6,1192.2,Local
2019-04-15,Home,Friend's Place,Tram,10.13,30.4,607.8,Local
2019-04-17,Home,Grandparents' House,Bicycle,9.93,39.7,0.0,Local
2019-04-18,Home,Cinema,Bus,6.86,16.5,720.3,Local
2019-04-18,Cinema,Home,Tram,18.67,56.0,1120.2,Local
2019-04-19,Home,Grandparents' House,Bicycle,5.45,21.8,0.0,Local
2019-04-20,Home,Grandparents' House,Tram,18.46,55.4,1107.6,Local
2019-04-21,Home,School,Bus,15.12,36.3,1587.6,Local
2019-04-22,Home,Friend's Place,Car,11.24,16.9,2158.1,Local
2019-04-23,Home,Grandparents' House,Car,15.18,22.8,2914.6,Local
2019-04-23,Grandparents' House,Cinema,Car,2.8,4.2,537.6,Local
2019-04-23,Cinema,Park,Bus,1.58,3.8,165.9,Local
2019-04-24,Home,Cinema,Train,16.12,21.5,660.9,Local
2019-04-25,Home,Friend's Place,Tram,11.33,34.0,679.8,Local
2019-04-26,Home,School,Bus,7.18,17.2,753.9,Local
2019-04-30,Home,Cricket Ground,Walk,9.2,110.4,0.0,Local
2019-05-02,Home,Grandparents' House,Car,15.5,23.2,2976.0,Local
2019-05-03,Home,School,Bus,8.12,19.5,852.6,Local
2019-05-04,Home,Grandparents' House,Tram,11.18,33.5,670.8,Local
2019-05-05,Home,Cricket Ground,Tram,15.12,45.4,907.2,Local
2019-05-05,Cricket Ground,School,Bus,1.56,3.7,163.8,Local
2019-05-06,Home,Cinema,Car,11.56,17.3,2219.5,Local
2019-05-07,Home,Cricket Ground,Bicycle,6.84,27.4,0.0,Local
2019-05-07,Cricket Ground,Shopping Centre,Tram,5.62,16.9,337.2,Local
2019-05-09,Home,Cinema,Bicycle,9.33,37.3,0.0,Local
2019-05-09,Cinema,Shopping Centre,Bus,2.92,7.0,306.6,Local
2019-05-09,Shopping Centre,Friend's Place,Car,5.02,7.5,963.8,Local
2019-05-10,Home,Grandparents' House,Tram,9.12,27.4,547.2,Local
2019-05-11,Home,Grandparents' House,Walk,9.25,111.0,0.0,Local
2019-05-12,Home,Park,Car,18.55,27.8,3561.6,Local
2019-05-13,Home,School,Bus,19.45,46.7,2042.2,Local
2019-05-13,School,Home,Walk,11.8,141.6,0.0,Local
2019-05-14,Home,School,Bus,13.64,32.7,1432.2,Local
2019-05-14,School,Friend's Place,Train,5.64,7.5,231.2,Local
2019-05-14,Friend's Place,Cricket Ground,Train,4.61,6.1,189.0,Local
2019-05-16,Cinema,Friend's Place,Car,7.14,10.7,1370.9,Local
2019-05-16,Home,Cinema,Train,5.89,7.9,241.5,Local
2019-05-19,Home,Cricket Ground,Walk,12.95,155.4,0.0,Local
2019-05-23,Home,Park,Train,11.97,16.0,490.8,Local
2019-05-23,Park,Cinema,Bicycle,7.01,28.0,0.0,Local
2019-05-23,Cinema,Friend's Place,Car,2.03,3.0,389.8,Local
2019-05-24,Home,Friend's Place,Bus,14.93,35.8,1567.6,Local
2019-05-25,Home,School,Bus,8.46,20.3,888.3,Local
2019-05-26,Home,School,Bus,17.06,40.9,1791.3,Local
2019-05-27,Friend's Place,Park,Car,1.9,2.9,364.8,Local
2019-05-27,Home,Friend's Place,Bus,13.92,33.4,1461.6,Local
2019-05-28,Home,School,Bus,18.65,44.8,1958.2,Local
2019-05-28,School,Shopping Centre,Car,3.24,4.9,622.1,Local
2019-05-28,Shopping Centre,Cinema,Bus,5.28,12.7,554.4,Local
2019-05-29,Home,School,Bus,6.72,16.1,705.6,Local
2019-05-30,Home,Cricket Ground,Car,7.86,11.8,1509.1,Local
2019-05-31,Home,Friend's Place,Car,12.12,18.2,2327.0,Local
2019-05-31,Friend's Place,School,Bus,6.23,15.0,654.2,Local
2019-06-01,Park,Cricket Ground,Bicycle,5.07,20.3,0.0,Local
2019-06-01,Home,Park,Bicycle,12.67,50.7,0.0,Local
2019-06-03,Home,Cinema,Bicycle,15.31,61.2,0.0,Local
2019-06-04,Home,Park,Bicycle,16.03,64.1,0.0,Local
2019-06-04,Park,Cricket Ground,Walk,1.44,17.3,0.0,Local
2019-06-04,Cricket Ground,Cinema,Train,6.14,8.2,251.7,Local
2019-06-06,Home,Park,Bus,12.35,29.6,1296.8,Local
2019-06-08,Home,School,Bus,5.65,13.6,593.2,Local
2019-06-08,School,Park,Car,3.39,5.1,650.9,Local
2019-06-09,Home,School,Bus,5.78,13.9,606.9,Local
2019-06-09,School,Grandparents' House,Walk,4.9,58.8,0.0,Local
2019-06-10,Home,Cinema,Bus,6.5,15.6,682.5,Local
2019-06-11,Home,Cinema,Walk,17.04,204.5,0.0,Local
2019-06-11,Cinema,Shopping Centre,Car,7.41,11.1,1422.7,Local
2019-06-13,Home,Cinema,Tram,10.04,30.1,602.4,Local
2019-06-15,Home,Cricket Ground,Car,18.42,27.6,3536.6,Local
2019-06-16,Home,Grandparents' House,Tram,15.59,46.8,935.4,Local
2019-06-17,Home,Grandparents' House,Walk,15.43,185.2,0.0,Local
2019-06-18,Friend's Place,Home,Bus,14.74,35.4,1547.7,Local
2019-06-18,Home,Friend's Place,Walk,17.85,214.2,0.0,Local
2019-06-19,Home,Shopping Centre,Car,6.26,9.4,1201.9,Local
2019-06-21,Home,Shopping Centre,Walk,8.73,104.8,0.0,Local
2019-06-22,Home,Grandparents' House,Walk,14.38,172.6,0.0,Local
2019-06-22,Grandparents' House,Home,Tram,6.91,20.7,414.6,Local
2019-06-23,Home,School,Bus,12.17,29.2,1277.8,Local
2019-06-24,Home,Grandparents' House,Bicycle,8.43,33.7,0.0,Local
2019-06-24,Grandparents' House,Library,Train,2.43,3.2,99.6,Local
2019-06-24,Library,Gym,Tram,1.28,3.8,76.8,Local
2019-06-25,Home,Library,Walk,18.95,227.4,0.0,Local
2019-06-25,Library,Friend's Place,Car,7.54,11.3,1447.7,Local
2019-06-27,Home,Friend's Place,Train,12.98,17.3,532.2,Local
2019-06-27,Friend's Place,Cafe,Train,7.36,9.8,301.8,Local
2019-06-27,Cafe,Grandparents' House,Train,6.2,8.3,254.2,Local
2019-06-29,Home,Friend's Place,Bus,10.7,25.7,1123.5,Local
2019-06-30,Home,University,Bus,17.7,42.5,1858.5,Local
2019-07-01,Library,Gym,Car,7.89,11.8,1514.9,Local
2019-07-01,Home,Library,Bus,9.97,23.9,1046.9,Local
2019-07-02,Home,Friend's Place,Tram,17.05,51.2,1023.0,Local
2019-07-03,Home,Friend's Place,Train,13.81,18.4,566.2,Local
2019-07-03,Friend's Place,Gym,Bus,1.82,4.4,191.1,Local
2019-07-04,Home,Cricket Ground,Bicycle,14.52,58.1,0.0,Local
2019-07-05,Home,Cafe,Bicycle,7.92,31.7,0.0,Local
2019-07-06,Home,University,Train,18.09,24.1,741.7,Local
2019-07-06,University,Gym,Bus,14.3,34.3,1501.5,Local
2019-07-07,Home,Gym,Bus,11.08,26.6,1163.4,Local
2019-07-08,Home,Gym,Train,15.06,20.1,617.5,Local
2019-07-08,Gym,Cafe,Car,3.46,5.2,664.3,Local
2019-07-09,Home,Grandparents' House,Car,9.24,13.9,1774.1,Local
2019-07-09,Grandparents' House,Gym,Bus,3.11,7.5,326.6,Local
2019-07-10,Home,University,Walk,16.37,196.4,0.0,Local
2019-07-10,University,Library,Walk,17.05,204.6,0.0,Local
2019-07-11,Cafe,Cricket Ground,Bus,5.45,13.1,572.2,Local
2019-07-11,Home,Cafe,Car,7.43,11.1,1426.6,Local
2019-07-11,Cricket Ground,Home,Bicycle,19.84,79.4,0.0,Local
2019-07-12,Home,University,Tram,12.15,36.5,729.0,Local
2019-07-13,Home,Library,Bus,15.92,38.2,1671.6,Local
2019-07-13,Library,Gym,Bicycle,2.19,8.8,0.0,Local
2019-07-14,Home,University,Bicycle,5.87,23.5,0.0,Local
2019-07-15,Home,Friend's Place,Bicycle,15.0,60.0,0.0,Local
2019-07-17,Home,Friend's Place,Train,12.83,17.1,526.0,Local
2019-07-18,Home,Cafe,Walk,6.4,76.8,0.0,Local
2019-07-18,Cafe,University,Walk,8.99,107.9,0.0,Local
2019-07-20,Home,Cafe,Bicycle,18.32,73.3,0.0,Local
2019-07-21,Cafe,Gym,Car,7.04,10.6,1351.7,Local
2019-07-21,Home,Grandparents' House,Tram,7.7,23.1,462.0,Local
2019-07-21,Grandparents' House,Cafe,Train,4.11,5.5,168.5,Local
2019-07-22,Home,Grandparents' House,Car,17.82,26.7,3421.4,Local
2019-07-23,Home,Cricket Ground,Train,6.46,8.6,264.9,Local
2019-07-24,Library,Cricket Ground,Bus,7.83,18.8,822.1,Local
2019-07-24,Home,Grandparents' House,Car,7.19,10.8,1380.5,Local
2019-07-24,Grandparents' House,Library,Car,2.8,4.2,537.6,Local
2019-07-25,Friend's Place,Grandparents' House,Tram,7.26,21.8,435.6,Local
2019-07-25,Home,Friend's Place,Car,5.51,8.3,1057.9,Local
2019-07-26,Home,University,Walk,7.37,88.4,0.0,Local
2019-07-27,Home,Grandparents' House,Train,10.35,13.8,424.3,Local
2019-07-27,Grandparents' House,Cafe,Walk,5.26,63.1,0.0,Local
2019-07-27,Cafe,Gym,Train,1.2,1.6,49.2,Local
2019-07-28,Home,Friend's Place,Car,18.41,27.6,3534.7,Local
2019-07-28,Friend's Place,Cafe,Bus,4.24,10.2,445.2,Local
2019-07-28,Cafe,University,Car,16.31,24.5,3131.5,Local
2019-07-29,Home,Friend's Place,Tram,5.69,17.1,341.4,Local
2019-07-29,Friend's Place,Grandparents' House,Car,3.82,5.7,733.4,Local
2019-07-29,Grandparents' House,Friend's Place,Walk,4.81,57.7,0.0,Local
2019-07-30,Home,University,Car,19.03,28.5,3653.8,Local
2019-07-30,University,Friend's Place,Bicycle,13.72,54.9,0.0,Local
2019-07-31,Home,Cafe,Bicycle,10.63,42.5,0.0,Local
2019-08-01,Home,Cafe,Train,11.02,14.7,451.8,Local
2019-08-01,Cafe,Friend's Place,Car,5.18,7.8,994.6,Local
2019-08-02,Home,Grandparents' House,Train,12.06,16.1,494.5,Local
2019-08-02,Grandparents' House,Cafe,Walk,5.95,71.4,0.0,Local
2019-08-03,Home,Friend's Place,Bicycle,6.37,25.5,0.0,Local
2019-08-04,Home,Grandparents' House,Train,15.5,20.7,635.5,Local
2019-08-05,Library,Home,Walk,11.34,136.1,0.0,Local
2019-08-05,Home,Library,Tram,11.96,35.9,717.6,Local
2019-08-06,Home,Grandparents' House,Bicycle,8.57,34.3,0.0,Local
2019-08-07,Home,Grandparents' House,Train,10.47,14.0,429.3,Local
2019-08-07,Grandparents' House,University,Train,16.56,22.1,679.0,Local
2019-08-08,Home,Library,Walk,17.38,208.6,0.0,Local
2019-08-09,Home,Library,Train,8.88,11.8,364.1,Local
2019-08-10,Home,Cricket Ground,Bicycle,11.84,47.4,0.0,Local
2019-08-11,Home,Gym,Walk,5.91,70.9,0.0,Local
2019-08-12,Cricket Ground,Library,Bicycle,7.11,28.4,0.0,Local
2019-08-12,Home,Gym,Bicycle,7.6,30.4,0.0,Local
2019-08-12,Gym,Cricket Ground,Walk,3.18,38.2,0.0,Local
2019-08-13,Home,Friend's Place,Car,6.88,10.3,1321.0,Local
2019-08-14,Home,Friend's Place,Bicycle,6.16,24.6,0.0,Local
2019-08-14,Friend's Place,Grandparents' House,Bus,1.58,3.8,165.9,Local
2019-08-16,Gym,Grandparents' House,Walk,6.43,77.2,0.0,Local
2019-08-16,Home,Gym,Train,8.1,10.8,332.1,Local
2019-08-17,University,Friend's Place,Car,12.62,18.9,2423.0,Local
2019-08-17,Home,University,Bus,5.99,14.4,629.0,Local
2019-08-18,Home,Grandparents' House,Train,14.45,19.3,592.4,Local
2019-08-18,Grandparents' House,Cafe,Tram,4.24,12.7,254.4,Local
2019-08-19,Home,Gym,Car,8.16,12.2,1566.7,Local
2019-08-20,Home,Cafe,Walk,12.14,145.7,0.0,Local
2019-08-20,Cafe,Cricket Ground,Bus,3.81,9.1,400.1,Local
2019-08-21,Home,University,Tram,6.5,19.5,390.0,Local
2019-08-22,Home,Cafe,Walk,9.78,117.4,0.0,Local
2019-08-23,Home,Library,Bus,18.99,45.6,1993.9,Local
2019-08-23,Library,Home,Walk,11.6,139.2,0.0,Local
2019-08-25,Home,Grandparents' House,Tram,14.24,42.7,854.4,Local
2019-08-26,Home,Cricket Ground,Tram,7.82,23.5,469.2,Local
2019-08-26,Cricket Ground,Library,Bus,2.99,7.2,314.0,Local
2019-08-26,Library,Grandparents' House,Walk,1.52,18.2,0.0,Local
2019-08-28,Home,Cricket Ground,Tram,13.52,40.6,811.2,Local
2019-08-28,Cricket Ground,Library,Walk,2.65,31.8,0.0,Local
2019-08-29,Grandparents' House,Friend's Place,Bus,3.17,7.6,332.8,Local
2019-08-29,Friend's Place,Home,Bicycle,11.81,47.2,0.0,Local
2019-08-29,Home,Grandparents' House,Train,11.86,15.8,486.3,Local
2019-08-30,Home,Library,Car,5.95,8.9,1142.4,Local
2019-08-30,Library,Grandparents' House,Bicycle,1.21,4.8,0.0,Local
2019-09-02,Home,Gym,Bus,6.21,14.9,652.0,Local
2019-09-02,Gym,Grandparents' House,Walk,4.18,50.2,0.0,Local
2019-09-03,Home,Friend's Place,Train,7.21,9.6,295.6,Local
2019-09-04,Home,Cafe,Car,6.66,10.0,1278.7,Local
2019-09-04,Cafe,Library,Bus,6.7,16.1,703.5,Local
2019-09-05,Home,Cricket Ground,Bus,13.92,33.4,1461.6,Local
2019-09-07,Home,Cafe,Car,14.4,21.6,2764.8,Local
2019-09-07,Cafe,Home,Bus,17.48,42.0,1835.4,Local
2019-09-07,Home,University,Walk,5.39,64.7,0.0,Local
2019-09-08,Home,Gym,Tram,19.68,59.0,1180.8,Local
2019-09-08,Gym,Cricket Ground,Car,1.85,2.8,355.2,Local
2019-09-10,Home,University,Train,10.88,14.5,446.1,Local
2019-09-10,University,Cafe,Walk,5.2,62.4,0.0,Local
2019-09-11,Home,Cafe,Bicycle,11.49,46.0,0.0,Local
2019-09-12,Cricket Ground,Gym,Bus,0.72,1.7,75.6,Local
2019-09-12,Home,Cafe,Bicycle,17.49,70.0,0.0,Local
2019-09-12,Cafe,Cricket Ground,Tram,0.62,1.9,37.2,Local
2019-09-13,Home,Friend's Place,Car,16.83,25.2,3231.4,Local
2019-09-14,Home,Library,Train,9.23,12.3,378.4,Local
2019-09-14,Library,Home,Tram,11.59,34.8,695.4,Local
2019-09-15,Home,Cricket Ground,Car,14.98,22.5,2876.2,Local
2019-09-15,Cricket Ground,Cafe,Train,5.7,7.6,233.7,Local
2019-09-16,Home,Grandparents' House,Train,6.21,8.3,254.6,Local
2019-09-16,Grandparents' House,University,Bicycle,8.04,32.2,0.0,Local
2019-09-17,Home,Friend's Place,Train,11.11,14.8,455.5,Local
2019-09-17,Friend's Place,University,Tram,15.24,45.7,914.4,Local
2019-09-18,Home,Friend's Place,Walk,18.32,219.8,0.0,Local
2019-09-18,Friend's Place,Gym,Bus,3.25,7.8,341.2,Local
2019-09-19,University,Cafe,Tram,9.19,27.6,551.4,Local
2019-09-19,Home,University,Bicycle,5.04,20.2,0.0,Local
2019-09-19,Cafe,Home,Walk,17.93,215.2,0.0,Local
2019-09-20,Home,University,Train,11.06,14.7,453.5,Local
2019-09-21,Library,Friend's Place,Car,3.76,5.6,721.9,Local
2019-09-21,Cricket Ground,Library,Tram,5.56,16.7,333.6,Local
2019-09-21,Home,Cricket Ground,Bicycle,8.41,33.6,0.0,Local
2019-09-23,Home,University,Walk,14.47,173.6,0.0,Local
2019-09-23,University,Cricket Ground,Tram,11.03,33.1,661.8,Local
2019-09-23,Cricket Ground,Gym,Train,1.99,2.7,81.6,Local
2019-09-24,Home,Library,Bicycle,11.16,44.6,0.0,Local
2019-09-24,Library,Grandparents' House,Car,3.04,4.6,583.7,Local
2019-09-25,Home,Cricket Ground,Tram,16.94,50.8,1016.4,Local
2019-09-26,University,Cricket Ground,Bus,18.11,43.5,1901.5,Local
2019-09-26,Home,University,Bicycle,14.84,59.4,0.0,Local
2019-09-27,Home,Friend's Place,Bicycle,12.79,51.2,0.0,Local
2019-09-27,Friend's Place,Cricket Ground,Car,0.85,1.3,163.2,Local
2019-09-29,Home,Library,Train,11.4,15.2,467.4,Local
2019-09-30,Home,University,Bus,5.61,13.5,589.1,Local
2019-10-01,Home,Cafe,Bicycle,9.35,37.4,0.0,Local
2019-10-01,Cafe,Grandparents' House,Bus,6.0,14.4,630.0,Local
2019-10-02,Home,Friend's Place,Bus,17.2,41.3,1806.0,Local
2019-10-02,Friend's Place,Cricket Ground,Walk,5.22,62.6,0.0,Local
2019-10-03,Home,University,Tram,18.74,56.2,1124.4,Local
2019-10-04,Home,University,Walk,18.21,218.5,0.0,Local
2019-10-05,Home,Grandparents' House,Train,8.09,10.8,331.7,Local
2019-10-05,Grandparents' House,Cricket Ground,Walk,2.3,27.6,0.0,Local
2019-10-05,Cricket Ground,Home,Tram,8.64,25.9,518.4,Local
2019-10-06,Home,Cafe,Train,14.36,19.1,588.8,Local
2019-10-08,Home,Cafe,Car,9.68,14.5,1858.6,Local
2019-10-09,Home,Library,Tram,15.43,46.3,925.8,Local
2019-10-09,Library,Cricket Ground,Car,5.6,8.4,1075.2,Local
2019-10-10,Home,University,Walk,16.19,194.3,0.0,Local
2019-10-11,Home,Cafe,Bicycle,17.25,69.0,0.0,Local
2019-10-11,Cafe,Friend's Place,Tram,3.98,11.9,238.8,Local
2019-10-11,Friend's Place,Library,Bus,1.67,4.0,175.3,Local
2019-10-12,Home,Cafe,Bicycle,13.37,53.5,0.0,Local
2019-10-13,Home,Library,Bicycle,11.96,47.8,0.0,Local
2019-10-13,Library,Cafe,Walk,7.57,90.8,0.0,Local
2019-10-14,Home,Gym,Bus,18.14,43.5,1904.7,Local
2019-10-15,Home,Cricket Ground,Car,11.05,16.6,2121.6,Local
2019-10-16,Home,University,Tram,18.74,56.2,1124.4,Local
2019-10-17,Home,University,Train,16.41,21.9,672.8,Local
2019-10-18,Home,Grandparents' House,Train,5.34,7.1,218.9,Local
2019-10-19,Home,Gym,Bicycle,12.91,51.6,0.0,Local
2019-10-20,Home,Cricket Ground,Bus,15.65,37.6,1643.2,Local
2019-10-20,Cricket Ground,Home,Bus,10.59,25.4,1112.0,Local
2019-10-20,Home,Cricket Ground,Bicycle,12.88,51.5,0.0,Local
2019-10-21,Cafe,Library,Walk,0.9,10.8,0.0,Local
2019-10-21,Library,Cricket Ground,Walk,3.2,38.4,0.0,Local
2019-10-21,Home,Cafe,Bicycle,12.49,50.0,0.0,Local
2019-10-22,Home,University,Bus,13.12,31.5,1377.6,Local
2019-10-22,University,Friend's Place,Train,7.78,10.4,319.0,Local
2019-10-22,Friend's Place,Cricket Ground,Tram,2.68,8.0,160.8,Local
2019-10-23,Home,Grandparents' House,Bus,8.87,21.3,931.3,Local
2019-10-23,Grandparents' House,Cafe,Walk,1.34,16.1,0.0,Local
2019-10-24,Friend's Place,Gym,Bus,4.97,11.9,521.9,Local
2019-10-24,Home,Friend's Place,Car,11.0,16.5,2112.0,Local
2019-10-25,Home,University,Tram,7.14,21.4,428.4,Local
2019-10-26,Home,Gym,Car,11.47,17.2,2202.2,Local
2019-10-27,Home,University,Car,10.29,15.4,1975.7,Local
2019-10-29,Home,Friend's Place,Bicycle,9.24,37.0,0.0,Local
2019-10-30,Home,Cafe,Tram,5.6,16.8,336.0,Local
2019-10-31,Home,Library,Bus,11.92,28.6,1251.6,Local
2019-10-31,Library,Gym,Bus,3.25,7.8,341.2,Local
2019-10-31,Gym,Grandparents' House,Walk,5.14,61.7,0.0,Local
2019-11-01,Home,Cafe,Car,10.97,16.5,2106.2,Local
2019-11-01,Cafe,Library,Tram,7.07,21.2,424.2,Local
2019-11-02,University,Grandparents' House,Tram,19.2,57.6,1152.0,Local
2019-11-02,Home,Library,Bus,8.95,21.5,939.7,Local
2019-11-02,Library,University,Walk,17.38,208.6,0.0,Local
2019-11-03,Home,Grandparents' House,Tram,6.67,20.0,400.2,Local
2019-11-03,Grandparents' House,Friend's Place,Walk,6.38,76.6,0.0,Local
2019-11-04,Home,Grandparents' House,Tram,8.8,26.4,528.0,Local
2019-11-04,Grandparents' House,Home,Car,6.4,9.6,1228.8,Local
2019-11-05,Home,University,Tram,16.64,49.9,998.4,Local
2019-11-06,Grandparents' House,Home,Tram,17.18,51.5,1030.8,Local
2019-11-06,Home,Cricket Ground,Tram,8.86,26.6,531.6,Local
2019-11-06,Home,Grandparents' House,Train,12.96,17.3,531.4,Local
2019-11-07,Home,Library,Train,18.22,24.3,747.0,Local
2019-11-07,Library,Cafe,Train,0.86,1.1,35.3,Local
2019-11-08,Home,Cricket Ground,Bus,5.15,12.4,540.8,Local
2019-11-08,Cricket Ground,Cafe,Car,1.71,2.6,328.3,Local
2019-11-10,Home,Gym,Car,12.68,19.0,2434.6,Local
2019-11-10,Gym,Grandparents' House,Bus,0.94,2.3,98.7,Local
2019-11-11,Home,Gym,Car,17.96,26.9,3448.3,Local
2019-11-12,Home,Library,Tram,12.29,36.9,737.4,Local
2019-11-12,Library,Friend's Place,Bicycle,6.94,27.8,0.0,Local
2019-11-13,Home,Cafe,Tram,16.8,50.4,1008.0,Local
2019-11-14,Home,Grandparents' House,Car,14.83,22.2,2847.4,Local
2019-11-14,Grandparents' House,University,Train,15.11,20.1,619.5,Local
2019-11-14,University,Grandparents' House,Bus,6.09,14.6,639.4,Local
2019-11-15,Home,Cricket Ground,Bicycle,11.43,45.7,0.0,Local
2019-11-15,Cricket Ground,Home,Tram,18.24,54.7,1094.4,Local
2019-11-16,Friend's Place,University,Walk,18.46,221.5,0.0,Local
2019-11-16,Home,Friend's Place,Tram,8.96,26.9,537.6,Local
2019-11-17,Home,Library,Car,15.63,23.4,3001.0,Local
2019-11-17,Library,University,Bus,16.69,40.1,1752.5,Local
2019-11-17,University,Grandparents' House,Car,7.37,11.1,1415.0,Local
2019-11-18,Home,Library,Train,15.91,21.2,652.3,Local
2019-11-18,Library,Gym,Tram,1.93,5.8,115.8,Local
2019-11-19,Home,University,Car,11.54,17.3,2215.7,Local
2019-11-20,Grandparents' House,Cafe,Walk,4.97,59.6,0.0,Local
2019-11-20,Home,Grandparents' House,Tram,12.43,37.3,745.8,Local
2019-11-21,Home,Cafe,Walk,12.22,146.6,0.0,Local
2019-11-22,Home,Cricket Ground,Walk,18.88,226.6,0.0,Local
2019-11-22,Cricket Ground,University,Train,10.25,13.7,420.2,Local
2019-11-22,University,Grandparents' House,Walk,6.08,73.0,0.0,Local
2019-11-23,Home,Library,Train,6.62,8.8,271.4,Local
2019-11-23,Library,Friend's Place,Train,3.71,4.9,152.1,Local
2019-11-23,Friend's Place,University,Car,15.4,23.1,2956.8,Local
2019-11-24,Home,Library,Train,5.21,6.9,213.6,Local
2019-11-24,Library,Cafe,Car,4.13,6.2,793.0,Local
2019-11-25,Home,University,Car,19.8,29.7,3801.6,Local
2019-11-26,Home,University,Bus,12.56,30.1,1318.8,Local
2019-11-26,University,Home,Train,13.86,18.5,568.3,Local
2019-11-27,Home,Library,Tram,16.87,50.6,1012.2,Local
2019-11-28,Home,University,Train,15.54,20.7,637.1,Local
2019-11-29,Home,Grandparents' House,Bus,19.03,45.7,1998.2,Local
2019-11-29,Grandparents' House,Cricket Ground,Walk,0.55,6.6,0.0,Local
2019-11-29,Cricket Ground,Grandparents' House,Bicycle,0.95,3.8,0.0,Local
2019-12-01,Friend's Place,Cafe,Tram,4.64,13.9,278.4,Local
2019-12-01,Gym,Friend's Place,Bus,4.41,10.6,463.1,Local
2019-12-01,Home,Gym,Bus,12.61,30.3,1324.0,Local
2019-12-02,Home,Library,Bicycle,15.82,63.3,0.0,Local
2019-12-03,Home,University,Car,14.15,21.2,2716.8,Local
2019-12-03,University,Friend's Place,Tram,15.7,47.1,942.0,Local
2019-12-03,Friend's Place,University,Car,19.65,29.5,3772.8,Local
2019-12-04,Home,Cafe,Train,10.44,13.9,428.0,Local
2019-12-04,Cafe,Grandparents' House,Bicycle,3.12,12.5,0.0,Local
2019-12-05,Library,Friend's Place,Walk,4.69,56.3,0.0,Local
2019-12-05,Grandparents' House,Library,Bicycle,4.44,17.8,0.0,Local
2019-12-05,Home,Grandparents' House,Bus,11.19,26.9,1175.0,Local
2019-12-06,Home,Library,Bus,12.2,29.3,1281.0,Local
2019-12-06,Library,Home,Walk,17.1,205.2,0.0,Local
2019-12-06,Home,Grandparents' House,Train,15.66,20.9,642.1,Local
2019-12-07,Home,Friend's Place,Car,7.13,10.7,1369.0,Local
2019-12-07,Friend's Place,Cafe,Tram,1.18,3.5,70.8,Local
2019-12-08,Home,Cricket Ground,Train,14.67,19.6,601.5,Local
2019-12-09,University,Gym,Tram,7.77,23.3,466.2,Local
2019-12-09,Home,University,Train,10.73,14.3,439.9,Local
2019-12-10,Home,Cafe,Tram,10.85,32.5,651.0,Local
2019-12-10,Cafe,University,Tram,17.41,52.2,1044.6,Local
2019-12-10,University,Home,Bus,11.91,28.6,1250.5,Local
2019-12-11,Home,Cafe,Bicycle,12.08,48.3,0.0,Local
2019-12-13,Home,University,Train,9.55,12.7,391.6,Local
2019-12-13,University,Cafe,Car,12.95,19.4,2486.4,Local
2019-12-14,Home,Grandparents' House,Bicycle,17.55,70.2,0.0,Local
2019-12-16,Home,Library,Walk,11.66,139.9,0.0,Local
2019-12-17,Library,Home,Bus,17.78,42.7,1866.9,Local
2019-12-17,Home,Library,Bus,10.87,26.1,1141.3,Local
2019-12-18,Home,Cafe,Train,14.54,19.4,596.1,Local
2019-12-19,Home,Friend's Place,Bicycle,14.74,59.0,0.0,Local
2019-12-20,Home,Friend's Place,Tram,8.51,25.5,510.6,Local
2019-12-20,Friend's Place,Gym,Walk,3.5,42.0,0.0,Local
2019-12-22,Home,Grandparents' House,Walk,14.96,179.5,0.0,Local
2019-12-23,Home,Cafe,Tram,11.14,33.4,668.4,Local
2019-12-24,Home,Cricket Ground,Tram,11.09,33.3,665.4,Local
2019-12-26,Home,Gym,Bicycle,11.13,44.5,0.0,Local
2019-12-27,Library,Friend's Place,Walk,1.36,16.3,0.0,Local
2019-12-27,Home,Library,Tram,5.35,16.0,321.0,Local
2019-12-28,Home,Grandparents' House,Bus,8.33,20.0,874.6,Local
2019-12-28,Grandparents' House,Library,Train,1.17,1.6,48.0,Local
2019-12-30,Home,Cafe,Car,9.54,14.3,1831.7,Local
2019-12-30,Cafe,Home,Bus,6.83,16.4,717.1,Local
2019-12-30,Home,Gym,Train,6.79,9.1,278.4,Local
2020-01-01,Home,Friend's Place,Walk,10.15,121.8,0.0,Local
2020-01-02,Library,Grandparents' House,Tram,1.28,3.8,76.8,Local
2020-01-02,Home,Cafe,Train,17.72,23.6,726.5,Local
2020-01-02,Cafe,Library,Tram,2.54,7.6,152.4,Local
2020-01-03,Home,Library,Train,14.28,19.0,585.5,Local
2020-01-03,Library,Gym,Tram,5.85,17.5,351.0,Local
2020-01-04,Home,University,Train,18.61,24.8,763.0,Local
2020-01-05,Home,Cafe,Tram,12.34,37.0,740.4,Local
2020-01-06,Home,Gym,Bicycle,5.82,23.3,0.0,Local
2020-01-08,Home,Cafe,Car,13.68,20.5,2626.6,Local
2020-01-08,Cafe,Friend's Place,Bicycle,5.02,20.1,0.0,Local
2020-01-09,Home,Friend's Place,Tram,16.97,50.9,1018.2,Local
2020-01-10,Home,Gym,Bus,14.85,35.6,1559.2,Local
2020-01-10,Gym,Grandparents' House,Walk,2.92,35.0,0.0,Local
2020-01-10,Grandparents' House,University,Car,16.49,24.7,3166.1,Local
2020-01-11,Home,University,Train,5.38,7.2,220.6,Local
2020-01-11,University,Home,Tram,8.78,26.3,526.8,Local
2020-01-12,Home,Library,Bus,14.83,35.6,1557.2,Local
2020-01-13,Home,Gym,Bicycle,13.48,53.9,0.0,Local
2020-01-13,University,Home,Walk,12.3,147.6,0.0,Local
2020-01-13,Home,University,Bus,6.25,15.0,656.2,Local
2020-01-14,Home,Friend's Place,Bicycle,16.64,66.6,0.0,Local
2020-01-15,Home,Gym,Bicycle,6.21,24.8,0.0,Local
2020-01-15,Gym,Friend's Place,Bus,7.75,18.6,813.8,Local
2020-01-15,Friend's Place,Gym,Tram,4.65,14.0,279.0,Local
2020-01-16,Home,Grandparents' House,Bus,19.43,46.6,2040.1,Local
2020-01-17,Home,University,Tram,19.12,57.4,1147.2,Local
2020-01-18,Home,Gym,Walk,10.15,121.8,0.0,Local
2020-01-19,Home,Grandparents' House,Walk,9.77,117.2,0.0,Local
2020-01-20,Home,Friend's Place,Car,14.36,21.5,2757.1,Local
2020-01-20,Friend's Place,University,Tram,10.9,32.7,654.0,Local
2020-01-21,Home,Cafe,Bicycle,7.74,31.0,0.0,Local
2020-01-22,Home,Cafe,Tram,19.16,57.5,1149.6,Local
2020-01-22,Cafe,Grandparents' House,Train,7.45,9.9,305.4,Local
2020-01-23,Home,University,Car,12.26,18.4,2353.9,Local
2020-01-23,University,Cricket Ground,Bicycle,11.08,44.3,0.0,Local
2020-01-23,Cricket Ground,Library,Walk,1.75,21.0,0.0,Local
2020-01-24,Friend's Place,Gym,Train,6.19,8.3,253.8,Local
2020-01-24,Home,Friend's Place,Car,8.66,13.0,1662.7,Local
2020-01-25,Home,Cricket Ground,Bicycle,17.27,69.1,0.0,Local
2020-01-25,Cricket Ground,Library,Car,6.24,9.4,1198.1,Local
2020-01-26,Home,University,Bicycle,10.36,41.4,0.0,Local
2020-01-27,Home,Grandparents' House,Walk,9.62,115.4,0.0,Local
2020-01-28,Home,Library,Car,19.11,28.7,3669.1,Local
2020-01-29,Home,University,Bus,19.38,46.5,2034.9,Local
2020-01-29,University,Friend's Place,Train,13.34,17.8,546.9,Local
2020-01-30,Home,Library,Walk,14.09,169.1,0.0,Local
2020-01-31,Home,Gym,Car,14.26,21.4,2737.9,Local
2020-02-01,Home,Cafe,Car,9.26,13.9,1777.9,Local
2020-02-02,Home,University,Bus,15.62,37.5,1640.1,Local
2020-02-03,Home,Library,Bicycle,18.34,73.4,0.0,Local
2020-02-03,Library,Home,Car,14.43,21.6,2770.6,Local
2020-02-03,Home,Cafe,Bus,5.87,14.1,616.4,Local
2020-02-04,Home,Friend's Place,Car,6.33,9.5,1215.4,Local
2020-02-04,Friend's Place,Grandparents' House,Bus,5.15,12.4,540.8,Local
2020-02-05,Library,Friend's Place,Bus,6.22,14.9,653.1,Local
2020-02-05,Gym,Library,Bicycle,5.38,21.5,0.0,Local
2020-02-05,Home,Gym,Bicycle,6.6,26.4,0.0,Local
2020-02-06,Home,University,Bicycle,17.76,71.0,0.0,Local
2020-02-07,Home,Library,Walk,13.0,156.0,0.0,Local
2020-02-08,Home,Cricket Ground,Car,15.17,22.8,2912.6,Local
2020-02-08,Cricket Ground,Friend's Place,Car,7.44,11.2,1428.5,Local
2020-02-09,Home,Friend's Place,Walk,5.47,65.6,0.0,Local
2020-02-10,Home,Cafe,Train,11.54,15.4,473.1,Local
2020-02-10,Cafe,Grandparents' House,Bicycle,7.93,31.7,0.0,Local
2020-02-10,Grandparents' House,Cafe,Walk,4.9,58.8,0.0,Local
2020-02-11,Home,Friend's Place,Bus,13.14,31.5,1379.7,Local
2020-02-11,Friend's Place,Cricket Ground,Walk,4.76,57.1,0.0,Local
2020-02-12,Home,Friend's Place,Tram,5.4,16.2,324.0,Local
2020-02-13,Home,Friend's Place,Train,12.64,16.9,518.2,Local
2020-02-13,Friend's Place,Cafe,Bicycle,6.99,28.0,0.0,Local
2020-02-14,Home,Cricket Ground,Bus,14.79,35.5,1552.9,Local
2020-02-14,Cricket Ground,Cafe,Bicycle,7.18,28.7,0.0,Local
2020-02-15,Gym,Cricket Ground,Bus,4.01,9.6,421.0,Local
2020-02-15,Home,Gym,Car,17.83,26.7,3423.4,Local
2020-02-16,Home,Cricket Ground,Bicycle,10.99,44.0,0.0,Local
2020-02-16,Cricket Ground,Home,Walk,7.36,88.3,0.0,Local
2020-02-17,Home,University,Bus,16.18,38.8,1698.9,Local
2020-02-17,University,Gym,Walk,7.82,93.8,0.0,Local
2020-02-18,Home,University,Train,8.26,11.0,338.7,Local
2020-02-18,University,Friend's Place,Bus,18.76,45.0,1969.8,Local
2020-02-19,Gym,Home,Bicycle,16.74,67.0,0.0,Local
2020-02-19,Home,Gym,Walk,7.99,95.9,0.0,Local
2020-02-20,Home,Library,Train,10.13,13.5,415.3,Local
2020-02-21,Home,University,Car,11.8,17.7,2265.6,Local
2020-02-22,Home,Cricket Ground,Bus,11.94,28.7,1253.7,Local
2020-02-23,Home,Friend's Place,Bus,9.29,22.3,975.4,Local
2020-02-23,Friend's Place,Gym,Tram,2.68,8.0,160.8,Local
2020-02-24,Home,Library,Walk,18.47,221.6,0.0,Local
2020-02-24,Library,University,Bus,5.08,12.2,533.4,Local
2020-02-25,Home,Grandparents' House,Tram,8.53,25.6,511.8,Local
2020-02-25,Grandparents' House,University,Walk,17.79,213.5,0.0,Local
2020-02-26,Home,Library,Tram,16.11,48.3,966.6,Local
2020-02-27,Home,Gym,Train,17.6,23.5,721.6,Local
2020-02-27,Gym,University,Bicycle,12.74,51.0,0.0,Local
2020-02-28,Home,Grandparents' House,Bus,5.45,13.1,572.2,Local
2020-02-28,Grandparents' House,Home,Car,12.0,18.0,2304.0,Local
2020-02-29,Home,University,Tram,9.91,29.7,594.6,Local
2020-02-29,University,Gym,Car,8.51,12.8,1633.9,Local
2020-02-29,Gym,University,Tram,18.39,55.2,1103.4,Local
2020-03-01,Home,Cricket Ground,Train,10.78,14.4,442.0,Local
2020-03-03,Cafe,Home,Bicycle,13.86,55.4,0.0,Local
2020-03-03,Home,Gym,Car,8.78,13.2,1685.8,Local
2020-03-03,Gym,Cafe,Tram,3.45,10.4,207.0,Local
2020-03-04,Home,University,Walk,17.74,212.9,0.0,Local
2020-03-04,University,Grandparents' House,Car,15.39,23.1,2954.9,Local
2020-03-04,Grandparents' House,Cafe,Car,7.5,11.2,1440.0,Local
2020-03-05,Home,Cricket Ground,Bicycle,7.53,30.1,0.0,Local
2020-03-06,Home,Gym,Train,10.97,14.6,449.8,Local
2020-03-07,University,Library,Car,11.38,17.1,2185.0,Local
2020-03-07,Friend's Place,University,Walk,16.59,199.1,0.0,Local
2020-03-07,Home,Friend's Place,Tram,18.88,56.6,1132.8,Local
2020-03-08,Home,Friend's Place,Walk,12.38,148.6,0.0,Local
2020-03-11,Home,Friend's Place,Train,8.1,10.8,332.1,Local
2020-03-11,Friend's Place,Grandparents' House,Tram,5.73,17.2,343.8,Local
2020-03-11,Grandparents' House,Home,Bicycle,11.3,45.2,0.0,Local
2020-03-12,Home,Friend's Place,Bicycle,8.17,32.7,0.0,Local
2020-03-12,Friend's Place,Grandparents' House,Tram,4.68,14.0,280.8,Local
2020-03-13,Grandparents' House,Library,Tram,0.56,1.7,33.6,Local
2020-03-13,Home,Grandparents' House,Bus,12.28,29.5,1289.4,Local
2020-03-14,Home,Friend's Place,Bicycle,9.46,37.8,0.0,Local
2020-03-15,Home,Cricket Ground,Bicycle,6.31,25.2,0.0,Local
2020-03-16,Home,Cafe,Tram,16.74,50.2,1004.4,Local
2020-03-17,Home,Grandparents' House,Bus,13.07,31.4,1372.4,Local
2020-03-17,Grandparents' House,Home,Car,10.49,15.7,2014.1,Local
2020-03-17,Home,Cafe,Bicycle,6.77,27.1,0.0,Local
2020-03-19,Home,Grandparents' House,Car,10.5,15.8,2016.0,Local
2020-03-20,Cricket Ground,Cafe,Bus,4.51,10.8,473.5,Local
2020-03-20,University,Cricket Ground,Car,15.99,24.0,3070.1,Local
2020-03-20,Home,University,Train,13.81,18.4,566.2,Local
2020-03-22,Home,Cricket Ground,Train,8.35,11.1,342.3,Local
2020-03-23,Home,Gym,Tram,9.07,27.2,544.2,Local
2020-03-24,Home,University,Walk,18.18,218.2,0.0,Local
2020-03-24,University,Cricket Ground,Walk,18.66,223.9,0.0,Local
2020-03-24,Cricket Ground,Home,Car,19.8,29.7,3801.6,Local
2020-03-25,Home,Grandparents' House,Bus,16.2,38.9,1701.0,Local
2020-03-25,Grandparents' House,Cafe,Bicycle,6.26,25.0,0.0,Local
2020-03-26,Home,Library,Tram,14.24,42.7,854.4,Local
2020-03-27,Home,Grandparents' House,Tram,14.83,44.5,889.8,Local
2020-03-28,Home,Cafe,Bus,5.42,13.0,569.1,Local
2020-03-29,Home,Friend's Place,Bicycle,6.81,27.2,0.0,Local
2020-03-30,Home,University,Tram,17.61,52.8,1056.6,Local
2020-03-31,Home,University,Bicycle,9.54,38.2,0.0,Local
2020-04-01,Home,Cricket Ground,Car,12.38,18.6,2377.0,Local
2020-04-01,Cricket Ground,Grandparents' House,Walk,3.17,38.0,0.0,Local
2020-04-01,Grandparents' House,Library,Walk,0.62,7.4,0.0,Local
2020-04-02,Home,Cafe,Car,17.59,26.4,3377.3,Local
2020-04-03,Home,Cafe,Bicycle,17.11,68.4,0.0,Local
2020-04-03,Cafe,University,Bicycle,11.45,45.8,0.0,Local
2020-04-04,Home,Library,Bus,15.12,36.3,1587.6,Local
2020-04-04,Library,Gym,Walk,5.25,63.0,0.0,Local
2020-04-04,Gym,Grandparents' House,Train,5.89,7.9,241.5,Local
2020-04-05,Home,Library,Bicycle,13.28,53.1,0.0,Local
2020-04-06,Library,Home,Car,16.34,24.5,3137.3,Local
2020-04-06,Home,Gym,Bus,7.13,17.1,748.6,Local
2020-04-06,Home,Library,Bicycle,7.05,28.2,0.0,Local
2020-04-07,Home,University,Bus,17.45,41.9,1832.2,Local
2020-04-07,University,Home,Walk,14.28,171.4,0.0,Local
2020-04-08,Home,Friend's Place,Train,17.18,22.9,704.4,Local
2020-04-08,Friend's Place,Gym,Tram,3.51,10.5,210.6,Local
2020-04-08,Gym,University,Train,6.43,8.6,263.6,Local
2020-04-09,Library,Cafe,Train,6.22,8.3,255.0,Local
2020-04-09,Home,Library,Train,15.6,20.8,639.6,Local
2020-04-10,Cafe,Home,Train,6.28,8.4,257.5,Local
2020-04-10,Home,Cafe,Train,5.13,6.8,210.3,Local
2020-04-11,Home,Library,Bicycle,15.71,62.8,0.0,Local
2020-04-11,Library,University,Train,11.96,15.9,490.4,Local
2020-04-12,Home,Cricket Ground,Bus,9.56,22.9,1003.8,Local
2020-04-12,Cricket Ground,Grandparents' House,Car,7.74,11.6,1486.1,Local
2020-04-12,Grandparents' House,Cafe,Car,5.06,7.6,971.5,Local
2020-04-13,Home,Friend's Place,Car,13.12,19.7,2519.0,Local
2020-04-14,Home,Cafe,Car,8.5,12.8,1632.0,Local
2020-04-14,Cafe,Grandparents' House,Tram,5.4,16.2,324.0,Local
2020-04-15,Home,Friend's Place,Bicycle,12.13,48.5,0.0,Local
2020-04-16,Home,Cricket Ground,Walk,8.62,103.4,0.0,Local
2020-04-16,Cricket Ground,Grandparents' House,Train,3.84,5.1,157.4,Local
2020-04-17,Home,Gym,Train,5.22,7.0,214.0,Local
2020-04-17,Gym,Library,Car,6.57,9.9,1261.4,Local
2020-04-18,Home,Gym,Train,7.18,9.6,294.4,Local
2020-04-18,Gym,Grandparents' House,Train,7.18,9.6,294.4,Local
2020-04-20,Friend's Place,Library,Tram,2.07,6.2,124.2,Local
2020-04-20,University,Friend's Place,Bicycle,13.57,54.3,0.0,Local
2020-04-20,Home,University,Car,11.46,17.2,2200.3,Local
2020-04-21,Home,Gym,Car,15.17,22.8,2912.6,Local
2020-04-21,Gym,Cafe,Tram,6.49,19.5,389.4,Local
2020-04-22,Home,Gym,Tram,8.01,24.0,480.6,Local
2020-04-23,Home,Cafe,Tram,18.73,56.2,1123.8,Local
2020-04-24,Home,University,Train,5.77,7.7,236.6,Local
2020-04-24,University,Home,Bus,9.22,22.1,968.1,Local
2020-04-25,Home,Gym,Walk,14.66,175.9,0.0,Local
2020-04-26,Home,Cafe,Walk,10.35,124.2,0.0,Local
2020-04-27,Home,Friend's Place,Bicycle,7.31,29.2,0.0,Local
2020-04-27,Friend's Place,Library,Car,5.48,8.2,1052.2,Local
2020-04-28,Home,University,Bicycle,16.6,66.4,0.0,Local
2020-04-29,Home,Library,Bus,7.79,18.7,818.0,Local
2020-04-29,Library,Home,Bicycle,10.8,43.2,0.0,Local
2020-04-30,Home,Grandparents' House,Walk,16.65,199.8,0.0,Local
2020-05-01,Home,University,Walk,8.19,98.3,0.0,Local
2020-05-01,University,Library,Bus,17.69,42.5,1857.5,Local
2020-05-02,Friend's Place,Cafe,Car,7.99,12.0,1534.1,Local
2020-05-02,Home,Friend's Place,Tram,19.77,59.3,1186.2,Local
2020-05-03,Home,Grandparents' House,Bus,10.91,26.2,1145.5,Local
2020-05-03,Grandparents' House,Home,Train,19.2,25.6,787.2,Local
2020-05-03,Home,University,Bus,18.1,43.4,1900.5,Local
2020-05-04,Home,Gym,Tram,13.79,41.4,827.4,Local
2020-05-04,Gym,Library,Bus,5.64,13.5,592.2,Local
2020-05-05,Home,University,Car,19.27,28.9,3699.8,Local
2020-05-05,University,Grandparents' House,Bicycle,14.18,56.7,0.0,Local
2020-05-06,Home,University,Bus,10.37,24.9,1088.8,Local
2020-05-06,University,Grandparents' House,Car,6.52,9.8,1251.8,Local
2020-05-07,Home,Cricket Ground,Bus,11.59,27.8,1217.0,Local
2020-05-09,Home,Cafe,Bus,12.63,30.3,1326.2,Local
2020-05-10,Home,Cricket Ground,Bus,19.41,46.6,2038.0,Local
2020-05-10,Cricket Ground,University,Walk,8.19,98.3,0.0,Local
2020-05-10,University,Cafe,Tram,14.59,43.8,875.4,Local
2020-05-11,Cricket Ground,Friend's Place,Tram,3.31,9.9,198.6,Local
2020-05-11,Home,Cricket Ground,Train,13.56,18.1,556.0,Local
2020-05-12,Home,Library,Tram,7.76,23.3,465.6,Local
2020-05-13,Home,Cricket Ground,Bus,12.16,29.2,1276.8,Local
2020-05-13,Cricket Ground,Cafe,Train,6.71,8.9,275.1,Local
2020-05-14,Home,Gym,Tram,14.48,43.4,868.8,Local
2020-05-14,Gym,Friend's Place,Walk,1.5,18.0,0.0,Local
2020-05-14,Friend's Place,Grandparents' House,Bicycle,5.13,20.5,0.0,Local
2020-05-15,Library,University,Walk,10.36,124.3,0.0,Local
2020-05-15,Home,Library,Car,17.67,26.5,3392.6,Local
2020-05-15,University,Cricket Ground,Bus,11.37,27.3,1193.8,Local
2020-05-18,Home,Gym,Bus,17.88,42.9,1877.4,Local
2020-05-19,Home,Cafe,Walk,10.31,123.7,0.0,Local
2020-05-19,Cafe,Cricket Ground,Walk,2.31,27.7,0.0,Local
2020-05-20,Home,Library,Car,19.93,29.9,3826.6,Local
2020-05-21,Library,Cafe,Bicycle,3.03,12.1,0.0,Local
2020-05-21,Cafe,University,Walk,8.19,98.3,0.0,Local
2020-05-21,Home,Library,Walk,7.43,89.2,0.0,Local
2020-05-22,Home,Cafe,Walk,18.49,221.9,0.0,Local
2020-05-23,Grandparents' House,Friend's Place,Bus,6.17,14.8,647.9,Local
2020-05-23,Home,Grandparents' House,Walk,8.76,105.1,0.0,Local
2020-05-24,Home,Cafe,Bus,17.59,42.2,1847.0,Local
2020-05-24,Cafe,Cricket Ground,Car,7.76,11.6,1489.9,Local
2020-05-24,Cricket Ground,Home,Bus,7.17,17.2,752.9,Local
2020-05-25,Home,Friend's Place,Tram,14.83,44.5,889.8,Local
2020-05-27,Home,Library,Car,10.06,15.1,1931.5,Local
2020-05-27,Library,Home,Bicycle,12.14,48.6,0.0,Local
2020-05-27,Home,Cafe,Car,11.81,17.7,2267.5,Local
2020-05-28,Home,University,Train,14.89,19.9,610.5,Local
2020-05-30,Home,Library,Tram,13.84,41.5,830.4,Local
2020-05-31,Home,Friend's Place,Car,19.45,29.2,3734.4,Local
2020-05-31,Friend's Place,Grandparents' House,Tram,3.64,10.9,218.4,Local
2020-05-31,Grandparents' House,University,Tram,19.99,60.0,1199.4,Local
2020-06-01,Home,Grandparents' House,Tram,7.4,22.2,444.0,Local
2020-06-01,Grandparents' House,University,Walk,14.53,174.4,0.0,Local
2020-06-02,Home,University,Tram,14.5,43.5,870.0,Local
2020-06-03,Home,Cricket Ground,Walk,13.29,159.5,0.0,Local
2020-06-03,Friend's Place,Home,Bicycle,9.55,38.2,0.0,Local
2020-06-03,Home,Friend's Place,Car,12.14,18.2,2330.9,Local
2020-06-04,Home,University,Bus,7.6,18.2,798.0,Local
2020-06-06,Home,Library,Train,9.21,12.3,377.6,Local
2020-06-07,Home,Cricket Ground,Train,9.58,12.8,392.8,Local
2020-06-07,Cricket Ground,Library,Bus,6.04,14.5,634.2,Local
2020-06-07,Library,Friend's Place,Bicycle,5.59,22.4,0.0,Local
2020-06-08,Cricket Ground,University,Car,13.59,20.4,2609.3,Local
2020-06-08,University,Home,Walk,17.3,207.6,0.0,Local
2020-06-08,Home,Cricket Ground,Car,5.97,9.0,1146.2,Local
2020-06-09,Home,Grandparents' House,Car,6.47,9.7,1242.2,Local
2020-06-09,Grandparents' House,University,Bicycle,8.22,32.9,0.0,Local
2020-06-10,Home,Cricket Ground,Walk,19.65,235.8,0.0,Local
2020-06-11,Home,Cafe,Bus,13.47,32.3,1414.4,Local
2020-06-11,Cafe,Cricket Ground,Train,4.07,5.4,166.9,Local
2020-06-12,Grandparents' House,Home,Train,5.44,7.3,223.0,Local
2020-06-12,Home,Grandparents' House,Bicycle,16.16,64.6,0.0,Local
2020-06-12,Home,Gym,Train,10.94,14.6,448.5,Local
2020-06-13,Home,Friend's Place,Bus,8.51,20.4,893.5,Local
2020-06-13,University,Home,Walk,14.43,173.2,0.0,Local
2020-06-13,Home,University,Bus,19.37,46.5,2033.9,Local
2020-06-14,Home,University,Bus,17.04,40.9,1789.2,Local
2020-06-15,Home,Grandparents' House,Tram,19.9,59.7,1194.0,Local
2020-06-16,Home,Cricket Ground,Car,11.37,17.1,2183.0,Local
2020-06-17,Home,Friend's Place,Tram,19.35,58.1,1161.0,Local
2020-06-17,Friend's Place,Cafe,Tram,3.46,10.4,207.6,Local
2020-06-18,Home,Friend's Place,Train,5.79,7.7,237.4,Local
2020-06-18,Friend's Place,Gym,Bicycle,1.55,6.2,0.0,Local
2020-06-20,Home,Library,Tram,11.14,33.4,668.4,Local
2020-06-20,Library,Grandparents' House,Bus,0.58,1.4,60.9,Local
2020-06-20,Grandparents' House,Friend's Place,Bus,4.79,11.5,502.9,Local
2020-06-21,Home,University,Bus,14.01,33.6,1471.0,Local
2020-06-22,Home,Cricket Ground,Car,16.13,24.2,3097.0,Local
2020-06-22,Cricket Ground,Cafe,Walk,6.76,81.1,0.0,Local
2020-06-23,Home,Cafe,Train,12.83,17.1,526.0,Local
2020-06-23,Cafe,Cricket Ground,Car,2.15,3.2,412.8,Local
2020-06-24,University,Friend's Place,Walk,5.21,62.5,0.0,Local
2020-06-24,Home,University,Walk,10.74,128.9,0.0,Local
2020-06-25,Home,Friend's Place,Car,11.4,17.1,2188.8,Local
2020-06-26,Home,Library,Walk,6.42,77.0,0.0,Local
2020-06-26,Library,Grandparents' House,Tram,1.88,5.6,112.8,Local
2020-06-27,Home,Library,Train,15.6,20.8,639.6,Local
2020-06-28,Home,Cricket Ground,Bicycle,9.15,36.6,0.0,Local
2020-06-28,Cricket Ground,Friend's Place,Car,4.42,6.6,848.6,Local
2020-06-29,Home,Friend's Place,Train,15.49,20.7,635.1,Local
2020-06-30,Home,Cafe,Walk,14.99,179.9,0.0,Local
2020-06-30,Cafe,University,Walk,17.56,210.7,0.0,Local
2020-07-01,Home,Library,Tram,12.65,38.0,759.0,Local
2020-07-02,Home,Grandparents' House,Bicycle,6.35,25.4,0.0,Local
2020-07-03,Home,Gym,Tram,10.26,30.8,615.6,Local
2020-07-03,Gym,Cafe,Bus,7.0,16.8,735.0,Local
2020-07-04,Home,Library,Bicycle,10.55,42.2,0.0,Local
2020-07-05,Home,Cricket Ground,Tram,14.99,45.0,899.4,Local
2020-07-06,Home,Cafe,Bus,12.18,29.2,1278.9,Local
2020-07-07,Home,Friend's Place,Walk,10.19,122.3,0.0,Local
2020-07-08,Home,Friend's Place,Bus,15.82,38.0,1661.1,Local
2020-07-11,Home,Cricket Ground,Bicycle,16.23,64.9,0.0,Local
2020-07-12,Home,Library,Train,8.14,10.9,333.7,Local
2020-07-13,Home,Cafe,Bus,16.17,38.8,1697.9,Local
2020-07-14,Home,University,Bicycle,19.78,79.1,0.0,Local
2020-07-14,University,Grandparents' House,Car,15.32,23.0,2941.4,Local
2020-07-14,Grandparents' House,Friend's Place,Bicycle,7.05,28.2,0.0,Local
2020-07-15,Home,University,Train,17.43,23.2,714.6,Local
2020-07-15,University,Home,Tram,17.01,51.0,1020.6,Local
2020-07-16,Home,Library,Bus,18.76,45.0,1969.8,Local
2020-07-16,Library,Gym,Train,2.96,3.9,121.4,Local
2020-07-17,Home,Library,Bicycle,13.2,52.8,0.0,Local
2020-07-17,Library,Cricket Ground,Bus,3.04,7.3,319.2,Local
2020-07-17,Cricket Ground,Friend's Place,Walk,3.58,43.0,0.0,Local
2020-07-19,Home,Friend's Place,Bus,9.32,22.4,978.6,Local
2020-07-20,Friend's Place,Library,Car,1.6,2.4,307.2,Local
2020-07-20,Home,Friend's Place,Bicycle,19.52,78.1,0.0,Local
2020-07-21,Home,University,Train,9.98,13.3,409.2,Local
2020-07-22,Home,University,Bus,9.08,21.8,953.4,Local
2020-07-23,Home,Friend's Place,Bus,5.05,12.1,530.2,Local
2020-07-23,Friend's Place,Library,Train,5.74,7.7,235.3,Local
2020-07-23,Library,University,Train,10.13,13.5,415.3,Local
2020-07-24,Home,Library,Bus,9.41,22.6,988.1,Local
2020-07-25,Home,Friend's Place,Tram,8.7,26.1,522.0,Local
2020-07-26,Home,Friend's Place,Car,15.19,22.8,2916.5,Local
2020-07-27,Home,Cricket Ground,Car,15.87,23.8,3047.0,Local
2020-07-28,Home,Cafe,Train,9.13,12.2,374.3,Local
2020-07-28,Cafe,Home,Tram,7.39,22.2,443.4,Local
2020-07-29,Home,Gym,Walk,18.12,217.4,0.0,Local
2020-07-30,Home,Cafe,Tram,11.17,33.5,670.2,Local
2020-07-31,Library,Cafe,Walk,1.15,13.8,0.0,Local
2020-07-31,Cafe,Home,Car,10.88,16.3,2089.0,Local
2020-07-31,Home,Library,Tram,8.17,24.5,490.2,Local
2020-08-01,Home,Friend's Place,Train,10.61,14.1,435.0,Local
2020-08-02,Home,Cricket Ground,Tram,9.57,28.7,574.2,Local
2020-08-02,Cricket Ground,Cafe,Bicycle,4.53,18.1,0.0,Local
2020-08-03,Library,Cricket Ground,Train,1.15,1.5,47.1,Local
2020-08-03,Home,Library,Tram,8.44,25.3,506.4,Local
2020-08-04,Cricket Ground,Friend's Place,Car,6.79,10.2,1303.7,Local
2020-08-04,Home,Cricket Ground,Bicycle,7.86,31.4,0.0,Local
2020-08-05,Home,Library,Car,5.71,8.6,1096.3,Local
2020-08-05,Library,University,Bus,18.84,45.2,1978.2,Local
2020-08-06,Home,Library,Walk,10.87,130.4,0.0,Local
2020-08-06,Library,University,Bicycle,7.45,29.8,0.0,Local
2020-08-07,Home,Cafe,Walk,10.08,121.0,0.0,Local
2020-08-08,Home,Gym,Bicycle,17.8,71.2,0.0,Local
2020-08-09,Gym,Home,Bus,14.26,34.2,1497.3,Local
2020-08-09,Home,Gym,Train,6.82,9.1,279.6,Local
2020-08-09,Home,Gym,Bicycle,7.62,30.5,0.0,Local
2020-08-11,Home,Gym,Car,9.8,14.7,1881.6,Local
2020-08-12,Home,Gym,Car,14.78,22.2,2837.8,Local
2020-08-12,Gym,Friend's Place,Car,4.18,6.3,802.6,Local
2020-08-13,Home,Cafe,Car,17.51,26.3,3361.9,Local
2020-08-13,Cafe,Gym,Bicycle,7.17,28.7,0.0,Local
2020-08-13,Gym,Home,Train,11.43,15.2,468.6,Local
2020-08-15,Gym,Home,Bicycle,17.44,69.8,0.0,Local
2020-08-15,Home,Gym,Car,15.58,23.4,2991.4,Local
2020-08-16,Cricket Ground,Grandparents' House,Bus,6.16,14.8,646.8,Local
2020-08-16,Home,Cafe,Walk,17.68,212.2,0.0,Local
2020-08-16,Cafe,Cricket Ground,Bus,6.9,16.6,724.5,Local
2020-08-17,Home,University,Tram,11.2,33.6,672.0,Local
2020-08-17,University,Grandparents' House,Tram,11.72,35.2,703.2,Local
2020-08-18,Home,Grandparents' House,Tram,17.56,52.7,1053.6,Local
2020-08-18,Grandparents' House,Library,Bus,5.03,12.1,528.1,Local
2020-08-18,Library,Cafe,Bicycle,3.56,14.2,0.0,Local
2020-08-19,Cafe,Cricket Ground,Walk,5.24,62.9,0.0,Local
2020-08-19,Home,Cricket Ground,Bus,6.53,15.7,685.6,Local
2020-08-19,Cricket Ground,Cafe,Car,1.94,2.9,372.5,Local
2020-08-21,Home,Friend's Place,Bicycle,5.73,22.9,0.0,Local
2020-08-22,Home,Library,Bus,14.71,35.3,1544.6,Local
2020-08-22,Library,Cafe,Train,7.24,9.7,296.8,Local
2020-08-23,Home,Grandparents' House,Bicycle,10.43,41.7,0.0,Local
2020-08-24,Home,Friend's Place,Walk,5.93,71.2,0.0,Local
2020-08-24,Friend's Place,Library,Train,7.98,10.6,327.2,Local
2020-08-25,Home,Gym,Bus,14.41,34.6,1513.0,Local
2020-08-26,University,Cricket Ground,Bus,18.09,43.4,1899.5,Local
2020-08-26,Home,University,Train,8.62,11.5,353.4,Local
2020-08-28,Home,Cricket Ground,Bus,9.67,23.2,1015.4,Local
2020-08-28,Cricket Ground,Cafe,Tram,3.44,10.3,206.4,Local
2020-08-28,Cafe,University,Bicycle,12.33,49.3,0.0,Local
2020-08-29,Home,University,Tram,16.91,50.7,1014.6,Local
2020-08-29,University,Gym,Car,9.01,13.5,1729.9,Local
2020-08-29,Gym,Grandparents' House,Walk,3.14,37.7,0.0,Local
2020-08-30,Home,Cafe,Walk,10.65,127.8,0.0,Local
2020-08-30,Cafe,Home,Walk,12.92,155.0,0.0,Local
2020-08-31,Home,Cricket Ground,Bicycle,16.55,66.2,0.0,Local
2020-08-31,Cricket Ground,Friend's Place,Tram,4.27,12.8,256.2,Local
2020-08-31,Friend's Place,Gym,Walk,3.22,38.6,0.0,Local
2020-09-01,Home,University,Tram,18.09,54.3,1085.4,Local
2020-09-02,Home,Grandparents' House,Tram,9.41,28.2,564.6,Local
2020-09-02,Grandparents' House,Cricket Ground,Bus,6.75,16.2,708.8,Local
2020-09-02,Cricket Ground,Home,Car,18.3,27.5,3513.6,Local
2020-09-03,Home,Library,Bicycle,5.05,20.2,0.0,Local
2020-09-04,Home,Library,Walk,15.29,183.5,0.0,Local
2020-09-05,Home,Gym,Walk,11.21,134.5,0.0,Local
2020-09-06,Home,Cricket Ground,Bus,16.93,40.6,1777.6,Local
2020-09-06,Cricket Ground,Grandparents' House,Walk,0.8,9.6,0.0,Local
2020-09-07,Home,Library,Bus,13.45,32.3,1412.2,Local
2020-09-07,Library,Gym,Walk,6.9,82.8,0.0,Local
2020-09-08,Home,University,Walk,11.02,132.2,0.0,Local
2020-09-09,Home,Library,Tram,15.97,47.9,958.2,Local
2020-09-10,Home,Friend's Place,Train,7.32,9.8,300.1,Local
2020-09-11,Friend's Place,Home,Bicycle,19.08,76.3,0.0,Local
2020-09-11,Home,Grandparents' House,Bicycle,12.02,48.1,0.0,Local
2020-09-11,Grandparents' House,Friend's Place,Bicycle,5.44,21.8,0.0,Local
2020-09-12,Home,Grandparents' House,Bicycle,9.41,37.6,0.0,Local
2020-09-12,Grandparents' House,Library,Train,1.68,2.2,68.9,Local
2020-09-13,Home,University,Train,6.8,9.1,278.8,Local
2020-09-13,University,Home,Bus,9.57,23.0,1004.9,Local
2020-09-14,Home,Grandparents' House,Tram,19.81,59.4,1188.6,Local
2020-09-15,Home,Library,Tram,16.52,49.6,991.2,Local
2020-09-16,Home,Friend's Place,Tram,11.63,34.9,697.8,Local
2020-09-17,Home,Cricket Ground,Train,13.52,18.0,554.3,Local
2020-09-17,Cricket Ground,Grandparents' House,Bus,4.1,9.8,430.5,Local
2020-09-18,Home,Cafe,Walk,13.26,159.1,0.0,Local
2020-09-18,Cafe,Grandparents' House,Tram,5.14,15.4,308.4,Local
2020-09-19,Home,Grandparents' House,Tram,11.41,34.2,684.6,Local
2020-09-20,Home,Cafe,Bicycle,14.99,60.0,0.0,Local
2020-09-21,Home,Library,Tram,8.35,25.0,501.0,Local
2020-09-21,Library,Friend's Place,Bicycle,0.81,3.2,0.0,Local
2020-09-21,Friend's Place,Library,Train,7.0,9.3,287.0,Local
2020-09-22,Home,Cricket Ground,Tram,13.73,41.2,823.8,Local
2020-09-23,Home,University,Train,16.93,22.6,694.1,Local
2020-09-23,University,Cafe,Walk,12.64,151.7,0.0,Local
2020-09-23,Cafe,Library,Walk,2.01,24.1,0.0,Local
2020-09-24,Home,University,Walk,6.86,82.3,0.0,Local
2020-09-24,University,Friend's Place,Bus,18.24,43.8,1915.2,Local
2020-09-24,Friend's Place,Grandparents' House,Bus,5.03,12.1,528.1,Local
2020-09-25,Library,Grandparents' House,Walk,3.29,39.5,0.0,Local
2020-09-25,Home,Library,Train,6.4,8.5,262.4,Local
2020-09-26,Home,Cafe,Walk,14.62,175.4,0.0,Local
2020-09-27,Home,Gym,Tram,19.0,57.0,1140.0,Local
2020-09-28,Home,Gym,Train,12.34,16.5,505.9,Local
2020-09-28,Gym,Cricket Ground,Train,4.59,6.1,188.2,Local
2020-09-28,Cricket Ground,Home,Tram,17.36,52.1,1041.6,Local
2020-09-29,Home,Cafe,Bicycle,7.56,30.2,0.0,Local
2020-09-29,Cafe,Gym,Car,6.89,10.3,1322.9,Local
2020-09-30,Library,Gym,Bicycle,0.88,3.5,0.0,Local
2020-09-30,Home,Library,Train,17.35,23.1,711.4,Local
2020-10-01,Home,Library,Tram,18.54,55.6,1112.4,Local
2020-10-02,Home,University,Walk,12.0,144.0,0.0,Local
2020-10-02,University,Gym,Car,6.14,9.2,1178.9,Local
2020-10-02,Gym,Cricket Ground,Bicycle,5.62,22.5,0.0,Local
2020-10-03,Home,University,Bicycle,9.03,36.1,0.0,Local
2020-10-04,Cricket Ground,Cafe,Walk,4.19,50.3,0.0,Local
2020-10-04,Cafe,Library,Bicycle,2.18,8.7,0.0,Local
2020-10-04,Home,Cricket Ground,Walk,13.63,163.6,0.0,Local
2020-10-05,University,Friend's Place,Tram,7.02,21.1,421.2,Local
2020-10-05,Home,University,Car,11.69,17.5,2244.5,Local
2020-10-07,Home,Cricket Ground,Bicycle,16.7,66.8,0.0,Local
2020-10-07,Cricket Ground,Home,Bicycle,5.2,20.8,0.0,Local
2020-10-07,Home,Friend's Place,Walk,8.22,98.6,0.0,Local
2020-10-08,Home,University,Train,15.81,21.1,648.2,Local
2020-10-08,University,Cafe,Walk,15.45,185.4,0.0,Local
2020-10-08,Cafe,Home,Bicycle,8.95,35.8,0.0,Local
2020-10-10,Home,Library,Bicycle,13.12,52.5,0.0,Local
2020-10-10,Library,Home,Train,12.11,16.1,496.5,Local
2020-10-11,Home,Friend's Place,Car,12.18,18.3,2338.6,Local
2020-10-11,Friend's Place,Cricket Ground,Bicycle,7.67,30.7,0.0,Local
2020-10-11,Cricket Ground,Grandparents' House,Bus,3.09,7.4,324.4,Local
2020-10-12,Home,Friend's Place,Car,17.1,25.7,3283.2,Local
2020-10-12,Friend's Place,Cafe,Car,0.52,0.8,99.8,Local
2020-10-13,Home,Grandparents' House,Bicycle,19.06,76.2,0.0,Local
2020-10-14,Home,Friend's Place,Tram,8.07,24.2,484.2,Local
2020-10-14,Friend's Place,Home,Car,9.87,14.8,1895.0,Local
2020-10-15,Library,Gym,Walk,3.13,37.6,0.0,Local
2020-10-15,Home,Library,Tram,6.12,18.4,367.2,Local
2020-10-17,Home,Friend's Place,Walk,5.14,61.7,0.0,Local
2020-10-18,Home,University,Bus,8.01,19.2,841.0,Local
2020-10-19,Home,Gym,Train,6.44,8.6,264.0,Local
2020-10-21,Home,Gym,Bicycle,12.27,49.1,0.0,Local
2020-10-21,Gym,Grandparents' House,Car,5.02,7.5,963.8,Local
2020-10-22,Home,Friend's Place,Walk,18.33,220.0,0.0,Local
2020-10-23,Cafe,Cricket Ground,Tram,5.57,16.7,334.2,Local
2020-10-23,Home,Cafe,Train,17.43,23.2,714.6,Local
2020-10-25,Home,University,Tram,12.67,38.0,760.2,Local
2020-10-25,University,Friend's Place,Walk,17.5,210.0,0.0,Local
2020-10-26,Home,University,Train,7.22,9.6,296.0,Local
2020-10-26,University,Gym,Bicycle,8.43,33.7,0.0,Local
2020-10-27,Home,Cricket Ground,Walk,19.45,233.4,0.0,Local
2020-10-29,Home,Library,Car,8.12,12.2,1559.0,Local
2020-10-30,Home,Friend's Place,Car,5.33,8.0,1023.4,Local
2020-10-31,Home,Cafe,Bicycle,18.02,72.1,0.0,Local
2020-10-31,Cafe,Home,Tram,17.01,51.0,1020.6,Local
2020-11-01,Home,Cricket Ground,Car,7.62,11.4,1463.0,Local
2020-11-02,Home,University,Bus,18.21,43.7,1912.1,Local
2020-11-03,Home,Cricket Ground,Bicycle,11.91,47.6,0.0,Local
2020-11-05,Home,Grandparents' House,Walk,9.43,113.2,0.0,Local
2020-11-06,Home,Friend's Place,Walk,13.3,159.6,0.0,Local
2020-11-06,Friend's Place,Cricket Ground,Bicycle,3.61,14.4,0.0,Local
2020-11-07,Home,Gym,Train,6.34,8.5,259.9,Local
2020-11-08,Home,University,Bus,15.73,37.8,1651.7,Local
2020-11-08,University,Cafe,Bus,18.18,43.6,1908.9,Local
2020-11-09,Cafe,Cricket Ground,Bicycle,4.26,17.0,0.0,Local
2020-11-09,Home,Cafe,Bicycle,13.22,52.9,0.0,Local
2020-11-10,Home,Gym,Car,16.05,24.1,3081.6,Local
2020-11-10,Gym,University,Bus,16.07,38.6,1687.4,Local
2020-11-11,Home,Library,Walk,6.46,77.5,0.0,Local
2020-11-11,Library,Cricket Ground,Train,7.49,10.0,307.1,Local
2020-11-12,Home,University,Bicycle,11.42,45.7,0.0,Local
2020-11-12,University,Cafe,Bicycle,15.3,61.2,0.0,Local
2020-11-13,Home,Cafe,Walk,17.24,206.9,0.0,Local
2020-11-14,Cricket Ground,Cafe,Bus,2.72,6.5,285.6,Local
2020-11-14,Home,Cricket Ground,Bus,14.77,35.4,1550.8,Local
2020-11-15,Home,Library,Bus,18.52,44.4,1944.6,Local
2020-11-15,Library,Friend's Place,Tram,1.2,3.6,72.0,Local
2020-11-15,Friend's Place,Cafe,Tram,4.94,14.8,296.4,Local
2020-11-16,Home,Library,Car,17.38,26.1,3337.0,Local
2020-11-17,Home,Library,Train,11.97,16.0,490.8,Local
2020-11-18,Home,Grandparents' House,Bicycle,15.97,63.9,0.0,Local
2020-11-19,Home,Friend's Place,Bicycle,12.74,51.0,0.0,Local
2020-11-19,Friend's Place,Library,Car,3.65,5.5,700.8,Local
2020-11-20,Home,Grandparents' House,Tram,6.08,18.2,364.8,Local
2020-11-20,Grandparents' House,Library,Bus,1.14,2.7,119.7,Local
2020-11-20,Library,University,Car,6.22,9.3,1194.2,Local
2020-11-21,Home,Cricket Ground,Bicycle,9.54,38.2,0.0,Local
2020-11-21,Cricket Ground,Library,Tram,5.57,16.7,334.2,Local
2020-11-21,Library,Gym,Train,1.65,2.2,67.6,Local
2020-11-22,Home,Cricket Ground,Walk,17.76,213.1,0.0,Local
2020-11-23,Cricket Ground,Grandparents' House,Tram,3.99,12.0,239.4,Local
2020-11-23,Home,Library,Walk,10.57,126.8,0.0,Local
2020-11-23,Library,Cricket Ground,Train,1.02,1.4,41.8,Local
2020-11-24,Home,Gym,Bus,9.58,23.0,1005.9,Local
2020-11-25,Home,Library,Train,16.19,21.6,663.8,Local
2020-11-25,Library,Cafe,Train,3.3,4.4,135.3,Local
2020-11-26,Home,University,Car,9.54,14.3,1831.7,Local
2020-11-27,Home,University,Tram,15.28,45.8,916.8,Local
2020-11-27,University,Cricket Ground,Bicycle,19.13,76.5,0.0,Local
2020-11-28,Home,Cafe,Bicycle,7.6,30.4,0.0,Local
2020-11-28,Cafe,Grandparents' House,Walk,6.32,75.8,0.0,Local
2020-11-29,Home,Gym,Train,10.47,14.0,429.3,Local
2020-11-29,Gym,Cricket Ground,Car,5.71,8.6,1096.3,Local
2020-11-30,Home,Cafe,Train,11.07,14.8,453.9,Local
2020-11-30,Cafe,Library,Bus,2.97,7.1,311.9,Local
2020-12-01,Home,Gym,Walk,10.02,120.2,0.0,Local
2020-12-01,Gym,Home,Walk,10.03,120.4,0.0,Local
2020-12-03,Gym,Home,Bus,17.66,42.4,1854.3,Local
2020-12-03,Home,Gym,Train,6.54,8.7,268.1,Local
2020-12-04,Home,Gym,Tram,12.85,38.5,771.0,Local
2020-12-05,Home,Friend's Place,Car,13.29,19.9,2551.7,Local
2020-12-06,Home,Grandparents' House,Walk,12.86,154.3,0.0,Local
2020-12-06,Grandparents' House,Library,Train,4.74,6.3,194.3,Local
2020-12-07,Home,Friend's Place,Bicycle,14.7,58.8,0.0,Local
2020-12-07,Friend's Place,Library,Walk,2.8,33.6,0.0,Local
2020-12-07,Library,University,Train,8.48,11.3,347.7,Local
2020-12-08,Home,University,Bicycle,5.64,22.6,0.0,Local
2020-12-08,University,Home,Walk,14.43,173.2,0.0,Local
2020-12-09,Home,Gym,Tram,18.37,55.1,1102.2,Local
2020-12-09,Gym,Cafe,Tram,1.84,5.5,110.4,Local
2020-12-09,Cafe,Library,Walk,3.5,42.0,0.0,Local
2020-12-10,Home,Friend's Place,Train,14.02,18.7,574.8,Local
2020-12-11,Home,Grandparents' House,Train,13.83,18.4,567.0,Local
2020-12-12,Home,Library,Tram,8.04,24.1,482.4,Local
2020-12-13,Home,Cricket Ground,Tram,11.41,34.2,684.6,Local
2020-12-14,Home,Cricket Ground,Bicycle,8.65,34.6,0.0,Local
2020-12-15,Cricket Ground,Home,Bicycle,17.38,69.5,0.0,Local
2020-12-15,Home,Cricket Ground,Bus,5.1,12.2,535.5,Local
2020-12-16,Home,Library,Walk,5.02,60.2,0.0,Local
2020-12-16,Library,Cafe,Walk,7.88,94.6,0.0,Local
2020-12-17,Home,Grandparents' House,Bus,15.55,37.3,1632.8,Local
2020-12-18,Home,Grandparents' House,Car,8.07,12.1,1549.4,Local
2020-12-18,Grandparents' House,Friend's Place,Walk,1.57,18.8,0.0,Local
2020-12-19,Library,University,Tram,9.46,28.4,567.6,Local
2020-12-19,University,Cafe,Bus,8.33,20.0,874.6,Local
2020-12-19,Home,Library,Tram,13.54,40.6,812.4,Local
2020-12-20,Home,Grandparents' House,Walk,16.05,192.6,0.0,Local
2020-12-20,Grandparents' House,Gym,Train,6.38,8.5,261.6,Local
2020-12-20,Gym,Cricket Ground,Tram,4.39,13.2,263.4,Local
2020-12-21,Home,Cafe,Bus,10.76,25.8,1129.8,Local
2020-12-21,Cafe,Friend's Place,Bus,4.32,10.4,453.6,Local
2020-12-22,Home,Gym,Tram,8.78,26.3,526.8,Local
2020-12-23,Home,Grandparents' House,Tram,17.09,51.3,1025.4,Local
2020-12-24,Home,University,Walk,19.43,233.2,0.0,Local
2020-12-25,Cricket Ground,Gym,Bus,4.52,10.8,474.6,Local
2020-12-25,Home,Cricket Ground,Bus,15.57,37.4,1634.9,Local
2020-12-26,Home,Cricket Ground,Train,19.41,25.9,795.8,Local
2020-12-26,Cricket Ground,Gym,Car,4.91,7.4,942.7,Local
2020-12-27,Home,Grandparents' House,Car,5.36,8.0,1029.1,Local
2020-12-27,Grandparents' House,Library,Bus,3.37,8.1,353.9,Local
2020-12-27,Library,Home,Bicycle,19.34,77.4,0.0,Local
2020-12-28,Home,Gym,Train,19.64,26.2,805.2,Local
2020-12-29,Home,Gym,Bicycle,14.86,59.4,0.0,Local
2020-12-29,Gym,Library,Tram,0.69,2.1,41.4,Local
2020-12-30,Home,Library,Tram,8.5,25.5,510.0,Local
2020-12-30,Library,Home,Tram,7.36,22.1,441.6,Local
2020-12-31,Home,Library,Car,10.51,15.8,2017.9,Local
2020-12-31,Library,Cricket Ground,Train,6.91,9.2,283.3,Local
2020-12-31,Cricket Ground,Cafe,Bicycle,2.02,8.1,0.0,Local
2021-01-03,Home,Friend's Place,Bus,19.27,46.2,2023.3,Local
2021-01-04,Home,Gym,Bus,5.91,14.2,620.6,Local
2021-01-04,Gym,Grandparents' House,Walk,6.88,82.6,0.0,Local
2021-01-05,University,Library,Car,12.0,18.0,2304.0,Local
2021-01-05,Home,University,Tram,5.95,17.8,357.0,Local
2021-01-06,Home,Library,Tram,8.32,25.0,499.2,Local
2021-01-06,Library,Gym,Tram,4.68,14.0,280.8,Local
2021-01-07,Home,Gym,Car,10.8,16.2,2073.6,Local
2021-01-07,Gym,Grandparents' House,Bus,1.78,4.3,186.9,Local
2021-01-07,Grandparents' House,Gym,Bicycle,4.24,17.0,0.0,Local
2021-01-09,Home,Grandparents' House,Train,7.3,9.7,299.3,Local
2021-01-09,Grandparents' House,Cafe,Tram,3.6,10.8,216.0,Local
2021-01-09,Cafe,Library,Bicycle,2.0,8.0,0.0,Local
2021-01-10,Home,University,Bus,11.62,27.9,1220.1,Local
2021-01-11,Home,Cafe,Walk,5.28,63.4,0.0,Local
2021-01-12,Home,Friend's Place,Car,10.61,15.9,2037.1,Local
2021-01-13,Home,Library,Tram,12.06,36.2,723.6,Local
2021-01-13,Library,Home,Car,6.65,10.0,1276.8,Local
2021-01-14,Home,Friend's Place,Bus,13.06,31.3,1371.3,Local
2021-01-15,Home,Friend's Place,Bus,6.23,15.0,654.2,Local
2021-01-16,Home,University,Train,19.29,25.7,790.9,Local
2021-01-17,Home,Gym,Bicycle,9.5,38.0,0.0,Local
2021-01-18,Home,Cafe,Tram,18.44,55.3,1106.4,Local
2021-01-19,Home,Cafe,Walk,17.15,205.8,0.0,Local
2021-01-19,Cafe,Home,Tram,9.39,28.2,563.4,Local
2021-01-19,Home,Cafe,Car,12.72,19.1,2442.2,Local
2021-01-20,Home,Cafe,Tram,6.44,19.3,386.4,Local
2021-01-21,Home,Cricket Ground,Car,7.29,10.9,1399.7,Local
2021-01-21,Cricket Ground,Cafe,Bus,2.04,4.9,214.2,Local
2021-01-22,Home,Library,Bus,7.69,18.5,807.5,Local
2021-01-22,Library,Friend's Place,Walk,6.21,74.5,0.0,Local
2021-01-23,Home,Cricket Ground,Train,11.44,15.3,469.0,Local
2021-01-24,Home,University,Bicycle,12.77,51.1,0.0,Local
2021-01-24,University,Cricket Ground,Car,15.95,23.9,3062.4,Local
2021-01-24,Cricket Ground,Gym,Tram,6.16,18.5,369.6,Local
2021-01-25,Gym,Grandparents' House,Bus,6.3,15.1,661.5,Local
2021-01-25,Home,Gym,Walk,11.73,140.8,0.0,Local
2021-01-25,Grandparents' House,Cricket Ground,Tram,1.58,4.7,94.8,Local
2021-01-26,Grandparents' House,Gym,Car,3.29,4.9,631.7,Local
2021-01-26,Home,Grandparents' House,Car,10.97,16.5,2106.2,Local
2021-01-27,Friend's Place,Grandparents' House,Bus,4.22,10.1,443.1,Local
2021-01-27,Home,Cafe,Car,13.44,20.2,2580.5,Local
2021-01-27,Cafe,Friend's Place,Walk,6.57,78.8,0.0,Local
2021-01-28,Home,University,Tram,9.9,29.7,594.0,Local
2021-01-28,University,Cricket Ground,Bicycle,12.2,48.8,0.0,Local
2021-01-29,Home,University,Walk,19.62,235.4,0.0,Local
2021-01-30,Home,University,Tram,17.99,54.0,1079.4,Local
2021-01-30,University,Grandparents' House,Tram,6.22,18.7,373.2,Local
2021-02-01,Home,Grandparents' House,Bus,12.1,29.0,1270.5,Local
2021-02-02,Home,Grandparents' House,Bicycle,14.17,56.7,0.0,Local
2021-02-03,Library,University,Walk,8.42,101.0,0.0,Local
2021-02-03,Home,Library,Bicycle,14.5,58.0,0.0,Local
2021-02-04,Home,Friend's Place,Car,16.76,25.1,3217.9,Local
2021-02-04,Friend's Place,Grandparents' House,Tram,6.86,20.6,411.6,Local
2021-02-05,Home,Gym,Car,8.92,13.4,1712.6,Local
2021-02-06,Home,Cafe,Bicycle,15.66,62.6,0.0,Local
2021-02-06,Cafe,Cricket Ground,Bus,4.84,11.6,508.2,Local
2021-02-06,Cricket Ground,Home,Train,8.84,11.8,362.4,Local
2021-02-07,Home,Gym,Train,6.79,9.1,278.4,Local
2021-02-07,Cricket Ground,Home,Car,13.73,20.6,2636.2,Local
2021-02-07,Home,Cricket Ground,Car,11.67,17.5,2240.6,Local
2021-02-08,Home,University,Bus,9.36,22.5,982.8,Local
2021-02-09,Home,Cafe,Train,17.6,23.5,721.6,Local
2021-02-10,Home,Gym,Bicycle,19.6,78.4,0.0,Local
2021-02-11,Home,Friend's Place,Bicycle,7.19,28.8,0.0,Local
2021-02-11,Friend's Place,Home,Tram,8.4,25.2,504.0,Local
2021-02-13,Home,University,Bus,5.73,13.8,601.7,Local
2021-02-13,University,Gym,Bicycle,17.9,71.6,0.0,Local
2021-02-14,Friend's Place,Home,Walk,8.11,97.3,0.0,Local
2021-02-14,Home,Grandparents' House,Car,11.82,17.7,2269.4,Local
2021-02-14,Grandparents' House,Friend's Place,Bicycle,3.77,15.1,0.0,Local
2021-02-15,Home,University,Tram,7.2,21.6,432.0,Local
2021-02-15,University,Friend's Place,Bus,13.18,31.6,1383.9,Local
2021-02-16,Home,Library,Train,18.48,24.6,757.7,Local
2021-02-16,Library,Gym,Bicycle,0.58,2.3,0.0,Local
2021-02-17,Home,Gym,Car,13.76,20.6,2641.9,Local
2021-02-18,Gym,Cricket Ground,Bus,7.39,17.7,775.9,Local
2021-02-18,Grandparents' House,Gym,Train,4.94,6.6,202.5,Local
2021-02-18,Home,Grandparents' House,Tram,14.78,44.3,886.8,Local
2021-02-19,Home,Cafe,Car,6.53,9.8,1253.8,Local
2021-02-20,Home,Cafe,Car,11.6,17.4,2227.2,Local
2021-02-20,Cafe,Library,Train,7.96,10.6,326.4,Local
2021-02-21,Home,Friend's Place,Tram,19.81,59.4,1188.6,Local
2021-02-21,Friend's Place,Home,Bus,5.48,13.2,575.4,Local
2021-02-23,Cafe,Grandparents' House,Walk,5.66,67.9,0.0,Local
2021-02-23,Grandparents' House,Friend's Place,Bus,7.57,18.2,794.9,Local
2021-02-23,Home,Cafe,Train,17.79,23.7,729.4,Local
2021-02-24,Home,Gym,Tram,19.95,59.8,1197.0,Local
2021-02-24,Gym,Library,Car,2.76,4.1,529.9,Local
2021-02-24,Library,Grandparents' House,Train,4.56,6.1,187.0,Local
2021-02-25,Home,Cricket Ground,Tram,17.38,52.1,1042.8,Local
2021-02-25,Cricket Ground,Cafe,Car,3.8,5.7,729.6,Local
2021-02-25,Cafe,Friend's Place,Bus,1.0,2.4,105.0,Local
2021-02-26,Cricket Ground,Gym,Train,4.85,6.5,198.8,Local
2021-02-26,Home,Cricket Ground,Train,7.25,9.7,297.2,Local
2021-02-27,University,Home,Bicycle,18.63,74.5,0.0,Local
2021-02-27,Home,Gym,Car,12.18,18.3,2338.6,Local
2021-02-27,Gym,University,Tram,19.8,59.4,1188.0,Local
2021-02-28,Home,Grandparents' House,Car,16.77,25.2,3219.8,Local
2021-02-28,Grandparents' House,University,Car,11.09,16.6,2129.3,Local
2021-03-01,Home,Friend's Place,Car,15.77,23.7,3027.8,Local
2021-03-01,Friend's Place,Home,Tram,9.64,28.9,578.4,Local
2021-03-02,Home,Friend's Place,Car,18.14,27.2,3482.9,Local
2021-03-02,Friend's Place,Grandparents' House,Bus,2.39,5.7,251.0,Local
2021-03-02,Grandparents' House,Cafe,Bicycle,1.41,5.6,0.0,Local
2021-03-03,Home,Gym,Walk,5.11,61.3,0.0,Local
2021-03-04,Home,Gym,Walk,9.61,115.3,0.0,Local
2021-03-04,Gym,Cafe,Bus,1.27,3.0,133.3,Local
2021-03-04,Cafe,Friend's Place,Car,5.91,8.9,1134.7,Local
2021-03-05,Grandparents' House,Home,Bicycle,5.03,20.1,0.0,Local
2021-03-05,Home,Library,Bus,9.57,23.0,1004.9,Local
2021-03-05,Library,Grandparents' House,Bicycle,5.28,21.1,0.0,Local
2021-03-06,Friend's Place,Cricket Ground,Bus,0.63,1.5,66.2,Local
2021-03-06,Home,Library,Bus,14.31,34.3,1502.5,Local
2021-03-06,Library,Friend's Place,Car,2.51,3.8,481.9,Local
2021-03-07,Home,Friend's Place,Bus,5.58,13.4,585.9,Local
2021-03-07,Friend's Place,Cricket Ground,Train,7.91,10.5,324.3,Local
2021-03-07,Cricket Ground,Home,Tram,11.81,35.4,708.6,Local
2021-03-08,Home,Cafe,Train,19.25,25.7,789.2,Local
2021-03-09,Home,Friend's Place,Car,16.06,24.1,3083.5,Local
2021-03-11,Home,Gym,Train,6.62,8.8,271.4,Local
2021-03-11,Gym,Cafe,Bus,2.71,6.5,284.6,Local
2021-03-12,Home,Cricket Ground,Train,5.18,6.9,212.4,Local
2021-03-12,Cricket Ground,Home,Train,5.37,7.2,220.2,Local
2021-03-12,Home,Grandparents' House,Train,19.15,25.5,785.1,Local
2021-03-13,Home,Cafe,Walk,6.48,77.8,0.0,Local
2021-03-13,Cafe,Home,Train,15.61,20.8,640.0,Local
2021-03-15,Home,Friend's Place,Bus,8.87,21.3,931.3,Local
2021-03-16,Home,Grandparents' House,Walk,13.11,157.3,0.0,Local
2021-03-16,Grandparents' House,Gym,Bus,6.77,16.2,710.8,Local
2021-03-17,Gym,University,Car,11.49,17.2,2206.1,Local
2021-03-17,Home,Gym,Walk,9.68,116.2,0.0,Local
2021-03-18,Home,Cricket Ground,Bicycle,13.07,52.3,0.0,Local
2021-03-21,Home,Cricket Ground,Tram,8.75,26.2,525.0,Local
2021-03-21,Cricket Ground,University,Walk,9.73,116.8,0.0,Local
2021-03-21,University,Grandparents' House,Bus,19.49,46.8,2046.4,Local
2021-03-22,Home,Library,Tram,8.38,25.1,502.8,Local
2021-03-23,Home,Cricket Ground,Tram,19.1,57.3,1146.0,Local
2021-03-24,Home,Grandparents' House,Walk,15.98,191.8,0.0,Local
2021-03-25,Home,Grandparents' House,Tram,15.64,46.9,938.4,Local
2021-03-26,Home,Cafe,Bicycle,13.94,55.8,0.0,Local
2021-03-26,Cafe,Friend's Place,Car,4.8,7.2,921.6,Local
2021-03-26,Friend's Place,Library,Train,3.37,4.5,138.2,Local
2021-03-27,Home,Library,Walk,11.22,134.6,0.0,Local
2021-03-29,Home,Cricket Ground,Train,18.48,24.6,757.7,Local
2021-03-30,Grandparents' House,Cricket Ground,Bus,2.99,7.2,314.0,Local
2021-03-30,Cricket Ground,University,Walk,13.69,164.3,0.0,Local
2021-03-30,Home,Grandparents' House,Bus,6.96,16.7,730.8,Local
2021-03-31,Home,Cafe,Bicycle,15.71,62.8,0.0,Local
2021-03-31,Home,Grandparents' House,Bus,12.28,29.5,1289.4,Local
2021-03-31,Grandparents' House,Home,Bicycle,17.0,68.0,0.0,Local
2021-04-01,Home,Cafe,Bicycle,11.69,46.8,0.0,Local
2021-04-02,Home,Friend's Place,Walk,15.01,180.1,0.0,Local
2021-04-02,Friend's Place,Library,Walk,4.19,50.3,0.0,Local
2021-04-02,Library,Grandparents' House,Bus,3.98,9.6,417.9,Local
2021-04-03,Home,Gym,Train,11.47,15.3,470.3,Local
2021-04-04,Home,Friend's Place,Bicycle,10.03,40.1,0.0,Local
2021-04-05,Home,University,Walk,5.24,62.9,0.0,Local
2021-04-05,University,Home,Bus,8.85,21.2,929.2,Local
2021-04-06,Home,Friend's Place,Train,9.57,12.8,392.4,Local
2021-04-06,Friend's Place,Cafe,Walk,2.15,25.8,0.0,Local
2021-04-06,Cafe,Grandparents' House,Tram,6.98,20.9,418.8,Local
2021-04-07,Home,Friend's Place,Train,17.35,23.1,711.4,Local
2021-04-08,Gym,University,Bus,18.4,44.2,1932.0,Local
2021-04-08,Home,Friend's Place,Bicycle,14.3,57.2,0.0,Local
2021-04-08,Friend's Place,Gym,Bus,2.52,6.0,264.6,Local
2021-04-09,Home,Library,Bicycle,9.33,37.3,0.0,Local
2021-04-10,Home,University,Tram,18.72,56.2,1123.2,Local
2021-04-11,Home,Gym,Bus,8.45,20.3,887.2,Local
2021-04-11,Gym,Grandparents' House,Car,7.15,10.7,1372.8,Local
2021-04-12,Home,Cafe,Car,7.61,11.4,1461.1,Local
2021-04-13,Home,Cricket Ground,Bicycle,7.95,31.8,0.0,Local
2021-04-13,Cricket Ground,Gym,Tram,1.12,3.4,67.2,Local
2021-04-14,Home,Grandparents' House,Bus,13.46,32.3,1413.3,Local
2021-04-15,University,Friend's Place,Tram,17.18,51.5,1030.8,Local
2021-04-15,Home,Gym,Bicycle,7.55,30.2,0.0,Local
2021-04-15,Gym,University,Bicycle,16.85,67.4,0.0,Local
2021-04-16,Home,Grandparents' House,Tram,8.34,25.0,500.4,Local
2021-04-17,Cricket Ground,University,Walk,5.74,68.9,0.0,Local
2021-04-17,Home,Cricket Ground,Tram,17.21,51.6,1032.6,Local
2021-04-18,Home,Cafe,Tram,5.03,15.1,301.8,Local
2021-04-19,Friend's Place,Cricket Ground,Tram,2.37,7.1,142.2,Local
2021-04-19,Home,Friend's Place,Walk,10.59,127.1,0.0,Local
2021-04-20,Home,Cricket Ground,Car,10.68,16.0,2050.6,Local
2021-04-21,University,Gym,Car,16.39,24.6,3146.9,Local
2021-04-21,Home,University,Tram,11.9,35.7,714.0,Local
2021-04-22,Home,Cricket Ground,Train,13.48,18.0,552.7,Local
2021-04-22,Cricket Ground,Home,Bicycle,19.47,77.9,0.0,Local
2021-04-22,Home,Cricket Ground,Car,7.78,11.7,1493.8,Local
2021-04-23,Home,Library,Bus,18.7,44.9,1963.5,Local
2021-04-23,Library,Grandparents' House,Train,1.47,2.0,60.3,Local
2021-04-23,Grandparents' House,Library,Train,4.68,6.2,191.9,Local
2021-04-24,Home,Grandparents' House,Tram,14.64,43.9,878.4,Local
2021-04-24,Grandparents' House,Cafe,Car,4.4,6.6,844.8,Local
2021-04-25,Home,Cafe,Bicycle,12.83,51.3,0.0,Local
2021-04-25,Cafe,Home,Bicycle,14.96,59.8,0.0,Local
2021-04-27,Home,University,Tram,17.35,52.1,1041.0,Local
2021-04-27,University,Friend's Place,Bus,18.89,45.3,1983.5,Local
2021-04-27,Friend's Place,Gym,Bicycle,1.04,4.2,0.0,Local
2021-04-28,Home,University,Bus,12.1,29.0,1270.5,Local
2021-04-28,University,Cafe,Car,8.32,12.5,1597.4,Local
2021-04-29,Melbourne,New York,Flight,16000.0,1066.7,2100000.0,International-Out
2021-04-30,Home,Cricket Ground,Bicycle,6.83,27.3,0.0,Local
2021-04-30,Cricket Ground,Gym,Train,1.69,2.3,69.3,Local
2021-05-01,Home,Library,Car,15.45,23.2,2966.4,Local
2021-05-02,Home,Friend's Place,Bus,8.4,20.2,882.0,Local
2021-05-03,Home,Gym,Bicycle,10.0,40.0,0.0,Local
2021-05-03,Gym,Home,Car,5.62,8.4,1079.0,Local
2021-05-04,Friend's Place,Grandparents' House,Bus,0.79,1.9,83.0,Local
2021-05-04,Home,Friend's Place,Walk,14.04,168.5,0.0,Local
2021-05-05,Cricket Ground,Grandparents' House,Walk,1.56,18.7,0.0,Local
2021-05-05,Home,Cricket Ground,Train,18.11,24.1,742.5,Local
2021-05-06,New York,Melbourne,Flight,16000.0,1066.7,2100000.0,International-Return
2021-05-07,Home,Cafe,Tram,10.02,30.1,601.2,Local
2021-05-08,Home,Library,Bicycle,13.75,55.0,0.0,Local
2021-05-09,Home,Cricket Ground,Train,19.73,26.3,808.9,Local
2021-05-10,Home,University,Walk,19.68,236.2,0.0,Local
2021-05-10,University,Grandparents' House,Car,16.26,24.4,3121.9,Local
2021-05-10,Grandparents' House,Cricket Ground,Walk,1.27,15.2,0.0,Local
2021-05-11,Home,Library,Car,15.94,23.9,3060.5,Local
2021-05-12,Home,University,Bicycle,19.69,78.8,0.0,Local
2021-05-12,University,Cricket Ground,Tram,18.11,54.3,1086.6,Local
2021-05-13,Home,Cafe,Walk,5.39,64.7,0.0,Local
2021-05-14,Home,Cricket Ground,Bus,11.74,28.2,1232.7,Local
2021-05-14,Cricket Ground,University,Train,12.13,16.2,497.3,Local
2021-05-16,Home,Gym,Car,14.21,21.3,2728.3,Local
2021-05-16,Gym,University,Car,18.9,28.3,3628.8,Local
2021-05-16,University,Home,Walk,16.93,203.2,0.0,Local
2021-05-17,Home,Grandparents' House,Train,15.72,21.0,644.5,Local
2021-05-17,Grandparents' House,Cricket Ground,Train,5.69,7.6,233.3,Local
2021-05-17,Cricket Ground,University,Tram,19.27,57.8,1156.2,Local
2021-05-18,Home,Gym,Car,5.68,8.5,1090.6,Local
2021-05-19,Home,Grandparents' House,Train,14.25,19.0,584.2,Local
2021-05-19,Grandparents' House,Home,Bus,9.3,22.3,976.5,Local
2021-05-19,Home,Friend's Place,Walk,14.72,176.6,0.0,Local
2021-05-20,Home,Grandparents' House,Tram,15.41,46.2,924.6,Local
2021-05-21,Home,Cricket Ground,Train,15.08,20.1,618.3,Local
2021-05-21,Cricket Ground,Grandparents' House,Walk,2.34,28.1,0.0,Local
2021-05-21,Grandparents' House,Cafe,Tram,0.72,2.2,43.2,Local
2021-05-22,Home,Gym,Bus,17.58,42.2,1845.9,Local
2021-05-23,Home,Friend's Place,Bicycle,10.49,42.0,0.0,Local
2021-05-24,Home,Friend's Place,Bicycle,9.31,37.2,0.0,Local
2021-05-25,Home,University,Walk,19.21,230.5,0.0,Local
2021-05-26,Home,Friend's Place,Bicycle,13.95,55.8,0.0,Local
2021-05-27,Home,Grandparents' House,Tram,8.74,26.2,524.4,Local
2021-05-28,Home,University,Bus,14.32,34.4,1503.6,Local
2021-05-28,University,Grandparents' House,Bicycle,12.32,49.3,0.0,Local
2021-05-28,Grandparents' House,Home,Tram,7.17,21.5,430.2,Local
2021-05-29,Home,Cafe,Bicycle,11.31,45.2,0.0,Local
2021-05-30,Home,Library,Bicycle,5.52,22.1,0.0,Local
2021-05-31,Home,Grandparents' House,Tram,19.82,59.5,1189.2,Local
2021-05-31,Grandparents' House,Cafe,Car,2.3,3.4,441.6,Local
2021-06-01,Library,Cafe,Bus,3.78,9.1,396.9,Local
2021-06-01,Home,Library,Bicycle,15.13,60.5,0.0,Local
2021-06-01,Cafe,Cricket Ground,Tram,6.17,18.5,370.2,Local
2021-06-02,Home,Friend's Place,Tram,11.38,34.1,682.8,Local
2021-06-03,Home,University,Train,10.59,14.1,434.2,Local
2021-06-03,University,Home,Bus,10.74,25.8,1127.7,Local
2021-06-04,Home,Cafe,Car,14.01,21.0,2689.9,Local
2021-06-04,Cafe,Gym,Bicycle,1.2,4.8,0.0,Local
2021-06-04,Gym,Cafe,Walk,3.76,45.1,0.0,Local
2021-06-05,Home,Gym,Bus,6.1,14.6,640.5,Local
2021-06-07,Home,Friend's Place,Train,9.91,13.2,406.3,Local
2021-06-08,Library,Cricket Ground,Walk,2.55,30.6,0.0,Local
2021-06-08,Cafe,Library,Tram,0.96,2.9,57.6,Local
2021-06-08,Home,Cafe,Tram,19.8,59.4,1188.0,Local
2021-06-09,Home,Friend's Place,Car,17.39,26.1,3338.9,Local
2021-06-10,Home,Gym,Car,17.19,25.8,3300.5,Local
2021-06-11,Home,Grandparents' House,Bus,6.2,14.9,651.0,Local
2021-06-11,Grandparents' House,Cafe,Bus,1.51,3.6,158.6,Local
2021-06-11,Cafe,Grandparents' House,Train,0.8,1.1,32.8,Local
2021-06-12,Home,Grandparents' House,Bus,8.71,20.9,914.6,Local
2021-06-13,Friend's Place,Cricket Ground,Walk,4.87,58.4,0.0,Local
2021-06-13,Home,Friend's Place,Train,13.44,17.9,551.0,Local
2021-06-14,Home,Cafe,Tram,12.81,38.4,768.6,Local
2021-06-14,Cafe,Cricket Ground,Tram,6.58,19.7,394.8,Local
2021-06-16,Home,Cricket Ground,Train,10.27,13.7,421.1,Local
2021-06-17,Home,Friend's Place,Tram,12.7,38.1,762.0,Local
2021-06-18,Home,University,Train,18.18,24.2,745.4,Local
2021-06-19,Home,Cricket Ground,Walk,16.59,199.1,0.0,Local
2021-06-22,Home,Cafe,Walk,13.03,156.4,0.0,Local
2021-06-23,Home,Library,Train,18.1,24.1,742.1,Local
2021-06-23,Library,Grandparents' House,Walk,1.5,18.0,0.0,Local
2021-06-23,Grandparents' House,Library,Bus,4.44,10.7,466.2,Local
2021-06-24,Home,Gym,Walk,10.79,129.5,0.0,Local
2021-06-25,Home,University,Bus,14.77,35.4,1550.8,Local
2021-06-25,University,Grandparents' House,Bicycle,10.75,43.0,0.0,Local
2021-06-26,Home,Gym,Bus,12.46,29.9,1308.3,Local
2021-06-26,Gym,Friend's Place,Bus,6.62,15.9,695.1,Local
2021-06-27,Gym,Library,Train,6.99,9.3,286.6,Local
2021-06-27,Home,Friend's Place,Walk,9.96,119.5,0.0,Local
2021-06-27,Friend's Place,Gym,Bus,1.35,3.2,141.8,Local
2021-06-28,Home,Friend's Place,Bus,12.51,30.0,1313.5,Local
2021-06-28,Friend's Place,Gym,Tram,0.62,1.9,37.2,Local
2021-06-29,Home,University,Car,17.71,26.6,3400.3,Local
2021-06-29,University,Cafe,Tram,6.27,18.8,376.2,Local
2021-06-30,Home,University,Walk,12.36,148.3,0.0,Local
2021-07-01,Home,Gym,Train,18.84,25.1,772.4,Local
2021-07-01,Gym,Grandparents' House,Train,4.93,6.6,202.1,Local
2021-07-02,Home,Cricket Ground,Tram,9.87,29.6,592.2,Local
2021-07-03,Home,Library,Walk,9.24,110.9,0.0,Local
2021-07-04,Home,Gym,Car,18.75,28.1,3600.0,Local
2021-07-04,Gym,Cafe,Car,5.78,8.7,1109.8,Local
2021-07-05,Home,University,Bus,12.21,29.3,1282.1,Local
2021-07-06,University,Cafe,Car,8.52,12.8,1635.8,Local
2021-07-06,Home,University,Bus,16.41,39.4,1723.0,Local
2021-07-07,Home,Friend's Place,Train,12.81,17.1,525.2,Local
2021-07-08,Home,Cricket Ground,Walk,8.55,102.6,0.0,Local
2021-07-09,Home,Library,Train,5.03,6.7,206.2,Local
2021-07-10,Home,Friend's Place,Tram,17.51,52.5,1050.6,Local
2021-07-10,Friend's Place,Grandparents' House,Train,2.06,2.7,84.5,Local
2021-07-11,Home,University,Tram,18.55,55.6,1113.0,Local
2021-07-11,University,Grandparents' House,Tram,9.24,27.7,554.4,Local
2021-07-12,Home,University,Bicycle,19.47,77.9,0.0,Local
2021-07-12,University,Friend's Place,Bus,18.26,43.8,1917.3,Local
2021-07-13,Home,Cricket Ground,Bus,19.39,46.5,2036.0,Local
2021-07-13,Cricket Ground,Home,Train,10.18,13.6,417.4,Local
2021-07-14,Home,Grandparents' House,Bus,6.75,16.2,708.8,Local
2021-07-15,Home,Library,Walk,17.19,206.3,0.0,Local
2021-07-15,Library,Cafe,Train,7.97,10.6,326.8,Local
2021-07-15,Cafe,Cricket Ground,Tram,4.66,14.0,279.6,Local
2021-07-16,Home,Gym,Bicycle,7.2,28.8,0.0,Local
2021-07-16,Gym,Cricket Ground,Bicycle,6.56,26.2,0.0,Local
2021-07-17,University,Gym,Tram,15.48,46.4,928.8,Local
2021-07-17,Home,University,Bicycle,7.87,31.5,0.0,Local
2021-07-18,Cricket Ground,Gym,Bicycle,1.94,7.8,0.0,Local
2021-07-18,Gym,Library,Walk,1.86,22.3,0.0,Local
2021-07-18,Home,Cricket Ground,Tram,13.57,40.7,814.2,Local
2021-07-19,Friend's Place,Cafe,Train,4.5,6.0,184.5,Local
2021-07-19,Home,Gym,Car,16.96,25.4,3256.3,Local
2021-07-19,Gym,Friend's Place,Train,0.93,1.2,38.1,Local
2021-07-20,Home,University,Walk,7.42,89.0,0.0,Local
2021-07-21,Home,Gym,Bus,14.25,34.2,1496.2,Local
2021-07-22,Home,Cafe,Car,10.26,15.4,1969.9,Local
2021-07-22,Cafe,Cricket Ground,Bicycle,3.61,14.4,0.0,Local
2021-07-22,Cricket Ground,Home,Walk,18.19,218.3,0.0,Local
2021-07-24,Home,University,Bicycle,17.53,70.1,0.0,Local
2021-07-24,University,Cafe,Train,9.72,13.0,398.5,Local
2021-07-25,Home,Gym,Train,12.98,17.3,532.2,Local
2021-07-27,Home,Library,Bicycle,16.74,67.0,0.0,Local
2021-07-28,Home,University,Walk,17.43,209.2,0.0,Local
2021-07-29,Home,Library,Bus,8.38,20.1,879.9,Local
2021-07-30,Home,Friend's Place,Bus,13.1,31.4,1375.5,Local
2021-07-31,Home,Cafe,Car,16.75,25.1,3216.0,Local
2021-07-31,Cafe,Friend's Place,Bus,6.69,16.1,702.5,Local
2021-08-01,Cafe,Library,Tram,5.1,15.3,306.0,Local
2021-08-01,Home,Cafe,Walk,19.56,234.7,0.0,Local
2021-08-02,Home,Grandparents' House,Car,14.62,21.9,2807.0,Local
2021-08-03,Home,University,Walk,11.79,141.5,0.0,Local
2021-08-03,University,Gym,Walk,13.38,160.6,0.0,Local
2021-08-03,Gym,Library,Walk,1.2,14.4,0.0,Local
2021-08-04,Home,Library,Car,13.06,19.6,2507.5,Local
2021-08-05,Home,Cafe,Bicycle,19.68,78.7,0.0,Local
2021-08-06,Cafe,University,Train,5.4,7.2,221.4,Local
2021-08-06,Home,Cafe,Walk,7.82,93.8,0.0,Local
2021-08-06,University,Home,Car,15.98,24.0,3068.2,Local
2021-08-07,Home,Friend's Place,Car,9.39,14.1,1802.9,Local
2021-08-07,Friend's Place,Grandparents' House,Walk,1.35,16.2,0.0,Local
2021-08-08,Home,Cricket Ground,Bicycle,5.56,22.2,0.0,Local
2021-08-08,Cricket Ground,Cafe,Walk,3.74,44.9,0.0,Local
2021-08-11,Home,Cricket Ground,Tram,17.51,52.5,1050.6,Local
2021-08-11,Cricket Ground,Gym,Bus,5.93,14.2,622.6,Local
2021-08-12,Home,Friend's Place,Walk,18.73,224.8,0.0,Local
2021-08-13,Grandparents' House,University,Tram,16.85,50.6,1011.0,Local
2021-08-13,Friend's Place,Grandparents' House,Bus,0.62,1.5,65.1,Local
2021-08-13,Home,Friend's Place,Bus,12.27,29.4,1288.3,Local
2021-08-14,Home,University,Bus,17.73,42.6,1861.7,Local
2021-08-15,Home,University,Bus,9.86,23.7,1035.3,Local
2021-08-16,Home,Cafe,Car,9.53,14.3,1829.8,Local
2021-08-16,Cafe,Library,Bicycle,1.28,5.1,0.0,Local
2021-08-16,Library,Grandparents' House,Walk,5.43,65.2,0.0,Local
2021-08-17,Home,Grandparents' House,Train,10.86,14.5,445.3,Local
2021-08-17,Grandparents' House,University,Bicycle,9.4,37.6,0.0,Local
2021-08-18,Home,University,Train,8.17,10.9,335.0,Local
2021-08-19,Home,Gym,Bicycle,18.67,74.7,0.0,Local
2021-08-19,Gym,Library,Bicycle,1.69,6.8,0.0,Local
2021-08-20,Home,Grandparents' House,Walk,13.1,157.2,0.0,Local
2021-08-20,Grandparents' House,Library,Bicycle,2.85,11.4,0.0,Local
2021-08-20,Library,Gym,Bus,2.23,5.4,234.2,Local
2021-08-21,Home,Cafe,Walk,14.87,178.4,0.0,Local
2021-08-22,Home,Friend's Place,Bus,14.04,33.7,1474.2,Local
2021-08-23,Library,University,Bicycle,9.52,38.1,0.0,Local
2021-08-23,Home,Library,Train,7.01,9.3,287.4,Local
2021-08-25,Home,University,Bus,14.19,34.1,1490.0,Local
2021-08-25,University,Home,Car,15.61,23.4,2997.1,Local
2021-08-26,Home,Gym,Walk,10.42,125.0,0.0,Local
2021-08-26,Gym,Home,Car,9.16,13.7,1758.7,Local
2021-08-27,Home,Gym,Bicycle,13.7,54.8,0.0,Local
2021-08-27,Gym,Friend's Place,Walk,2.83,34.0,0.0,Local
2021-08-28,Home,Friend's Place,Tram,15.75,47.2,945.0,Local
2021-08-29,Home,Gym,Tram,13.59,40.8,815.4,Local
2021-08-29,Gym,Home,Walk,18.57,222.8,0.0,Local
2021-08-29,Home,Library,Walk,12.65,151.8,0.0,Local
2021-08-30,Home,Friend's Place,Walk,8.08,97.0,0.0,Local
2021-08-31,Home,Cricket Ground,Car,19.42,29.1,3728.6,Local
2021-09-01,Home,Library,Car,8.67,13.0,1664.6,Local
2021-09-02,Home,Cafe,Walk,11.76,141.1,0.0,Local
2021-09-03,Cricket Ground,University,Train,12.24,16.3,501.8,Local
2021-09-03,Home,Cricket Ground,Bicycle,7.73,30.9,0.0,Local
2021-09-04,Cricket Ground,Cafe,Walk,0.8,9.6,0.0,Local
2021-09-04,Cafe,Cricket Ground,Tram,7.2,21.6,432.0,Local
2021-09-04,Home,Cricket Ground,Bus,10.86,26.1,1140.3,Local
2021-09-05,Home,Grandparents' House,Bus,12.88,30.9,1352.4,Local
2021-09-06,Home,Gym,Car,10.83,16.2,2079.4,Local
2021-09-07,Home,University,Car,6.2,9.3,1190.4,Local
2021-09-07,University,Friend's Place,Tram,15.52,46.6,931.2,Local
2021-09-08,Home,Cricket Ground,Bus,18.5,44.4,1942.5,Local
2021-09-08,Cricket Ground,Library,Tram,7.55,22.6,453.0,Local
2021-09-08,Library,University,Car,19.74,29.6,3790.1,Local
2021-09-09,Home,Library,Train,12.59,16.8,516.2,Local
2021-09-10,Home,Grandparents' House,Tram,12.2,36.6,732.0,Local
2021-09-10,Grandparents' House,Gym,Car,4.8,7.2,921.6,Local
2021-09-12,Home,Gym,Tram,7.91,23.7,474.6,Local
2021-09-12,Gym,Grandparents' House,Train,4.69,6.3,192.3,Local
2021-09-12,Grandparents' House,Gym,Bicycle,6.16,24.6,0.0,Local
2021-09-13,Home,Cafe,Tram,10.93,32.8,655.8,Local
2021-09-13,Cafe,Friend's Place,Train,0.82,1.1,33.6,Local
2021-09-14,Home,Grandparents' House,Tram,16.22,48.7,973.2,Local
2021-09-15,Home,Library,Walk,13.12,157.4,0.0,Local
2021-09-16,Home,Grandparents' House,Bus,13.15,31.6,1380.8,Local
2021-09-17,Home,Friend's Place,Bicycle,12.95,51.8,0.0,Local
2021-09-17,Friend's Place,Grandparents' House,Walk,1.25,15.0,0.0,Local
2021-09-17,Grandparents' House,Friend's Place,Bus,1.1,2.6,115.5,Local
2021-09-18,Home,Friend's Place,Tram,14.84,44.5,890.4,Local
2021-09-19,Home,Cafe,Bicycle,19.59,78.4,0.0,Local
2021-09-19,Cafe,Gym,Walk,3.65,43.8,0.0,Local
2021-09-20,Grandparents' House,Library,Walk,7.22,86.6,0.0,Local
2021-09-20,Home,Grandparents' House,Train,8.08,10.8,331.3,Local
2021-09-21,Home,Gym,Bus,9.03,21.7,948.1,Local
2021-09-21,Gym,Grandparents' House,Train,2.6,3.5,106.6,Local
2021-09-22,Home,Cafe,Train,11.8,15.7,483.8,Local
2021-09-22,Cafe,Friend's Place,Bus,3.67,8.8,385.3,Local
2021-09-23,Home,University,Car,16.0,24.0,3072.0,Local
2021-09-23,University,Friend's Place,Train,12.33,16.4,505.5,Local
2021-09-24,Home,University,Bus,5.76,13.8,604.8,Local
2021-09-24,University,Cafe,Walk,16.82,201.8,0.0,Local
2021-09-25,Home,Gym,Bus,8.47,20.3,889.4,Local
2021-09-26,Home,Library,Bus,7.99,19.2,839.0,Local
2021-09-26,Library,Friend's Place,Tram,5.44,16.3,326.4,Local
2021-09-28,Home,Grandparents' House,Tram,13.46,40.4,807.6,Local
2021-09-28,Grandparents' House,University,Car,17.89,26.8,3434.9,Local
2021-09-28,University,Home,Car,7.43,11.1,1426.6,Local
2021-09-29,Home,University,Train,13.22,17.6,542.0,Local
2021-09-30,Home,Friend's Place,Bus,16.13,38.7,1693.6,Local
2021-10-02,Home,Grandparents' House,Bicycle,6.16,24.6,0.0,Local
2021-10-02,Grandparents' House,Cafe,Train,4.77,6.4,195.6,Local
2021-10-03,Home,Cafe,Walk,10.65,127.8,0.0,Local
2021-10-03,Cafe,Friend's Place,Bicycle,2.1,8.4,0.0,Local
2021-10-04,Home,Cafe,Walk,9.14,109.7,0.0,Local
2021-10-04,Cafe,University,Walk,7.41,88.9,0.0,Local
2021-10-05,Home,Gym,Bus,7.54,18.1,791.7,Local
2021-10-05,Gym,Friend's Place,Car,3.82,5.7,733.4,Local
2021-10-06,Cafe,Gym,Tram,5.6,16.8,336.0,Local
2021-10-06,Home,Cafe,Car,12.89,19.3,2474.9,Local
2021-10-07,Home,Cafe,Car,19.45,29.2,3734.4,Local
2021-10-07,Cafe,University,Bus,15.05,36.1,1580.2,Local
2021-10-07,University,Gym,Walk,16.76,201.1,0.0,Local
2021-10-08,Home,University,Tram,7.69,23.1,461.4,Local
2021-10-09,Home,Gym,Walk,16.18,194.2,0.0,Local
2021-10-10,Home,University,Tram,18.09,54.3,1085.4,Local
2021-10-11,Friend's Place,Gym,Bicycle,4.8,19.2,0.0,Local
2021-10-11,Home,Friend's Place,Car,10.23,15.3,1964.2,Local
2021-10-12,Home,Friend's Place,Walk,6.03,72.4,0.0,Local
2021-10-12,Friend's Place,Cafe,Train,7.65,10.2,313.7,Local
2021-10-13,Home,Grandparents' House,Walk,6.67,80.0,0.0,Local
2021-10-13,Grandparents' House,Gym,Walk,6.6,79.2,0.0,Local
2021-10-13,Gym,Cafe,Walk,6.49,77.9,0.0,Local
2021-10-14,Home,Cafe,Tram,11.1,33.3,666.0,Local
2021-10-15,Home,Library,Bicycle,11.6,46.4,0.0,Local
2021-10-15,Library,Friend's Place,Walk,5.41,64.9,0.0,Local
2021-10-16,Cricket Ground,Gym,Bicycle,4.18,16.7,0.0,Local
2021-10-16,Home,Cricket Ground,Tram,11.66,35.0,699.6,Local
2021-10-18,Home,Gym,Train,14.24,19.0,583.8,Local
2021-10-19,Home,Gym,Walk,15.13,181.6,0.0,Local
2021-10-20,Home,Library,Bicycle,11.41,45.6,0.0,Local
2021-10-20,Library,University,Train,17.45,23.3,715.4,Local
2021-10-22,Home,University,Tram,14.93,44.8,895.8,Local
2021-10-23,Home,Cafe,Car,17.86,26.8,3429.1,Local
2021-10-25,Home,Gym,Train,9.56,12.7,392.0,Local
2021-10-25,Gym,Cafe,Bicycle,5.11,20.4,0.0,Local
2021-10-25,Cafe,Cricket Ground,Walk,7.21,86.5,0.0,Local
2021-10-26,Gym,University,Car,14.79,22.2,2839.7,Local
2021-10-26,Friend's Place,Gym,Car,6.09,9.1,1169.3,Local
2021-10-26,Home,Friend's Place,Bus,9.44,22.7,991.2,Local
2021-10-27,Home,Gym,Bicycle,13.79,55.2,0.0,Local
2021-10-27,Gym,Home,Tram,11.34,34.0,680.4,Local
2021-10-27,Home,Library,Bus,13.68,32.8,1436.4,Local
2021-10-28,Home,Friend's Place,Bus,16.36,39.3,1717.8,Local
2021-10-29,Home,Gym,Tram,15.82,47.5,949.2,Local
2021-10-30,Home,Cafe,Tram,6.15,18.4,369.0,Local
2021-10-30,Cafe,Cricket Ground,Bicycle,7.06,28.2,0.0,Local
2021-11-01,Gym,University,Car,14.15,21.2,2716.8,Local
2021-11-01,Home,Gym,Tram,8.57,25.7,514.2,Local
2021-11-04,Home,Library,Tram,5.88,17.6,352.8,Local
2021-11-05,Home,Gym,Bicycle,6.63,26.5,0.0,Local
2021-11-06,Home,Library,Car,7.47,11.2,1434.2,Local
2021-11-06,Library,Cricket Ground,Tram,2.99,9.0,179.4,Local
2021-11-06,Cricket Ground,Library,Walk,5.31,63.7,0.0,Local
2021-11-07,Home,Cricket Ground,Walk,10.96,131.5,0.0,Local
2021-11-07,Cricket Ground,Gym,Bicycle,1.47,5.9,0.0,Local
2021-11-07,Gym,University,Walk,16.63,199.6,0.0,Local
2021-11-08,Home,Friend's Place,Car,19.28,28.9,3701.8,Local
2021-11-10,Home,Gym,Car,11.42,17.1,2192.6,Local
2021-11-11,Home,Grandparents' House,Walk,7.58,91.0,0.0,Local
2021-11-12,Home,Gym,Walk,9.48,113.8,0.0,Local
2021-11-13,Home,Cafe,Bus,9.37,22.5,983.8,Local
2021-11-13,Cafe,Library,Walk,7.28,87.4,0.0,Local
2021-11-13,Library,Cafe,Walk,3.42,41.0,0.0,Local
2021-11-14,University,Friend's Place,Car,11.77,17.7,2259.8,Local
2021-11-14,Home,University,Tram,11.61,34.8,696.6,Local
2021-11-15,Home,University,Train,12.8,17.1,524.8,Local
2021-11-16,Home,Gym,Car,5.92,8.9,1136.6,Local
2021-11-17,Home,Cafe,Walk,7.9,94.8,0.0,Local
2021-11-17,Cafe,Gym,Train,4.25,5.7,174.2,Local
2021-11-18,Home,University,Train,14.84,19.8,608.4,Local
2021-11-19,Home,Library,Car,11.44,17.2,2196.5,Local
2021-11-20,Home,University,Train,6.39,8.5,262.0,Local
2021-11-21,Home,Friend's Place,Bus,10.1,24.2,1060.5,Local
2021-11-22,Home,Grandparents' House,Bicycle,18.94,75.8,0.0,Local
2021-11-22,Grandparents' House,University,Walk,18.07,216.8,0.0,Local
2021-11-22,University,Gym,Car,14.49,21.7,2782.1,Local
2021-11-23,Home,Friend's Place,Tram,14.31,42.9,858.6,Local
2021-11-23,Friend's Place,Cricket Ground,Car,5.48,8.2,1052.2,Local
2021-11-24,Home,Grandparents' House,Bicycle,14.3,57.2,0.0,Local
2021-11-25,Home,Cricket Ground,Bicycle,6.89,27.6,0.0,Local
2021-11-25,Cricket Ground,Friend's Place,Car,4.69,7.0,900.5,Local
2021-11-26,Home,Cricket Ground,Walk,17.09,205.1,0.0,Local
2021-11-27,Home,Cricket Ground,Train,13.96,18.6,572.4,Local
2021-11-28,Home,Cafe,Tram,6.72,20.2,403.2,Local
2021-11-28,Cafe,Home,Walk,17.82,213.8,0.0,Local
2021-11-28,Home,Grandparents' House,Bicycle,14.97,59.9,0.0,Local
2021-11-29,Home,University,Bicycle,13.86,55.4,0.0,Local
2021-11-30,Home,Gym,Bus,13.77,33.0,1445.8,Local
2021-11-30,Gym,Cricket Ground,Train,7.11,9.5,291.5,Local
2021-12-01,Home,Cafe,Walk,6.26,75.1,0.0,Local
2021-12-02,Grandparents' House,Friend's Place,Bus,4.07,9.8,427.4,Local
2021-12-02,Home,Grandparents' House,Bus,18.35,44.0,1926.8,Local
2021-12-03,Home,Cafe,Bus,8.31,19.9,872.6,Local
2021-12-03,Cafe,University,Car,7.3,10.9,1401.6,Local
2021-12-03,University,Cafe,Bicycle,6.64,26.6,0.0,Local
2021-12-04,Home,Gym,Train,16.29,21.7,667.9,Local
2021-12-04,Gym,University,Car,6.49,9.7,1246.1,Local
2021-12-05,Home,Cafe,Walk,8.51,102.1,0.0,Local
2021-12-05,Cafe,Home,Train,10.31,13.7,422.7,Local
2021-12-06,Gym,Grandparents' House,Car,7.19,10.8,1380.5,Local
2021-12-06,Home,Gym,Bicycle,9.23,36.9,0.0,Local
2021-12-07,Home,Gym,Tram,19.73,59.2,1183.8,Local
2021-12-08,Home,Grandparents' House,Car,15.6,23.4,2995.2,Local
2021-12-08,Grandparents' House,Gym,Tram,5.35,16.0,321.0,Local
2021-12-09,Home,Gym,Bicycle,14.76,59.0,0.0,Local
2021-12-09,Gym,Home,Bicycle,15.07,60.3,0.0,Local
2021-12-10,Home,Library,Car,16.2,24.3,3110.4,Local
2021-12-11,University,Gym,Bus,16.7,40.1,1753.5,Local
2021-12-11,Home,University,Train,10.95,14.6,448.9,Local
2021-12-12,Home,Cafe,Walk,18.34,220.1,0.0,Local
2021-12-14,Home,University,Bicycle,17.76,71.0,0.0,Local
2021-12-14,University,Grandparents' House,Bicycle,6.56,26.2,0.0,Local
2021-12-14,Grandparents' House,Cafe,Bus,4.07,9.8,427.4,Local
2021-12-15,Library,Home,Bicycle,16.0,64.0,0.0,Local
2021-12-15,Home,Gym,Bus,14.39,34.5,1511.0,Local
2021-12-15,Gym,Library,Walk,4.99,59.9,0.0,Local
2021-12-16,Gym,University,Bus,16.4,39.4,1722.0,Local
2021-12-16,Friend's Place,Gym,Walk,1.56,18.7,0.0,Local
2021-12-16,Home,Friend's Place,Car,10.7,16.0,2054.4,Local
2021-12-17,Home,Library,Tram,15.62,46.9,937.2,Local
2021-12-17,Library,Cricket Ground,Tram,1.94,5.8,116.4,Local
2021-12-18,Home,University,Car,10.66,16.0,2046.7,Local
2021-12-18,University,Cafe,Train,7.36,9.8,301.8,Local
2021-12-19,Home,University,Tram,14.97,44.9,898.2,Local
2021-12-19,University,Cricket Ground,Walk,18.37,220.4,0.0,Local
2021-12-20,Home,Cafe,Train,18.74,25.0,768.3,Local
2021-12-21,Cricket Ground,Cafe,Walk,7.86,94.3,0.0,Local
2021-12-21,Home,University,Tram,13.29,39.9,797.4,Local
2021-12-21,University,Cricket Ground,Bicycle,16.69,66.8,0.0,Local
2021-12-22,Home,Cafe,Walk,5.28,63.4,0.0,Local
2021-12-22,Cafe,University,Car,11.23,16.8,2156.2,Local
2021-12-22,University,Library,Bicycle,17.1,68.4,0.0,Local
2021-12-23,Home,Gym,Tram,19.8,59.4,1188.0,Local
2021-12-24,Home,Cricket Ground,Tram,7.55,22.6,453.0,Local
2021-12-25,Home,Cafe,Train,9.29,12.4,380.9,Local
2021-12-25,Cafe,Gym,Car,0.89,1.3,170.9,Local
2021-12-26,Home,Gym,Walk,19.54,234.5,0.0,Local
2021-12-27,Home,Cafe,Bus,17.87,42.9,1876.4,Local
2021-12-29,Home,Friend's Place,Car,11.77,17.7,2259.8,Local
2021-12-29,Friend's Place,Home,Train,6.57,8.8,269.4,Local
2021-12-29,Home,Library,Bicycle,19.13,76.5,0.0,Local
2021-12-30,Home,Gym,Bicycle,17.79,71.2,0.0,Local
2021-12-30,Gym,Friend's Place,Bus,7.51,18.0,788.5,Local
2021-12-31,Home,Gym,Train,12.1,16.1,496.1,Local
2022-01-01,Home,Cricket Ground,Bicycle,7.74,31.0,0.0,Local
2022-01-02,Home,Friend's Place,Tram,14.42,43.3,865.2,Local
2022-01-02,Friend's Place,Cricket Ground,Train,2.23,3.0,91.4,Local
2022-01-02,Cricket Ground,Home,Walk,6.29,75.5,0.0,Local
2022-01-03,Home,Gym,Train,14.19,18.9,581.8,Local
2022-01-03,Gym,Grandparents' House,Tram,6.92,20.8,415.2,Local
2022-01-04,Home,Library,Bus,13.62,32.7,1430.1,Local
2022-01-04,Library,Home,Walk,15.13,181.6,0.0,Local
2022-01-05,Cricket Ground,Home,Train,5.35,7.1,219.3,Local
2022-01-05,Home,Cricket Ground,Walk,13.65,163.8,0.0,Local
2022-01-06,Home,Grandparents' House,Train,15.48,20.6,634.7,Local
2022-01-07,Home,Friend's Place,Car,16.1,24.2,3091.2,Local
2022-01-08,Home,Cricket Ground,Bicycle,19.42,77.7,0.0,Local
2022-01-10,Home,University,Walk,7.56,90.7,0.0,Local
2022-01-10,University,Cricket Ground,Tram,13.32,40.0,799.2,Local
2022-01-11,Friend's Place,University,Walk,7.04,84.5,0.0,Local
2022-01-11,Home,Library,Tram,9.01,27.0,540.6,Local
2022-01-11,Library,Friend's Place,Walk,4.3,51.6,0.0,Local
2022-01-13,Home,University,Bicycle,8.15,32.6,0.0,Local
2022-01-13,University,Friend's Place,Bus,5.15,12.4,540.8,Local
2022-01-13,Friend's Place,Home,Train,9.17,12.2,376.0,Local
2022-01-14,Home,Gym,Bicycle,15.09,60.4,0.0,Local
2022-01-14,Gym,University,Walk,11.96,143.5,0.0,Local
2022-01-15,University,Grandparents' House,Train,5.62,7.5,230.4,Local
2022-01-15,Grandparents' House,Home,Bicycle,16.97,67.9,0.0,Local
2022-01-15,Home,University,Bus,8.48,20.4,890.4,Local
2022-01-16,Home,Friend's Place,Train,11.84,15.8,485.4,Local
2022-01-17,Home,University,Walk,7.44,89.3,0.0,Local
2022-01-18,Grandparents' House,Library,Bicycle,3.73,14.9,0.0,Local
2022-01-18,Home,Grandparents' House,Walk,19.26,231.1,0.0,Local
2022-01-19,Home,Cafe,Train,16.58,22.1,679.8,Local
2022-01-19,Cafe,Grandparents' House,Bicycle,7.84,31.4,0.0,Local
2022-01-20,Home,Cafe,Tram,17.83,53.5,1069.8,Local
2022-01-20,Cafe,Grandparents' House,Walk,2.43,29.2,0.0,Local
2022-01-21,Home,University,Walk,19.41,232.9,0.0,Local
2022-01-21,University,Library,Bicycle,19.78,79.1,0.0,Local
2022-01-22,Home,Cafe,Walk,9.83,118.0,0.0,Local
2022-01-23,Gym,Cafe,Walk,2.57,30.8,0.0,Local
2022-01-23,Home,Gym,Tram,19.15,57.4,1149.0,Local
2022-01-24,Home,Cafe,Car,5.76,8.6,1105.9,Local
2022-01-25,Home,Friend's Place,Tram,11.6,34.8,696.0,Local
2022-01-25,Friend's Place,Grandparents' House,Car,5.26,7.9,1009.9,Local
2022-01-25,Grandparents' House,Friend's Place,Walk,3.37,40.4,0.0,Local
2022-01-26,Home,Cafe,Bicycle,14.51,58.0,0.0,Local
2022-01-26,Cafe,Grandparents' House,Bus,7.61,18.3,799.1,Local
2022-01-27,Home,Library,Bus,15.09,36.2,1584.5,Local
2022-01-28,Cricket Ground,Home,Train,5.89,7.9,241.5,Local
2022-01-28,Home,Cricket Ground,Walk,15.21,182.5,0.0,Local
2022-01-30,Home,Friend's Place,Walk,16.67,200.0,0.0,Local
2022-01-30,Friend's Place,Cricket Ground,Bus,6.23,15.0,654.2,Local
2022-01-30,Cricket Ground,Gym,Tram,1.63,4.9,97.8,Local
2022-01-31,Home,Friend's Place,Train,15.23,20.3,624.4,Local
2022-01-31,Friend's Place,Grandparents' House,Car,7.37,11.1,1415.0,Local
2022-02-01,Home,University,Walk,5.83,70.0,0.0,Local
2022-02-02,Home,Cafe,Tram,19.08,57.2,1144.8,Local
2022-02-02,Cafe,Friend's Place,Tram,7.8,23.4,468.0,Local
2022-02-03,Home,Library,Walk,15.53,186.4,0.0,Local
2022-02-03,Library,Home,Bicycle,7.26,29.0,0.0,Local
2022-02-04,Home,Friend's Place,Bicycle,6.85,27.4,0.0,Local
2022-02-05,Home,Cricket Ground,Tram,8.15,24.5,489.0,Local
2022-02-05,Cricket Ground,University,Train,18.19,24.3,745.8,Local
2022-02-05,University,Grandparents' House,Bicycle,5.14,20.6,0.0,Local
2022-02-06,Home,Friend's Place,Train,13.49,18.0,553.1,Local
2022-02-07,Home,Library,Tram,6.1,18.3,366.0,Local
2022-02-09,Home,Gym,Walk,18.14,217.7,0.0,Local
2022-02-10,Home,Friend's Place,Bicycle,13.82,55.3,0.0,Local
2022-02-11,Home,Cricket Ground,Tram,9.31,27.9,558.6,Local
2022-02-12,Home,Cafe,Tram,9.26,27.8,555.6,Local
2022-02-12,Cafe,Friend's Place,Walk,1.81,21.7,0.0,Local
2022-02-12,Friend's Place,University,Walk,14.01,168.1,0.0,Local
2022-02-13,Home,Library,Bus,16.35,39.2,1716.8,Local
2022-02-13,Library,University,Car,5.78,8.7,1109.8,Local
2022-02-14,University,Gym,Bicycle,19.6,78.4,0.0,Local
2022-02-14,Library,University,Bus,5.47,13.1,574.4,Local
2022-02-14,Home,Library,Bicycle,5.02,20.1,0.0,Local
2022-02-15,Home,University,Walk,10.11,121.3,0.0,Local
2022-02-16,Home,University,Walk,10.82,129.8,0.0,Local
2022-02-16,University,Grandparents' House,Bicycle,18.15,72.6,0.0,Local
2022-02-17,Home,Grandparents' House,Car,8.55,12.8,1641.6,Local
2022-02-17,Grandparents' House,Gym,Bicycle,7.53,30.1,0.0,Local
2022-02-17,Gym,Cafe,Car,4.5,6.8,864.0,Local
2022-02-18,Grandparents' House,Cricket Ground,Walk,2.82,33.8,0.0,Local
2022-02-18,Home,Library,Tram,10.9,32.7,654.0,Local
2022-02-18,Library,Grandparents' House,Bus,2.85,6.8,299.2,Local
2022-02-19,Home,Grandparents' House,Bus,19.45,46.7,2042.2,Local
2022-02-19,Grandparents' House,University,Car,14.92,22.4,2864.6,Local
2022-02-20,Home,Cafe,Bus,8.16,19.6,856.8,Local
2022-02-21,Home,Grandparents' House,Bus,16.28,39.1,1709.4,Local
2022-02-21,Grandparents' House,Home,Bus,16.36,39.3,1717.8,Local
2022-02-22,Home,Library,Tram,19.39,58.2,1163.4,Local
2022-02-22,Library,Grandparents' House,Tram,1.75,5.2,105.0,Local
2022-02-24,Home,Gym,Bicycle,16.9,67.6,0.0,Local
2022-02-25,Home,Library,Car,6.59,9.9,1265.3,Local
2022-02-25,Library,Cafe,Bicycle,2.46,9.8,0.0,Local
2022-02-25,Cafe,University,Tram,15.97,47.9,958.2,Local
2022-02-28,Cafe,Home,Bicycle,13.37,53.5,0.0,Local
2022-02-28,Home,Friend's Place,Bicycle,18.92,75.7,0.0,Local
2022-02-28,Friend's Place,Cafe,Car,1.84,2.8,353.3,Local
2022-03-01,University,Friend's Place,Tram,10.55,31.7,633.0,Local
2022-03-01,Friend's Place,Home,Bicycle,14.98,59.9,0.0,Local
2022-03-01,Home,University,Walk,18.67,224.0,0.0,Local
2022-03-02,Home,Friend's Place,Walk,18.56,222.7,0.0,Local
2022-03-03,Home,University,Walk,10.2,122.4,0.0,Local
2022-03-04,Home,Grandparents' House,Tram,18.83,56.5,1129.8,Local
2022-03-05,Home,Library,Bus,15.09,36.2,1584.5,Local
2022-03-05,Library,Gym,Car,2.82,4.2,541.4,Local
2022-03-05,Gym,Cricket Ground,Bus,6.31,15.1,662.5,Local
2022-03-06,University,Cafe,Walk,19.69,236.3,0.0,Local
2022-03-06,Home,University,Train,5.12,6.8,209.9,Local
2022-03-08,Home,Library,Walk,8.1,97.2,0.0,Local
2022-03-09,Home,Cricket Ground,Bus,10.29,24.7,1080.4,Local
2022-03-10,Home,Cricket Ground,Walk,11.97,143.6,0.0,Local
2022-03-11,Home,Friend's Place,Bicycle,16.76,67.0,0.0,Local
2022-03-11,Friend's Place,Home,Train,15.33,20.4,628.5,Local
2022-03-12,Home,Grandparents' House,Car,15.48,23.2,2972.2,Local
2022-03-13,Cricket Ground,Home,Bicycle,5.57,22.3,0.0,Local
2022-03-13,Home,Cricket Ground,Train,18.04,24.1,739.6,Local
2022-03-14,Gym,Cricket Ground,Walk,2.99,35.9,0.0,Local
2022-03-14,Home,Gym,Bus,18.58,44.6,1950.9,Local
2022-03-15,Home,Gym,Walk,15.73,188.8,0.0,Local
2022-03-15,Gym,Friend's Place,Train,2.15,2.9,88.1,Local
2022-03-16,Home,Cafe,Bus,9.06,21.7,951.3,Local
2022-03-16,Cafe,University,Train,18.53,24.7,759.7,Local
2022-03-17,Home,Library,Bicycle,19.91,79.6,0.0,Local
2022-03-18,Home,University,Bicycle,18.65,74.6,0.0,Local
2022-03-20,Home,Gym,Bicycle,13.85,55.4,0.0,Local
2022-03-21,Home,Cafe,Tram,17.62,52.9,1057.2,Local
2022-03-21,Cafe,Cricket Ground,Train,6.78,9.0,278.0,Local
2022-03-22,Home,University,Tram,9.41,28.2,564.6,Local
2022-03-24,Home,Friend's Place,Bicycle,15.54,62.2,0.0,Local
2022-03-25,Home,Gym,Bicycle,5.82,23.3,0.0,Local
2022-03-26,Home,Cafe,Bus,17.66,42.4,1854.3,Local
2022-03-26,Cafe,Grandparents' House,Bus,7.97,19.1,836.9,Local
2022-03-27,Home,Library,Bus,7.22,17.3,758.1,Local
2022-03-27,Library,Cricket Ground,Bus,4.86,11.7,510.3,Local
2022-03-28,Home,Cafe,Car,17.76,26.6,3409.9,Local
2022-03-29,Home,Cafe,Bicycle,17.37,69.5,0.0,Local
2022-03-30,Home,Cricket Ground,Bus,8.15,19.6,855.8,Local
2022-03-31,Home,Library,Bus,9.56,22.9,1003.8,Local
2022-03-31,Library,Home,Bus,5.27,12.6,553.3,Local
2022-04-02,Home,Grandparents' House,Train,11.88,15.8,487.1,Local
2022-04-03,Home,Cricket Ground,Tram,13.51,40.5,810.6,Local
2022-04-03,Cricket Ground,Cafe,Bus,5.56,13.3,583.8,Local
2022-04-04,Home,Cricket Ground,Walk,6.22,74.6,0.0,Local
2022-04-05,Home,Library,Tram,7.3,21.9,438.0,Local
2022-04-07,Home,Library,Tram,6.8,20.4,408.0,Local
2022-04-07,Library,Cafe,Car,0.61,0.9,117.1,Local
2022-04-08,Home,University,Train,18.84,25.1,772.4,Local
2022-04-09,Home,Cricket Ground,Car,5.24,7.9,1006.1,Local
2022-04-10,Home,Friend's Place,Train,8.81,11.7,361.2,Local
2022-04-11,Home,Cafe,Bicycle,5.12,20.5,0.0,Local
2022-04-12,Home,Cafe,Train,15.84,21.1,649.4,Local
2022-04-13,Library,Cafe,Tram,1.34,4.0,80.4,Local
2022-04-13,Home,Library,Car,9.41,14.1,1806.7,Local
2022-04-14,Home,Cricket Ground,Train,13.79,18.4,565.4,Local
2022-04-14,Cricket Ground,Friend's Place,Walk,7.82,93.8,0.0,Local
2022-04-14,Friend's Place,Cricket Ground,Bicycle,6.38,25.5,0.0,Local
2022-04-15,Home,Gym,Tram,7.8,23.4,468.0,Local
2022-04-15,Gym,Friend's Place,Walk,7.48,89.8,0.0,Local
2022-04-16,Home,Grandparents' House,Train,16.73,22.3,685.9,Local
2022-04-17,Home,Cricket Ground,Train,16.64,22.2,682.2,Local
2022-04-17,Cricket Ground,University,Walk,16.97,203.6,0.0,Local
2022-04-17,University,Home,Walk,18.75,225.0,0.0,Local
2022-04-18,Home,Cafe,Train,10.98,14.6,450.2,Local
2022-04-18,Cafe,Library,Car,2.59,3.9,497.3,Local
2022-04-19,Home,University,Walk,8.47,101.6,0.0,Local
2022-04-19,University,Cafe,Train,8.38,11.2,343.6,Local
2022-04-20,Home,Library,Tram,7.93,23.8,475.8,Local
2022-04-21,Home,Library,Car,10.21,15.3,1960.3,Local
2022-04-22,Grandparents' House,Cricket Ground,Train,6.41,8.5,262.8,Local
2022-04-22,Home,Grandparents' House,Bicycle,6.26,25.0,0.0,Local
2022-04-23,Cafe,University,Walk,9.72,116.6,0.0,Local
2022-04-23,Home,Cafe,Bus,17.42,41.8,1829.1,Local
2022-04-24,Home,Library,Walk,17.92,215.0,0.0,Local
2022-04-24,Library,Grandparents' House,Tram,2.79,8.4,167.4,Local
2022-04-24,Grandparents' House,Cafe,Bicycle,6.78,27.1,0.0,Local
2022-04-26,Home,Gym,Tram,11.28,33.8,676.8,Local
2022-04-26,Gym,Grandparents' House,Train,4.59,6.1,188.2,Local
2022-04-28,Home,Friend's Place,Walk,18.6,223.2,0.0,Local
2022-04-28,Friend's Place,Cafe,Train,1.7,2.3,69.7,Local
2022-04-29,Home,Friend's Place,Train,13.61,18.1,558.0,Local
2022-04-29,Friend's Place,University,Train,13.79,18.4,565.4,Local
2022-04-30,Home,Gym,Bicycle,17.94,71.8,0.0,Local
2022-05-01,Home,Library,Train,16.26,21.7,666.7,Local
2022-05-01,Library,Gym,Tram,2.03,6.1,121.8,Local
2022-05-02,Home,Cricket Ground,Walk,12.57,150.8,0.0,Local
2022-05-04,Home,University,Tram,9.87,29.6,592.2,Local
2022-05-05,Grandparents' House,Home,Train,14.68,19.6,601.9,Local
2022-05-05,Home,Cafe,Bicycle,17.97,71.9,0.0,Local
2022-05-05,Home,Grandparents' House,Tram,18.35,55.1,1101.0,Local
2022-05-06,Home,Library,Walk,5.54,66.5,0.0,Local
2022-05-06,Library,Home,Bicycle,17.17,68.7,0.0,Local
2022-05-07,Home,Friend's Place,Train,7.24,9.7,296.8,Local
2022-05-08,Home,Friend's Place,Bicycle,5.31,21.2,0.0,Local
2022-05-09,Home,Cafe,Train,10.01,13.3,410.4,Local
2022-05-10,Friend's Place,Library,Car,3.3,4.9,633.6,Local
2022-05-10,Home,Cricket Ground,Bicycle,18.57,74.3,0.0,Local
2022-05-10,Cricket Ground,Friend's Place,Walk,4.71,56.5,0.0,Local
2022-05-11,Home,Grandparents' House,Bicycle,17.03,68.1,0.0,Local
2022-05-11,Grandparents' House,Library,Bus,0.87,2.1,91.3,Local
2022-05-12,Home,Cricket Ground,Walk,12.48,149.8,0.0,Local
2022-05-13,Home,University,Bicycle,10.27,41.1,0.0,Local
2022-05-14,Home,Grandparents' House,Bus,11.44,27.5,1201.2,Local
2022-05-14,Grandparents' House,Friend's Place,Tram,7.42,22.3,445.2,Local
2022-05-14,Friend's Place,Cafe,Bus,1.85,4.4,194.2,Local
2022-05-15,Home,Grandparents' House,Walk,6.38,76.6,0.0,Local
2022-05-18,Cafe,Gym,Bicycle,2.99,12.0,0.0,Local
2022-05-18,Gym,Cafe,Car,0.67,1.0,128.6,Local
2022-05-18,Home,Gym,Bicycle,5.67,22.7,0.0,Local
2022-05-19,Home,Cafe,Train,9.41,12.5,385.8,Local
2022-05-20,Home,Cafe,Tram,11.14,33.4,668.4,Local
2022-05-21,Home,Cricket Ground,Car,14.63,21.9,2809.0,Local
2022-05-22,Home,University,Train,16.9,22.5,692.9,Local
2022-05-22,University,Friend's Place,Walk,6.23,74.8,0.0,Local
2022-05-22,Friend's Place,Cafe,Car,2.05,3.1,393.6,Local
2022-05-23,Home,Library,Tram,17.83,53.5,1069.8,Local
2022-05-23,Library,Cafe,Bus,1.53,3.7,160.7,Local
2022-05-23,Cafe,Cricket Ground,Tram,3.84,11.5,230.4,Local
2022-05-24,Home,Gym,Tram,9.84,29.5,590.4,Local
2022-05-24,Gym,Friend's Place,Train,4.49,6.0,184.1,Local
2022-05-24,Friend's Place,Library,Walk,6.17,74.0,0.0,Local
2022-05-25,Home,Cafe,Tram,6.75,20.2,405.0,Local
2022-05-25,Cafe,Cricket Ground,Bicycle,4.7,18.8,0.0,Local
2022-05-26,Home,Cricket Ground,Walk,16.17,194.0,0.0,Local
2022-05-27,Home,Cafe,Train,14.46,19.3,592.9,Local
2022-05-28,Home,Library,Tram,11.3,33.9,678.0,Local
2022-05-28,Library,Home,Train,16.29,21.7,667.9,Local
2022-05-28,Home,Gym,Tram,9.06,27.2,543.6,Local
2022-05-29,Home,Friend's Place,Walk,12.71,152.5,0.0,Local
2022-05-29,Friend's Place,Gym,Car,6.47,9.7,1242.2,Local
2022-05-31,Home,University,Tram,19.19,57.6,1151.4,Local
2022-05-31,University,Grandparents' House,Car,12.34,18.5,2369.3,Local
2022-06-01,Home,Cricket Ground,Walk,15.08,181.0,0.0,Local
2022-06-02,Home,Gym,Walk,5.43,65.2,0.0,Local
2022-06-03,Home,Grandparents' House,Bicycle,11.81,47.2,0.0,Local
2022-06-04,Home,Friend's Place,Bicycle,18.63,74.5,0.0,Local
2022-06-04,Friend's Place,Cricket Ground,Bicycle,6.83,27.3,0.0,Local
2022-06-05,Home,Cricket Ground,Car,7.56,11.3,1451.5,Local
2022-06-07,Home,Gym,Tram,13.02,39.1,781.2,Local
2022-06-08,Home,University,Bus,16.91,40.6,1775.5,Local
2022-06-08,University,Cricket Ground,Walk,12.87,154.4,0.0,Local
2022-06-08,Cricket Ground,Grandparents' House,Car,6.08,9.1,1167.4,Local
2022-06-09,Cafe,University,Train,17.05,22.7,699.1,Local
2022-06-09,Home,Cafe,Train,18.76,25.0,769.2,Local
2022-06-10,Home,Cricket Ground,Bicycle,11.74,47.0,0.0,Local
2022-06-10,Cricket Ground,University,Tram,13.64,40.9,818.4,Local
2022-06-11,Home,Cricket Ground,Train,8.41,11.2,344.8,Local
2022-06-12,Home,Cafe,Train,10.3,13.7,422.3,Local
2022-06-12,Cafe,University,Bicycle,12.26,49.0,0.0,Local
2022-06-14,Home,Gym,Bus,19.59,47.0,2056.9,Local
2022-06-15,Home,Library,Walk,13.68,164.2,0.0,Local
2022-06-15,Library,Gym,Bicycle,6.36,25.4,0.0,Local
2022-06-16,Home,Friend's Place,Tram,6.46,19.4,387.6,Local
2022-06-16,Friend's Place,Gym,Bicycle,0.88,3.5,0.0,Local
2022-06-17,Home,Friend's Place,Train,16.24,21.7,665.8,Local
2022-06-17,Friend's Place,Cricket Ground,Car,7.12,10.7,1367.0,Local
2022-06-17,Cricket Ground,Home,Tram,10.59,31.8,635.4,Local
2022-06-18,Library,Friend's Place,Train,6.97,9.3,285.8,Local
2022-06-18,Friend's Place,Cricket Ground,Tram,1.41,4.2,84.6,Local
2022-06-18,Home,Library,Train,19.33,25.8,792.5,Local
2022-06-19,Home,Friend's Place,Train,14.79,19.7,606.4,Local
2022-06-19,Friend's Place,Cafe,Walk,6.76,81.1,0.0,Local
2022-06-20,Home,Friend's Place,Train,15.86,21.1,650.3,Local
2022-06-20,Friend's Place,Library,Walk,3.76,45.1,0.0,Local
2022-06-21,Home,University,Bicycle,11.66,46.6,0.0,Local
2022-06-22,Home,University,Car,10.63,15.9,2041.0,Local
2022-06-23,Friend's Place,University,Bicycle,13.59,54.4,0.0,Local
2022-06-23,Home,Friend's Place,Bus,5.68,13.6,596.4,Local
2022-06-23,University,Gym,Car,19.42,29.1,3728.6,Local
2022-06-24,Home,Cricket Ground,Car,7.27,10.9,1395.8,Local
2022-06-27,Home,Friend's Place,Train,19.39,25.9,795.0,Local
2022-06-27,Friend's Place,Cafe,Tram,6.89,20.7,413.4,Local
2022-06-27,Cafe,Home,Train,10.71,14.3,439.1,Local
2022-06-28,Home,Gym,Bicycle,10.64,42.6,0.0,Local
2022-06-29,Cricket Ground,Gym,Walk,1.38,16.6,0.0,Local
2022-06-29,Home,Cricket Ground,Car,13.8,20.7,2649.6,Local
2022-06-29,Gym,Library,Train,0.81,1.1,33.2,Local
2022-06-30,Friend's Place,Library,Walk,5.03,60.4,0.0,Local
2022-06-30,Home,Friend's Place,Bus,17.23,41.4,1809.2,Local
2022-07-01,Home,Cricket Ground,Car,14.42,21.6,2768.6,Local
2022-07-01,Cricket Ground,Friend's Place,Bicycle,4.12,16.5,0.0,Local
2022-07-02,Home,Grandparents' House,Tram,10.21,30.6,612.6,Local
2022-07-04,Home,Grandparents' House,Car,17.06,25.6,3275.5,Local
2022-07-04,Grandparents' House,University,Car,10.2,15.3,1958.4,Local
2022-07-05,Home,Cafe,Train,5.29,7.1,216.9,Local
2022-07-05,Cafe,University,Train,8.63,11.5,353.8,Local
2022-07-06,Home,Grandparents' House,Walk,8.25,99.0,0.0,Local
2022-07-06,Grandparents' House,Cafe,Bicycle,3.87,15.5,0.0,Local
2022-07-07,Home,Cricket Ground,Bicycle,7.6,30.4,0.0,Local
2022-07-07,Cricket Ground,Library,Walk,5.41,64.9,0.0,Local
2022-07-07,Library,Cafe,Car,3.14,4.7,602.9,Local
2022-07-08,Cafe,Friend's Place,Walk,1.39,16.7,0.0,Local
2022-07-08,Home,Cafe,Bus,16.06,38.5,1686.3,Local
2022-07-09,Library,University,Tram,6.48,19.4,388.8,Local
2022-07-09,Home,Library,Tram,16.79,50.4,1007.4,Local
2022-07-10,Home,Cricket Ground,Tram,16.44,49.3,986.4,Local
2022-07-11,Home,Grandparents' House,Bus,7.74,18.6,812.7,Local
2022-07-12,Home,Cricket Ground,Car,5.44,8.2,1044.5,Local
2022-07-13,Home,Cricket Ground,Tram,5.24,15.7,314.4,Local
2022-07-13,Cricket Ground,Gym,Bicycle,7.82,31.3,0.0,Local
2022-07-13,Gym,Home,Bicycle,10.94,43.8,0.0,Local
2022-07-14,Home,Library,Train,18.06,24.1,740.5,Local
2022-07-15,Home,Friend's Place,Tram,17.83,53.5,1069.8,Local
2022-07-16,Home,Cafe,Bicycle,17.78,71.1,0.0,Local
2022-07-16,Cafe,Cricket Ground,Bus,3.59,8.6,376.9,Local
2022-07-17,Home,Cafe,Tram,12.81,38.4,768.6,Local
2022-07-18,Home,Library,Tram,11.77,35.3,706.2,Local
2022-07-18,Library,University,Train,18.19,24.3,745.8,Local
2022-07-19,Cricket Ground,Cafe,Tram,1.46,4.4,87.6,Local
2022-07-19,Home,Cricket Ground,Bus,18.83,45.2,1977.1,Local
2022-07-20,Home,Library,Tram,6.47,19.4,388.2,Local
2022-07-21,Cafe,University,Car,15.72,23.6,3018.2,Local
2022-07-21,Home,Cafe,Train,8.94,11.9,366.5,Local
2022-07-22,Gym,Home,Train,14.86,19.8,609.3,Local
2022-07-22,Home,Friend's Place,Bicycle,12.56,50.2,0.0,Local
2022-07-22,Home,Gym,Car,17.29,25.9,3319.7,Local
2022-07-23,Friend's Place,University,Walk,5.3,63.6,0.0,Local
2022-07-23,Home,Grandparents' House,Car,5.86,8.8,1125.1,Local
2022-07-23,Grandparents' House,Friend's Place,Walk,4.67,56.0,0.0,Local
2022-07-24,Home,Grandparents' House,Walk,13.88,166.6,0.0,Local
2022-07-25,Home,Gym,Tram,10.22,30.7,613.2,Local
2022-07-26,Home,Gym,Bicycle,13.38,53.5,0.0,Local
2022-07-27,Home,University,Car,13.66,20.5,2622.7,Local
2022-07-27,University,Library,Tram,10.27,30.8,616.2,Local
2022-07-29,University,Cafe,Bicycle,15.97,63.9,0.0,Local
2022-07-29,Cafe,Library,Walk,1.48,17.8,0.0,Local
2022-07-29,Home,University,Bicycle,6.08,24.3,0.0,Local
2022-08-01,Home,Cricket Ground,Bicycle,9.56,38.2,0.0,Local
2022-08-02,Home,Cafe,Train,19.25,25.7,789.2,Local
2022-08-02,Cafe,Grandparents' House,Walk,5.81,69.7,0.0,Local
2022-08-03,Home,Grandparents' House,Car,11.72,17.6,2250.2,Local
2022-08-03,Grandparents' House,Friend's Place,Train,3.67,4.9,150.5,Local
2022-08-03,Friend's Place,Cricket Ground,Walk,5.21,62.5,0.0,Local
2022-08-04,Home,Library,Tram,7.05,21.1,423.0,Local
2022-08-05,Home,University,Walk,17.8,213.6,0.0,Local
2022-08-06,Home,Friend's Place,Bicycle,14.97,59.9,0.0,Local
2022-08-08,Home,Grandparents' House,Bicycle,8.17,32.7,0.0,Local
2022-08-09,Home,Grandparents' House,Walk,15.06,180.7,0.0,Local
2022-08-09,Grandparents' House,Library,Car,6.99,10.5,1342.1,Local
2022-08-10,Home,Grandparents' House,Car,9.95,14.9,1910.4,Local
2022-08-11,Home,Grandparents' House,Walk,5.24,62.9,0.0,Local
2022-08-11,Grandparents' House,Library,Car,6.31,9.5,1211.5,Local
2022-08-11,Library,Friend's Place,Train,5.16,6.9,211.6,Local
2022-08-12,Home,Cafe,Bus,12.2,29.3,1281.0,Local
2022-08-13,Home,Grandparents' House,Train,10.78,14.4,442.0,Local
2022-08-14,Home,Friend's Place,Bicycle,7.25,29.0,0.0,Local
2022-08-14,Friend's Place,Gym,Tram,3.35,10.1,201.0,Local
2022-08-15,Home,Library,Walk,19.42,233.0,0.0,Local
2022-08-15,Library,Home,Bus,10.3,24.7,1081.5,Local
2022-08-16,Home,Library,Tram,14.21,42.6,852.6,Local
2022-08-17,Home,Cafe,Bus,5.81,13.9,610.0,Local
2022-08-17,Cafe,Gym,Bicycle,5.13,20.5,0.0,Local
2022-08-18,Home,Friend's Place,Train,17.15,22.9,703.1,Local
2022-08-19,Cafe,Library,Bicycle,4.25,17.0,0.0,Local
2022-08-19,Home,Library,Car,7.3,10.9,1401.6,Local
2022-08-19,Library,Cafe,Car,5.55,8.3,1065.6,Local
2022-08-20,Home,Friend's Place,Walk,9.11,109.3,0.0,Local
2022-08-20,Friend's Place,Cafe,Bicycle,6.66,26.6,0.0,Local
2022-08-22,Home,Cricket Ground,Bus,8.21,19.7,862.1,Local
2022-08-23,Home,Library,Walk,6.17,74.0,0.0,Local
2022-08-23,Library,Gym,Train,6.64,8.9,272.2,Local
2022-08-23,Gym,University,Tram,10.73,32.2,643.8,Local
2022-08-24,Library,Cafe,Bicycle,0.53,2.1,0.0,Local
2022-08-24,Home,Library,Bicycle,16.86,67.4,0.0,Local
2022-08-25,Home,Gym,Train,7.0,9.3,287.0,Local
2022-08-25,Gym,Cafe,Walk,0.92,11.0,0.0,Local
2022-08-26,Home,Friend's Place,Train,13.56,18.1,556.0,Local
2022-08-29,Home,Library,Walk,16.88,202.6,0.0,Local
2022-08-30,Home,Library,Walk,15.36,184.3,0.0,Local
2022-08-31,Home,Gym,Tram,12.6,37.8,756.0,Local
2022-09-01,Gym,Library,Train,4.61,6.1,189.0,Local
2022-09-01,Friend's Place,Gym,Bicycle,5.8,23.2,0.0,Local
2022-09-01,Home,Friend's Place,Car,10.9,16.4,2092.8,Local
2022-09-02,Home,Gym,Car,17.83,26.7,3423.4,Local
2022-09-03,Home,Cricket Ground,Bus,14.35,34.4,1506.8,Local
2022-09-03,Cricket Ground,Grandparents' House,Train,3.17,4.2,130.0,Local
2022-09-04,Home,Cafe,Tram,7.81,23.4,468.6,Local
2022-09-05,Home,Grandparents' House,Walk,16.83,202.0,0.0,Local
2022-09-05,Grandparents' House,Library,Car,2.25,3.4,432.0,Local
2022-09-07,Home,Friend's Place,Tram,7.21,21.6,432.6,Local
2022-09-07,Friend's Place,Library,Tram,7.55,22.6,453.0,Local
2022-09-07,Library,Home,Bicycle,19.59,78.4,0.0,Local
2022-09-08,Home,University,Car,17.67,26.5,3392.6,Local
2022-09-08,University,Cafe,Bicycle,6.95,27.8,0.0,Local
2022-09-11,Home,Gym,Bicycle,16.24,65.0,0.0,Local
2022-09-11,Gym,University,Bus,6.6,15.8,693.0,Local
2022-09-12,Cafe,University,Car,7.05,10.6,1353.6,Local
2022-09-12,Home,Cafe,Car,16.51,24.8,3169.9,Local
2022-09-13,University,Grandparents' House,Car,17.79,26.7,3415.7,Local
2022-09-13,Home,University,Train,7.07,9.4,289.9,Local
2022-09-14,Home,University,Car,9.96,14.9,1912.3,Local
2022-09-15,Home,Cricket Ground,Walk,8.02,96.2,0.0,Local
2022-09-15,Cricket Ground,Friend's Place,Train,1.59,2.1,65.2,Local
2022-09-17,Home,Cricket Ground,Walk,7.72,92.6,0.0,Local
2022-09-18,Home,Cricket Ground,Walk,9.01,108.1,0.0,Local
2022-09-18,Cricket Ground,Home,Car,16.2,24.3,3110.4,Local
2022-09-18,Home,Cricket Ground,Tram,13.29,39.9,797.4,Local
2022-09-20,Home,Gym,Train,13.71,18.3,562.1,Local
2022-09-20,Gym,Friend's Place,Train,1.29,1.7,52.9,Local
2022-09-20,Friend's Place,Gym,Train,2.53,3.4,103.7,Local
2022-09-21,Home,University,Bicycle,16.47,65.9,0.0,Local
2022-09-22,Home,Cafe,Bicycle,9.14,36.6,0.0,Local
2022-09-22,Cafe,Cricket Ground,Tram,7.11,21.3,426.6,Local
2022-09-22,Cricket Ground,Gym,Walk,2.66,31.9,0.0,Local
2022-09-23,Home,Library,Bicycle,19.07,76.3,0.0,Local
2022-09-23,Library,Friend's Place,Bicycle,2.14,8.6,0.0,Local
2022-09-24,Friend's Place,Grandparents' House,Car,4.39,6.6,842.9,Local
2022-09-24,Home,Friend's Place,Walk,11.5,138.0,0.0,Local
2022-09-25,Home,Cricket Ground,Bicycle,11.59,46.4,0.0,Local
2022-09-25,Cricket Ground,Gym,Bicycle,6.16,24.6,0.0,Local
2022-09-26,Home,Library,Bicycle,9.29,37.2,0.0,Local
2022-09-26,Library,Grandparents' House,Tram,5.04,15.1,302.4,Local
2022-09-26,Grandparents' House,Friend's Place,Car,7.6,11.4,1459.2,Local
2022-09-27,Home,Library,Car,13.93,20.9,2674.6,Local
2022-09-28,Grandparents' House,Gym,Bicycle,7.16,28.6,0.0,Local
2022-09-28,Home,Grandparents' House,Train,13.91,18.5,570.3,Local
2022-10-01,Home,Grandparents' House,Tram,10.99,33.0,659.4,Local
2022-10-01,Grandparents' House,Cricket Ground,Train,1.71,2.3,70.1,Local
2022-10-02,Home,University,Bicycle,18.26,73.0,0.0,Local
2022-10-03,Home,Library,Train,10.28,13.7,421.5,Local
2022-10-03,Library,Home,Car,16.9,25.3,3244.8,Local
2022-10-06,Home,University,Train,16.44,21.9,674.0,Local
2022-10-06,University,Friend's Place,Car,13.75,20.6,2640.0,Local
2022-10-08,Home,Cafe,Walk,7.36,88.3,0.0,Local
2022-10-09,Cafe,Gym,Tram,6.18,18.5,370.8,Local
2022-10-09,Home,University,Tram,18.77,56.3,1126.2,Local
2022-10-09,University,Cafe,Train,11.59,15.5,475.2,Local
2022-10-10,Home,Gym,Bus,11.61,27.9,1219.0,Local
2022-10-11,Home,Cricket Ground,Train,11.36,15.1,465.8,Local
2022-10-13,Home,Cafe,Tram,19.25,57.8,1155.0,Local
2022-10-14,Home,Cricket Ground,Bicycle,14.68,58.7,0.0,Local
2022-10-14,Cricket Ground,Friend's Place,Walk,4.32,51.8,0.0,Local
2022-10-14,Friend's Place,University,Tram,14.35,43.1,861.0,Local
2022-10-16,Home,Cricket Ground,Bicycle,13.34,53.4,0.0,Local
2022-10-16,Cricket Ground,Library,Car,5.07,7.6,973.4,Local
2022-10-17,Home,Friend's Place,Walk,16.71,200.5,0.0,Local
2022-10-17,Friend's Place,Grandparents' House,Bicycle,1.14,4.6,0.0,Local
2022-10-17,Grandparents' House,Gym,Train,7.8,10.4,319.8,Local
2022-10-18,Home,Grandparents' House,Train,13.2,17.6,541.2,Local
2022-10-19,Home,Gym,Walk,7.86,94.3,0.0,Local
2022-10-20,Grandparents' House,Cricket Ground,Bicycle,2.79,11.2,0.0,Local
2022-10-20,Home,Grandparents' House,Car,15.52,23.3,2979.8,Local
2022-10-21,Home,Library,Bicycle,11.79,47.2,0.0,Local
2022-10-23,Home,University,Bicycle,19.17,76.7,0.0,Local
2022-10-23,University,Cafe,Tram,18.64,55.9,1118.4,Local
2022-10-23,Cafe,Cricket Ground,Tram,3.17,9.5,190.2,Local
2022-10-24,Home,Cricket Ground,Train,6.86,9.1,281.3,Local
2022-10-24,Cricket Ground,Grandparents' House,Tram,1.71,5.1,102.6,Local
2022-10-24,Grandparents' House,Library,Bicycle,6.9,27.6,0.0,Local
2022-10-25,Home,Friend's Place,Bicycle,6.16,24.6,0.0,Local
2022-10-27,Home,Library,Car,17.55,26.3,3369.6,Local
2022-10-27,Library,University,Tram,13.39,40.2,803.4,Local
2022-10-27,University,Gym,Car,11.37,17.1,2183.0,Local
2022-10-28,Home,Gym,Bicycle,5.32,21.3,0.0,Local
2022-10-28,Gym,Home,Tram,6.14,18.4,368.4,Local
2022-10-29,Home,Grandparents' House,Bus,8.16,19.6,856.8,Local
2022-10-29,Grandparents' House,Gym,Walk,6.95,83.4,0.0,Local
2022-10-30,Library,Cafe,Walk,7.92,95.0,0.0,Local
2022-10-30,Home,Library,Tram,18.42,55.3,1105.2,Local
2022-10-30,Cafe,Grandparents' House,Bicycle,1.4,5.6,0.0,Local
2022-11-01,Grandparents' House,Gym,Bus,1.08,2.6,113.4,Local
2022-11-01,Home,Grandparents' House,Walk,12.7,152.4,0.0,Local
2022-11-02,Home,Gym,Tram,17.5,52.5,1050.0,Local
2022-11-02,Gym,Cricket Ground,Tram,1.75,5.2,105.0,Local
2022-11-02,Cricket Ground,Friend's Place,Walk,2.27,27.2,0.0,Local
2022-11-03,Home,Library,Tram,17.89,53.7,1073.4,Local
2022-11-04,Home,Gym,Train,12.39,16.5,508.0,Local
2022-11-04,Gym,University,Car,9.14,13.7,1754.9,Local
2022-11-05,Home,Grandparents' House,Tram,12.62,37.9,757.2,Local
2022-11-05,Grandparents' House,University,Car,11.23,16.8,2156.2,Local
2022-11-06,Home,Library,Tram,10.56,31.7,633.6,Local
2022-11-06,Library,Cafe,Tram,6.69,20.1,401.4,Local
2022-11-06,Cafe,University,Car,15.59,23.4,2993.3,Local
2022-11-07,Home,Grandparents' House,Train,18.87,25.2,773.7,Local
2022-11-07,Grandparents' House,Library,Bicycle,2.77,11.1,0.0,Local
2022-11-09,Home,Gym,Car,14.0,21.0,2688.0,Local
2022-11-11,Home,Cricket Ground,Bus,5.45,13.1,572.2,Local
2022-11-12,Friend's Place,Library,Walk,5.34,64.1,0.0,Local
2022-11-12,Home,Friend's Place,Bicycle,16.91,67.6,0.0,Local
2022-11-14,Home,Cafe,Car,11.49,17.2,2206.1,Local
2022-11-15,Home,University,Walk,15.03,180.4,0.0,Local
2022-11-15,University,Home,Bicycle,9.77,39.1,0.0,Local
2022-11-16,Home,University,Bus,5.91,14.2,620.6,Local
2022-11-16,University,Cafe,Train,5.61,7.5,230.0,Local
2022-11-16,Cafe,Gym,Walk,3.22,38.6,0.0,Local
2022-11-17,Gym,Library,Car,4.3,6.5,825.6,Local
2022-11-17,Home,Gym,Bicycle,19.98,79.9,0.0,Local
2022-11-17,Library,Friend's Place,Tram,2.85,8.6,171.0,Local
2022-11-18,Home,University,Bus,10.78,25.9,1131.9,Local
2022-11-18,University,Cafe,Walk,11.28,135.4,0.0,Local
2022-11-19,Home,Library,Train,5.94,7.9,243.5,Local
2022-11-19,Library,Home,Bicycle,5.37,21.5,0.0,Local
2022-11-19,Home,Gym,Bicycle,17.75,71.0,0.0,Local
2022-11-20,Home,Library,Bicycle,10.33,41.3,0.0,Local
2022-11-21,Home,Library,Tram,16.14,48.4,968.4,Local
2022-11-21,Library,Home,Tram,6.83,20.5,409.8,Local
2022-11-22,Home,Cafe,Train,13.9,18.5,569.9,Local
2022-11-23,Home,Grandparents' House,Bicycle,10.32,41.3,0.0,Local
2022-11-23,Grandparents' House,Cafe,Car,3.84,5.8,737.3,Local
2022-11-24,Home,Cafe,Bicycle,18.61,74.4,0.0,Local
2022-11-24,Cafe,Grandparents' House,Bicycle,5.96,23.8,0.0,Local
2022-11-24,Grandparents' House,Gym,Bus,1.55,3.7,162.8,Local
2022-11-25,Home,Friend's Place,Bus,14.59,35.0,1532.0,Local
2022-11-25,Friend's Place,Cricket Ground,Tram,6.5,19.5,390.0,Local
2022-11-26,Friend's Place,Library,Bicycle,4.31,17.2,0.0,Local
2022-11-26,Home,Friend's Place,Bus,17.67,42.4,1855.4,Local
2022-11-27,Home,Friend's Place,Bus,8.36,20.1,877.8,Local
2022-11-28,Home,Library,Tram,10.09,30.3,605.4,Local
2022-11-28,Library,Cricket Ground,Bus,2.73,6.6,286.6,Local
2022-11-28,Cricket Ground,Library,Train,2.28,3.0,93.5,Local
2022-11-29,University,Cafe,Bus,6.06,14.5,636.3,Local
2022-11-29,Home,Cafe,Bicycle,11.1,44.4,0.0,Local
2022-11-29,Cafe,University,Train,7.73,10.3,316.9,Local
2022-12-01,Friend's Place,Library,Bus,2.06,4.9,216.3,Local
2022-12-01,Cafe,Friend's Place,Bus,6.35,15.2,666.8,Local
2022-12-01,Home,Cafe,Train,6.2,8.3,254.2,Local
2022-12-02,Home,Cafe,Tram,9.36,28.1,561.6,Local
2022-12-03,Home,Library,Bicycle,13.31,53.2,0.0,Local
2022-12-04,Home,University,Bicycle,5.85,23.4,0.0,Local
2022-12-05,Home,Gym,Walk,13.27,159.2,0.0,Local
2022-12-06,Home,Grandparents' House,Tram,14.94,44.8,896.4,Local
2022-12-07,Cafe,Grandparents' House,Bicycle,7.9,31.6,0.0,Local
2022-12-07,Grandparents' House,Friend's Place,Tram,7.74,23.2,464.4,Local
2022-12-07,Home,Cafe,Train,18.56,24.7,761.0,Local
2022-12-08,Home,Gym,Walk,8.81,105.7,0.0,Local
2022-12-09,Home,Cafe,Car,12.18,18.3,2338.6,Local
2022-12-10,Home,Cafe,Bicycle,16.96,67.8,0.0,Local
2022-12-10,Cafe,Gym,Tram,6.6,19.8,396.0,Local
2022-12-10,Gym,Cafe,Bicycle,2.67,10.7,0.0,Local
2022-12-11,Home,University,Walk,10.5,126.0,0.0,Local
2022-12-12,Home,University,Train,7.27,9.7,298.1,Local
2022-12-13,Cafe,Home,Walk,15.35,184.2,0.0,Local
2022-12-13,Home,Cafe,Bicycle,8.31,33.2,0.0,Local
2022-12-14,Home,Cafe,Train,7.08,9.4,290.3,Local
2022-12-14,Cafe,University,Car,5.93,8.9,1138.6,Local
2022-12-15,Home,Friend's Place,Car,11.97,18.0,2298.2,Local
2022-12-15,Friend's Place,Home,Bus,12.77,30.6,1340.8,Local
2022-12-16,Home,Library,Tram,10.04,30.1,602.4,Local
2022-12-16,Library,Cricket Ground,Tram,7.77,23.3,466.2,Local
2022-12-16,Cricket Ground,University,Bicycle,8.69,34.8,0.0,Local
2022-12-17,Home,Library,Car,8.12,12.2,1559.0,Local
2022-12-18,Gym,Cricket Ground,Train,6.63,8.8,271.8,Local
2022-12-18,Home,Library,Bicycle,16.73,66.9,0.0,Local
2022-12-18,Library,Gym,Bus,2.82,6.8,296.1,Local
2022-12-19,Home,Friend's Place,Walk,14.52,174.2,0.0,Local
2022-12-19,Friend's Place,Gym,Car,3.03,4.5,581.8,Local
2022-12-20,Home,Cricket Ground,Bicycle,18.41,73.6,0.0,Local
2022-12-20,Home,University,Walk,19.99,239.9,0.0,Local
2022-12-20,University,Home,Tram,12.17,36.5,730.2,Local
2022-12-22,Library,Home,Car,17.61,26.4,3381.1,Local
2022-12-22,Home,Library,Tram,16.87,50.6,1012.2,Local
2022-12-23,Home,Cafe,Walk,8.24,98.9,0.0,Local
2022-12-24,Home,Grandparents' House,Car,6.63,9.9,1273.0,Local
2022-12-24,Grandparents' House,Friend's Place,Walk,5.21,62.5,0.0,Local
2022-12-25,Home,University,Walk,11.45,137.4,0.0,Local
2022-12-25,University,Cricket Ground,Walk,16.39,196.7,0.0,Local
2022-12-26,Home,Library,Bicycle,6.9,27.6,0.0,Local
2022-12-27,Home,Grandparents' House,Bicycle,6.61,26.4,0.0,Local
2022-12-27,Grandparents' House,Friend's Place,Walk,3.74,44.9,0.0,Local
2022-12-28,Home,Cricket Ground,Tram,6.56,19.7,393.6,Local
2022-12-28,Cricket Ground,Library,Bicycle,1.17,4.7,0.0,Local
2022-12-29,Home,University,Car,17.91,26.9,3438.7,Local
2022-12-29,University,Friend's Place,Car,15.02,22.5,2883.8,Local
2022-12-30,Home,Gym,Bicycle,16.56,66.2,0.0,Local
2022-12-30,Gym,Home,Tram,9.73,29.2,583.8,Local
2022-12-31,Home,Cricket Ground,Bus,16.54,39.7,1736.7,Local
2023-01-01,Friend's Place,Home,Walk,15.35,184.2,0.0,Local
2023-01-01,Home,Friend's Place,Car,15.32,23.0,2941.4,Local
2023-01-02,Home,Cafe,Tram,17.19,51.6,1031.4,Local
2023-01-03,Home,Friend's Place,Bus,13.54,32.5,1421.7,Local
2023-01-05,Home,Gym,Bus,16.41,39.4,1723.0,Local
2023-01-06,Home,Cricket Ground,Walk,14.36,172.3,0.0,Local
2023-01-07,Home,Friend's Place,Car,17.77,26.7,3411.8,Local
2023-01-07,Friend's Place,Gym,Tram,2.88,8.6,172.8,Local
2023-01-07,Gym,Cricket Ground,Bicycle,2.36,9.4,0.0,Local
2023-01-08,Gym,Library,Train,0.65,0.9,26.7,Local
2023-01-08,Home,Cafe,Bus,12.05,28.9,1265.2,Local
2023-01-08,Cafe,Gym,Bus,2.0,4.8,210.0,Local
2023-01-09,Home,Grandparents' House,Tram,9.98,29.9,598.8,Local
2023-01-09,Grandparents' House,Cafe,Car,0.72,1.1,138.2,Local
2023-01-09,Cafe,Home,Bicycle,13.35,53.4,0.0,Local
2023-01-10,Friend's Place,Library,Car,7.22,10.8,1386.2,Local
2023-01-10,Home,Friend's Place,Train,5.57,7.4,228.4,Local
2023-01-12,Gym,Library,Tram,1.6,4.8,96.0,Local
2023-01-12,Home,Gym,Car,5.34,8.0,1025.3,Local
2023-01-13,Home,Grandparents' House,Car,10.83,16.2,2079.4,Local
2023-01-13,Grandparents' House,Cricket Ground,Walk,6.56,78.7,0.0,Local
2023-01-14,Home,Grandparents' House,Train,16.18,21.6,663.4,Local
2023-01-14,Grandparents' House,Home,Walk,19.41,232.9,0.0,Local
2023-01-14,Home,Cricket Ground,Tram,9.56,28.7,573.6,Local
2023-01-15,Home,Library,Bicycle,13.2,52.8,0.0,Local
2023-01-15,Library,Home,Bus,17.26,41.4,1812.3,Local
2023-01-15,Home,Friend's Place,Tram,18.28,54.8,1096.8,Local
2023-01-16,Home,Cafe,Train,14.22,19.0,583.0,Local
2023-01-16,Cafe,Gym,Bus,1.33,3.2,139.7,Local
2023-01-17,Home,Cafe,Bus,10.46,25.1,1098.3,Local
2023-01-18,Home,Cafe,Bus,10.5,25.2,1102.5,Local
2023-01-18,Cafe,Friend's Place,Train,1.5,2.0,61.5,Local
2023-01-19,Home,Grandparents' House,Walk,18.11,217.3,0.0,Local
2023-01-20,Home,Cricket Ground,Car,16.15,24.2,3100.8,Local
2023-01-21,Gym,Home,Train,17.98,24.0,737.2,Local
2023-01-21,Home,Gym,Train,13.6,18.1,557.6,Local
2023-01-21,Home,Friend's Place,Car,18.31,27.5,3515.5,Local
2023-01-22,Home,Friend's Place,Walk,13.94,167.3,0.0,Local
2023-01-23,Cafe,Grandparents' House,Walk,2.21,26.5,0.0,Local
2023-01-23,Home,Cafe,Train,13.34,17.8,546.9,Local
2023-01-24,Home,Cafe,Walk,8.65,103.8,0.0,Local
2023-01-24,Cafe,Library,Walk,1.93,23.2,0.0,Local
2023-01-25,Home,Cricket Ground,Walk,17.51,210.1,0.0,Local
2023-01-25,Cricket Ground,Library,Train,1.45,1.9,59.4,Local
2023-01-25,Library,Home,Bus,10.19,24.5,1070.0,Local
2023-01-26,Home,Grandparents' House,Car,9.46,14.2,1816.3,Local
2023-01-27,Home,Gym,Car,16.49,24.7,3166.1,Local
2023-01-28,Grandparents' House,Friend's Place,Train,0.77,1.0,31.6,Local
2023-01-28,Cricket Ground,Grandparents' House,Train,2.77,3.7,113.6,Local
2023-01-28,Home,Cricket Ground,Train,11.81,15.7,484.2,Local
2023-01-29,Home,Grandparents' House,Bus,14.9,35.8,1564.5,Local
2023-01-29,Grandparents' House,Friend's Place,Car,5.17,7.8,992.6,Local
2023-01-30,Home,Library,Bus,8.23,19.8,864.2,Local
2023-01-31,Home,Gym,Car,11.15,16.7,2140.8,Local
2023-02-01,Home,Friend's Place,Walk,19.06,228.7,0.0,Local
2023-02-01,Friend's Place,Grandparents' House,Bus,4.92,11.8,516.6,Local
2023-02-02,Home,Cafe,Bus,10.91,26.2,1145.5,Local
2023-02-02,Home,Gym,Car,7.38,11.1,1417.0,Local
2023-02-02,Gym,Home,Walk,9.12,109.4,0.0,Local
2023-02-03,Home,Library,Walk,16.24,194.9,0.0,Local
2023-02-03,Library,Gym,Train,4.95,6.6,203.0,Local
2023-02-04,Home,Grandparents' House,Car,14.84,22.3,2849.3,Local
2023-02-05,Home,Library,Car,14.35,21.5,2755.2,Local
2023-02-06,Home,Cafe,Tram,6.41,19.2,384.6,Local
2023-02-06,Cafe,Friend's Place,Bicycle,5.04,20.2,0.0,Local
2023-02-06,Friend's Place,Grandparents' House,Tram,4.69,14.1,281.4,Local
2023-02-08,Home,Friend's Place,Walk,7.56,90.7,0.0,Local
2023-02-08,Friend's Place,Gym,Tram,4.02,12.1,241.2,Local
2023-02-11,Home,Grandparents' House,Walk,16.76,201.1,0.0,Local
2023-02-11,Grandparents' House,Friend's Place,Train,2.79,3.7,114.4,Local
2023-02-12,Friend's Place,University,Bicycle,12.77,51.1,0.0,Local
2023-02-12,Home,University,Train,11.15,14.9,457.2,Local
2023-02-12,University,Friend's Place,Bus,10.38,24.9,1089.9,Local
2023-02-13,University,Friend's Place,Train,17.07,22.8,699.9,Local
2023-02-13,Library,University,Car,10.14,15.2,1946.9,Local
2023-02-13,Home,Library,Walk,15.93,191.2,0.0,Local
2023-02-14,Home,Cafe,Bus,17.97,43.1,1886.8,Local
2023-02-16,Home,Cricket Ground,Bus,15.81,37.9,1660.0,Local
2023-02-16,Cricket Ground,Friend's Place,Bicycle,3.18,12.7,0.0,Local
2023-02-16,Friend's Place,Gym,Bicycle,3.08,12.3,0.0,Local
2023-02-17,Home,University,Bus,16.08,38.6,1688.4,Local
2023-02-18,Home,Gym,Bicycle,9.89,39.6,0.0,Local
2023-02-18,Gym,Home,Train,12.55,16.7,514.6,Local
2023-02-19,Home,Cafe,Car,9.78,14.7,1877.8,Local
2023-02-20,Home,Grandparents' House,Bicycle,6.8,27.2,0.0,Local
2023-02-20,Grandparents' House,Home,Train,13.83,18.4,567.0,Local
2023-02-20,Home,Library,Walk,6.48,77.8,0.0,Local
2023-02-21,Home,Cricket Ground,Bus,13.27,31.8,1393.3,Local
2023-02-21,Cricket Ground,Library,Bus,1.47,3.5,154.3,Local
2023-02-22,Home,Cricket Ground,Bicycle,18.36,73.4,0.0,Local
2023-02-22,Cricket Ground,Gym,Train,6.54,8.7,268.1,Local
2023-02-22,Gym,Friend's Place,Walk,2.87,34.4,0.0,Local
2023-02-23,Home,University,Car,13.1,19.7,2515.2,Local
2023-02-24,Home,University,Bicycle,12.19,48.8,0.0,Local
2023-02-25,Home,Cafe,Bus,17.08,41.0,1793.4,Local
2023-02-25,Cafe,Home,Train,9.25,12.3,379.2,Local
2023-02-25,Home,Cricket Ground,Bicycle,15.68,62.7,0.0,Local
2023-02-26,Home,University,Bicycle,17.86,71.4,0.0,Local
2023-02-27,Home,Cafe,Bicycle,12.4,49.6,0.0,Local
2023-02-27,Cafe,Gym,Train,3.99,5.3,163.6,Local
2023-02-27,Gym,Grandparents' House,Walk,4.74,56.9,0.0,Local
2023-02-28,Home,Friend's Place,Bus,5.97,14.3,626.9,Local
2023-03-01,Home,University,Bicycle,18.51,74.0,0.0,Local
2023-03-01,University,Home,Walk,10.45,125.4,0.0,Local
2023-03-01,Home,Gym,Car,19.05,28.6,3657.6,Local
2023-03-02,Home,Cricket Ground,Tram,10.77,32.3,646.2,Local
2023-03-02,Cricket Ground,University,Walk,5.43,65.2,0.0,Local
2023-03-03,Home,Grandparents' House,Train,5.73,7.6,234.9,Local
2023-03-03,Grandparents' House,Friend's Place,Tram,4.23,12.7,253.8,Local
2023-03-03,Friend's Place,University,Bus,19.11,45.9,2006.5,Local
2023-03-04,Home,Cafe,Car,17.82,26.7,3421.4,Local
2023-03-06,Home,University,Bicycle,18.58,74.3,0.0,Local
2023-03-08,Home,Cricket Ground,Train,14.05,18.7,576.1,Local
2023-03-09,Home,Grandparents' House,Train,18.51,24.7,758.9,Local
2023-03-09,Grandparents' House,Cricket Ground,Car,1.97,3.0,378.2,Local
2023-03-10,Home,Cafe,Car,18.68,28.0,3586.6,Local
2023-03-11,Home,University,Tram,12.03,36.1,721.8,Local
2023-03-12,Home,Grandparents' House,Train,19.36,25.8,793.8,Local
2023-03-12,Grandparents' House,Friend's Place,Walk,0.9,10.8,0.0,Local
2023-03-12,Friend's Place,Cafe,Train,1.29,1.7,52.9,Local
2023-03-13,Home,Grandparents' House,Walk,19.87,238.4,0.0,Local
2023-03-14,Home,Cricket Ground,Train,5.03,6.7,206.2,Local
2023-03-15,Home,University,Bus,15.18,36.4,1593.9,Local
2023-03-16,Home,Gym,Car,6.28,9.4,1205.8,Local
2023-03-16,Gym,University,Walk,11.27,135.2,0.0,Local
2023-03-17,University,Grandparents' House,Car,7.79,11.7,1495.7,Local
2023-03-17,Grandparents' House,Cricket Ground,Car,6.2,9.3,1190.4,Local
2023-03-17,Home,University,Bus,9.88,23.7,1037.4,Local
2023-03-18,Home,University,Train,11.85,15.8,485.8,Local
2023-03-18,University,Cricket Ground,Car,14.88,22.3,2857.0,Local
2023-03-19,Home,Gym,Tram,9.83,29.5,589.8,Local
2023-03-19,Gym,Cricket Ground,Bicycle,2.32,9.3,0.0,Local
2023-03-20,Home,Cafe,Bicycle,13.36,53.4,0.0,Local
2023-03-21,Home,Cafe,Bus,12.31,29.5,1292.5,Local
2023-03-21,Cafe,Library,Tram,4.64,13.9,278.4,Local
2023-03-22,Home,University,Tram,17.53,52.6,1051.8,Local
2023-03-22,University,Friend's Place,Train,14.51,19.3,594.9,Local
2023-03-23,Home,Cricket Ground,Walk,16.03,192.4,0.0,Local
2023-03-24,Home,Friend's Place,Train,16.65,22.2,682.6,Local
2023-03-25,Home,Grandparents' House,Car,17.02,25.5,3267.8,Local
2023-03-26,Home,Grandparents' House,Car,10.68,16.0,2050.6,Local
2023-03-26,Grandparents' House,University,Car,7.7,11.6,1478.4,Local
2023-03-26,University,Cafe,Walk,19.65,235.8,0.0,Local
2023-03-28,Home,Gym,Walk,17.27,207.2,0.0,Local
2023-03-29,Cricket Ground,Library,Walk,3.05,36.6,0.0,Local
2023-03-29,University,Cricket Ground,Car,17.78,26.7,3413.8,Local
2023-03-29,Home,University,Car,11.4,17.1,2188.8,Local
2023-03-31,Home,Grandparents' House,Tram,5.41,16.2,324.6,Local
2023-04-01,Home,Gym,Bicycle,8.54,34.2,0.0,Local
2023-04-02,Home,Grandparents' House,Train,7.62,10.2,312.4,Local
2023-04-03,Home,University,Tram,8.29,24.9,497.4,Local
2023-04-03,University,Friend's Place,Car,15.46,23.2,2968.3,Local
2023-04-03,Friend's Place,Home,Walk,15.08,181.0,0.0,Local
2023-04-05,Home,Cricket Ground,Walk,13.52,162.2,0.0,Local
2023-04-06,Gym,University,Tram,10.53,31.6,631.8,Local
2023-04-06,Home,Gym,Train,12.82,17.1,525.6,Local
2023-04-07,Home,Cafe,Bus,14.13,33.9,1483.7,Local
2023-04-07,Cafe,Friend's Place,Tram,3.99,12.0,239.4,Local
2023-04-07,Friend's Place,Cafe,Train,4.92,6.6,201.7,Local
2023-04-08,Home,Cafe,Car,18.88,28.3,3625.0,Local
2023-04-10,Home,Friend's Place,Walk,12.91,154.9,0.0,Local
2023-04-10,Friend's Place,University,Bus,12.19,29.3,1280.0,Local
2023-04-11,Library,Grandparents' House,Train,1.91,2.5,78.3,Local
2023-04-11,University,Library,Bicycle,7.05,28.2,0.0,Local
2023-04-11,Home,University,Bus,12.13,29.1,1273.7,Local
2023-04-12,Home,University,Tram,19.33,58.0,1159.8,Local
2023-04-13,Home,University,Bicycle,17.42,69.7,0.0,Local
2023-04-13,University,Gym,Train,12.81,17.1,525.2,Local
2023-04-13,Gym,Cafe,Walk,5.81,69.7,0.0,Local
2023-04-15,Home,Gym,Bicycle,19.64,78.6,0.0,Local
2023-04-15,Gym,Cafe,Bicycle,5.84,23.4,0.0,Local
2023-04-16,Friend's Place,Gym,Train,5.19,6.9,212.8,Local
2023-04-16,Home,Friend's Place,Bus,17.01,40.8,1786.1,Local
2023-04-17,Home,University,Walk,10.23,122.8,0.0,Local
2023-04-18,Home,Library,Walk,18.46,221.5,0.0,Local
2023-04-19,Home,Cafe,Tram,7.21,21.6,432.6,Local
2023-04-20,Home,Gym,Bicycle,15.05,60.2,0.0,Local
2023-04-20,Gym,Grandparents' House,Bus,4.09,9.8,429.4,Local
2023-04-21,Home,Gym,Bicycle,5.04,20.2,0.0,Local
2023-04-22,Home,Friend's Place,Bicycle,17.0,68.0,0.0,Local
2023-04-22,Friend's Place,Library,Car,4.45,6.7,854.4,Local
2023-04-23,Cricket Ground,Cafe,Bus,1.35,3.2,141.8,Local
2023-04-23,Home,Cricket Ground,Tram,17.3,51.9,1038.0,Local
2023-04-24,Home,Gym,Bicycle,12.19,48.8,0.0,Local
2023-04-25,Home,University,Car,10.78,16.2,2069.8,Local
2023-04-26,Home,Cafe,Train,19.09,25.5,782.7,Local
2023-04-26,Cafe,Cricket Ground,Car,0.66,1.0,126.7,Local
2023-04-26,Cricket Ground,Library,Car,7.79,11.7,1495.7,Local
2023-04-28,Home,Friend's Place,Bicycle,6.84,27.4,0.0,Local
2023-04-28,Friend's Place,Library,Car,6.92,10.4,1328.6,Local
2023-04-29,Library,Grandparents' House,Tram,5.04,15.1,302.4,Local
2023-04-29,Home,Library,Tram,5.15,15.5,309.0,Local
2023-04-30,Home,Cafe,Tram,8.44,25.3,506.4,Local
2023-04-30,Cafe,Home,Walk,9.13,109.6,0.0,Local
2023-05-01,Home,University,Walk,18.13,217.6,0.0,Local
2023-05-02,Home,Cafe,Train,14.6,19.5,598.6,Local
2023-05-02,Cafe,Friend's Place,Bicycle,3.32,13.3,0.0,Local
2023-05-02,Friend's Place,Gym,Car,6.6,9.9,1267.2,Local
2023-05-03,Home,Library,Tram,8.17,24.5,490.2,Local
2023-05-04,Home,Gym,Bicycle,18.18,72.7,0.0,Local
2023-05-05,Home,Cricket Ground,Walk,15.57,186.8,0.0,Local
2023-05-05,Cricket Ground,Library,Car,2.38,3.6,457.0,Local
2023-05-05,Library,Cricket Ground,Car,1.34,2.0,257.3,Local
2023-05-06,Home,Friend's Place,Train,6.4,8.5,262.4,Local
2023-05-07,Home,Cafe,Bus,9.13,21.9,958.7,Local
2023-05-07,Cafe,Home,Tram,8.87,26.6,532.2,Local
2023-05-08,Home,Library,Tram,5.03,15.1,301.8,Local
2023-05-09,Grandparents' House,Home,Bicycle,9.61,38.4,0.0,Local
2023-05-09,Cafe,Grandparents' House,Tram,5.26,15.8,315.6,Local
2023-05-09,Home,Cafe,Tram,9.03,27.1,541.8,Local
2023-05-10,Home,Library,Walk,6.72,80.6,0.0,Local
2023-05-10,Library,Friend's Place,Train,2.73,3.6,111.9,Local
2023-05-11,Home,University,Walk,14.08,169.0,0.0,Local
2023-05-11,University,Library,Walk,8.78,105.4,0.0,Local
2023-05-11,Library,Home,Car,7.05,10.6,1353.6,Local
2023-05-13,Home,Friend's Place,Bicycle,12.34,49.4,0.0,Local
2023-05-13,Friend's Place,Home,Tram,14.06,42.2,843.6,Local
2023-05-14,Cricket Ground,Home,Tram,19.3,57.9,1158.0,Local
2023-05-14,Home,Gym,Walk,19.51,234.1,0.0,Local
2023-05-14,Gym,Cricket Ground,Tram,3.91,11.7,234.6,Local
2023-05-15,Home,Friend's Place,Car,9.59,14.4,1841.3,Local
2023-05-15,Friend's Place,Grandparents' House,Bus,3.89,9.3,408.4,Local
2023-05-16,Home,Gym,Car,15.21,22.8,2920.3,Local
2023-05-16,Gym,Home,Walk,6.6,79.2,0.0,Local
2023-05-19,Home,Friend's Place,Train,8.62,11.5,353.4,Local
2023-05-20,Home,Cafe,Train,7.09,9.5,290.7,Local
2023-05-21,Cricket Ground,Cafe,Walk,4.43,53.2,0.0,Local
2023-05-21,Library,Cricket Ground,Train,2.63,3.5,107.8,Local
2023-05-21,Home,Library,Car,14.71,22.1,2824.3,Local
2023-05-22,Home,Cafe,Bicycle,5.15,20.6,0.0,Local
2023-05-22,Cafe,University,Bus,16.61,39.9,1744.0,Local
2023-05-23,Home,Gym,Bus,13.73,33.0,1441.7,Local
2023-05-23,Gym,Home,Car,16.87,25.3,3239.0,Local
2023-05-24,Home,Friend's Place,Bicycle,16.62,66.5,0.0,Local
2023-05-24,Friend's Place,Grandparents' House,Tram,2.28,6.8,136.8,Local
2023-05-25,Library,Gym,Bicycle,0.75,3.0,0.0,Local
2023-05-25,Home,Library,Tram,17.17,51.5,1030.2,Local
2023-05-26,Home,Library,Bus,9.85,23.6,1034.2,Local
2023-05-26,Library,Grandparents' House,Walk,0.95,11.4,0.0,Local
2023-05-26,Grandparents' House,Cafe,Car,5.35,8.0,1027.2,Local
2023-05-27,Home,Cafe,Tram,10.89,32.7,653.4,Local
2023-05-28,Home,Cricket Ground,Car,9.22,13.8,1770.2,Local
2023-05-29,Home,University,Tram,13.58,40.7,814.8,Local
2023-05-29,University,Friend's Place,Bus,14.1,33.8,1480.5,Local
2023-05-30,Home,Grandparents' House,Bus,10.66,25.6,1119.3,Local
2023-05-30,Grandparents' House,Gym,Car,2.38,3.6,457.0,Local
2023-05-31,Home,University,Walk,7.17,86.0,0.0,Local
2023-06-01,Home,Library,Bus,6.4,15.4,672.0,Local
2023-06-02,Home,Cafe,Tram,9.48,28.4,568.8,Local
2023-06-02,Cafe,Home,Bus,9.12,21.9,957.6,Local
2023-06-03,Home,Grandparents' House,Car,12.0,18.0,2304.0,Local
2023-06-04,Home,University,Car,18.11,27.2,3477.1,Local
2023-06-05,Gym,Cricket Ground,Tram,5.14,15.4,308.4,Local
2023-06-05,Home,Gym,Walk,9.19,110.3,0.0,Local
2023-06-07,Home,University,Train,19.13,25.5,784.3,Local
2023-06-08,Home,Friend's Place,Train,16.72,22.3,685.5,Local
2023-06-09,Home,Cricket Ground,Bicycle,9.62,38.5,0.0,Local
2023-06-10,Home,Grandparents' House,Train,19.95,26.6,817.9,Local
2023-06-11,Home,University,Tram,8.96,26.9,537.6,Local
2023-06-12,Home,Cafe,Car,14.28,21.4,2741.8,Local
2023-06-12,Cafe,Cricket Ground,Car,6.08,9.1,1167.4,Local
2023-06-13,Home,Library,Tram,17.6,52.8,1056.0,Local
2023-06-15,Home,Friend's Place,Bicycle,7.48,29.9,0.0,Local
2023-06-15,Friend's Place,Gym,Car,7.86,11.8,1509.1,Local
2023-06-15,Gym,Library,Car,5.16,7.7,990.7,Local
2023-06-16,Home,Library,Car,7.23,10.8,1388.2,Local
2023-06-16,Library,Grandparents' House,Train,1.09,1.5,44.7,Local
2023-06-16,Grandparents' House,Gym,Tram,6.81,20.4,408.6,Local
2023-06-18,Home,Cafe,Tram,14.17,42.5,850.2,Local
2023-06-20,University,Cafe,Train,18.15,24.2,744.1,Local
2023-06-20,Home,University,Bus,10.81,25.9,1135.0,Local
2023-06-22,Home,University,Car,16.94,25.4,3252.5,Local
2023-06-22,University,Cafe,Walk,10.14,121.7,0.0,Local
2023-06-22,Cafe,Friend's Place,Car,6.36,9.5,1221.1,Local
2023-06-23,Home,Museum,Bus,5.63,13.5,591.1,Local
2023-06-23,Museum,Home,Car,8.46,12.7,1624.3,Local
2023-06-23,Home,Cricket Ground,Walk,14.52,174.2,0.0,Local
2023-06-25,Museum,Gym,Car,2.6,3.9,499.2,Local
2023-06-25,Home,Museum,Walk,8.73,104.8,0.0,Local
2023-06-25,Gym,Work,Tram,19.72,59.2,1183.2,Local
2023-06-26,Home,Beach,Bus,6.2,14.9,651.0,Local
2023-06-26,Beach,Hospital,Train,14.79,19.7,606.4,Local
2023-06-27,Home,Cafe,Bicycle,8.01,32.0,0.0,Local
2023-06-27,Cafe,University,Bicycle,14.39,57.6,0.0,Local
2023-06-27,University,Pharmacy,Walk,6.78,81.4,0.0,Local
2023-06-28,Home,Shopping Centre,Walk,6.1,73.2,0.0,Local
2023-06-29,Home,Beach,Train,10.64,14.2,436.2,Local
2023-06-29,Beach,Library,Car,18.92,28.4,3632.6,Local
2023-06-30,Home,Cafe,Tram,13.0,39.0,780.0,Local
2023-07-01,Home,Part-time Work,Train,5.91,7.9,242.3,Local
2023-07-01,Part-time Work,Shopping Centre,Tram,9.72,29.2,583.2,Local
2023-07-02,Home,Friend's Place,Walk,12.44,149.3,0.0,Local
2023-07-02,Friend's Place,Shopping Centre,Car,6.96,10.4,1336.3,Local
2023-07-03,Home,Work,Bicycle,15.87,63.5,0.0,Local
2023-07-03,Work,Hospital,Car,7.51,11.3,1441.9,Local
2023-07-03,Hospital,University,Bus,16.84,40.4,1768.2,Local
2023-07-04,Pharmacy,Library,Bus,4.45,10.7,467.2,Local
2023-07-04,Home,Pharmacy,Car,8.22,12.3,1578.2,Local
2023-07-05,Home,Pharmacy,Car,13.21,19.8,2536.3,Local
2023-07-06,Home,Beach,Bus,10.09,24.2,1059.5,Local
2023-07-06,Beach,Home,Train,7.97,10.6,326.8,Local
2023-07-07,Home,Shopping Centre,Bus,15.63,37.5,1641.2,Local
2023-07-07,Shopping Centre,Library,Walk,0.5,6.0,0.0,Local
2023-07-08,Home,Friend's Place,Car,17.4,26.1,3340.8,Local
2023-07-09,Work,Cricket Ground,Walk,19.82,237.8,0.0,Local
2023-07-09,Home,Work,Car,9.82,14.7,1885.4,Local
2023-07-10,Hospital,Work,Walk,18.44,221.3,0.0,Local
2023-07-10,Home,Hospital,Walk,8.25,99.0,0.0,Local
2023-07-11,Home,Cafe,Walk,9.38,112.6,0.0,Local
2023-07-11,Cafe,Library,Bus,2.92,7.0,306.6,Local
2023-07-12,Home,Pharmacy,Train,9.83,13.1,403.0,Local
2023-07-13,Home,Museum,Bus,18.65,44.8,1958.2,Local
2023-07-13,Museum,Part-time Work,Car,9.03,13.5,1733.8,Local
2023-07-13,Part-time Work,Museum,Bus,11.59,27.8,1217.0,Local
2023-07-14,Home,Cricket Ground,Car,11.38,17.1,2185.0,Local
2023-07-15,Home,Pharmacy,Train,14.89,19.9,610.5,Local
2023-07-15,Pharmacy,Museum,Walk,6.39,76.7,0.0,Local
2023-07-16,Home,Hospital,Bus,12.05,28.9,1265.2,Local
2023-07-16,Hospital,Museum,Bus,1.45,3.5,152.2,Local
2023-07-17,Home,Cafe,Train,6.56,8.7,269.0,Local
2023-07-17,Cafe,Work,Bus,17.44,41.9,1831.2,Local
2023-07-18,Home,Hospital,Bus,18.45,44.3,1937.2,Local
2023-07-19,Home,Shopping Centre,Walk,19.7,236.4,0.0,Local
2023-07-19,Shopping Centre,Museum,Bus,3.76,9.0,394.8,Local
2023-07-22,Home,Gym,Car,15.13,22.7,2905.0,Local
2023-07-24,Gym,Library,Walk,0.86,10.3,0.0,Local
2023-07-24,Library,Gym,Walk,3.18,38.2,0.0,Local
2023-07-24,Home,Library,Train,7.16,9.5,293.6,Local
2023-07-25,Home,Shopping Centre,Walk,18.67,224.0,0.0,Local
2023-07-25,Shopping Centre,Library,Walk,2.29,27.5,0.0,Local
2023-07-25,Library,Museum,Bicycle,1.8,7.2,0.0,Local
2023-07-26,Home,Friend's Place,Bus,19.34,46.4,2030.7,Local
2023-07-27,Home,Gym,Walk,6.84,82.1,0.0,Local
2023-07-27,Gym,Hospital,Walk,1.19,14.3,0.0,Local
2023-07-28,Home,Friend's Place,Car,19.57,29.4,3757.4,Local
2023-07-28,Friend's Place,Gym,Tram,3.61,10.8,216.6,Local
2023-07-29,Home,Pharmacy,Train,5.36,7.1,219.8,Local
2023-07-29,Pharmacy,Museum,Walk,7.19,86.3,0.0,Local
2023-07-31,Home,Hospital,Tram,10.76,32.3,645.6,Local
2023-08-01,Home,Shopping Centre,Bicycle,15.81,63.2,0.0,Local
2023-08-02,Home,Gym,Walk,7.49,89.9,0.0,Local
2023-08-02,Gym,Shopping Centre,Tram,4.42,13.3,265.2,Local
2023-08-04,Cricket Ground,Shopping Centre,Bus,2.43,5.8,255.2,Local
2023-08-04,University,Cricket Ground,Train,8.61,11.5,353.0,Local
2023-08-04,Home,University,Bicycle,13.35,53.4,0.0,Local
2023-08-05,Home,Beach,Walk,5.19,62.3,0.0,Local
2023-08-05,Beach,Work,Car,18.18,27.3,3490.6,Local
2023-08-05,Work,Cafe,Train,11.97,16.0,490.8,Local
2023-08-06,Home,Pharmacy,Bus,16.68,40.0,1751.4,Local
2023-08-07,Home,Work,Car,13.08,19.6,2511.4,Local
2023-08-09,Home,Cafe,Car,8.8,13.2,1689.6,Local
2023-08-10,Home,Beach,Tram,5.86,17.6,351.6,Local
2023-08-10,Beach,Cricket Ground,Bus,19.83,47.6,2082.1,Local
2023-08-10,Cricket Ground,Gym,Bicycle,2.6,10.4,0.0,Local
2023-08-11,Home,Cricket Ground,Bicycle,13.1,52.4,0.0,Local
2023-08-11,Cricket Ground,Home,Bicycle,9.67,38.7,0.0,Local
2023-08-12,Home,Work,Bicycle,19.01,76.0,0.0,Local
2023-08-14,Home,Work,Car,6.93,10.4,1330.6,Local
2023-08-15,Home,Work,Tram,9.54,28.6,572.4,Local
2023-08-16,Home,Friend's Place,Walk,13.62,163.4,0.0,Local
2023-08-17,Cricket Ground,Cafe,Car,7.2,10.8,1382.4,Local
2023-08-17,Home,Cricket Ground,Walk,12.46,149.5,0.0,Local
2023-08-18,Home,Gym,Bicycle,19.89,79.6,0.0,Local
2023-08-19,Home,Beach,Bicycle,11.81,47.2,0.0,Local
2023-08-20,Home,Cafe,Walk,18.88,226.6,0.0,Local
2023-08-20,Cafe,Work,Bus,13.5,32.4,1417.5,Local
2023-08-21,Home,University,Train,17.19,22.9,704.8,Local
2023-08-21,University,Library,Car,16.16,24.2,3102.7,Local
2023-08-22,Home,Hospital,Bus,7.58,18.2,795.9,Local
2023-08-23,Home,Cafe,Walk,12.01,144.1,0.0,Local
2023-08-23,Cafe,Part-time Work,Bus,19.45,46.7,2042.2,Local
2023-08-23,Part-time Work,University,Car,10.51,15.8,2017.9,Local
2023-08-24,Home,Pharmacy,Car,5.53,8.3,1061.8,Local
2023-08-24,Pharmacy,Cricket Ground,Train,3.06,4.1,125.5,Local
2023-08-25,Home,Gym,Bus,16.29,39.1,1710.4,Local
2023-08-25,Gym,Museum,Car,1.0,1.5,192.0,Local
2023-08-26,Friend's Place,Library,Car,3.98,6.0,764.2,Local
2023-08-26,Cricket Ground,Friend's Place,Car,6.53,9.8,1253.8,Local
2023-08-26,Home,Cricket Ground,Tram,9.04,27.1,542.4,Local
2023-08-27,Home,Pharmacy,Car,9.2,13.8,1766.4,Local
2023-08-27,Pharmacy,Work,Bus,9.28,22.3,974.4,Local
2023-08-27,Work,Museum,Train,16.14,21.5,661.7,Local
2023-08-28,Home,Cricket Ground,Car,5.83,8.7,1119.4,Local
2023-08-29,Home,Friend's Place,Bicycle,15.98,63.9,0.0,Local
2023-08-30,Pharmacy,Gym,Train,5.56,7.4,228.0,Local
2023-08-30,Gym,Museum,Walk,1.14,13.7,0.0,Local
2023-08-30,Home,Pharmacy,Car,10.85,16.3,2083.2,Local
2023-08-31,Home,University,Bicycle,14.03,56.1,0.0,Local
2023-08-31,University,Museum,Tram,12.11,36.3,726.6,Local
2023-09-01,Home,Gym,Tram,8.74,26.2,524.4,Local
2023-09-01,Gym,Library,Train,7.07,9.4,289.9,Local
2023-09-02,University,Home,Car,15.99,24.0,3070.1,Local
2023-09-02,Home,Museum,Train,9.86,13.1,404.3,Local
2023-09-02,Museum,University,Car,10.54,15.8,2023.7,Local
2023-09-03,Home,Museum,Car,12.22,18.3,2346.2,Local
2023-09-05,Home,Museum,Bicycle,13.36,53.4,0.0,Local
2023-09-05,Museum,Cafe,Bus,6.08,14.6,638.4,Local
2023-09-06,Home,Pharmacy,Walk,8.32,99.8,0.0,Local
2023-09-07,Home,Cafe,Walk,5.32,63.8,0.0,Local
2023-09-07,Cafe,Shopping Centre,Bus,0.67,1.6,70.4,Local
2023-09-08,Home,Shopping Centre,Bus,10.99,26.4,1154.0,Local
2023-09-08,Shopping Centre,Museum,Train,7.31,9.7,299.7,Local
2023-09-09,Home,Beach,Tram,7.26,21.8,435.6,Local
2023-09-10,Home,Part-time Work,Bus,5.03,12.1,528.1,Local
2023-09-10,Part-time Work,Museum,Bus,6.27,15.0,658.3,Local
2023-09-10,Museum,Cafe,Bicycle,3.6,14.4,0.0,Local
2023-09-11,Home,Hospital,Tram,14.11,42.3,846.6,Local
2023-09-12,Home,University,Bicycle,5.94,23.8,0.0,Local
2023-09-13,Home,Friend's Place,Bicycle,11.32,45.3,0.0,Local
2023-09-13,Friend's Place,Museum,Bus,1.62,3.9,170.1,Local
2023-09-14,Home,Friend's Place,Walk,7.41,88.9,0.0,Local
2023-09-14,Friend's Place,Beach,Bus,9.49,22.8,996.5,Local
2023-09-15,Home,Friend's Place,Bus,10.75,25.8,1128.8,Local
2023-09-16,University,Beach,Walk,12.16,145.9,0.0,Local
2023-09-16,Home,University,Bicycle,14.86,59.4,0.0,Local
2023-09-17,Home,Cricket Ground,Bicycle,6.49,26.0,0.0,Local
2023-09-17,Cricket Ground,Cafe,Car,0.63,0.9,121.0,Local
2023-09-17,Cafe,Shopping Centre,Tram,3.55,10.6,213.0,Local
2023-09-18,Home,Library,Car,9.54,14.3,1831.7,Local
2023-09-19,Home,Gym,Train,16.67,22.2,683.5,Local
2023-09-19,Gym,University,Train,10.5,14.0,430.5,Local
2023-09-20,Hospital,University,Bus,12.1,29.0,1270.5,Local
2023-09-20,Home,Hospital,Walk,17.59,211.1,0.0,Local
2023-09-21,Home,Library,Tram,11.73,35.2,703.8,Local
2023-09-21,Library,Museum,Walk,3.85,46.2,0.0,Local
2023-09-22,Home,Pharmacy,Bus,8.56,20.5,898.8,Local
2023-09-22,Pharmacy,Work,Bus,18.51,44.4,1943.6,Local
2023-09-23,Home,Pharmacy,Train,5.35,7.1,219.3,Local
2023-09-23,Pharmacy,Cricket Ground,Train,3.47,4.6,142.3,Local
2023-09-23,Cricket Ground,Pharmacy,Car,3.9,5.9,748.8,Local
2023-09-24,Home,Hospital,Train,13.24,17.7,542.8,Local
2023-09-25,Home,Library,Train,14.56,19.4,597.0,Local
2023-09-26,Library,Museum,Bus,5.08,12.2,533.4,Local
2023-09-26,Home,Library,Bus,9.37,22.5,983.8,Local
2023-09-28,Home,Work,Walk,11.4,136.8,0.0,Local
2023-09-28,Work,Library,Car,13.86,20.8,2661.1,Local
2023-09-29,Home,Library,Bus,8.93,21.4,937.6,Local
2023-09-29,Library,Work,Walk,17.35,208.2,0.0,Local
2023-09-30,Home,Cricket Ground,Train,7.45,9.9,305.4,Local
2023-10-01,Home,Pharmacy,Tram,12.92,38.8,775.2,Local
2023-10-01,Pharmacy,Museum,Bicycle,2.44,9.8,0.0,Local
2023-10-02,Home,Gym,Car,12.16,18.2,2334.7,Local
2023-10-02,Gym,University,Bus,17.72,42.5,1860.6,Local
2023-10-02,University,Part-time Work,Bus,5.67,13.6,595.4,Local
2023-10-03,Home,Gym,Train,11.85,15.8,485.8,Local
2023-10-05,Home,Library,Bus,14.97,35.9,1571.9,Local
2023-10-05,Library,Beach,Bicycle,12.21,48.8,0.0,Local
2023-10-06,Home,Library,Train,17.63,23.5,722.8,Local
2023-10-07,Work,Beach,Bicycle,7.58,30.3,0.0,Local
2023-10-07,Shopping Centre,Work,Car,6.05,9.1,1161.6,Local
2023-10-07,Home,Shopping Centre,Bus,8.18,19.6,858.9,Local
2023-10-08,Home,Beach,Car,18.47,27.7,3546.2,Local
2023-10-08,Beach,Hospital,Tram,13.27,39.8,796.2,Local
2023-10-09,Home,Cafe,Tram,10.28,30.8,616.8,Local
2023-10-10,Home,University,Car,15.62,23.4,2999.0,Local
2023-10-10,University,Cricket Ground,Tram,12.04,36.1,722.4,Local
2023-10-11,Home,Cricket Ground,Bicycle,7.66,30.6,0.0,Local
2023-10-12,Home,Pharmacy,Car,13.8,20.7,2649.6,Local
2023-10-12,Pharmacy,Library,Bicycle,6.16,24.6,0.0,Local
2023-10-13,Home,Cafe,Bus,11.23,27.0,1179.2,Local
2023-10-14,Home,Cafe,Tram,12.65,38.0,759.0,Local
2023-10-14,Cafe,Part-time Work,Walk,14.34,172.1,0.0,Local
2023-10-15,Home,Gym,Bus,7.13,17.1,748.6,Local
2023-10-15,Gym,Home,Walk,13.51,162.1,0.0,Local
2023-10-16,Home,Cricket Ground,Tram,15.33,46.0,919.8,Local
2023-10-16,Cricket Ground,Library,Car,7.69,11.5,1476.5,Local
2023-10-17,Part-time Work,Shopping Centre,Bicycle,12.77,51.1,0.0,Local
2023-10-17,Home,Part-time Work,Car,8.76,13.1,1681.9,Local
2023-10-18,Cafe,Beach,Car,7.69,11.5,1476.5,Local
2023-10-18,Beach,Library,Train,5.64,7.5,231.2,Local
2023-10-18,Home,Cafe,Walk,12.62,151.4,0.0,Local
2023-10-21,Home,University,Bus,9.34,22.4,980.7,Local
2023-10-21,University,Library,Walk,10.38,124.6,0.0,Local
2023-10-22,Home,Gym,Bicycle,19.39,77.6,0.0,Local
2023-10-22,Gym,Part-time Work,Train,13.07,17.4,535.9,Local
2023-10-22,Part-time Work,Pharmacy,Walk,8.52,102.2,0.0,Local
2023-10-23,Home,Hospital,Walk,18.81,225.7,0.0,Local
2023-10-24,Home,University,Car,5.5,8.2,1056.0,Local
2023-10-26,Home,University,Bicycle,14.85,59.4,0.0,Local
2023-10-26,University,Pharmacy,Car,16.0,24.0,3072.0,Local
2023-10-26,Pharmacy,Beach,Train,7.82,10.4,320.6,Local
2023-10-27,Home,Pharmacy,Train,11.56,15.4,474.0,Local
2023-10-28,Home,Shopping Centre,Walk,11.45,137.4,0.0,Local
2023-10-28,Shopping Centre,Cricket Ground,Train,5.52,7.4,226.3,Local
2023-10-29,Home,Beach,Tram,15.67,47.0,940.2,Local
2023-10-29,Beach,Friend's Place,Car,6.01,9.0,1153.9,Local
2023-10-30,University,Cafe,Bicycle,6.44,25.8,0.0,Local
2023-10-30,Home,University,Bus,19.15,46.0,2010.7,Local
2023-10-31,Home,Library,Walk,7.06,84.7,0.0,Local
2023-11-02,Home,University,Bicycle,15.31,61.2,0.0,Local
2023-11-02,University,Beach,Train,9.88,13.2,405.1,Local
2023-11-03,Home,Library,Car,18.02,27.0,3459.8,Local
2023-11-04,Home,Gym,Tram,6.71,20.1,402.6,Local
2023-11-04,Gym,Pharmacy,Tram,5.77,17.3,346.2,Local
2023-11-04,Pharmacy,Gym,Walk,1.71,20.5,0.0,Local
2023-11-06,Home,Cafe,Bicycle,15.94,63.8,0.0,Local
2023-11-07,Home,Cafe,Bicycle,14.7,58.8,0.0,Local
2023-11-07,Cafe,Library,Train,5.79,7.7,237.4,Local
2023-11-08,Home,Museum,Train,8.77,11.7,359.6,Local
2023-11-08,Museum,Cafe,Car,4.66,7.0,894.7,Local
2023-11-08,Cafe,Home,Walk,9.67,116.0,0.0,Local
2023-11-09,Home,Museum,Bus,16.55,39.7,1737.8,Local
2023-11-11,Home,Hospital,Car,14.21,21.3,2728.3,Local
2023-11-12,Shopping Centre,Pharmacy,Bus,6.74,16.2,707.7,Local
2023-11-12,Home,Shopping Centre,Bicycle,18.09,72.4,0.0,Local
2023-11-13,Beach,Library,Train,15.7,20.9,643.7,Local
2023-11-13,Home,Beach,Bicycle,5.23,20.9,0.0,Local
2023-11-15,Home,Friend's Place,Train,8.49,11.3,348.1,Local
2023-11-15,Friend's Place,Library,Train,3.82,5.1,156.6,Local
2023-11-15,Library,Home,Walk,8.08,97.0,0.0,Local
2023-11-16,Home,Museum,Bicycle,16.05,64.2,0.0,Local
2023-11-16,Museum,Work,Tram,7.56,22.7,453.6,Local
2023-11-17,Home,Beach,Tram,11.48,34.4,688.8,Local
2023-11-18,Home,Cafe,Train,7.91,10.5,324.3,Local
2023-11-18,Cafe,Gym,Train,2.54,3.4,104.1,Local
2023-11-19,Gym,University,Train,10.39,13.9,426.0,Local
2023-11-19,Home,Gym,Bicycle,11.42,45.7,0.0,Local
2023-11-20,Home,Part-time Work,Tram,10.27,30.8,616.2,Local
2023-11-20,Part-time Work,Home,Tram,19.63,58.9,1177.8,Local
2023-11-20,Home,Part-time Work,Bus,9.52,22.8,999.6,Local
2023-11-23,Home,Friend's Place,Tram,14.01,42.0,840.6,Local
2023-11-24,Home,Pharmacy,Tram,15.66,47.0,939.6,Local
2023-11-24,Pharmacy,Gym,Tram,3.22,9.7,193.2,Local
2023-11-24,Gym,Friend's Place,Bus,4.53,10.9,475.7,Local
2023-11-25,Home,Gym,Train,9.77,13.0,400.6,Local
2023-11-26,Home,Beach,Car,6.94,10.4,1332.5,Local
2023-11-26,Beach,Pharmacy,Walk,6.55,78.6,0.0,Local
2023-11-26,Pharmacy,Work,Bicycle,7.38,29.5,0.0,Local
2023-11-27,Home,Work,Bicycle,11.75,47.0,0.0,Local
2023-11-28,Home,Part-time Work,Train,13.4,17.9,549.4,Local
2023-11-28,Part-time Work,Gym,Train,19.46,25.9,797.9,Local
2023-11-28,Gym,Beach,Bus,11.42,27.4,1199.1,Local
2023-11-29,Beach,Friend's Place,Tram,17.14,51.4,1028.4,Local
2023-11-29,Home,Beach,Bicycle,14.65,58.6,0.0,Local
2023-11-30,Home,Part-time Work,Tram,5.87,17.6,352.2,Local
2023-11-30,Part-time Work,Hospital,Car,12.18,18.3,2338.6,Local
2023-11-30,Hospital,Cafe,Bus,2.37,5.7,248.9,Local
2023-12-01,Home,Gym,Tram,16.67,50.0,1000.2,Local
2023-12-01,Gym,Cricket Ground,Walk,2.31,27.7,0.0,Local
2023-12-02,Home,Cafe,Tram,14.37,43.1,862.2,Local
2023-12-02,Cafe,Beach,Train,17.71,23.6,726.1,Local
2023-12-03,Museum,Shopping Centre,Train,5.83,7.8,239.0,Local
2023-12-03,Pharmacy,Museum,Bicycle,1.07,4.3,0.0,Local
2023-12-03,Home,Pharmacy,Walk,8.9,106.8,0.0,Local
2023-12-05,Home,Part-time Work,Bus,7.47,17.9,784.4,Local
2023-12-06,Home,Hospital,Bicycle,9.83,39.3,0.0,Local
2023-12-07,Home,Part-time Work,Walk,12.97,155.6,0.0,Local
2023-12-07,Part-time Work,Pharmacy,Car,15.62,23.4,2999.0,Local
2023-12-08,Home,Library,Car,16.4,24.6,3148.8,Local
2023-12-08,Library,Gym,Bus,3.33,8.0,349.7,Local
2023-12-08,Gym,Friend's Place,Bicycle,0.5,2.0,0.0,Local
2023-12-09,Home,Cafe,Tram,18.11,54.3,1086.6,Local
2023-12-10,Home,Library,Bicycle,15.42,61.7,0.0,Local
2023-12-10,Library,University,Tram,16.72,50.2,1003.2,Local
2023-12-11,Home,Work,Walk,16.85,202.2,0.0,Local
2023-12-12,Home,Shopping Centre,Bus,13.08,31.4,1373.4,Local
2023-12-13,Home,Shopping Centre,Tram,11.04,33.1,662.4,Local
2023-12-13,Shopping Centre,Museum,Bus,4.85,11.6,509.2,Local
2023-12-14,Friend's Place,Beach,Train,8.9,11.9,364.9,Local
2023-12-14,Home,Friend's Place,Bicycle,8.92,35.7,0.0,Local
2023-12-15,Home,Part-time Work,Tram,10.09,30.3,605.4,Local
2023-12-15,Part-time Work,Cafe,Car,13.21,19.8,2536.3,Local
2023-12-16,Home,Cafe,Train,13.64,18.2,559.2,Local
2023-12-16,Cafe,Library,Walk,0.76,9.1,0.0,Local
2023-12-16,Library,Cricket Ground,Bicycle,3.88,15.5,0.0,Local
2023-12-17,Home,Cricket Ground,Train,8.2,10.9,336.2,Local
2023-12-17,Cricket Ground,Pharmacy,Walk,2.55,30.6,0.0,Local
2023-12-18,Home,Shopping Centre,Bus,8.53,20.5,895.6,Local
2023-12-19,Home,Museum,Bicycle,11.93,47.7,0.0,Local
2023-12-19,Museum,Home,Bicycle,10.76,43.0,0.0,Local
2023-12-20,Home,Cricket Ground,Train,14.66,19.5,601.1,Local
2023-12-20,Cricket Ground,Library,Car,3.31,5.0,635.5,Local
2023-12-20,Library,Work,Train,16.09,21.5,659.7,Local
2023-12-21,Home,Beach,Train,15.1,20.1,619.1,Local
2023-12-21,Beach,Home,Tram,10.37,31.1,622.2,Local
2023-12-22,Home,Part-time Work,Tram,12.78,38.3,766.8,Local
2023-12-23,Home,University,Bicycle,13.87,55.5,0.0,Local
2023-12-26,Home,Part-time Work,Train,15.71,20.9,644.1,Local
2023-12-27,Home,Library,Train,15.59,20.8,639.2,Local
2023-12-27,Library,Shopping Centre,Bus,6.87,16.5,721.4,Local
2023-12-28,Home,Work,Bicycle,13.6,54.4,0.0,Local
2023-12-29,Home,Gym,Bicycle,10.39,41.6,0.0,Local
2023-12-31,Home,Friend's Place,Car,16.68,25.0,3202.6,Local
2024-01-01,Home,Part-time Work,Train,17.13,22.8,702.3,Local
2024-01-02,Home,Museum,Bicycle,17.53,70.1,0.0,Local
2024-01-03,Home,Friend's Place,Walk,11.82,141.8,0.0,Local
2024-01-03,Friend's Place,Work,Train,13.75,18.3,563.8,Local
2024-01-04,Home,Gym,Train,7.25,9.7,297.2,Local
2024-01-04,Gym,Museum,Tram,4.05,12.1,243.0,Local
2024-01-04,Museum,Work,Bus,12.31,29.5,1292.5,Local
2024-01-05,Home,University,Walk,12.05,144.6,0.0,Local
2024-01-05,University,Museum,Bus,10.85,26.0,1139.2,Local
2024-01-06,Cafe,University,Car,6.43,9.6,1234.6,Local
2024-01-06,Shopping Centre,Cafe,Car,7.93,11.9,1522.6,Local
2024-01-06,Home,Shopping Centre,Car,19.73,29.6,3788.2,Local
2024-01-07,Home,Work,Bus,19.52,46.8,2049.6,Local
2024-01-07,Work,Cafe,Walk,6.08,73.0,0.0,Local
2024-01-07,Cafe,Home,Train,12.64,16.9,518.2,Local
2024-01-08,Home,Part-time Work,Tram,14.0,42.0,840.0,Local
2024-01-08,Part-time Work,Home,Train,14.52,19.4,595.3,Local
2024-01-08,Home,University,Train,9.53,12.7,390.7,Local
2024-01-09,Home,University,Bicycle,15.85,63.4,0.0,Local
2024-01-09,University,Cricket Ground,Tram,12.69,38.1,761.4,Local
2024-01-10,Home,Cafe,Tram,13.88,41.6,832.8,Local
2024-01-10,Cafe,Friend's Place,Walk,6.25,75.0,0.0,Local
2024-01-11,Home,Library,Train,6.2,8.3,254.2,Local
2024-01-11,Library,Pharmacy,Walk,7.25,87.0,0.0,Local
2024-01-11,Pharmacy,Museum,Train,5.11,6.8,209.5,Local
2024-01-12,Home,Work,Bus,10.34,24.8,1085.7,Local
2024-01-12,Work,Museum,Train,7.7,10.3,315.7,Local
2024-01-13,Home,Museum,Bus,12.14,29.1,1274.7,Local
2024-01-13,Museum,Gym,Walk,0.57,6.8,0.0,Local
2024-01-14,Museum,Friend's Place,Walk,6.38,76.6,0.0,Local
2024-01-14,Home,Museum,Train,7.53,10.0,308.7,Local
2024-01-15,Pharmacy,Home,Car,17.14,25.7,3290.9,Local
2024-01-15,Home,Pharmacy,Car,18.04,27.1,3463.7,Local
2024-01-16,Home,Cafe,Train,11.45,15.3,469.4,Local
2024-01-17,Home,University,Car,5.4,8.1,1036.8,Local
2024-01-17,University,Cricket Ground,Bus,12.95,31.1,1359.8,Local
2024-01-18,Home,University,Walk,15.77,189.2,0.0,Local
2024-01-18,University,Library,Bus,19.02,45.6,1997.1,Local
2024-01-19,Home,Library,Bicycle,12.11,48.4,0.0,Local
2024-01-20,Home,Shopping Centre,Train,17.27,23.0,708.1,Local
2024-01-21,Home,Library,Walk,18.18,218.2,0.0,Local
2024-01-22,Home,Beach,Tram,19.63,58.9,1177.8,Local
2024-01-23,Home,Beach,Train,10.27,13.7,421.1,Local
2024-01-23,Beach,Shopping Centre,Tram,8.52,25.6,511.2,Local
2024-01-23,Shopping Centre,Part-time Work,Bus,7.57,18.2,794.9,Local
2024-01-24,Home,Cricket Ground,Bicycle,18.44,73.8,0.0,Local
2024-01-25,Home,Cafe,Bicycle,12.4,49.6,0.0,Local
2024-01-25,Cafe,Pharmacy,Car,1.71,2.6,328.3,Local
2024-01-26,Library,Gym,Train,2.96,3.9,121.4,Local
2024-01-26,Home,Library,Car,14.07,21.1,2701.4,Local
2024-01-27,Home,Part-time Work,Tram,8.27,24.8,496.2,Local
2024-01-28,Home,Museum,Bus,15.68,37.6,1646.4,Local
2024-01-28,Museum,Work,Bicycle,14.37,57.5,0.0,Local
2024-01-28,Work,Hospital,Bicycle,12.23,48.9,0.0,Local
2024-01-29,Home,Part-time Work,Train,9.1,12.1,373.1,Local
2024-01-30,Home,Hospital,Bus,14.15,34.0,1485.8,Local
2024-01-30,Hospital,Home,Walk,13.26,159.1,0.0,Local
2024-01-31,Home,Cafe,Car,10.12,15.2,1943.0,Local
2024-01-31,Cafe,Beach,Bicycle,5.7,22.8,0.0,Local
2024-01-31,Beach,University,Bicycle,14.95,59.8,0.0,Local
2024-02-01,Home,Pharmacy,Bus,13.5,32.4,1417.5,Local
2024-02-01,Pharmacy,Gym,Bicycle,6.41,25.6,0.0,Local
2024-02-02,Home,Cafe,Bicycle,15.19,60.8,0.0,Local
2024-02-02,Cafe,Museum,Car,3.42,5.1,656.6,Local
2024-02-02,Museum,Library,Train,1.14,1.5,46.7,Local
2024-02-04,Home,Beach,Tram,17.02,51.1,1021.2,Local
2024-02-04,Beach,Home,Bus,17.18,41.2,1803.9,Local
2024-02-05,Home,Gym,Bicycle,12.92,51.7,0.0,Local
2024-02-06,Home,Museum,Car,18.58,27.9,3567.4,Local
2024-02-06,Museum,Library,Train,7.57,10.1,310.4,Local
2024-02-06,Library,Cricket Ground,Car,3.03,4.5,581.8,Local
2024-02-07,Home,Museum,Bicycle,13.71,54.8,0.0,Local
2024-02-07,Museum,Friend's Place,Walk,6.51,78.1,0.0,Local
2024-02-08,Home,Pharmacy,Car,6.23,9.3,1196.2,Local
2024-02-08,Pharmacy,Work,Bus,11.46,27.5,1203.3,Local
2024-02-08,Work,Cricket Ground,Bicycle,9.52,38.1,0.0,Local
2024-02-09,Home,Cricket Ground,Tram,5.01,15.0,300.6,Local
2024-02-10,Home,Hospital,Car,8.56,12.8,1643.5,Local
2024-02-10,Hospital,Work,Bicycle,10.27,41.1,0.0,Local
2024-02-11,Home,Shopping Centre,Bus,9.35,22.4,981.8,Local
2024-02-11,Shopping Centre,Library,Bus,2.94,7.1,308.7,Local
2024-02-12,Home,Shopping Centre,Bicycle,11.19,44.8,0.0,Local
2024-02-13,Home,Work,Tram,11.56,34.7,693.6,Local
2024-02-14,Gym,Library,Walk,2.34,28.1,0.0,Local
2024-02-14,Library,Part-time Work,Tram,14.7,44.1,882.0,Local
2024-02-14,Home,Gym,Bus,18.26,43.8,1917.3,Local
2024-02-15,Home,Pharmacy,Bicycle,10.73,42.9,0.0,Local
2024-02-16,Home,Hospital,Train,17.68,23.6,724.9,Local
2024-02-16,Hospital,Museum,Bus,6.33,15.2,664.6,Local
2024-02-16,Museum,Beach,Tram,17.09,51.3,1025.4,Local
2024-02-17,Home,Museum,Walk,5.55,66.6,0.0,Local
2024-02-17,Museum,Part-time Work,Train,8.84,11.8,362.4,Local
2024-02-17,Part-time Work,Library,Tram,6.93,20.8,415.8,Local
2024-02-18,Home,Friend's Place,Tram,8.94,26.8,536.4,Local
2024-02-18,Friend's Place,Part-time Work,Bus,13.62,32.7,1430.1,Local
2024-02-18,Part-time Work,Shopping Centre,Train,10.29,13.7,421.9,Local
2024-02-19,Home,Work,Tram,5.46,16.4,327.6,Local
2024-02-20,Home,Shopping Centre,Train,11.88,15.8,487.1,Local
2024-02-20,Shopping Centre,Cafe,Bus,5.38,12.9,564.9,Local
2024-02-21,Shopping Centre,Cricket Ground,Tram,7.89,23.7,473.4,Local
2024-02-21,Cricket Ground,Work,Train,9.55,12.7,391.6,Local
2024-02-21,Home,Shopping Centre,Walk,7.16,85.9,0.0,Local
2024-02-22,Home,Library,Bicycle,10.51,42.0,0.0,Local
2024-02-23,Hospital,Cafe,Bicycle,5.8,23.2,0.0,Local
2024-02-23,Home,Hospital,Bicycle,18.65,74.6,0.0,Local
2024-02-24,Home,Cricket Ground,Car,16.44,24.7,3156.5,Local
2024-02-24,Cricket Ground,Hospital,Train,5.81,7.7,238.2,Local
2024-02-24,Hospital,Shopping Centre,Walk,3.77,45.2,0.0,Local
2024-02-25,Home,Cricket Ground,Bus,18.67,44.8,1960.4,Local
2024-02-26,Home,Museum,Tram,15.07,45.2,904.2,Local
2024-02-26,Museum,Part-time Work,Tram,18.59,55.8,1115.4,Local
2024-02-27,Home,Shopping Centre,Tram,9.14,27.4,548.4,Local
2024-02-27,Shopping Centre,Gym,Bus,4.82,11.6,506.1,Local
2024-02-29,Home,Friend's Place,Car,16.59,24.9,3185.3,Local
2024-02-29,Friend's Place,Beach,Walk,5.74,68.9,0.0,Local
2024-02-29,Beach,Part-time Work,Walk,7.56,90.7,0.0,Local
2024-03-01,Home,Pharmacy,Car,12.15,18.2,2332.8,Local
2024-03-01,Pharmacy,Shopping Centre,Car,6.83,10.2,1311.4,Local
2024-03-01,Shopping Centre,Friend's Place,Bicycle,6.4,25.6,0.0,Local
2024-03-02,Home,Library,Tram,12.78,38.3,766.8,Local
2024-03-03,Beach,Work,Train,16.4,21.9,672.4,Local
2024-03-03,Home,Beach,Bicycle,11.06,44.2,0.0,Local
2024-03-04,Home,Pharmacy,Walk,15.84,190.1,0.0,Local
2024-03-06,Home,Museum,Bus,7.06,16.9,741.3,Local
2024-03-06,Museum,Shopping Centre,Bus,5.35,12.8,561.8,Local
2024-03-06,Shopping Centre,Museum,Car,3.1,4.7,595.2,Local
2024-03-07,Home,Work,Tram,6.07,18.2,364.2,Local
2024-03-08,Home,Pharmacy,Tram,5.92,17.8,355.2,Local
2024-03-09,Home,Cricket Ground,Walk,12.76,153.1,0.0,Local
2024-03-10,Home,Cafe,Car,6.76,10.1,1297.9,Local
2024-03-11,Home,Cafe,Bus,14.32,34.4,1503.6,Local
2024-03-11,Cafe,Friend's Place,Tram,4.91,14.7,294.6,Local
2024-03-12,Home,Cafe,Train,16.58,22.1,679.8,Local
2024-03-12,Cafe,Work,Bicycle,12.69,50.8,0.0,Local
2024-03-13,Home,University,Bus,9.59,23.0,1006.9,Local
2024-03-13,University,Home,Car,14.63,21.9,2809.0,Local
2024-03-13,Home,Pharmacy,Car,19.98,30.0,3836.2,Local
2024-03-14,Pharmacy,Gym,Bus,4.55,10.9,477.8,Local
2024-03-14,Home,Pharmacy,Train,16.32,21.8,669.1,Local
2024-03-15,Library,Pharmacy,Bus,3.06,7.3,321.3,Local
2024-03-15,Home,Gym,Bicycle,18.4,73.6,0.0,Local
2024-03-15,Gym,Library,Car,1.08,1.6,207.4,Local
2024-03-16,Home,Friend's Place,Walk,18.69,224.3,0.0,Local
2024-03-16,Friend's Place,Pharmacy,Bicycle,1.45,5.8,0.0,Local
2024-03-17,Home,Library,Walk,14.09,169.1,0.0,Local
2024-03-17,Library,Hospital,Bus,5.44,13.1,571.2,Local
2024-03-18,Home,Part-time Work,Train,18.02,24.0,738.8,Local
2024-03-18,Part-time Work,Museum,Tram,7.55,22.6,453.0,Local
2024-03-19,Home,Part-time Work,Tram,13.03,39.1,781.8,Local
2024-03-20,Home,Museum,Train,16.34,21.8,669.9,Local
2024-03-20,Museum,Pharmacy,Train,3.11,4.1,127.5,Local
2024-03-21,Home,Pharmacy,Train,6.09,8.1,249.7,Local
2024-03-21,Pharmacy,University,Car,5.37,8.1,1031.0,Local
2024-03-21,University,Cricket Ground,Car,10.4,15.6,1996.8,Local
2024-03-22,Beach,Work,Bus,7.35,17.6,771.8,Local
2024-03-22,Cafe,Beach,Walk,5.68,68.2,0.0,Local
2024-03-22,Home,Cafe,Train,8.72,11.6,357.5,Local
2024-03-24,Home,Part-time Work,Walk,14.41,172.9,0.0,Local
2024-03-24,Part-time Work,Work,Bus,9.37,22.5,983.8,Local
2024-03-25,Home,Friend's Place,Train,5.21,6.9,213.6,Local
2024-03-25,Friend's Place,Home,Walk,19.96,239.5,0.0,Local
2024-03-26,Home,Friend's Place,Bus,6.97,16.7,731.9,Local
2024-03-26,Friend's Place,Library,Tram,2.17,6.5,130.2,Local
2024-03-28,Home,Library,Train,9.01,12.0,369.4,Local
2024-03-29,Home,Hospital,Tram,18.26,54.8,1095.6,Local
2024-03-30,Home,Friend's Place,Car,12.0,18.0,2304.0,Local
2024-03-30,Friend's Place,Museum,Car,3.75,5.6,720.0,Local
2024-03-30,Museum,Pharmacy,Train,7.67,10.2,314.5,Local
2024-03-31,Home,Cafe,Walk,10.9,130.8,0.0,Local
2024-03-31,Cafe,Museum,Tram,2.05,6.1,123.0,Local
2024-04-02,Home,Pharmacy,Walk,6.76,81.1,0.0,Local
2024-04-03,Home,Beach,Train,14.7,19.6,602.7,Local
2024-04-05,Part-time Work,Library,Tram,14.36,43.1,861.6,Local
2024-04-05,Library,Beach,Walk,10.47,125.6,0.0,Local
2024-04-05,Home,Part-time Work,Bicycle,11.5,46.0,0.0,Local
2024-04-06,Part-time Work,Gym,Bicycle,8.67,34.7,0.0,Local
2024-04-06,Home,Part-time Work,Bus,12.11,29.1,1271.5,Local
2024-04-07,Home,Shopping Centre,Car,13.56,20.3,2603.5,Local
2024-04-07,Shopping Centre,Museum,Car,3.49,5.2,670.1,Local
2024-04-08,Home,Part-time Work,Bicycle,5.71,22.8,0.0,Local
2024-04-08,Part-time Work,Beach,Walk,12.48,149.8,0.0,Local
2024-04-08,Beach,Part-time Work,Tram,10.82,32.5,649.2,Local
2024-04-09,Home,Friend's Place,Walk,12.44,149.3,0.0,Local
2024-04-10,Home,University,Bicycle,15.1,60.4,0.0,Local
2024-04-10,University,Cricket Ground,Car,13.3,20.0,2553.6,Local
2024-04-11,Home,Museum,Train,9.34,12.5,382.9,Local
2024-04-11,Museum,Shopping Centre,Bicycle,0.63,2.5,0.0,Local
2024-04-12,Home,Hospital,Bus,12.25,29.4,1286.2,Local
2024-04-12,Hospital,Cricket Ground,Train,5.92,7.9,242.7,Local
2024-04-14,Home,Part-time Work,Tram,14.98,44.9,898.8,Local
2024-04-14,Part-time Work,Home,Walk,18.89,226.7,0.0,Local
2024-04-14,Home,Gym,Bicycle,8.17,32.7,0.0,Local
2024-04-15,Beach,Museum,Car,13.47,20.2,2586.2,Local
2024-04-15,Home,Beach,Bus,11.08,26.6,1163.4,Local
2024-04-16,Home,Cafe,Walk,5.5,66.0,0.0,Local
2024-04-17,Home,Beach,Bus,9.48,22.8,995.4,Local
2024-04-17,Beach,Cafe,Walk,18.6,223.2,0.0,Local
2024-04-17,Cafe,Part-time Work,Walk,16.16,193.9,0.0,Local
2024-04-18,Home,Cafe,Walk,19.17,230.0,0.0,Local
2024-04-18,Cafe,Home,Bicycle,14.47,57.9,0.0,Local
2024-04-19,Home,Shopping Centre,Bicycle,16.11,64.4,0.0,Local
2024-04-20,Home,Friend's Place,Train,12.26,16.3,502.7,Local
2024-04-20,Friend's Place,Hospital,Train,7.8,10.4,319.8,Local
2024-04-21,Home,Library,Tram,5.06,15.2,303.6,Local
2024-04-22,Home,University,Bicycle,10.46,41.8,0.0,Local
2024-04-23,Home,Cafe,Train,16.49,22.0,676.1,Local
2024-04-23,Cafe,Work,Car,17.65,26.5,3388.8,Local
2024-04-24,Home,Cricket Ground,Bus,6.26,15.0,657.3,Local
2024-04-24,Cricket Ground,Home,Car,10.88,16.3,2089.0,Local
2024-04-25,Home,Gym,Tram,6.21,18.6,372.6,Local
2024-04-26,Home,Museum,Walk,16.4,196.8,0.0,Local
2024-04-27,Cafe,University,Car,5.88,8.8,1129.0,Local
2024-04-27,Home,Cafe,Walk,6.02,72.2,0.0,Local
2024-04-28,Home,Beach,Bus,14.48,34.8,1520.4,Local
2024-04-29,Home,Cricket Ground,Tram,7.3,21.9,438.0,Local
2024-04-29,Cricket Ground,Shopping Centre,Walk,7.8,93.6,0.0,Local
2024-04-29,Shopping Centre,University,Car,19.8,29.7,3801.6,Local
2024-04-30,Home,Part-time Work,Car,14.76,22.1,2833.9,Local
2024-05-02,Home,Hospital,Tram,16.84,50.5,1010.4,Local
2024-05-02,Hospital,Shopping Centre,Walk,7.71,92.5,0.0,Local
2024-05-03,Home,Cafe,Car,15.89,23.8,3050.9,Local
2024-05-03,Cafe,Gym,Car,6.02,9.0,1155.8,Local
2024-05-04,Home,Gym,Train,7.7,10.3,315.7,Local
2024-05-04,Gym,Friend's Place,Walk,4.71,56.5,0.0,Local
2024-05-05,Home,Library,Car,11.18,16.8,2146.6,Local
2024-05-05,Library,Pharmacy,Tram,2.83,8.5,169.8,Local
2024-05-06,Home,Beach,Walk,17.45,209.4,0.0,Local
2024-05-07,Beach,Work,Bus,8.58,20.6,900.9,Local
2024-05-07,Gym,Beach,Train,9.74,13.0,399.3,Local
2024-05-07,Home,Gym,Train,7.1,9.5,291.1,Local
2024-05-09,Home,University,Bus,15.71,37.7,1649.6,Local
2024-05-09,University,Museum,Tram,15.06,45.2,903.6,Local
2024-05-10,Home,Beach,Car,12.13,18.2,2329.0,Local
2024-05-10,Beach,Museum,Bus,9.96,23.9,1045.8,Local
2024-05-10,Museum,Library,Tram,5.04,15.1,302.4,Local
2024-05-11,Home,Library,Walk,5.98,71.8,0.0,Local
2024-05-12,Home,Pharmacy,Walk,6.72,80.6,0.0,Local
2024-05-14,Home,Cricket Ground,Bus,6.36,15.3,667.8,Local
2024-05-15,Home,Beach,Car,7.7,11.6,1478.4,Local
2024-05-16,Home,Friend's Place,Train,12.44,16.6,510.0,Local
2024-05-16,Friend's Place,University,Bicycle,16.17,64.7,0.0,Local
2024-05-17,Home,Cricket Ground,Tram,16.5,49.5,990.0,Local
2024-05-17,Cricket Ground,Museum,Bus,6.84,16.4,718.2,Local
2024-05-18,Home,Friend's Place,Train,18.86,25.1,773.3,Local
2024-05-18,Friend's Place,Museum,Tram,4.36,13.1,261.6,Local
2024-05-19,Library,Beach,Bicycle,14.09,56.4,0.0,Local
2024-05-19,Home,Library,Train,14.14,18.9,579.7,Local
2024-05-20,Part-time Work,Pharmacy,Bicycle,18.9,75.6,0.0,Local
2024-05-20,Home,Part-time Work,Bicycle,6.03,24.1,0.0,Local
2024-05-22,Home,Beach,Bus,16.35,39.2,1716.8,Local
2024-05-22,Beach,Hospital,Bicycle,8.0,32.0,0.0,Local
2024-05-22,Hospital,Beach,Train,15.66,20.9,642.1,Local
2024-05-23,Home,Cricket Ground,Bus,9.08,21.8,953.4,Local
2024-05-23,Cricket Ground,Work,Walk,17.56,210.7,0.0,Local
2024-05-24,Home,Cafe,Bicycle,13.44,53.8,0.0,Local
2024-05-25,Home,University,Train,19.3,25.7,791.3,Local
2024-05-26,Home,Work,Bus,19.13,45.9,2008.6,Local
2024-05-26,Work,Library,Train,13.8,18.4,565.8,Local
2024-05-27,Home,Beach,Car,15.12,22.7,2903.0,Local
2024-05-27,Beach,Library,Tram,15.35,46.0,921.0,Local
2024-05-27,Library,Hospital,Bus,3.83,9.2,402.2,Local
2024-05-28,Home,Part-time Work,Tram,13.5,40.5,810.0,Local
2024-05-28,Part-time Work,Gym,Train,13.49,18.0,553.1,Local
2024-05-29,Home,Shopping Centre,Bus,15.12,36.3,1587.6,Local
2024-05-30,Beach,Library,Walk,5.73,68.8,0.0,Local
2024-05-30,Hospital,Beach,Walk,12.99,155.9,0.0,Local
2024-05-30,Home,Hospital,Car,6.52,9.8,1251.8,Local
2024-05-31,Home,Work,Walk,12.77,153.2,0.0,Local
2024-06-01,Home,Work,Train,6.34,8.5,259.9,Local
2024-06-01,Work,Library,Tram,6.15,18.4,369.0,Local
2024-06-02,Home,Library,Tram,7.72,23.2,463.2,Local
2024-06-02,Library,Cafe,Bus,6.93,16.6,727.6,Local
2024-06-04,Friend's Place,University,Walk,12.72,152.6,0.0,Local
2024-06-04,University,Cricket Ground,Tram,19.75,59.2,1185.0,Local
2024-06-04,Home,Friend's Place,Bicycle,7.99,32.0,0.0,Local
2024-06-05,Home,Work,Bus,10.91,26.2,1145.5,Local
2024-06-06,Home,University,Bicycle,6.95,27.8,0.0,Local
2024-06-06,University,Gym,Bicycle,5.42,21.7,0.0,Local
2024-06-07,Home,Part-time Work,Car,10.91,16.4,2094.7,Local
2024-06-07,Part-time Work,Gym,Bicycle,11.92,47.7,0.0,Local
2024-06-07,Gym,Work,Bicycle,18.37,73.5,0.0,Local
2024-06-09,Home,Work,Bus,11.17,26.8,1172.8,Local
2024-06-09,Work,Hospital,Train,17.19,22.9,704.8,Local
2024-06-10,Home,Hospital,Bicycle,11.27,45.1,0.0,Local
2024-06-11,Home,University,Tram,17.36,52.1,1041.6,Local
2024-06-11,University,Library,Train,10.86,14.5,445.3,Local
2024-06-12,Home,Library,Car,12.28,18.4,2357.8,Local
2024-06-12,Library,Home,Tram,16.97,50.9,1018.2,Local
2024-06-14,Home,Cricket Ground,Train,10.89,14.5,446.5,Local
2024-06-14,Cricket Ground,Museum,Bicycle,3.78,15.1,0.0,Local
2024-06-14,Museum,Cricket Ground,Bicycle,7.02,28.1,0.0,Local
2024-06-15,Cafe,Home,Car,18.33,27.5,3519.4,Local
2024-06-15,University,Cafe,Bus,18.35,44.0,1926.8,Local
2024-06-15,Home,University,Car,6.64,10.0,1274.9,Local
2024-06-16,Home,Gym,Bus,10.85,26.0,1139.2,Local
2024-06-16,Gym,University,Tram,16.17,48.5,970.2,Local
2024-06-18,Home,Hospital,Train,8.87,11.8,363.7,Local
2024-06-18,Hospital,Friend's Place,Tram,0.98,2.9,58.8,Local
2024-06-18,Friend's Place,Cafe,Bicycle,6.17,24.7,0.0,Local
2024-06-19,Home,Cricket Ground,Tram,16.41,49.2,984.6,Local
2024-06-19,Cricket Ground,Library,Bus,1.27,3.0,133.3,Local
2024-06-20,Home,Museum,Bus,15.35,36.8,1611.8,Local
2024-06-21,Home,Friend's Place,Walk,18.92,227.0,0.0,Local
2024-06-21,Friend's Place,Beach,Walk,16.64,199.7,0.0,Local
2024-06-22,Home,Shopping Centre,Walk,7.32,87.8,0.0,Local
2024-06-22,Shopping Centre,University,Walk,19.22,230.6,0.0,Local
2024-06-22,University,Work,Tram,12.85,38.5,771.0,Local
2024-06-24,Home,Part-time Work,Bus,17.79,42.7,1867.9,Local
2024-06-24,Part-time Work,Cafe,Walk,12.4,148.8,0.0,Local
2024-06-25,Hospital,Gym,Tram,2.12,6.4,127.2,Local
2024-06-25,Pharmacy,Hospital,Train,4.45,5.9,182.5,Local
2024-06-25,Home,Pharmacy,Walk,10.84,130.1,0.0,Local
2024-06-26,Home,Shopping Centre,Walk,13.46,161.5,0.0,Local
2024-06-26,Shopping Centre,Home,Bus,7.68,18.4,806.4,Local
2024-06-27,Home,Beach,Tram,5.76,17.3,345.6,Local
2024-06-27,Beach,Home,Car,14.98,22.5,2876.2,Local
2024-06-27,Home,Beach,Walk,18.96,227.5,0.0,Local
2024-06-28,Home,Friend's Place,Train,7.21,9.6,295.6,Local
2024-06-28,Friend's Place,Library,Bicycle,0.67,2.7,0.0,Local
2024-06-29,Home,Library,Bicycle,8.65,34.6,0.0,Local
2024-06-29,Library,Part-time Work,Tram,13.95,41.9,837.0,Local
2024-06-30,Home,Friend's Place,Bus,7.46,17.9,783.3,Local
2024-06-30,Friend's Place,Cafe,Car,6.76,10.1,1297.9,Local
