Date,From,To,Mode,Distance_km,Duration_min,CO2_emission_g,Trip_Type
2001-07-01,Home,Shopping Centre,Tram,19.85,59.6,1191.0,Local
2001-07-02,Home,Park,Walk,15.95,191.4,0.0,Local
2001-07-05,Home,Park,Bus,9.0,21.6,945.0,Local
2001-07-06,Home,Grandparents' House,Bicycle,8.69,34.8,0.0,Local
2001-07-10,Home,Park,Train,11.45,15.3,469.4,Local
2001-07-12,Home,Grandparents' House,Train,19.09,25.5,782.7,Local
2001-07-13,Home,Park,Bus,16.58,39.8,1740.9,Local
2001-07-16,Home,Cinema,Train,13.3,17.7,545.3,Local
2001-07-17,Home,Shopping Centre,Bus,19.21,46.1,2017.1,Local
2001-07-17,Shopping Centre,Home,Bicycle,6.54,26.2,0.0,Local
2001-07-19,Home,Cinema,Bus,16.03,38.5,1683.2,Local
2001-07-25,Home,Cinema,Walk,18.2,218.4,0.0,Local
2001-07-29,Home,Cinema,Walk,8.93,107.2,0.0,Local
2001-08-02,Home,Park,Walk,19.12,229.4,0.0,Local
2001-08-02,Park,Shopping Centre,Car,4.87,7.3,935.0,Local
2001-08-04,Home,Park,Tram,15.6,46.8,936.0,Local
2001-08-05,Park,Shopping Centre,Tram,7.36,22.1,441.6,Local
2001-08-05,Home,Park,Bicycle,13.97,55.9,0.0,Local
2001-08-09,Home,Grandparents' House,Bicycle,19.65,78.6,0.0,Local
2001-08-12,Home,Park,Tram,8.03,24.1,481.8,Local
2001-08-13,Home,Shopping Centre,Bicycle,7.02,28.1,0.0,Local
2001-08-17,Home,Park,Train,13.88,18.5,569.1,Local
2001-08-22,Home,Grandparents' House,Tram,15.07,45.2,904.2,Local
2001-08-23,Home,Cinema,Car,8.92,13.4,1712.6,Local
2001-08-25,Home,Grandparents' House,Bus,15.14,36.3,1589.7,Local
2001-08-26,Home,Shopping Centre,Train,7.46,9.9,305.9,Local
2001-08-27,Home,Grandparents' House,Bus,7.27,17.4,763.3,Local
2001-08-29,Home,Shopping Centre,Bicycle,12.15,48.6,0.0,Local
2001-08-30,Home,Park,Bus,17.98,43.2,1887.9,Local
2001-09-01,Home,Cinema,Bicycle,13.93,55.7,0.0,Local
2001-09-01,Cinema,Grandparents' House,Bicycle,6.32,25.3,0.0,Local
2001-09-02,Home,Cinema,Train,8.63,11.5,353.8,Local
2001-09-02,Cinema,Home,Train,6.07,8.1,248.9,Local
2001-09-03,Home,Shopping Centre,Train,5.61,7.5,230.0,Local
2001-09-03,Shopping Centre,Cinema,Bicycle,7.5,30.0,0.0,Local
2001-09-07,Home,Cinema,Bicycle,5.82,23.3,0.0,Local
2001-09-09,Home,Shopping Centre,Walk,16.15,193.8,0.0,Local
2001-09-12,Home,Cinema,Walk,13.88,166.6,0.0,Local
2001-09-12,Cinema,Home,Walk,16.8,201.6,0.0,Local
2001-09-13,Home,Cinema,Bus,19.67,47.2,2065.4,Local
2001-09-17,Home,Grandparents' House,Bus,12.81,30.7,1345.0,Local
2001-09-19,Home,Park,Walk,10.52,126.2,0.0,Local
2001-09-19,Park,Grandparents' House,Bus,5.57,13.4,584.9,Local
2001-09-22,Home,Shopping Centre,Bus,14.2,34.1,1491.0,Local
2001-09-23,Home,Park,Bus,7.3,17.5,766.5,Local
2001-09-24,Home,Park,Car,7.18,10.8,1378.6,Local
2001-09-26,Home,Cinema,Tram,10.15,30.5,609.0,Local
2001-09-27,Home,Grandparents' House,Train,9.31,12.4,381.7,Local
2001-09-27,Grandparents' House,Cinema,Car,0.8,1.2,153.6,Local
2001-09-29,Home,Cinema,Train,12.44,16.6,510.0,Local
2001-09-30,Home,Cinema,Train,18.93,25.2,776.1,Local
2001-10-02,Home,Shopping Centre,Car,13.2,19.8,2534.4,Local
2001-10-02,Shopping Centre,Grandparents' House,Bus,2.0,4.8,210.0,Local
2001-10-05,Home,Cinema,Bicycle,7.36,29.4,0.0,Local
2001-10-06,Home,Park,Tram,8.13,24.4,487.8,Local
2001-10-08,Home,Cinema,Train,15.23,20.3,624.4,Local
2001-10-08,Cinema,Grandparents' House,Bus,6.97,16.7,731.9,Local
2001-10-10,Home,Grandparents' House,Car,16.06,24.1,3083.5,Local
2001-10-11,Home,Park,Walk,19.02,228.2,0.0,Local
2001-10-14,Home,Cinema,Bicycle,11.07,44.3,0.0,Local
2001-10-15,Home,Park,Train,16.56,22.1,679.0,Local
2001-10-16,Home,Grandparents' House,Train,16.44,21.9,674.0,Local
2001-10-18,Home,Park,Bus,6.72,16.1,705.6,Local
2001-10-19,Home,Park,Bus,9.23,22.2,969.2,Local
2001-10-20,Home,Grandparents' House,Tram,18.56,55.7,1113.6,Local
2001-10-20,Grandparents' House,Home,Bicycle,15.43,61.7,0.0,Local
2001-10-25,Home,Cinema,Tram,15.04,45.1,902.4,Local
2001-10-27,Home,Grandparents' House,Bus,10.06,24.1,1056.3,Local
2001-10-29,Home,Grandparents' House,Train,8.39,11.2,344.0,Local
2001-10-30,Home,Grandparents' House,Bus,15.88,38.1,1667.4,Local
2001-11-02,Home,Cinema,Car,17.33,26.0,3327.4,Local
2001-11-04,Home,Grandparents' House,Tram,12.48,37.4,748.8,Local
2001-11-06,Home,Grandparents' House,Bicycle,7.87,31.5,0.0,Local
2001-11-09,Home,Shopping Centre,Walk,18.62,223.4,0.0,Local
2001-11-09,Shopping Centre,Grandparents' House,Bicycle,1.67,6.7,0.0,Local
2001-11-10,Home,Grandparents' House,Tram,12.73,38.2,763.8,Local
2001-11-14,Home,Cinema,Bicycle,13.93,55.7,0.0,Local
2001-11-15,Home,Park,Car,12.44,18.7,2388.5,Local
2001-11-17,Home,Park,Car,9.79,14.7,1879.7,Local
2001-11-19,Home,Grandparents' House,Tram,15.28,45.8,916.8,Local
2001-11-19,Grandparents' House,Cinema,Tram,6.45,19.4,387.0,Local
2001-11-20,Home,Shopping Centre,Bicycle,19.83,79.3,0.0,Local
2001-11-20,Shopping Centre,Home,Train,16.6,22.1,680.6,Local
2001-11-25,Home,Cinema,Car,5.7,8.6,1094.4,Local
2001-11-30,Home,Shopping Centre,Car,10.78,16.2,2069.8,Local
2001-12-01,Home,Cinema,Bicycle,17.86,71.4,0.0,Local
2001-12-02,Home,Park,Bus,11.24,27.0,1180.2,Local
2001-12-03,Home,Park,Walk,11.64,139.7,0.0,Local
2001-12-05,Home,Grandparents' House,Train,18.17,24.2,745.0,Local
2001-12-09,Home,Park,Bicycle,14.07,56.3,0.0,Local
2001-12-10,Home,Grandparents' House,Bus,17.07,41.0,1792.4,Local
2001-12-14,Home,Cinema,Car,9.04,13.6,1735.7,Local
2001-12-14,Cinema,Shopping Centre,Train,5.71,7.6,234.1,Local
2001-12-15,Home,Cinema,Bus,8.88,21.3,932.4,Local
2001-12-18,Home,Shopping Centre,Tram,6.29,18.9,377.4,Local
2001-12-20,Home,Shopping Centre,Tram,16.16,48.5,969.6,Local
2001-12-21,Home,Grandparents' House,Tram,16.42,49.3,985.2,Local
2001-12-24,Grandparents' House,Park,Walk,6.41,76.9,0.0,Local
2001-12-24,Home,Grandparents' House,Bicycle,16.92,67.7,0.0,Local
2001-12-28,Home,Cinema,Walk,14.77,177.2,0.0,Local
2001-12-28,Cinema,Park,Train,2.21,2.9,90.6,Local
2001-12-30,Home,Grandparents' House,Tram,5.91,17.7,354.6,Local
2002-01-01,Home,Shopping Centre,Car,13.98,21.0,2684.2,Local
2002-01-02,Home,Cinema,Bicycle,16.73,66.9,0.0,Local
2002-01-04,Home,Cinema,Car,5.89,8.8,1130.9,Local
2002-01-04,Cinema,Home,Car,7.45,11.2,1430.4,Local
2002-01-19,Shopping Centre,Cinema,Walk,2.99,35.9,0.0,Local
2002-01-19,Home,Shopping Centre,Bus,13.8,33.1,1449.0,Local
2002-01-21,Home,Shopping Centre,Train,7.51,10.0,307.9,Local
2002-01-22,Home,Shopping Centre,Tram,16.3,48.9,978.0,Local
2002-01-26,Home,Grandparents' House,Tram,15.58,46.7,934.8,Local
2002-01-26,Grandparents' House,Home,Car,5.21,7.8,1000.3,Local
2002-01-27,Home,Park,Walk,9.24,110.9,0.0,Local
2002-01-28,Home,Park,Train,6.52,8.7,267.3,Local
2002-01-29,Home,Grandparents' House,Tram,8.88,26.6,532.8,Local
2002-01-31,Home,Grandparents' House,Car,10.47,15.7,2010.2,Local
2002-02-02,Home,Grandparents' House,Walk,14.28,171.4,0.0,Local
2002-02-05,Home,Park,Tram,19.83,59.5,1189.8,Local
2002-02-05,Park,Home,Walk,16.84,202.1,0.0,Local
2002-02-06,Home,Grandparents' House,Car,17.81,26.7,3419.5,Local
2002-02-06,Grandparents' House,Home,Bus,11.73,28.2,1231.7,Local
2002-02-09,Home,Shopping Centre,Walk,10.89,130.7,0.0,Local
2002-02-10,Home,Cinema,Tram,15.44,46.3,926.4,Local
2002-02-10,Cinema,Grandparents' House,Train,3.43,4.6,140.6,Local
2002-02-12,Home,Park,Tram,9.89,29.7,593.4,Local
2002-02-18,Home,Cinema,Tram,18.41,55.2,1104.6,Local
2002-02-20,Home,Cinema,Walk,11.93,143.2,0.0,Local
2002-02-25,Home,Cinema,Walk,8.98,107.8,0.0,Local
2002-02-27,Home,Park,Bus,5.73,13.8,601.7,Local
2002-03-01,Home,Park,Tram,17.03,51.1,1021.8,Local
2002-03-04,Home,Shopping Centre,Bus,16.33,39.2,1714.6,Local
2002-03-06,Home,Cinema,Bus,12.25,29.4,1286.2,Local
2002-03-09,Home,Park,Bus,13.54,32.5,1421.7,Local
2002-03-09,Park,Grandparents' House,Tram,6.76,20.3,405.6,Local
2002-03-11,Home,Cinema,Walk,10.78,129.4,0.0,Local
2002-03-12,Home,Grandparents' House,Tram,11.55,34.6,693.0,Local
2002-03-13,Home,Shopping Centre,Walk,5.34,64.1,0.0,Local
2002-03-15,Home,Park,Bicycle,11.23,44.9,0.0,Local
2002-03-16,Home,Grandparents' House,Bus,8.39,20.1,881.0,Local
2002-03-16,Grandparents' House,Cinema,Train,3.67,4.9,150.5,Local
2002-03-18,Home,Park,Tram,9.14,27.4,548.4,Local
2002-03-20,Home,Grandparents' House,Walk,11.82,141.8,0.0,Local
2002-03-24,Home,Grandparents' House,Train,19.36,25.8,793.8,Local
2002-03-25,Home,Park,Bus,11.25,27.0,1181.2,Local
2002-03-26,Home,Grandparents' House,Bus,18.03,43.3,1893.2,Local
2002-03-26,Grandparents' House,Home,Car,12.64,19.0,2426.9,Local
2002-03-29,Home,Park,Train,17.18,22.9,704.4,Local
2002-04-01,Home,Shopping Centre,Bus,12.99,31.2,1364.0,Local
2002-04-04,Home,Shopping Centre,Bicycle,13.96,55.8,0.0,Local
2002-04-05,Home,Grandparents' House,Walk,14.4,172.8,0.0,Local
2002-04-06,Home,Cinema,Car,11.54,17.3,2215.7,Local
2002-04-10,Home,Grandparents' House,Walk,14.36,172.3,0.0,Local
2002-04-14,Home,Park,Train,10.9,14.5,446.9,Local
2002-04-16,Home,Cinema,Tram,11.25,33.8,675.0,Local
2002-04-17,Home,Shopping Centre,Walk,15.65,187.8,0.0,Local
2002-04-19,Home,Park,Walk,9.08,109.0,0.0,Local
2002-04-20,Home,Shopping Centre,Tram,17.01,51.0,1020.6,Local
2002-04-22,Home,Cinema,Tram,12.03,36.1,721.8,Local
2002-04-22,Cinema,Shopping Centre,Train,7.72,10.3,316.5,Local
2002-04-23,Park,Home,Tram,5.74,17.2,344.4,Local
2002-04-23,Home,Park,Tram,14.45,43.3,867.0,Local
2002-04-24,Home,Shopping Centre,Bicycle,18.7,74.8,0.0,Local
2002-04-27,Home,Shopping Centre,Tram,6.88,20.6,412.8,Local
2002-04-27,Shopping Centre,Grandparents' House,Walk,5.61,67.3,0.0,Local
2002-04-30,Home,Park,Walk,6.22,74.6,0.0,Local
2002-05-01,Home,Park,Walk,12.66,151.9,0.0,Local
2002-05-05,Home,Park,Car,19.46,29.2,3736.3,Local
2002-05-06,Cinema,Grandparents' House,Train,2.08,2.8,85.3,Local
2002-05-06,Home,Cinema,Bicycle,9.2,36.8,0.0,Local
2002-05-07,Home,Cinema,Bus,14.6,35.0,1533.0,Local
2002-05-09,Home,Shopping Centre,Car,10.19,15.3,1956.5,Local
2002-05-09,Shopping Centre,Cinema,Train,2.78,3.7,114.0,Local
2002-05-14,Home,Park,Bus,10.33,24.8,1084.7,Local
2002-05-18,Home,Cinema,Tram,12.07,36.2,724.2,Local
2002-05-18,Cinema,Shopping Centre,Bus,3.32,8.0,348.6,Local
2002-05-19,Shopping Centre,Cinema,Bus,1.78,4.3,186.9,Local
2002-05-19,Home,Shopping Centre,Bicycle,11.78,47.1,0.0,Local
2002-05-21,Home,Grandparents' House,Walk,5.64,67.7,0.0,Local
2002-05-23,Grandparents' House,Home,Car,7.82,11.7,1501.4,Local
2002-05-23,Home,Grandparents' House,Bus,9.44,22.7,991.2,Local
2002-05-26,Home,Shopping Centre,Bus,12.92,31.0,1356.6,Local
2002-05-26,Shopping Centre,Cinema,Bus,2.91,7.0,305.6,Local
2002-05-29,Home,Shopping Centre,Bus,18.91,45.4,1985.5,Local
2002-05-29,Shopping Centre,Home,Bicycle,18.65,74.6,0.0,Local
2002-06-02,Home,Grandparents' House,Car,5.78,8.7,1109.8,Local
2002-06-05,Home,Park,Bus,12.97,31.1,1361.9,Local
2002-06-07,Home,Cinema,Bus,8.64,20.7,907.2,Local
2002-06-08,Grandparents' House,Home,Car,12.33,18.5,2367.4,Local
2002-06-08,Home,Grandparents' House,Train,9.21,12.3,377.6,Local
2002-06-09,Home,Grandparents' House,Bicycle,15.26,61.0,0.0,Local
2002-06-10,Home,Grandparents' House,Walk,6.59,79.1,0.0,Local
2002-06-10,Grandparents' House,Cinema,Bus,1.25,3.0,131.2,Local
2002-06-11,Home,Cinema,Tram,17.51,52.5,1050.6,Local
2002-06-12,Home,Shopping Centre,Train,13.71,18.3,562.1,Local
2002-06-16,Home,Park,Train,14.06,18.7,576.5,Local
2002-06-22,Home,Grandparents' House,Tram,14.48,43.4,868.8,Local
2002-06-27,Home,Shopping Centre,Train,19.97,26.6,818.8,Local
2002-06-30,Home,Cinema,Walk,19.08,229.0,0.0,Local
2002-07-01,Home,Park,Bicycle,5.12,20.5,0.0,Local
2002-07-01,Park,Grandparents' House,Train,4.41,5.9,180.8,Local
2002-07-04,Home,Grandparents' House,Bus,19.06,45.7,2001.3,Local
2002-07-04,Grandparents' House,Shopping Centre,Car,3.36,5.0,645.1,Local
2002-07-08,Home,Grandparents' House,Bicycle,14.07,56.3,0.0,Local
2002-07-09,Home,Park,Bicycle,7.91,31.6,0.0,Local
2002-07-09,Park,Cinema,Bus,6.8,16.3,714.0,Local
2002-07-14,Home,Cinema,Tram,7.4,22.2,444.0,Local
2002-07-16,Home,Grandparents' House,Train,19.04,25.4,780.6,Local
2002-07-16,Grandparents' House,Shopping Centre,Bus,1.43,3.4,150.2,Local
2002-07-17,Home,Cinema,Car,15.65,23.5,3004.8,Local
2002-07-23,Home,Park,Tram,9.63,28.9,577.8,Local
2002-07-24,Home,Cinema,Tram,10.64,31.9,638.4,Local
2002-07-26,Home,Shopping Centre,Car,11.64,17.5,2234.9,Local
2002-07-28,Shopping Centre,Grandparents' House,Car,7.65,11.5,1468.8,Local
2002-07-28,Home,Shopping Centre,Train,17.83,23.8,731.0,Local
2002-07-31,Home,Park,Tram,18.87,56.6,1132.2,Local
2002-08-03,Home,Shopping Centre,Car,5.77,8.7,1107.8,Local
2002-08-07,Home,Cinema,Tram,16.45,49.4,987.0,Local
2002-08-08,Home,Cinema,Bicycle,7.64,30.6,0.0,Local
2002-08-11,Home,Shopping Centre,Train,17.48,23.3,716.7,Local
2002-08-14,Home,Shopping Centre,Bus,16.68,40.0,1751.4,Local
2002-08-18,Home,Grandparents' House,Bus,8.76,21.0,919.8,Local
2002-08-18,Grandparents' House,Cinema,Bicycle,2.52,10.1,0.0,Local
2002-08-20,Home,Park,Bus,19.19,46.1,2015.0,Local
2002-08-22,Park,Shopping Centre,Bus,4.16,10.0,436.8,Local
2002-08-22,Home,Park,Bus,13.89,33.3,1458.5,Local
2002-08-23,Home,Grandparents' House,Bicycle,17.43,69.7,0.0,Local
2002-08-23,Grandparents' House,Cinema,Bicycle,1.86,7.4,0.0,Local
2002-08-24,Home,Park,Tram,17.04,51.1,1022.4,Local
2002-08-25,Home,Grandparents' House,Bus,18.99,45.6,1993.9,Local
2002-08-28,Home,Shopping Centre,Bicycle,8.04,32.2,0.0,Local
2002-09-01,Home,Grandparents' House,Tram,10.85,32.5,651.0,Local
2002-09-01,Grandparents' House,Home,Bicycle,7.74,31.0,0.0,Local
2002-09-06,Home,Cinema,Car,9.87,14.8,1895.0,Local
2002-09-08,Park,Grandparents' House,Tram,1.79,5.4,107.4,Local
2002-09-08,Home,Park,Bicycle,6.82,27.3,0.0,Local
2002-09-10,Home,Grandparents' House,Car,19.3,29.0,3705.6,Local
2002-09-13,Home,Park,Car,15.91,23.9,3054.7,Local
2002-09-13,Park,Home,Train,15.83,21.1,649.0,Local
2002-09-19,Home,Shopping Centre,Walk,12.53,150.4,0.0,Local
2002-09-19,Shopping Centre,Home,Tram,6.7,20.1,402.0,Local
2002-09-20,Home,Grandparents' House,Train,12.98,17.3,532.2,Local
2002-09-21,Home,Park,Bicycle,15.53,62.1,0.0,Local
2002-09-23,Home,Grandparents' House,Walk,11.73,140.8,0.0,Local
2002-09-24,Home,Shopping Centre,Bicycle,5.16,20.6,0.0,Local
2002-09-30,Home,Cinema,Bus,14.09,33.8,1479.5,Local
2002-10-01,Home,Shopping Centre,Bicycle,18.5,74.0,0.0,Local
2002-10-06,Home,Cinema,Train,10.4,13.9,426.4,Local
2002-10-06,Cinema,Shopping Centre,Bus,3.11,7.5,326.6,Local
2002-10-07,Home,Park,Tram,8.6,25.8,516.0,Local
2002-10-13,Home,Grandparents' House,Car,19.75,29.6,3792.0,Local
2002-10-20,Home,Shopping Centre,Tram,16.52,49.6,991.2,Local
2002-10-22,Home,Shopping Centre,Tram,6.94,20.8,416.4,Local
2002-10-27,Home,Grandparents' House,Tram,8.01,24.0,480.6,Local
2002-10-30,Home,Shopping Centre,Walk,12.1,145.2,0.0,Local
2002-11-02,Home,Grandparents' House,Bus,13.88,33.3,1457.4,Local
2002-11-06,Home,Grandparents' House,Tram,19.41,58.2,1164.6,Local
2002-11-07,Home,Shopping Centre,Tram,8.39,25.2,503.4,Local
2002-11-08,Home,Grandparents' House,Tram,8.66,26.0,519.6,Local
2002-11-11,Home,Grandparents' House,Train,14.89,19.9,610.5,Local
2002-11-11,Grandparents' House,Home,Bicycle,9.49,38.0,0.0,Local
2002-11-12,Home,Park,Tram,6.32,19.0,379.2,Local
2002-11-13,Home,Park,Bicycle,13.99,56.0,0.0,Local
2002-11-18,Home,Shopping Centre,Bicycle,15.58,62.3,0.0,Local
2002-11-24,Home,Cinema,Bus,17.59,42.2,1847.0,Local
2002-12-09,Home,Shopping Centre,Walk,17.55,210.6,0.0,Local
2002-12-12,Home,Grandparents' House,Bus,11.29,27.1,1185.4,Local
2002-12-13,Home,Cinema,Car,14.86,22.3,2853.1,Local
2002-12-15,Home,Cinema,Walk,12.21,146.5,0.0,Local
2002-12-16,Home,Shopping Centre,Walk,14.57,174.8,0.0,Local
2002-12-17,Cinema,Home,Bicycle,18.32,73.3,0.0,Local
2002-12-17,Home,Cinema,Walk,17.98,215.8,0.0,Local
2002-12-18,Home,Shopping Centre,Bicycle,11.81,47.2,0.0,Local
2002-12-18,Shopping Centre,Cinema,Car,7.13,10.7,1369.0,Local
2002-12-22,Home,Cinema,Train,17.97,24.0,736.8,Local
2002-12-22,Cinema,Grandparents' House,Bicycle,3.43,13.7,0.0,Local
2002-12-25,Home,Shopping Centre,Train,6.68,8.9,273.9,Local
2002-12-28,Home,Park,Walk,18.43,221.2,0.0,Local
2002-12-30,Home,Shopping Centre,Car,14.26,21.4,2737.9,Local
2002-12-30,Shopping Centre,Home,Train,19.87,26.5,814.7,Local
2003-01-01,Park,Shopping Centre,Train,7.21,9.6,295.6,Local
2003-01-01,Home,Park,Car,9.53,14.3,1829.8,Local
2003-01-02,Home,Cinema,Tram,9.52,28.6,571.2,Local
2003-01-02,Cinema,Grandparents' House,Bicycle,3.95,15.8,0.0,Local
2003-01-03,Home,Grandparents' House,Tram,11.49,34.5,689.4,Local
2003-01-06,Home,Shopping Centre,Tram,14.62,43.9,877.2,Local
2003-01-15,Home,Cinema,Car,17.25,25.9,3312.0,Local
2003-01-18,Home,Park,Bus,16.37,39.3,1718.9,Local
2003-01-18,Park,Shopping Centre,Train,7.19,9.6,294.8,Local
2003-01-19,Home,Grandparents' House,Bus,14.52,34.8,1524.6,Local
2003-01-20,Home,Grandparents' House,Bicycle,10.57,42.3,0.0,Local
2003-01-23,Home,Cinema,Tram,6.5,19.5,390.0,Local
2003-01-24,Home,Grandparents' House,Walk,6.9,82.8,0.0,Local
2003-01-25,Home,Grandparents' House,Walk,19.09,229.1,0.0,Local
2003-01-25,Grandparents' House,Home,Train,9.76,13.0,400.2,Local
2003-02-02,Home,Park,Bicycle,14.4,57.6,0.0,Local
2003-02-03,Home,Grandparents' House,Bus,7.16,17.2,751.8,Local
2003-02-04,Home,Cinema,Bicycle,16.46,65.8,0.0,Local
2003-02-05,Home,Cinema,Bicycle,10.21,40.8,0.0,Local
2003-02-10,Home,Grandparents' House,Bicycle,18.91,75.6,0.0,Local
2003-02-12,Home,Cinema,Bicycle,18.94,75.8,0.0,Local
2003-02-13,Home,Shopping Centre,Car,14.01,21.0,2689.9,Local
2003-02-17,Home,Grandparents' House,Train,7.91,10.5,324.3,Local
2003-02-20,Home,Shopping Centre,Bicycle,7.33,29.3,0.0,Local
2003-02-24,Home,Grandparents' House,Tram,14.12,42.4,847.2,Local
2003-02-27,Home,Shopping Centre,Car,12.23,18.3,2348.2,Local
2003-03-01,Home,Grandparents' House,Walk,15.87,190.4,0.0,Local
2003-03-02,Home,Shopping Centre,Tram,6.58,19.7,394.8,Local
2003-03-06,Home,Park,Bus,10.81,25.9,1135.0,Local
2003-03-11,Home,Shopping Centre,Walk,7.53,90.4,0.0,Local
2003-03-12,Home,Grandparents' House,Train,15.06,20.1,617.5,Local
2003-03-12,Grandparents' House,Park,Car,7.14,10.7,1370.9,Local
2003-03-14,Home,Shopping Centre,Bicycle,5.43,21.7,0.0,Local
2003-03-16,Home,Grandparents' House,Bus,11.22,26.9,1178.1,Local
2003-03-16,Grandparents' House,Cinema,Walk,2.11,25.3,0.0,Local
2003-03-18,Home,Shopping Centre,Walk,8.52,102.2,0.0,Local
2003-03-21,Park,Grandparents' House,Bicycle,0.83,3.3,0.0,Local
2003-03-21,Home,Park,Bus,7.6,18.2,798.0,Local
2003-03-23,Home,Grandparents' House,Bus,11.13,26.7,1168.7,Local
2003-03-23,Grandparents' House,Home,Car,16.87,25.3,3239.0,Local
2003-03-24,Home,Cinema,Train,7.59,10.1,311.2,Local
2003-03-24,Cinema,Park,Train,4.32,5.8,177.1,Local
2003-03-29,Home,Grandparents' House,Train,12.47,16.6,511.3,Local
2003-04-01,Home,Park,Bicycle,11.34,45.4,0.0,Local
2003-04-01,Park,Shopping Centre,Train,6.25,8.3,256.2,Local
2003-04-06,Home,Grandparents' House,Tram,15.68,47.0,940.8,Local
2003-04-08,Home,Park,Bicycle,16.44,65.8,0.0,Local
2003-04-10,Home,Grandparents' House,Train,19.85,26.5,813.9,Local
2003-04-15,Home,Shopping Centre,Tram,8.97,26.9,538.2,Local
2003-04-15,Shopping Centre,Home,Car,8.74,13.1,1678.1,Local
2003-04-19,Home,Park,Walk,8.27,99.2,0.0,Local
2003-04-20,Home,Cinema,Bicycle,15.44,61.8,0.0,Local
2003-04-20,Cinema,Home,Train,12.76,17.0,523.2,Local
2003-04-23,Home,Grandparents' House,Bus,14.16,34.0,1486.8,Local
2003-05-02,Home,Shopping Centre,Tram,13.29,39.9,797.4,Local
2003-05-04,Home,Grandparents' House,Walk,17.0,204.0,0.0,Local
2003-05-04,Grandparents' House,Home,Bus,18.2,43.7,1911.0,Local
2003-05-05,Home,Park,Walk,8.37,100.4,0.0,Local
2003-05-12,Home,Cinema,Bus,14.91,35.8,1565.5,Local
2003-05-12,Cinema,Grandparents' House,Bicycle,5.66,22.6,0.0,Local
2003-05-13,Home,Grandparents' House,Bus,13.36,32.1,1402.8,Local
2003-05-15,Home,Shopping Centre,Tram,11.39,34.2,683.4,Local
2003-05-18,Home,Cinema,Tram,13.7,41.1,822.0,Local
2003-05-21,Grandparents' House,Home,Bus,15.93,38.2,1672.6,Local
2003-05-21,Home,Grandparents' House,Train,10.67,14.2,437.5,Local
2003-05-23,Home,Grandparents' House,Walk,17.11,205.3,0.0,Local
2003-05-25,Home,Shopping Centre,Train,17.37,23.2,712.2,Local
2003-05-30,Home,Park,Tram,18.88,56.6,1132.8,Local
2003-05-30,Park,Cinema,Car,3.73,5.6,716.2,Local
2003-05-31,Home,Park,Car,19.94,29.9,3828.5,Local
2003-06-06,Home,Shopping Centre,Tram,13.14,39.4,788.4,Local
2003-06-08,Home,Grandparents' House,Car,9.15,13.7,1756.8,Local
2003-06-11,Home,Park,Bus,16.2,38.9,1701.0,Local
2003-06-17,Home,Grandparents' House,Train,9.0,12.0,369.0,Local
2003-06-19,Home,Cinema,Tram,8.65,25.9,519.0,Local
2003-06-19,Cinema,Grandparents' House,Bus,3.69,8.9,387.4,Local
2003-06-21,Home,Shopping Centre,Bus,7.59,18.2,796.9,Local
2003-06-22,Home,Cinema,Bicycle,13.71,54.8,0.0,Local
2003-06-28,Home,Park,Car,6.04,9.1,1159.7,Local
2003-06-29,Home,Shopping Centre,Bicycle,5.2,20.8,0.0,Local
2003-07-03,Home,Cinema,Bicycle,12.57,50.3,0.0,Local
2003-07-04,Home,Shopping Centre,Walk,7.35,88.2,0.0,Local
2003-07-06,Home,Shopping Centre,Walk,12.0,144.0,0.0,Local
2003-07-11,Home,Shopping Centre,Tram,14.65,44.0,879.0,Local
2003-07-11,Shopping Centre,Grandparents' House,Walk,1.62,19.4,0.0,Local
2003-07-12,Home,Grandparents' House,Walk,17.37,208.4,0.0,Local
2003-07-12,Grandparents' House,Home,Bus,19.38,46.5,2034.9,Local
2003-07-14,Home,Shopping Centre,Bicycle,15.76,63.0,0.0,Local
2003-07-16,Home,Grandparents' House,Walk,19.08,229.0,0.0,Local
2003-07-18,Home,Cinema,Train,5.27,7.0,216.1,Local
2003-07-20,Home,Park,Tram,16.59,49.8,995.4,Local
2003-07-21,Home,Shopping Centre,Train,19.94,26.6,817.5,Local
2003-07-22,Home,Shopping Centre,Tram,17.57,52.7,1054.2,Local
2003-07-23,Home,Grandparents' House,Car,13.16,19.7,2526.7,Local
2003-07-25,Home,Grandparents' House,Car,12.99,19.5,2494.1,Local
2003-07-29,Home,Grandparents' House,Walk,17.65,211.8,0.0,Local
2003-07-30,Home,Park,Bus,19.06,45.7,2001.3,Local
2003-07-31,Home,Grandparents' House,Train,19.02,25.4,779.8,Local
2003-08-01,Home,Park,Car,12.67,19.0,2432.6,Local
2003-08-05,Home,Grandparents' House,Car,16.18,24.3,3106.6,Local
2003-08-09,Home,Park,Bus,7.21,17.3,757.0,Local
2003-08-11,Home,Shopping Centre,Train,15.03,20.0,616.2,Local
2003-08-12,Home,Grandparents' House,Walk,14.29,171.5,0.0,Local
2003-08-12,Grandparents' House,Park,Car,4.08,6.1,783.4,Local
2003-08-16,Home,Park,Bus,10.45,25.1,1097.2,Local
2003-08-16,Park,Cinema,Walk,3.46,41.5,0.0,Local
2003-08-18,Home,Park,Car,17.88,26.8,3433.0,Local
2003-08-20,Park,Home,Bicycle,16.11,64.4,0.0,Local
2003-08-20,Home,Park,Bicycle,19.42,77.7,0.0,Local
2003-08-22,Home,Park,Bicycle,12.63,50.5,0.0,Local
2003-08-24,Home,Shopping Centre,Bus,15.18,36.4,1593.9,Local
2003-08-25,Home,Park,Bicycle,12.55,50.2,0.0,Local
2003-08-29,Home,Grandparents' House,Walk,9.48,113.8,0.0,Local
2003-09-01,Home,Shopping Centre,Bicycle,7.18,28.7,0.0,Local
2003-09-02,Home,Grandparents' House,Car,16.34,24.5,3137.3,Local
2003-09-03,Home,Cinema,Tram,17.01,51.0,1020.6,Local
2003-09-05,Home,Cinema,Walk,12.06,144.7,0.0,Local
2003-09-08,Home,Park,Walk,14.31,171.7,0.0,Local
2003-09-13,Home,Shopping Centre,Bus,9.01,21.6,946.0,Local
2003-09-13,Shopping Centre,Grandparents' House,Bicycle,2.88,11.5,0.0,Local
2003-09-14,Home,Park,Bus,9.14,21.9,959.7,Local
2003-09-23,Home,Grandparents' House,Tram,15.41,46.2,924.6,Local
2003-09-23,Grandparents' House,Park,Bicycle,4.77,19.1,0.0,Local
2003-09-26,Home,Grandparents' House,Bicycle,16.25,65.0,0.0,Local
2003-09-28,Home,Grandparents' House,Walk,13.34,160.1,0.0,Local
2003-10-01,Home,Park,Train,17.19,22.9,704.8,Local
2003-10-02,Home,Park,Bicycle,15.44,61.8,0.0,Local
2003-10-05,Home,Park,Tram,9.67,29.0,580.2,Local
2003-10-07,Home,Grandparents' House,Bicycle,5.24,21.0,0.0,Local
2003-10-11,Home,Shopping Centre,Bus,7.4,17.8,777.0,Local
2003-10-12,Home,Park,Bicycle,13.1,52.4,0.0,Local
2003-10-12,Park,Cinema,Car,6.58,9.9,1263.4,Local
2003-10-15,Home,Park,Train,10.07,13.4,412.9,Local
2003-10-15,Park,Cinema,Walk,6.81,81.7,0.0,Local
2003-10-16,Home,Cinema,Walk,9.77,117.2,0.0,Local
2003-10-18,Cinema,Shopping Centre,Walk,2.77,33.2,0.0,Local
2003-10-18,Home,Cinema,Tram,13.54,40.6,812.4,Local
2003-10-20,Home,Park,Train,18.87,25.2,773.7,Local
2003-10-21,Home,Cinema,Car,11.65,17.5,2236.8,Local
2003-10-22,Home,Grandparents' House,Tram,12.57,37.7,754.2,Local
2003-10-22,Grandparents' House,Cinema,Car,5.37,8.1,1031.0,Local
2003-10-23,Home,Grandparents' House,Bus,15.71,37.7,1649.6,Local
2003-10-27,Home,Grandparents' House,Bicycle,14.59,58.4,0.0,Local
2003-11-03,Home,Cinema,Tram,8.02,24.1,481.2,Local
2003-11-15,Home,Grandparents' House,Train,9.14,12.2,374.7,Local
2003-11-15,Grandparents' House,Park,Tram,6.93,20.8,415.8,Local
2003-11-17,Home,Shopping Centre,Bus,10.7,25.7,1123.5,Local
2003-11-20,Home,Park,Tram,13.24,39.7,794.4,Local
2003-11-21,Home,Cinema,Car,17.66,26.5,3390.7,Local
2003-11-22,Home,Park,Bus,14.65,35.2,1538.2,Local
2003-11-23,Home,Cinema,Bicycle,7.95,31.8,0.0,Local
2003-11-27,Home,Shopping Centre,Car,14.94,22.4,2868.5,Local
2003-11-27,Shopping Centre,Home,Car,16.09,24.1,3089.3,Local
2003-12-06,Home,Grandparents' House,Walk,18.36,220.3,0.0,Local
2003-12-09,Home,Shopping Centre,Bus,11.31,27.1,1187.5,Local
2003-12-12,Home,Cinema,Bicycle,8.25,33.0,0.0,Local
2003-12-12,Cinema,Grandparents' House,Train,2.11,2.8,86.5,Local
2003-12-14,Home,Grandparents' House,Car,19.27,28.9,3699.8,Local
2003-12-14,Grandparents' House,Shopping Centre,Walk,4.49,53.9,0.0,Local
2003-12-21,Home,Cinema,Car,17.09,25.6,3281.3,Local
2003-12-24,Home,Grandparents' House,Car,5.11,7.7,981.1,Local
2003-12-25,Home,Cinema,Bicycle,8.78,35.1,0.0,Local
2003-12-26,Home,Park,Train,9.7,12.9,397.7,Local
2003-12-28,Home,Park,Walk,12.44,149.3,0.0,Local
2003-12-31,Home,Park,Car,18.95,28.4,3638.4,Local
2004-01-01,Home,Park,Bicycle,14.17,56.7,0.0,Local
2004-01-04,Home,Park,Tram,18.3,54.9,1098.0,Local
2004-01-05,Home,Shopping Centre,Tram,12.46,37.4,747.6,Local
2004-01-08,Home,Grandparents' House,Bus,15.04,36.1,1579.2,Local
2004-01-10,Home,Park,Car,6.72,10.1,1290.2,Local
2004-01-13,Home,Cinema,Tram,9.05,27.2,543.0,Local
2004-01-18,Home,Grandparents' House,Car,9.02,13.5,1731.8,Local
2004-01-18,Grandparents' House,Home,Bus,6.09,14.6,639.4,Local
2004-01-19,Home,Cinema,Bus,11.95,28.7,1254.8,Local
2004-01-25,Home,Cinema,Bicycle,10.29,41.2,0.0,Local
2004-01-26,Home,Shopping Centre,Car,11.62,17.4,2231.0,Local
2004-01-28,Home,Park,Car,9.99,15.0,1918.1,Local
2004-01-29,Home,Shopping Centre,Bus,13.12,31.5,1377.6,Local
2004-01-30,Home,Shopping Centre,Train,14.71,19.6,603.1,Local
2004-02-01,Home,Shopping Centre,Tram,15.9,47.7,954.0,Local
2004-02-02,Home,Shopping Centre,Walk,17.38,208.6,0.0,Local
2004-02-03,Home,Shopping Centre,Bus,11.57,27.8,1214.9,Local
2004-02-04,Home,Park,Tram,9.08,27.2,544.8,Local
2004-02-04,Park,Home,Bus,14.35,34.4,1506.8,Local
2004-02-05,Home,Grandparents' House,Tram,8.89,26.7,533.4,Local
2004-02-06,Home,Grandparents' House,Car,17.22,25.8,3306.2,Local
2004-02-07,Home,Cinema,Tram,18.25,54.8,1095.0,Local
2004-02-07,Cinema,Shopping Centre,Walk,7.8,93.6,0.0,Local
2004-02-14,Home,Shopping Centre,Car,13.67,20.5,2624.6,Local
2004-02-15,Home,Shopping Centre,Train,17.77,23.7,728.6,Local
2004-02-20,Home,Cinema,Walk,14.99,179.9,0.0,Local
2004-02-23,Home,Shopping Centre,Train,11.39,15.2,467.0,Local
2004-02-27,Home,Park,Bicycle,13.28,53.1,0.0,Local
2004-02-27,Park,Shopping Centre,Bus,0.94,2.3,98.7,Local
2004-03-01,Home,Park,Walk,10.32,123.8,0.0,Local
2004-03-03,Home,Shopping Centre,Bicycle,5.41,21.6,0.0,Local
2004-03-06,Cinema,Park,Tram,7.41,22.2,444.6,Local
2004-03-06,Home,Cinema,Tram,19.81,59.4,1188.6,Local
2004-03-07,Home,Grandparents' House,Train,10.72,14.3,439.5,Local
2004-03-10,Home,Grandparents' House,Car,14.87,22.3,2855.0,Local
2004-03-11,Home,Grandparents' House,Walk,8.36,100.3,0.0,Local
2004-03-12,Home,Shopping Centre,Bicycle,10.24,41.0,0.0,Local
2004-03-13,Home,Shopping Centre,Bus,15.96,38.3,1675.8,Local
2004-03-15,Home,Shopping Centre,Bus,16.24,39.0,1705.2,Local
2004-03-17,Home,Cinema,Tram,17.02,51.1,1021.2,Local
2004-03-23,Home,Grandparents' House,Bicycle,19.55,78.2,0.0,Local
2004-03-24,Home,Shopping Centre,Walk,17.53,210.4,0.0,Local
2004-03-25,Home,Park,Car,8.06,12.1,1547.5,Local
2004-03-25,Park,Shopping Centre,Tram,6.02,18.1,361.2,Local
2004-03-26,Home,Cinema,Tram,8.36,25.1,501.6,Local
2004-03-26,Cinema,Shopping Centre,Bicycle,3.01,12.0,0.0,Local
2004-04-01,Home,Grandparents' House,Train,16.56,22.1,679.0,Local
2004-04-05,Home,Shopping Centre,Bus,15.82,38.0,1661.1,Local
2004-04-07,Home,Park,Train,14.47,19.3,593.3,Local
2004-04-07,Park,Cinema,Car,2.33,3.5,447.4,Local
2004-04-14,Home,Grandparents' House,Bicycle,12.17,48.7,0.0,Local
2004-04-16,Home,Park,Tram,10.55,31.7,633.0,Local
2004-04-18,Home,Shopping Centre,Tram,16.98,50.9,1018.8,Local
2004-04-20,Home,Park,Walk,17.81,213.7,0.0,Local
2004-04-22,Home,Cinema,Tram,10.04,30.1,602.4,Local
2004-04-23,Home,Shopping Centre,Walk,10.75,129.0,0.0,Local
2004-04-27,Home,Shopping Centre,Train,6.62,8.8,271.4,Local
2004-04-28,Home,Grandparents' House,Bus,15.65,37.6,1643.2,Local
2004-04-30,Home,Cinema,Train,10.72,14.3,439.5,Local
2004-05-02,Park,Home,Car,16.83,25.2,3231.4,Local
2004-05-02,Home,Park,Walk,9.02,108.2,0.0,Local
2004-05-06,Home,Grandparents' House,Tram,8.63,25.9,517.8,Local
2004-05-08,Home,Cinema,Train,5.15,6.9,211.2,Local
2004-05-09,Home,Shopping Centre,Train,12.31,16.4,504.7,Local
2004-05-11,Home,Cinema,Bus,11.25,27.0,1181.2,Local
2004-05-11,Cinema,Grandparents' House,Car,6.92,10.4,1328.6,Local
2004-05-13,Home,Park,Tram,17.3,51.9,1038.0,Local
2004-05-14,Home,Grandparents' House,Car,10.34,15.5,1985.3,Local
2004-05-15,Shopping Centre,Home,Bus,9.6,23.0,1008.0,Local
2004-05-15,Home,Shopping Centre,Car,19.21,28.8,3688.3,Local
2004-05-20,Home,Park,Walk,19.98,239.8,0.0,Local
2004-05-22,Home,Shopping Centre,Tram,8.87,26.6,532.2,Local
2004-05-23,Home,Grandparents' House,Bicycle,19.67,78.7,0.0,Local
2004-05-24,Home,Shopping Centre,Walk,15.28,183.4,0.0,Local
2004-05-28,Home,Park,Car,16.37,24.6,3143.0,Local
2004-06-01,Home,Shopping Centre,Bus,16.12,38.7,1692.6,Local
2004-06-02,Home,Shopping Centre,Car,10.3,15.5,1977.6,Local
2004-06-03,Home,Park,Bicycle,6.31,25.2,0.0,Local
2004-06-04,Home,Grandparents' House,Bus,9.4,22.6,987.0,Local
2004-06-06,Home,Park,Train,19.61,26.1,804.0,Local
2004-06-08,Home,Shopping Centre,Walk,7.49,89.9,0.0,Local
2004-06-10,Home,Grandparents' House,Tram,10.78,32.3,646.8,Local
2004-06-11,Home,Park,Train,19.47,26.0,798.3,Local
2004-06-13,Home,Park,Bicycle,5.17,20.7,0.0,Local
2004-06-13,Park,Shopping Centre,Car,2.92,4.4,560.6,Local
2004-06-15,Home,Grandparents' House,Train,9.98,13.3,409.2,Local
2004-06-16,Home,Cinema,Train,15.75,21.0,645.8,Local
2004-06-22,Home,Cinema,Car,18.06,27.1,3467.5,Local
2004-06-22,Cinema,Grandparents' House,Car,5.97,9.0,1146.2,Local
2004-06-23,Home,Grandparents' House,Tram,11.48,34.4,688.8,Local
2004-06-23,Grandparents' House,Cinema,Train,5.99,8.0,245.6,Local
2004-06-26,Home,Shopping Centre,Bus,18.39,44.1,1931.0,Local
2004-07-02,Home,Cinema,Train,11.99,16.0,491.6,Local
2004-07-05,Home,Grandparents' House,Bus,7.72,18.5,810.6,Local
2004-07-10,Home,Park,Walk,17.52,210.2,0.0,Local
2004-07-10,Park,Home,Bus,9.0,21.6,945.0,Local
2004-07-12,Home,Park,Walk,13.75,165.0,0.0,Local
2004-07-13,Home,Cinema,Bus,7.88,18.9,827.4,Local
2004-07-13,Cinema,Grandparents' House,Train,7.37,9.8,302.2,Local
2004-07-16,Home,Park,Bus,16.5,39.6,1732.5,Local
2004-07-17,Home,Park,Walk,13.52,162.2,0.0,Local
2004-07-22,Home,Cinema,Bicycle,19.16,76.6,0.0,Local
2004-07-23,Home,Grandparents' House,Car,10.06,15.1,1931.5,Local
2004-07-30,Home,Park,Bus,16.55,39.7,1737.8,Local
2004-08-03,Home,Grandparents' House,Car,8.05,12.1,1545.6,Local
2004-08-03,Grandparents' House,Park,Bus,0.69,1.7,72.4,Local
2004-08-12,Home,Grandparents' House,Car,17.15,25.7,3292.8,Local
2004-08-12,Grandparents' House,Cinema,Tram,4.54,13.6,272.4,Local
2004-08-14,Home,Cinema,Car,18.8,28.2,3609.6,Local
2004-08-19,Home,Park,Bus,15.75,37.8,1653.8,Local
2004-08-19,Park,Cinema,Tram,3.39,10.2,203.4,Local
2004-08-22,Home,Grandparents' House,Car,17.68,26.5,3394.6,Local
2004-08-24,Home,Park,Bus,12.78,30.7,1341.9,Local
2004-08-26,Home,Grandparents' House,Bicycle,14.8,59.2,0.0,Local
2004-08-27,Home,Grandparents' House,Bicycle,16.16,64.6,0.0,Local
2004-08-29,Home,Grandparents' House,Bus,11.35,27.2,1191.8,Local
2004-08-31,Home,Grandparents' House,Bicycle,14.92,59.7,0.0,Local
2004-09-01,Home,Park,Train,16.08,21.4,659.3,Local
2004-09-07,Home,Grandparents' House,Bicycle,17.28,69.1,0.0,Local
2004-09-07,Grandparents' House,Park,Bicycle,5.07,20.3,0.0,Local
2004-09-10,Home,Park,Car,16.32,24.5,3133.4,Local
2004-09-16,Home,Cinema,Train,13.76,18.3,564.2,Local
2004-09-17,Shopping Centre,Cinema,Walk,4.66,55.9,0.0,Local
2004-09-17,Home,Shopping Centre,Car,11.93,17.9,2290.6,Local
2004-09-18,Home,Park,Bus,6.38,15.3,669.9,Local
2004-09-23,Home,Park,Bus,18.91,45.4,1985.5,Local
2004-09-23,Park,Cinema,Train,2.44,3.3,100.0,Local
2004-09-24,Home,Shopping Centre,Bicycle,11.15,44.6,0.0,Local
2004-09-24,Shopping Centre,Grandparents' House,Train,5.04,6.7,206.6,Local
2004-09-25,Home,Grandparents' House,Bus,9.85,23.6,1034.2,Local
2004-10-03,Home,Shopping Centre,Walk,12.78,153.4,0.0,Local
2004-10-04,Home,Park,Train,8.69,11.6,356.3,Local
2004-10-05,Cinema,Park,Train,4.42,5.9,181.2,Local
2004-10-05,Home,Cinema,Bus,15.85,38.0,1664.2,Local
2004-10-06,Home,Grandparents' House,Bicycle,9.7,38.8,0.0,Local
2004-10-07,Home,Park,Car,16.73,25.1,3212.2,Local
2004-10-09,Home,Cinema,Bicycle,10.46,41.8,0.0,Local
2004-10-12,Home,Park,Walk,11.02,132.2,0.0,Local
2004-10-16,Home,Grandparents' House,Train,19.92,26.6,816.7,Local
2004-10-17,Home,Shopping Centre,Bicycle,9.49,38.0,0.0,Local
2004-10-18,Home,Cinema,Tram,13.35,40.0,801.0,Local
2004-10-20,Home,Shopping Centre,Bus,13.32,32.0,1398.6,Local
2004-10-20,Shopping Centre,Home,Bus,16.24,39.0,1705.2,Local
2004-10-21,Home,Cinema,Bicycle,9.27,37.1,0.0,Local
2004-10-25,Home,Grandparents' House,Bus,16.85,40.4,1769.3,Local
2004-10-27,Home,Cinema,Walk,15.87,190.4,0.0,Local
2004-10-27,Cinema,Shopping Centre,Walk,4.42,53.0,0.0,Local
2004-11-02,Home,Grandparents' House,Train,15.68,20.9,642.9,Local
2004-11-03,Home,Shopping Centre,Train,9.64,12.9,395.2,Local
2004-11-04,Home,Grandparents' House,Walk,10.12,121.4,0.0,Local
2004-11-07,Home,Park,Car,19.75,29.6,3792.0,Local
2004-11-09,Home,Grandparents' House,Train,6.45,8.6,264.4,Local
2004-11-10,Home,Park,Tram,9.93,29.8,595.8,Local
2004-11-11,Home,Grandparents' House,Bicycle,19.36,77.4,0.0,Local
2004-11-12,Home,Shopping Centre,Bicycle,14.0,56.0,0.0,Local
2004-11-14,Home,Grandparents' House,Bus,8.01,19.2,841.0,Local
2004-11-18,Home,Grandparents' House,Train,6.06,8.1,248.5,Local
2004-11-19,Home,Cinema,Train,11.07,14.8,453.9,Local
2004-11-19,Cinema,Shopping Centre,Train,0.99,1.3,40.6,Local
2004-11-22,Grandparents' House,Shopping Centre,Tram,1.59,4.8,95.4,Local
2004-11-22,Home,Grandparents' House,Bicycle,10.61,42.4,0.0,Local
2004-11-23,Home,Cinema,Tram,5.55,16.6,333.0,Local
2004-11-24,Home,Shopping Centre,Train,9.39,12.5,385.0,Local
2004-11-28,Home,Grandparents' House,Bus,16.24,39.0,1705.2,Local
2004-11-30,Home,Cinema,Walk,8.41,100.9,0.0,Local
2004-11-30,Cinema,Shopping Centre,Train,2.89,3.9,118.5,Local
2004-12-09,Home,Park,Tram,10.77,32.3,646.2,Local
2004-12-12,Home,Grandparents' House,Tram,5.1,15.3,306.0,Local
2004-12-13,Shopping Centre,Park,Bicycle,5.92,23.7,0.0,Local
2004-12-13,Home,Shopping Centre,Walk,14.13,169.6,0.0,Local
2004-12-14,Home,Shopping Centre,Bicycle,14.53,58.1,0.0,Local
2004-12-15,Home,Cinema,Walk,19.5,234.0,0.0,Local
2004-12-17,Home,Shopping Centre,Bus,18.0,43.2,1890.0,Local
2004-12-19,Home,Shopping Centre,Car,19.71,29.6,3784.3,Local
2004-12-20,Home,Park,Bicycle,10.37,41.5,0.0,Local
2004-12-20,Park,Home,Walk,11.02,132.2,0.0,Local
2004-12-21,Shopping Centre,Cinema,Walk,6.47,77.6,0.0,Local
2004-12-21,Home,Shopping Centre,Bus,10.81,25.9,1135.0,Local
2004-12-23,Home,Park,Bicycle,9.15,36.6,0.0,Local
2004-12-24,Home,Shopping Centre,Bus,17.2,41.3,1806.0,Local
2004-12-28,Home,Shopping Centre,Bus,14.68,35.2,1541.4,Local
2004-12-29,Home,Grandparents' House,Bus,17.43,41.8,1830.1,Local
2004-12-29,Grandparents' House,Cinema,Tram,5.57,16.7,334.2,Local
2005-01-01,Home,Grandparents' House,Tram,6.16,18.5,369.6,Local
2005-01-01,Grandparents' House,Home,Walk,17.61,211.3,0.0,Local
2005-01-04,Home,Cinema,Train,18.29,24.4,749.9,Local
2005-01-07,Park,Shopping Centre,Tram,4.71,14.1,282.6,Local
2005-01-07,Home,Park,Bicycle,6.98,27.9,0.0,Local
2005-01-08,Home,Park,Bicycle,15.53,62.1,0.0,Local
2005-01-08,Park,Grandparents' House,Car,7.48,11.2,1436.2,Local
2005-01-09,Home,Cinema,Bus,8.82,21.2,926.1,Local
2005-01-10,Home,Grandparents' House,Tram,12.98,38.9,778.8,Local
2005-01-11,Home,Grandparents' House,Bus,10.07,24.2,1057.4,Local
2005-01-13,Home,Park,Bus,13.01,31.2,1366.0,Local
2005-01-15,Home,Cinema,Walk,15.32,183.8,0.0,Local
2005-01-18,Home,Park,Train,14.41,19.2,590.8,Local
2005-01-18,Park,Grandparents' House,Walk,7.84,94.1,0.0,Local
2005-01-22,Home,Shopping Centre,Walk,18.66,223.9,0.0,Local
2005-01-23,Home,Shopping Centre,Tram,18.23,54.7,1093.8,Local
2005-01-24,Home,Shopping Centre,Bicycle,16.91,67.6,0.0,Local
2005-01-25,Home,Grandparents' House,Tram,9.95,29.8,597.0,Local
2005-01-26,Home,Shopping Centre,Train,18.94,25.3,776.5,Local
2005-01-28,Grandparents' House,Cinema,Car,5.11,7.7,981.1,Local
2005-01-28,Home,Grandparents' House,Train,13.44,17.9,551.0,Local
2005-02-05,Home,Park,Car,10.27,15.4,1971.8,Local
2005-02-09,Home,Cinema,Bus,5.8,13.9,609.0,Local
2005-02-13,Home,Cinema,Walk,12.89,154.7,0.0,Local
2005-02-13,Cinema,Grandparents' House,Tram,6.17,18.5,370.2,Local
2005-02-14,Home,Shopping Centre,Tram,13.63,40.9,817.8,Local
2005-02-16,Home,Cinema,Bicycle,13.3,53.2,0.0,Local
2005-02-18,Home,Park,Bicycle,11.37,45.5,0.0,Local
2005-02-18,Park,Grandparents' House,Walk,4.71,56.5,0.0,Local
2005-02-19,Home,Grandparents' House,Train,7.75,10.3,317.8,Local
2005-02-22,Cinema,Grandparents' House,Tram,5.95,17.8,357.0,Local
2005-02-22,Home,Cinema,Bus,11.91,28.6,1250.5,Local
2005-02-24,Home,Grandparents' House,Train,15.8,21.1,647.8,Local
2005-02-25,Home,Park,Tram,13.12,39.4,787.2,Local
2005-02-25,Park,Grandparents' House,Bicycle,2.92,11.7,0.0,Local
2005-02-27,Home,Grandparents' House,Tram,18.54,55.6,1112.4,Local
2005-02-28,Home,Shopping Centre,Car,17.49,26.2,3358.1,Local
2005-03-02,Home,Park,Car,10.98,16.5,2108.2,Local
2005-03-10,Home,Shopping Centre,Car,9.49,14.2,1822.1,Local
2005-03-10,Shopping Centre,Home,Tram,15.46,46.4,927.6,Local
2005-03-12,Home,Park,Train,18.12,24.2,742.9,Local
2005-03-15,Home,Cinema,Tram,10.64,31.9,638.4,Local
2005-03-16,Home,Cinema,Tram,12.57,37.7,754.2,Local
2005-03-31,Home,Shopping Centre,Train,9.12,12.2,373.9,Local
2005-03-31,Shopping Centre,Home,Train,16.13,21.5,661.3,Local
2005-04-01,Home,Shopping Centre,Car,14.78,22.2,2837.8,Local
2005-04-04,Home,Park,Tram,11.01,33.0,660.6,Local
2005-04-06,Home,Cinema,Bicycle,9.26,37.0,0.0,Local
2005-04-06,Cinema,Shopping Centre,Walk,5.38,64.6,0.0,Local
2005-04-09,Home,Park,Bus,11.69,28.1,1227.5,Local
2005-04-11,Home,Cinema,Bus,6.03,14.5,633.1,Local
2005-04-12,Home,Park,Train,8.85,11.8,362.8,Local
2005-04-12,Park,Cinema,Bicycle,4.96,19.8,0.0,Local
2005-04-16,Home,Cinema,Train,7.24,9.7,296.8,Local
2005-04-18,Home,Cinema,Tram,5.22,15.7,313.2,Local
2005-04-22,Home,Cinema,Car,17.11,25.7,3285.1,Local
2005-04-23,Home,Cinema,Bus,15.18,36.4,1593.9,Local
2005-04-24,Home,Cinema,Car,5.43,8.1,1042.6,Local
2005-04-25,Home,Cinema,Tram,13.19,39.6,791.4,Local
2005-05-02,Home,Cinema,Train,14.9,19.9,610.9,Local
2005-05-02,Cinema,Grandparents' House,Car,6.98,10.5,1340.2,Local
2005-05-05,Home,Cinema,Walk,18.81,225.7,0.0,Local
2005-05-06,Home,Cinema,Car,9.6,14.4,1843.2,Local
2005-05-13,Home,Park,Car,18.68,28.0,3586.6,Local
2005-05-14,Home,Cinema,Car,7.18,10.8,1378.6,Local
2005-05-20,Home,Grandparents' House,Bicycle,5.56,22.2,0.0,Local
2005-05-23,Home,Cinema,Tram,11.21,33.6,672.6,Local
2005-06-01,Shopping Centre,Grandparents' House,Train,5.27,7.0,216.1,Local
2005-06-01,Home,Shopping Centre,Train,11.71,15.6,480.1,Local
2005-06-06,Home,Park,Bicycle,14.99,60.0,0.0,Local
2005-06-12,Home,Shopping Centre,Walk,18.63,223.6,0.0,Local
2005-06-19,Home,Cinema,Bicycle,6.34,25.4,0.0,Local
2005-06-19,Cinema,Grandparents' House,Bus,0.56,1.3,58.8,Local
2005-06-22,Home,Cinema,Bus,10.84,26.0,1138.2,Local
2005-06-22,Cinema,Grandparents' House,Walk,2.97,35.6,0.0,Local
2005-06-24,Home,Shopping Centre,Car,14.0,21.0,2688.0,Local
2005-06-27,Home,Shopping Centre,Bus,9.0,21.6,945.0,Local
2005-07-02,Home,Cinema,Train,16.42,21.9,673.2,Local
2005-07-02,Cinema,Park,Tram,4.05,12.1,243.0,Local
2005-07-04,Home,Cinema,Bicycle,11.97,47.9,0.0,Local
2005-07-07,Home,Park,Tram,6.76,20.3,405.6,Local
2005-07-08,Home,Shopping Centre,Walk,5.73,68.8,0.0,Local
2005-07-09,Home,Shopping Centre,Train,17.41,23.2,713.8,Local
2005-07-09,Shopping Centre,Cinema,Bicycle,3.93,15.7,0.0,Local
2005-07-10,Home,Shopping Centre,Car,14.79,22.2,2839.7,Local
2005-07-11,Cinema,Shopping Centre,Walk,7.98,95.8,0.0,Local
2005-07-11,Home,Cinema,Train,15.2,20.3,623.2,Local
2005-07-13,Home,Grandparents' House,Car,14.43,21.6,2770.6,Local
2005-07-14,Home,Grandparents' House,Bicycle,12.07,48.3,0.0,Local
2005-07-14,Grandparents' House,Home,Bicycle,8.68,34.7,0.0,Local
2005-07-15,Home,Shopping Centre,Walk,6.29,75.5,0.0,Local
2005-07-16,Home,Shopping Centre,Bus,5.29,12.7,555.5,Local
2005-07-17,Home,Shopping Centre,Tram,7.87,23.6,472.2,Local
2005-07-17,Shopping Centre,Home,Train,13.37,17.8,548.2,Local
2005-07-18,Cinema,Grandparents' House,Train,2.25,3.0,92.2,Local
2005-07-18,Home,Cinema,Train,11.35,15.1,465.3,Local
2005-07-21,Home,Grandparents' House,Bicycle,14.47,57.9,0.0,Local
2005-07-28,Home,Shopping Centre,Bus,8.43,20.2,885.1,Local
2005-07-30,Home,Grandparents' House,Bus,5.08,12.2,533.4,Local
2005-08-01,Home,Grandparents' House,Bicycle,5.46,21.8,0.0,Local
2005-08-09,Home,Grandparents' House,Tram,10.53,31.6,631.8,Local
2005-08-09,Grandparents' House,Shopping Centre,Bus,2.93,7.0,307.7,Local
2005-08-12,Home,Cinema,Car,13.22,19.8,2538.2,Local
2005-08-12,Cinema,Home,Car,16.68,25.0,3202.6,Local
2005-08-15,Home,Park,Tram,6.93,20.8,415.8,Local
2005-08-16,Home,Shopping Centre,Bicycle,14.63,58.5,0.0,Local
2005-08-16,Shopping Centre,Park,Tram,2.33,7.0,139.8,Local
2005-08-17,Home,Cinema,Bus,19.64,47.1,2062.2,Local
2005-08-18,Home,Shopping Centre,Car,10.0,15.0,1920.0,Local
2005-08-23,Home,Shopping Centre,Train,19.61,26.1,804.0,Local
2005-08-23,Shopping Centre,Grandparents' House,Bicycle,6.89,27.6,0.0,Local
2005-08-25,Home,Cinema,Tram,9.18,27.5,550.8,Local
2005-08-28,Home,Park,Train,14.67,19.6,601.5,Local
2005-08-31,Home,Cinema,Bus,11.11,26.7,1166.5,Local
2005-09-04,Home,Grandparents' House,Car,13.38,20.1,2569.0,Local
2005-09-08,Home,Grandparents' House,Tram,12.02,36.1,721.2,Local
2005-09-09,Home,Park,Train,8.42,11.2,345.2,Local
2005-09-16,Home,Shopping Centre,Train,10.34,13.8,423.9,Local
2005-09-16,Shopping Centre,Grandparents' House,Walk,3.05,36.6,0.0,Local
2005-09-17,Home,Shopping Centre,Tram,16.08,48.2,964.8,Local
2005-09-18,Home,Shopping Centre,Train,9.77,13.0,400.6,Local
2005-09-22,Home,Cinema,Train,15.39,20.5,631.0,Local
2005-09-26,Home,Grandparents' House,Tram,11.54,34.6,692.4,Local
2005-09-28,Home,Cinema,Walk,6.55,78.6,0.0,Local
2005-09-28,Cinema,Park,Tram,5.7,17.1,342.0,Local
2005-09-30,Home,Cinema,Tram,10.84,32.5,650.4,Local
2005-10-01,Home,Park,Tram,19.5,58.5,1170.0,Local
2005-10-02,Home,Cinema,Bus,15.18,36.4,1593.9,Local
2005-10-04,Home,Cinema,Train,11.44,15.3,469.0,Local
2005-10-05,Home,Shopping Centre,Train,16.44,21.9,674.0,Local
2005-10-06,Home,Grandparents' House,Walk,7.89,94.7,0.0,Local
2005-10-07,Home,Park,Tram,8.39,25.2,503.4,Local
2005-10-08,Home,Shopping Centre,Bus,11.78,28.3,1236.9,Local
2005-10-08,Shopping Centre,Grandparents' House,Car,1.37,2.1,263.0,Local
2005-10-10,Home,Grandparents' House,Train,14.69,19.6,602.3,Local
2005-10-13,Home,Park,Train,11.94,15.9,489.5,Local
2005-10-14,Home,Park,Car,8.55,12.8,1641.6,Local
2005-10-14,Park,Home,Walk,14.98,179.8,0.0,Local
2005-10-19,Home,Shopping Centre,Bicycle,8.74,35.0,0.0,Local
2005-10-20,Home,Cinema,Bicycle,10.39,41.6,0.0,Local
2005-10-21,Home,Grandparents' House,Walk,10.12,121.4,0.0,Local
2005-10-22,Home,Grandparents' House,Car,5.48,8.2,1052.2,Local
2005-10-23,Home,Grandparents' House,Bus,17.85,42.8,1874.3,Local
2005-10-24,Home,Park,Car,15.83,23.7,3039.4,Local
2005-10-31,Home,Shopping Centre,Tram,15.53,46.6,931.8,Local
2005-11-04,Home,Grandparents' House,Train,12.7,16.9,520.7,Local
2005-11-06,Home,Grandparents' House,Walk,18.09,217.1,0.0,Local
2005-11-07,Home,Park,Bicycle,6.26,25.0,0.0,Local
2005-11-08,Home,Cinema,Walk,12.1,145.2,0.0,Local
2005-11-10,Home,Cinema,Car,7.55,11.3,1449.6,Local
2005-11-12,Home,Cinema,Car,14.71,22.1,2824.3,Local
2005-11-15,Home,Cinema,Bicycle,17.46,69.8,0.0,Local
2005-11-16,Home,Park,Bicycle,14.38,57.5,0.0,Local
2005-11-18,Home,Cinema,Tram,15.41,46.2,924.6,Local
2005-11-18,Cinema,Grandparents' House,Walk,4.2,50.4,0.0,Local
2005-11-21,Home,Grandparents' House,Walk,10.33,124.0,0.0,Local
2005-11-25,Home,Grandparents' House,Car,17.42,26.1,3344.6,Local
2005-11-26,Home,Shopping Centre,Car,18.62,27.9,3575.0,Local
2005-11-28,Shopping Centre,Cinema,Train,5.25,7.0,215.2,Local
2005-11-28,Home,Shopping Centre,Tram,16.59,49.8,995.4,Local
2005-12-01,Home,Cinema,Bus,14.55,34.9,1527.8,Local
2005-12-03,Home,Park,Bus,14.62,35.1,1535.1,Local
2005-12-05,Home,Park,Bus,8.92,21.4,936.6,Local
2005-12-06,Home,Shopping Centre,Car,19.82,29.7,3805.4,Local
2005-12-07,Home,Grandparents' House,Train,11.7,15.6,479.7,Local
2005-12-07,Grandparents' House,Home,Train,6.21,8.3,254.6,Local
2005-12-12,Home,Shopping Centre,Bus,5.89,14.1,618.4,Local
2005-12-15,Home,Cinema,Car,17.56,26.3,3371.5,Local
2005-12-16,Home,Shopping Centre,Train,9.09,12.1,372.7,Local
2005-12-17,Home,Park,Train,6.37,8.5,261.2,Local
2005-12-17,Park,Home,Walk,5.16,61.9,0.0,Local
2005-12-21,Home,Cinema,Tram,7.7,23.1,462.0,Local
2005-12-22,Home,Park,Car,8.36,12.5,1605.1,Local
2005-12-23,Home,Grandparents' House,Bus,10.91,26.2,1145.5,Local
2005-12-24,Home,Park,Walk,13.63,163.6,0.0,Local
2005-12-24,Park,Cinema,Walk,3.96,47.5,0.0,Local
2005-12-28,Home,Grandparents' House,Bicycle,7.02,28.1,0.0,Local
2005-12-31,Home,Park,Train,16.24,21.7,665.8,Local
2005-12-31,Park,Grandparents' House,Tram,4.31,12.9,258.6,Local
2006-01-01,Home,Cinema,Bicycle,5.65,22.6,0.0,Local
2006-01-01,Cinema,Park,Car,5.44,8.2,1044.5,Local
2006-01-04,Home,Cinema,Train,19.4,25.9,795.4,Local
2006-01-07,Home,Park,Tram,17.85,53.6,1071.0,Local
2006-01-12,Home,Cinema,Car,7.62,11.4,1463.0,Local
2006-01-16,Grandparents' House,Shopping Centre,Bicycle,0.73,2.9,0.0,Local
2006-01-16,Home,Grandparents' House,Car,8.75,13.1,1680.0,Local
2006-01-18,Home,Cinema,Bus,16.49,39.6,1731.4,Local
2006-01-19,Home,Cinema,Bicycle,6.96,27.8,0.0,Local
2006-01-22,Home,Park,Walk,12.06,144.7,0.0,Local
2006-01-23,Home,Grandparents' House,Bus,7.25,17.4,761.2,Local
2006-01-26,Home,Park,Train,7.22,9.6,296.0,Local
2006-01-31,Home,Shopping Centre,Tram,8.69,26.1,521.4,Local
2006-02-01,Grandparents' House,Cinema,Train,4.47,6.0,183.3,Local
2006-02-01,Home,Grandparents' House,Train,5.78,7.7,237.0,Local
2006-02-03,Home,Shopping Centre,Bus,12.36,29.7,1297.8,Local
2006-02-04,Home,Cinema,Bicycle,11.54,46.2,0.0,Local
2006-02-08,Home,Park,Bicycle,8.03,32.1,0.0,Local
2006-02-09,Home,Grandparents' House,Train,5.61,7.5,230.0,Local
2006-02-11,Home,Cinema,Car,10.48,15.7,2012.2,Local
2006-02-11,Cinema,Shopping Centre,Car,5.42,8.1,1040.6,Local
2006-02-12,Home,Park,Walk,19.55,234.6,0.0,Local
2006-02-13,Home,Grandparents' House,Tram,11.35,34.0,681.0,Local
2006-02-16,Home,Shopping Centre,Walk,17.6,211.2,0.0,Local
2006-02-21,Home,Grandparents' House,Train,12.66,16.9,519.1,Local
2006-02-22,Home,Cinema,Tram,18.14,54.4,1088.4,Local
2006-02-24,Home,Shopping Centre,Bicycle,6.78,27.1,0.0,Local
2006-02-24,Shopping Centre,Grandparents' House,Tram,6.43,19.3,385.8,Local
2006-02-26,Home,Grandparents' House,Bicycle,12.12,48.5,0.0,Local
2006-03-04,Home,Shopping Centre,Tram,14.51,43.5,870.6,Local
2006-03-05,Home,Grandparents' House,Train,16.65,22.2,682.6,Local
2006-03-07,Home,Park,Walk,10.51,126.1,0.0,Local
2006-03-09,Home,Park,Walk,17.1,205.2,0.0,Local
2006-03-13,Shopping Centre,Cinema,Tram,3.1,9.3,186.0,Local
2006-03-13,Home,Shopping Centre,Bicycle,16.93,67.7,0.0,Local
2006-03-18,Home,Park,Bus,17.67,42.4,1855.4,Local
2006-03-23,Home,Grandparents' House,Car,16.58,24.9,3183.4,Local
2006-03-24,Home,Park,Tram,18.06,54.2,1083.6,Local
2006-03-25,Home,Shopping Centre,Bicycle,14.55,58.2,0.0,Local
2006-03-26,Home,Grandparents' House,Bicycle,15.84,63.4,0.0,Local
2006-03-30,Home,Shopping Centre,Tram,14.64,43.9,878.4,Local
2006-03-31,Home,Shopping Centre,Car,8.12,12.2,1559.0,Local
2006-04-02,Home,Grandparents' House,Car,5.87,8.8,1127.0,Local
2006-04-04,Home,Shopping Centre,Walk,18.72,224.6,0.0,Local
2006-04-07,Home,Shopping Centre,Car,10.62,15.9,2039.0,Local
2006-04-07,Shopping Centre,Cinema,Train,4.55,6.1,186.5,Local
2006-04-09,Home,Park,Walk,17.32,207.8,0.0,Local
2006-04-11,Home,Shopping Centre,Car,14.74,22.1,2830.1,Local
2006-04-12,Home,Cinema,Bicycle,7.17,28.7,0.0,Local
2006-04-18,Home,Cinema,Bicycle,7.06,28.2,0.0,Local
2006-04-23,Home,Grandparents' House,Car,16.42,24.6,3152.6,Local
2006-04-25,Home,Grandparents' House,Car,17.46,26.2,3352.3,Local
2006-04-27,Home,Grandparents' House,Walk,10.35,124.2,0.0,Local
2006-04-28,Home,Shopping Centre,Train,14.97,20.0,613.8,Local
2006-04-29,Home,Grandparents' House,Tram,6.42,19.3,385.2,Local
2006-05-02,Home,Park,Tram,7.83,23.5,469.8,Local
2006-05-05,Home,Cinema,Train,10.05,13.4,412.1,Local
2006-05-06,Home,Park,Train,6.95,9.3,284.9,Local
2006-05-12,Home,Park,Tram,14.33,43.0,859.8,Local
2006-05-13,Cinema,Home,Bus,10.09,24.2,1059.5,Local
2006-05-13,Home,Cinema,Tram,18.39,55.2,1103.4,Local
2006-05-14,Home,Shopping Centre,Bicycle,11.19,44.8,0.0,Local
2006-05-18,Home,Cinema,Car,8.91,13.4,1710.7,Local
2006-05-19,Home,Cinema,Car,7.06,10.6,1355.5,Local
2006-05-22,Home,Park,Car,14.39,21.6,2762.9,Local
2006-05-27,Home,Park,Walk,18.67,224.0,0.0,Local
2006-05-29,Home,Shopping Centre,Bus,6.78,16.3,711.9,Local
2006-05-30,Home,Cinema,Walk,10.97,131.6,0.0,Local
2006-06-05,Home,Cinema,Tram,11.26,33.8,675.6,Local
2006-06-08,Shopping Centre,Park,Bus,1.45,3.5,152.2,Local
2006-06-08,Home,Shopping Centre,Bus,15.28,36.7,1604.4,Local
2006-06-09,Home,Cinema,Car,13.95,20.9,2678.4,Local
2006-06-09,Cinema,Park,Tram,1.08,3.2,64.8,Local
2006-06-11,Home,Cinema,Train,9.27,12.4,380.1,Local
2006-06-11,Cinema,Park,Train,3.55,4.7,145.5,Local
2006-06-12,Home,Shopping Centre,Bus,8.74,21.0,917.7,Local
2006-06-12,Shopping Centre,Home,Train,10.35,13.8,424.3,Local
2006-06-13,Park,Grandparents' House,Tram,5.6,16.8,336.0,Local
2006-06-13,Home,Park,Walk,12.93,155.2,0.0,Local
2006-06-14,Home,Grandparents' House,Bicycle,15.36,61.4,0.0,Local
2006-06-18,Home,Shopping Centre,Walk,9.51,114.1,0.0,Local
2006-06-19,Home,Cinema,Car,7.89,11.8,1514.9,Local
2006-06-20,Home,Park,Tram,18.55,55.6,1113.0,Local
2006-06-21,Home,Shopping Centre,Tram,11.85,35.6,711.0,Local
2006-06-21,Shopping Centre,Cinema,Bus,1.12,2.7,117.6,Local
2006-06-23,Home,Shopping Centre,Walk,18.85,226.2,0.0,Local
2006-06-26,Home,Grandparents' House,Walk,18.06,216.7,0.0,Local
2006-06-28,Home,Grandparents' House,Tram,14.52,43.6,871.2,Local
2006-07-02,Home,Shopping Centre,Tram,8.42,25.3,505.2,Local
2006-07-02,Shopping Centre,Cinema,Bus,2.0,4.8,210.0,Local
2006-07-03,Home,Grandparents' House,Train,9.79,13.1,401.4,Local
2006-07-05,Home,Park,Bicycle,18.74,75.0,0.0,Local
2006-07-07,Home,Park,Bicycle,18.91,75.6,0.0,Local
2006-07-09,Home,Park,Bicycle,19.33,77.3,0.0,Local
2006-07-10,Park,Shopping Centre,Tram,5.32,16.0,319.2,Local
2006-07-10,Home,Park,Walk,11.66,139.9,0.0,Local
2006-07-15,Home,Grandparents' House,Tram,14.7,44.1,882.0,Local
2006-07-15,Grandparents' House,Shopping Centre,Train,1.3,1.7,53.3,Local
2006-07-17,Home,Grandparents' House,Bicycle,11.18,44.7,0.0,Local
2006-07-18,Home,Park,Walk,9.74,116.9,0.0,Local
2006-07-22,Home,Park,Bus,17.08,41.0,1793.4,Local
2006-07-23,Home,Cinema,Bus,11.05,26.5,1160.2,Local
2006-07-25,Home,Park,Tram,11.86,35.6,711.6,Local
2006-07-26,Home,Cinema,Walk,7.97,95.6,0.0,Local
2006-07-29,Home,Grandparents' House,Car,9.57,14.4,1837.4,Local
2006-07-30,Home,Grandparents' House,Bicycle,19.9,79.6,0.0,Local
2006-08-01,Home,Park,Train,12.85,17.1,526.9,Local
2006-08-05,Home,Shopping Centre,Train,18.07,24.1,740.9,Local
2006-08-14,Home,Park,Tram,15.83,47.5,949.8,Local
2006-08-20,Home,Park,Tram,17.24,51.7,1034.4,Local
2006-08-22,Home,Grandparents' House,Train,15.99,21.3,655.6,Local
2006-08-24,Cinema,Home,Tram,15.71,47.1,942.6,Local
2006-08-24,Home,Cinema,Train,15.9,21.2,651.9,Local
2006-08-25,Home,Cinema,Walk,19.92,239.0,0.0,Local
2006-08-30,Home,Grandparents' House,Tram,17.92,53.8,1075.2,Local
2006-08-30,Grandparents' House,Shopping Centre,Bicycle,5.76,23.0,0.0,Local
2006-09-01,Home,Park,Train,8.51,11.3,348.9,Local
2006-09-02,Home,Shopping Centre,Tram,19.23,57.7,1153.8,Local
2006-09-07,Home,Shopping Centre,Bicycle,10.98,43.9,0.0,Local
2006-09-10,Home,Cinema,Bicycle,17.59,70.4,0.0,Local
2006-09-11,Home,Grandparents' House,Car,18.96,28.4,3640.3,Local
2006-09-15,Home,Park,Car,19.24,28.9,3694.1,Local
2006-09-18,Home,Grandparents' House,Train,19.84,26.5,813.4,Local
2006-09-24,Home,Shopping Centre,Car,13.68,20.5,2626.6,Local
2006-10-03,Home,Shopping Centre,Bicycle,9.81,39.2,0.0,Local
2006-10-03,Shopping Centre,Cinema,Tram,4.88,14.6,292.8,Local
2006-10-08,Home,Shopping Centre,Tram,16.55,49.6,993.0,Local
2006-10-14,Home,Grandparents' House,Bicycle,5.06,20.2,0.0,Local
2006-10-17,Home,Shopping Centre,Tram,17.72,53.2,1063.2,Local
2006-10-18,Home,Grandparents' House,Car,9.07,13.6,1741.4,Local
2006-10-19,Home,Park,Train,7.28,9.7,298.5,Local
2006-10-21,Home,Cinema,Bus,10.64,25.5,1117.2,Local
2006-10-27,Home,Shopping Centre,Tram,7.8,23.4,468.0,Local
2006-10-28,Home,Cinema,Tram,11.87,35.6,712.2,Local
2006-10-29,Home,Park,Bus,13.56,32.5,1423.8,Local
2006-11-02,Home,Shopping Centre,Tram,7.18,21.5,430.8,Local
2006-11-06,Home,Cinema,Train,18.49,24.7,758.1,Local
2006-11-06,Cinema,Home,Train,15.74,21.0,645.3,Local
2006-11-08,Home,Shopping Centre,Bus,11.09,26.6,1164.5,Local
2006-11-10,Home,Cinema,Car,14.67,22.0,2816.6,Local
2006-11-13,Home,Shopping Centre,Tram,7.15,21.5,429.0,Local
2006-11-14,Home,Grandparents' House,Tram,13.07,39.2,784.2,Local
2006-11-16,Home,Shopping Centre,Bicycle,8.88,35.5,0.0,Local
2006-11-17,Home,Shopping Centre,Bus,9.04,21.7,949.2,Local
2006-11-17,Shopping Centre,Park,Bicycle,3.79,15.2,0.0,Local
2006-11-18,Home,Park,Bicycle,16.97,67.9,0.0,Local
2006-11-18,Park,Grandparents' House,Walk,1.97,23.6,0.0,Local
2006-11-20,Home,Cinema,Walk,11.38,136.6,0.0,Local
2006-11-23,Home,Shopping Centre,Tram,14.24,42.7,854.4,Local
2006-11-27,Home,Park,Car,9.14,13.7,1754.9,Local
2006-11-28,Home,Cinema,Car,7.42,11.1,1424.6,Local
2006-11-30,Home,Grandparents' House,Bus,18.76,45.0,1969.8,Local
2006-12-04,Home,Grandparents' House,Bus,16.97,40.7,1781.8,Local
2006-12-08,Home,Park,Tram,17.54,52.6,1052.4,Local
2006-12-09,Home,Park,Walk,6.36,76.3,0.0,Local
2006-12-09,Park,Cinema,Bus,4.92,11.8,516.6,Local
2006-12-10,Home,Shopping Centre,Train,10.36,13.8,424.8,Local
2006-12-13,Park,Shopping Centre,Train,5.27,7.0,216.1,Local
2006-12-13,Home,Park,Bus,11.49,27.6,1206.5,Local
2006-12-17,Home,Shopping Centre,Bicycle,12.34,49.4,0.0,Local
2006-12-17,Shopping Centre,Grandparents' House,Bus,2.64,6.3,277.2,Local
2006-12-18,Home,Cinema,Bicycle,11.86,47.4,0.0,Local
2006-12-18,Cinema,Home,Bicycle,16.55,66.2,0.0,Local
2006-12-20,Home,Park,Car,14.82,22.2,2845.4,Local
2006-12-20,Park,Home,Tram,12.62,37.9,757.2,Local
2006-12-23,Home,Shopping Centre,Walk,19.46,233.5,0.0,Local
2006-12-25,Shopping Centre,Cinema,Tram,4.71,14.1,282.6,Local
2006-12-25,Home,Shopping Centre,Tram,5.62,16.9,337.2,Local
2006-12-28,Home,Grandparents' House,Train,12.29,16.4,503.9,Local
2006-12-29,Home,Cinema,Walk,10.58,127.0,0.0,Local
2006-12-30,Home,Cinema,Car,13.43,20.1,2578.6,Local
2007-01-02,Home,Grandparents' House,Bus,10.67,25.6,1120.3,Local
2007-01-04,Home,Park,Train,16.66,22.2,683.1,Local
2007-01-08,Home,Park,Bicycle,14.87,59.5,0.0,Local
2007-01-10,Home,Park,Car,5.58,8.4,1071.4,Local
2007-01-13,Home,Park,Bicycle,8.94,35.8,0.0,Local
2007-01-15,Home,Cinema,Bicycle,16.49,66.0,0.0,Local
2007-01-17,Home,Shopping Centre,Bicycle,9.57,38.3,0.0,Local
2007-01-18,Home,Shopping Centre,Train,6.61,8.8,271.0,Local
2007-01-18,Shopping Centre,Park,Tram,1.34,4.0,80.4,Local
2007-01-19,Home,Cinema,Bicycle,6.96,27.8,0.0,Local
2007-01-21,Home,Shopping Centre,Walk,14.66,175.9,0.0,Local
2007-01-21,Shopping Centre,Park,Car,0.73,1.1,140.2,Local
2007-01-22,Home,Cinema,Bicycle,11.66,46.6,0.0,Local
2007-01-27,Home,Shopping Centre,Tram,6.22,18.7,373.2,Local
2007-01-30,Home,Park,Tram,14.94,44.8,896.4,Local
2007-02-01,Home,Grandparents' House,Train,9.73,13.0,398.9,Local
2007-02-01,Grandparents' House,Shopping Centre,Car,2.28,3.4,437.8,Local
2007-02-04,Home,Park,Bus,12.7,30.5,1333.5,Local
2007-02-09,Home,Grandparents' House,Car,14.48,21.7,2780.2,Local
2007-02-24,Home,Cinema,Tram,5.79,17.4,347.4,Local
2007-02-24,Cinema,Home,Car,19.0,28.5,3648.0,Local
2007-02-25,Home,Park,Bicycle,19.09,76.4,0.0,Local
2007-02-25,Park,Grandparents' House,Bus,4.77,11.4,500.8,Local
2007-02-28,Home,Park,Bicycle,6.53,26.1,0.0,Local
2007-03-03,Home,Grandparents' House,Walk,12.77,153.2,0.0,Local
2007-03-05,Home,Grandparents' House,Walk,16.94,203.3,0.0,Local
2007-03-06,Home,Park,Bus,11.89,28.5,1248.5,Local
2007-03-06,Park,Cinema,Bicycle,1.56,6.2,0.0,Local
2007-03-23,Home,Park,Car,16.06,24.1,3083.5,Local
2007-03-25,Home,Shopping Centre,Bus,15.43,37.0,1620.1,Local
2007-03-26,Home,Cinema,Tram,19.16,57.5,1149.6,Local
2007-03-26,Cinema,Park,Walk,5.28,63.4,0.0,Local
2007-03-30,Park,Home,Car,5.1,7.7,979.2,Local
2007-03-30,Home,Park,Walk,5.33,64.0,0.0,Local
2007-04-01,Home,Cinema,Bus,5.18,12.4,543.9,Local
2007-04-02,Home,Shopping Centre,Bus,16.44,39.5,1726.2,Local
2007-04-02,Shopping Centre,Park,Train,2.17,2.9,89.0,Local
2007-04-07,Home,Grandparents' House,Walk,16.51,198.1,0.0,Local
2007-04-08,Home,Grandparents' House,Car,18.82,28.2,3613.4,Local
2007-04-10,Home,Grandparents' House,Walk,19.47,233.6,0.0,Local
2007-04-12,Home,Cinema,Car,15.79,23.7,3031.7,Local
2007-04-12,Cinema,Grandparents' House,Bicycle,5.9,23.6,0.0,Local
2007-04-13,Home,Grandparents' House,Train,18.57,24.8,761.4,Local
2007-04-15,Home,Grandparents' House,Bus,8.6,20.6,903.0,Local
2007-04-15,Grandparents' House,Shopping Centre,Bicycle,6.81,27.2,0.0,Local
2007-04-16,Home,Shopping Centre,Bicycle,16.91,67.6,0.0,Local
2007-04-17,Home,Grandparents' House,Tram,19.74,59.2,1184.4,Local
2007-04-18,Home,Shopping Centre,Train,14.36,19.1,588.8,Local
2007-04-20,Home,Shopping Centre,Bicycle,5.93,23.7,0.0,Local
2007-04-26,Park,Shopping Centre,Bus,4.2,10.1,441.0,Local
2007-04-26,Home,Park,Train,19.15,25.5,785.1,Local
2007-04-27,Home,Shopping Centre,Walk,13.91,166.9,0.0,Local
2007-04-30,Home,Shopping Centre,Walk,6.16,73.9,0.0,Local
2007-04-30,Shopping Centre,Home,Walk,5.44,65.3,0.0,Local
2007-05-01,Home,Park,Walk,15.03,180.4,0.0,Local
2007-05-01,Park,Grandparents' House,Bus,7.12,17.1,747.6,Local
2007-05-04,Home,Park,Car,12.39,18.6,2378.9,Local
2007-05-04,Park,Cinema,Car,2.31,3.5,443.5,Local
2007-05-05,Home,Cinema,Tram,18.23,54.7,1093.8,Local
2007-05-06,Home,Park,Bicycle,7.18,28.7,0.0,Local
2007-05-07,Home,Park,Car,19.89,29.8,3818.9,Local
2007-05-07,Park,Shopping Centre,Bicycle,2.68,10.7,0.0,Local
2007-05-10,Home,Shopping Centre,Tram,16.9,50.7,1014.0,Local
2007-05-11,Home,Grandparents' House,Train,13.58,18.1,556.8,Local
2007-05-11,Grandparents' House,Park,Bus,1.57,3.8,164.8,Local
2007-05-12,Home,Park,Car,13.22,19.8,2538.2,Local
2007-05-12,Park,Grandparents' House,Tram,1.19,3.6,71.4,Local
2007-05-13,Home,Cinema,Tram,6.36,19.1,381.6,Local
2007-05-14,Grandparents' House,Cinema,Tram,7.3,21.9,438.0,Local
2007-05-14,Home,Grandparents' House,Walk,18.18,218.2,0.0,Local
2007-05-15,Home,Cinema,Walk,13.2,158.4,0.0,Local
2007-05-22,Home,Shopping Centre,Car,5.5,8.2,1056.0,Local
2007-05-23,Home,Shopping Centre,Train,5.55,7.4,227.5,Local
2007-05-24,Home,Shopping Centre,Bus,16.51,39.6,1733.6,Local
2007-05-28,Home,Cinema,Tram,5.83,17.5,349.8,Local
2007-05-28,Cinema,Shopping Centre,Tram,2.38,7.1,142.8,Local
2007-05-30,Home,Grandparents' House,Car,12.08,18.1,2319.4,Local
2007-06-01,Home,Park,Tram,12.18,36.5,730.8,Local
2007-06-01,Park,Home,Car,14.58,21.9,2799.4,Local
2007-06-03,Home,Cinema,Car,14.82,22.2,2845.4,Local
2007-06-04,Home,Cinema,Train,5.33,7.1,218.5,Local
2007-06-05,Home,Park,Car,19.45,29.2,3734.4,Local
2007-06-06,Home,Shopping Centre,Bus,6.97,16.7,731.9,Local
2007-06-07,Home,Shopping Centre,Bicycle,9.07,36.3,0.0,Local
2007-06-07,Shopping Centre,Grandparents' House,Walk,2.54,30.5,0.0,Local
2007-06-10,Shopping Centre,Home,Tram,14.08,42.2,844.8,Local
2007-06-10,Home,Shopping Centre,Walk,7.68,92.2,0.0,Local
2007-06-11,Home,Shopping Centre,Walk,5.87,70.4,0.0,Local
2007-06-14,Home,Grandparents' House,Car,19.1,28.7,3667.2,Local
2007-06-14,Grandparents' House,Park,Bus,4.99,12.0,524.0,Local
2007-06-17,Home,Shopping Centre,Train,6.5,8.7,266.5,Local
2007-06-18,Home,Grandparents' House,Bus,5.13,12.3,538.6,Local
2007-06-19,Home,Park,Bicycle,13.47,53.9,0.0,Local
2007-06-21,Home,Park,Train,11.96,15.9,490.4,Local
2007-06-22,Home,Cinema,Car,14.29,21.4,2743.7,Local
2007-06-27,Home,Grandparents' House,Tram,5.07,15.2,304.2,Local
2007-06-29,Home,Shopping Centre,Tram,11.74,35.2,704.4,Local
2007-07-03,Home,Library,Walk,15.67,188.0,0.0,Local
2007-07-04,Home,Cinema,Tram,13.95,41.9,837.0,Local
2007-07-05,Home,Friend's Place,Bus,10.33,24.8,1084.7,Local
2007-07-05,Friend's Place,Shopping Centre,Walk,7.48,89.8,0.0,Local
2007-07-07,Friend's Place,Cinema,Tram,1.12,3.4,67.2,Local
2007-07-07,Home,Friend's Place,Bus,8.93,21.4,937.6,Local
2007-07-08,Home,Park,Tram,9.04,27.1,542.4,Local
2007-07-09,Home,Library,Bus,12.71,30.5,1334.6,Local
2007-07-10,Home,Cinema,Walk,10.4,124.8,0.0,Local
2007-07-10,Cinema,Park,Walk,4.28,51.4,0.0,Local
2007-07-10,Park,Cinema,Train,3.89,5.2,159.5,Local
2007-07-11,Home,Cinema,Tram,6.47,19.4,388.2,Local
2007-07-11,Cinema,Library,Car,3.5,5.2,672.0,Local
2007-07-12,Home,Park,Walk,5.38,64.6,0.0,Local
2007-07-12,Park,Friend's Place,Bicycle,4.8,19.2,0.0,Local
2007-07-12,Friend's Place,Cinema,Bicycle,1.59,6.4,0.0,Local
2007-07-13,Home,Library,Tram,16.46,49.4,987.6,Local
2007-07-14,Library,Park,Bicycle,3.35,13.4,0.0,Local
2007-07-14,Shopping Centre,Library,Bicycle,7.71,30.8,0.0,Local
2007-07-14,Home,Shopping Centre,Walk,7.58,91.0,0.0,Local
2007-07-15,Home,Shopping Centre,Tram,6.12,18.4,367.2,Local
2007-07-15,Shopping Centre,School,Car,6.5,9.8,1248.0,Local
2007-07-16,Home,Library,Tram,19.46,58.4,1167.6,Local
2007-07-16,Library,Cinema,Train,7.95,10.6,325.9,Local
2007-07-17,Melbourne,New York,Flight,16000.0,1066.7,2100000.0,International-Out
2007-07-21,Home,Cinema,Car,9.72,14.6,1866.2,Local
2007-07-21,Cinema,Home,Tram,5.98,17.9,358.8,Local
2007-07-22,Home,Park,Car,19.48,29.2,3740.2,Local
2007-07-23,Home,Park,Bus,10.81,25.9,1135.0,Local
2007-07-24,New York,Melbourne,Flight,16000.0,1066.7,2100000.0,International-Return
2007-07-25,Home,Friend's Place,Train,19.0,25.3,779.0,Local
2007-07-25,Friend's Place,Home,Walk,8.17,98.0,0.0,Local
2007-07-25,Home,Library,Walk,12.61,151.3,0.0,Local
2007-07-26,Home,Cinema,Walk,8.23,98.8,0.0,Local
2007-07-26,Cinema,Library,Walk,3.26,39.1,0.0,Local
2007-07-27,Home,Shopping Centre,Bus,13.87,33.3,1456.3,Local
2007-07-28,Home,Park,Tram,18.41,55.2,1104.6,Local
2007-07-29,Home,Cinema,Bicycle,12.56,50.2,0.0,Local
2007-07-31,Home,School,Bus,6.61,15.9,694.1,Local
2007-07-31,School,Home,Car,13.84,20.8,2657.3,Local
2007-07-31,Home,Shopping Centre,Bicycle,7.92,31.7,0.0,Local
2007-08-01,Home,School,Bus,15.81,37.9,1660.0,Local
2007-08-02,Friend's Place,School,Train,1.46,1.9,59.9,Local
2007-08-02,Home,Cinema,Train,11.55,15.4,473.6,Local
2007-08-02,Cinema,Friend's Place,Car,4.68,7.0,898.6,Local
2007-08-03,Home,Shopping Centre,Bus,6.6,15.8,693.0,Local
2007-08-05,Home,Shopping Centre,Bus,11.55,27.7,1212.8,Local
2007-08-06,Home,Friend's Place,Tram,14.49,43.5,869.4,Local
2007-08-06,Friend's Place,Home,Bicycle,19.89,79.6,0.0,Local
2007-08-07,Home,Shopping Centre,Tram,18.23,54.7,1093.8,Local
2007-08-08,Home,Library,Tram,6.12,18.4,367.2,Local
2007-08-08,Library,School,Bus,2.57,6.2,269.8,Local
2007-08-09,Home,School,Train,16.29,21.7,667.9,Local
2007-08-10,Home,School,Bicycle,8.91,35.6,0.0,Local
2007-08-11,Home,Shopping Centre,Tram,14.02,42.1,841.2,Local
2007-08-11,Shopping Centre,Park,Tram,7.43,22.3,445.8,Local
2007-08-11,Park,Home,Tram,6.75,20.2,405.0,Local
2007-08-13,Home,School,Tram,9.53,28.6,571.8,Local
2007-08-13,School,Library,Walk,6.39,76.7,0.0,Local
2007-08-14,Library,Home,Train,18.45,24.6,756.4,Local
2007-08-14,Home,Library,Tram,17.7,53.1,1062.0,Local
2007-08-15,Home,Park,Bus,15.6,37.4,1638.0,Local
2007-08-16,Home,Shopping Centre,Bicycle,17.74,71.0,0.0,Local
2007-08-16,Shopping Centre,Cinema,Train,0.86,1.1,35.3,Local
2007-08-19,Home,School,Walk,6.02,72.2,0.0,Local
2007-08-19,School,Friend's Place,Car,0.6,0.9,115.2,Local
2007-08-20,Home,Park,Bus,10.39,24.9,1091.0,Local
2007-08-21,Home,Cinema,Car,5.81,8.7,1115.5,Local
2007-08-21,Cinema,School,Train,7.2,9.6,295.2,Local
2007-08-22,Home,Park,Train,17.81,23.7,730.2,Local
2007-08-23,Home,Cinema,Bicycle,12.35,49.4,0.0,Local
2007-08-25,Home,Friend's Place,Train,12.71,16.9,521.1,Local
2007-08-26,Home,Park,Train,17.06,22.7,699.5,Local
2007-08-28,Home,Park,Walk,15.64,187.7,0.0,Local
2007-08-28,Park,Friend's Place,Train,3.74,5.0,153.3,Local
2007-08-28,Friend's Place,School,Car,0.63,0.9,121.0,Local
2007-08-29,Home,Library,Walk,6.7,80.4,0.0,Local
2007-08-30,Home,School,Bus,8.34,20.0,875.7,Local
2007-08-31,Home,Park,Bus,6.91,16.6,725.6,Local
2007-09-02,Library,Friend's Place,Bus,1.65,4.0,173.2,Local
2007-09-02,Home,Library,Tram,15.71,47.1,942.6,Local
2007-09-03,Home,Cinema,Walk,5.43,65.2,0.0,Local
2007-09-04,Home,Library,Train,12.16,16.2,498.6,Local
2007-09-04,Library,Home,Car,18.01,27.0,3457.9,Local
2007-09-04,Home,School,Bus,19.62,47.1,2060.1,Local
2007-09-05,Home,Park,Bus,15.92,38.2,1671.6,Local
2007-09-06,Home,Shopping Centre,Walk,15.06,180.7,0.0,Local
2007-09-06,Shopping Centre,School,Car,3.46,5.2,664.3,Local
2007-09-06,School,Library,Walk,5.63,67.6,0.0,Local
2007-09-07,Home,Library,Bus,5.52,13.2,579.6,Local
2007-09-07,Library,Park,Car,1.96,2.9,376.3,Local
2007-09-09,Home,School,Train,10.85,14.5,444.8,Local
2007-09-10,Home,Shopping Centre,Car,15.05,22.6,2889.6,Local
2007-09-10,Shopping Centre,Cinema,Bus,1.2,2.9,126.0,Local
2007-09-10,Cinema,Park,Bicycle,7.62,30.5,0.0,Local
2007-09-11,Home,Cinema,Train,16.83,22.4,690.0,Local
2007-09-12,Library,Cinema,Walk,3.67,44.0,0.0,Local
2007-09-12,Home,Library,Bicycle,17.68,70.7,0.0,Local
2007-09-13,Home,Library,Walk,16.46,197.5,0.0,Local
2007-09-14,Home,Park,Bicycle,12.77,51.1,0.0,Local
2007-09-15,Home,Cinema,Car,16.93,25.4,3250.6,Local
2007-09-16,Home,Cinema,Walk,11.48,137.8,0.0,Local
2007-09-16,Cinema,Shopping Centre,Bicycle,7.04,28.2,0.0,Local
2007-09-17,Home,Park,Bicycle,11.6,46.4,0.0,Local
2007-09-18,Home,School,Car,5.55,8.3,1065.6,Local
2007-09-19,Home,Library,Tram,13.83,41.5,829.8,Local
2007-09-20,Home,Shopping Centre,Bicycle,18.16,72.6,0.0,Local
2007-09-21,Home,Shopping Centre,Car,7.48,11.2,1436.2,Local
2007-09-22,Home,Friend's Place,Bicycle,5.02,20.1,0.0,Local
2007-09-23,Home,Shopping Centre,Train,6.08,8.1,249.3,Local
2007-09-23,Shopping Centre,School,Bicycle,0.69,2.8,0.0,Local
2007-09-24,Home,Friend's Place,Train,10.08,13.4,413.3,Local
2007-09-24,Friend's Place,Shopping Centre,Walk,1.87,22.4,0.0,Local
2007-09-25,Home,Library,Car,6.69,10.0,1284.5,Local
2007-09-26,Home,Friend's Place,Walk,13.16,157.9,0.0,Local
2007-09-27,Home,Cinema,Bicycle,19.36,77.4,0.0,Local
2007-09-29,Home,Library,Train,16.83,22.4,690.0,Local
2007-09-30,Home,Friend's Place,Bicycle,15.72,62.9,0.0,Local
2007-10-02,Home,School,Car,14.67,22.0,2816.6,Local
2007-10-03,Home,Cinema,Bus,8.65,20.8,908.2,Local
2007-10-04,Home,Cinema,Train,11.16,14.9,457.6,Local
2007-10-04,Cinema,Shopping Centre,Car,2.8,4.2,537.6,Local
2007-10-05,Home,Library,Bus,11.74,28.2,1232.7,Local
2007-10-05,Library,Shopping Centre,Car,5.92,8.9,1136.6,Local
2007-10-06,School,Cinema,Tram,3.49,10.5,209.4,Local
2007-10-06,Home,Shopping Centre,Tram,9.03,27.1,541.8,Local
2007-10-06,Shopping Centre,School,Bus,6.69,16.1,702.5,Local
2007-10-07,Home,Friend's Place,Bus,12.8,30.7,1344.0,Local
2007-10-09,Home,Friend's Place,Bus,14.61,35.1,1534.0,Local
2007-10-12,Home,School,Walk,6.38,76.6,0.0,Local
2007-10-12,School,Cinema,Bus,5.35,12.8,561.8,Local
2007-10-13,Home,Friend's Place,Walk,9.09,109.1,0.0,Local
2007-10-14,Home,Park,Train,13.93,18.6,571.1,Local
2007-10-15,Home,Cinema,Car,11.97,18.0,2298.2,Local
2007-10-17,Home,Park,Bicycle,14.09,56.4,0.0,Local
2007-10-18,Home,Cinema,Car,14.06,21.1,2699.5,Local
2007-10-18,Cinema,Library,Tram,6.47,19.4,388.2,Local
2007-10-19,Home,Park,Bus,9.39,22.5,986.0,Local
2007-10-19,Park,Shopping Centre,Train,1.88,2.5,77.1,Local
2007-10-22,Home,Shopping Centre,Bicycle,17.08,68.3,0.0,Local
2007-10-23,Home,Cinema,Car,9.81,14.7,1883.5,Local
2007-10-23,Cinema,Shopping Centre,Bicycle,3.21,12.8,0.0,Local
2007-10-24,Friend's Place,School,Car,0.54,0.8,103.7,Local
2007-10-24,Home,Friend's Place,Bicycle,8.75,35.0,0.0,Local
2007-10-25,Home,Cinema,Walk,5.05,60.6,0.0,Local
2007-10-26,Home,Library,Train,11.77,15.7,482.6,Local
2007-10-27,Home,Friend's Place,Bicycle,5.52,22.1,0.0,Local
2007-10-27,Friend's Place,Library,Bus,1.51,3.6,158.6,Local
2007-10-28,Home,Cinema,Bus,13.43,32.2,1410.1,Local
2007-10-28,Cinema,School,Bicycle,1.07,4.3,0.0,Local
2007-10-29,Home,Shopping Centre,Bus,7.59,18.2,796.9,Local
2007-10-30,Home,Shopping Centre,Tram,7.3,21.9,438.0,Local
2007-10-31,Home,School,Car,6.86,10.3,1317.1,Local
2007-11-02,Home,Friend's Place,Walk,8.29,99.5,0.0,Local
2007-11-04,Home,Park,Bicycle,11.98,47.9,0.0,Local
2007-11-05,Home,School,Bicycle,19.88,79.5,0.0,Local
2007-11-06,Home,Shopping Centre,Walk,5.37,64.4,0.0,Local
2007-11-06,Shopping Centre,School,Tram,7.31,21.9,438.6,Local
2007-11-07,Library,Park,Bus,6.42,15.4,674.1,Local
2007-11-07,Park,Friend's Place,Walk,2.37,28.4,0.0,Local
2007-11-07,Home,Library,Train,10.36,13.8,424.8,Local
2007-11-08,Home,Library,Tram,13.86,41.6,831.6,Local
2007-11-09,Home,Park,Bus,9.94,23.9,1043.7,Local
2007-11-09,Park,Shopping Centre,Bus,5.59,13.4,586.9,Local
2007-11-10,Home,Park,Bicycle,8.21,32.8,0.0,Local
2007-11-10,Park,Library,Bus,6.06,14.5,636.3,Local
2007-11-11,Home,Shopping Centre,Bicycle,9.61,38.4,0.0,Local
2007-11-12,Home,Park,Car,10.59,15.9,2033.3,Local
2007-11-13,Home,Park,Bicycle,19.35,77.4,0.0,Local
2007-11-15,Home,Park,Train,17.72,23.6,726.5,Local
2007-11-16,Home,Friend's Place,Car,5.68,8.5,1090.6,Local
2007-11-16,Friend's Place,Cinema,Car,2.02,3.0,387.8,Local
2007-11-16,Cinema,Library,Tram,6.18,18.5,370.8,Local
2007-11-17,Home,School,Bicycle,15.13,60.5,0.0,Local
2007-11-18,Home,Shopping Centre,Bus,17.74,42.6,1862.7,Local
2007-11-20,Home,Shopping Centre,Train,11.88,15.8,487.1,Local
2007-11-21,Home,Shopping Centre,Bus,10.65,25.6,1118.2,Local
2007-11-22,School,Friend's Place,Car,2.16,3.2,414.7,Local
2007-11-22,Home,School,Bus,17.19,41.3,1805.0,Local
2007-11-23,Home,Park,Car,11.59,17.4,2225.3,Local
2007-11-24,Home,Park,Bus,19.81,47.5,2080.0,Local
2007-11-26,Home,Cinema,Bus,19.65,47.2,2063.2,Local
2007-11-27,Home,Park,Walk,14.7,176.4,0.0,Local
2007-11-30,Home,Friend's Place,Car,7.2,10.8,1382.4,Local
2007-11-30,Friend's Place,Shopping Centre,Tram,2.86,8.6,171.6,Local
2007-12-02,Home,Friend's Place,Bicycle,17.6,70.4,0.0,Local
2007-12-03,Home,School,Bicycle,8.83,35.3,0.0,Local
2007-12-06,Home,Library,Bus,9.62,23.1,1010.1,Local
2007-12-07,Home,Park,Train,9.11,12.1,373.5,Local
2007-12-08,Home,Library,Car,5.26,7.9,1009.9,Local
2007-12-10,Home,Shopping Centre,Walk,19.26,231.1,0.0,Local
2007-12-10,Shopping Centre,Friend's Place,Bicycle,1.55,6.2,0.0,Local
2007-12-10,Friend's Place,School,Train,4.13,5.5,169.3,Local
2007-12-11,Home,Friend's Place,Tram,17.77,53.3,1066.2,Local
2007-12-12,Home,Shopping Centre,Car,18.74,28.1,3598.1,Local
2007-12-12,Shopping Centre,Home,Bus,6.37,15.3,668.9,Local
2007-12-15,Friend's Place,School,Walk,3.93,47.2,0.0,Local
2007-12-15,Home,Friend's Place,Train,13.88,18.5,569.1,Local
2007-12-16,Home,Park,Tram,7.37,22.1,442.2,Local
2007-12-17,Home,Friend's Place,Bus,12.81,30.7,1345.0,Local
2007-12-17,Friend's Place,Cinema,Tram,6.56,19.7,393.6,Local
2007-12-17,Cinema,Friend's Place,Bus,7.42,17.8,779.1,Local
2007-12-18,Home,Library,Bus,11.08,26.6,1163.4,Local
2007-12-19,Home,Cinema,Car,14.3,21.5,2745.6,Local
2007-12-20,Home,School,Bicycle,6.98,27.9,0.0,Local
2007-12-21,Home,Cinema,Bicycle,7.6,30.4,0.0,Local
2007-12-22,Home,Shopping Centre,Walk,7.72,92.6,0.0,Local
2007-12-22,Shopping Centre,Library,Tram,6.95,20.9,417.0,Local
2007-12-23,Home,Library,Walk,11.25,135.0,0.0,Local
2007-12-24,Home,Library,Car,13.38,20.1,2569.0,Local
2007-12-25,Home,Shopping Centre,Tram,16.86,50.6,1011.6,Local
2007-12-28,Home,Friend's Place,Train,14.53,19.4,595.7,Local
2007-12-29,Home,Park,Walk,14.93,179.2,0.0,Local
2007-12-29,Park,Shopping Centre,Bicycle,6.8,27.2,0.0,Local
2007-12-30,Friend's Place,Library,Bicycle,5.16,20.6,0.0,Local
2007-12-30,Home,Friend's Place,Walk,17.66,211.9,0.0,Local
2008-01-01,Home,School,Tram,7.3,21.9,438.0,Local
2008-01-03,Home,School,Bus,17.49,42.0,1836.4,Local
2008-01-04,Home,School,Walk,8.74,104.9,0.0,Local
2008-01-05,Home,Park,Walk,13.84,166.1,0.0,Local
2008-01-07,Home,Cinema,Bicycle,8.23,32.9,0.0,Local
2008-01-07,Cinema,Shopping Centre,Walk,3.1,37.2,0.0,Local
2008-01-08,Friend's Place,Cinema,Car,1.08,1.6,207.4,Local
2008-01-08,Cinema,Friend's Place,Bicycle,3.7,14.8,0.0,Local
2008-01-08,Home,Friend's Place,Train,8.25,11.0,338.2,Local
2008-01-09,Home,Shopping Centre,Bicycle,12.69,50.8,0.0,Local
2008-01-10,Home,Park,Train,17.3,23.1,709.3,Local
2008-01-12,Home,Shopping Centre,Walk,10.08,121.0,0.0,Local
2008-01-13,Home,Library,Train,11.68,15.6,478.9,Local
2008-01-14,Home,School,Car,19.25,28.9,3696.0,Local
2008-01-16,Home,Cinema,Walk,12.49,149.9,0.0,Local
2008-01-17,Home,Park,Car,10.06,15.1,1931.5,Local
2008-01-17,Park,Cinema,Walk,2.58,31.0,0.0,Local
2008-01-18,Home,Park,Bicycle,16.78,67.1,0.0,Local
2008-01-18,Park,Friend's Place,Bicycle,2.79,11.2,0.0,Local
2008-01-19,Home,Friend's Place,Tram,8.4,25.2,504.0,Local
2008-01-20,Home,Friend's Place,Bicycle,8.46,33.8,0.0,Local
2008-01-20,Friend's Place,Shopping Centre,Car,3.24,4.9,622.1,Local
2008-01-21,Home,Cinema,Walk,7.12,85.4,0.0,Local
2008-01-22,Home,Cinema,Bus,11.56,27.7,1213.8,Local
2008-01-24,Home,School,Tram,9.54,28.6,572.4,Local
2008-01-25,Home,Cinema,Bus,11.17,26.8,1172.8,Local
2008-01-25,Cinema,Home,Bus,14.6,35.0,1533.0,Local
2008-01-26,Home,Cinema,Bicycle,13.29,53.2,0.0,Local
2008-01-27,Home,Park,Train,10.24,13.7,419.8,Local
2008-01-27,Park,School,Bus,3.88,9.3,407.4,Local
2008-01-28,Home,Friend's Place,Car,14.33,21.5,2751.4,Local
2008-01-28,Friend's Place,Home,Tram,18.38,55.1,1102.8,Local
2008-01-29,School,Friend's Place,Bus,5.0,12.0,525.0,Local
2008-01-29,Home,School,Tram,5.18,15.5,310.8,Local
2008-01-30,Home,Library,Bus,11.07,26.6,1162.4,Local
2008-01-30,Library,School,Tram,2.86,8.6,171.6,Local
2008-02-03,Home,Park,Bicycle,10.98,43.9,0.0,Local
2008-02-05,Home,Park,Car,9.92,14.9,1904.6,Local
2008-02-05,Park,Cinema,Train,2.83,3.8,116.0,Local
2008-02-06,School,Park,Tram,4.27,12.8,256.2,Local
2008-02-06,Home,School,Walk,16.86,202.3,0.0,Local
2008-02-08,Home,Park,Walk,6.29,75.5,0.0,Local
2008-02-09,Park,Home,Walk,7.86,94.3,0.0,Local
2008-02-09,Home,Park,Train,6.53,8.7,267.7,Local
2008-02-10,Home,Friend's Place,Tram,11.77,35.3,706.2,Local
2008-02-10,Friend's Place,Shopping Centre,Tram,1.36,4.1,81.6,Local
2008-02-10,Shopping Centre,Friend's Place,Bus,7.35,17.6,771.8,Local
2008-02-12,Home,School,Bus,19.9,47.8,2089.5,Local
2008-02-14,Home,Friend's Place,Bus,13.18,31.6,1383.9,Local
2008-02-16,Home,Cinema,Car,18.34,27.5,3521.3,Local
2008-02-17,Cinema,Friend's Place,Bus,1.3,3.1,136.5,Local
2008-02-17,Home,Cinema,Bus,15.61,37.5,1639.0,Local
2008-02-18,Home,Library,Walk,17.87,214.4,0.0,Local
2008-02-19,Home,Shopping Centre,Bus,16.37,39.3,1718.9,Local
2008-02-19,Shopping Centre,School,Car,3.06,4.6,587.5,Local
2008-02-20,Home,Cinema,Car,8.48,12.7,1628.2,Local
2008-02-20,Cinema,Shopping Centre,Car,4.22,6.3,810.2,Local
2008-02-21,Home,School,Car,8.91,13.4,1710.7,Local
2008-02-23,Home,School,Tram,16.43,49.3,985.8,Local
2008-02-23,School,Shopping Centre,Tram,6.93,20.8,415.8,Local
2008-02-24,Home,Shopping Centre,Train,6.44,8.6,264.0,Local
2008-02-25,Home,Park,Car,19.72,29.6,3786.2,Local
2008-02-26,Home,Cinema,Train,11.81,15.7,484.2,Local
2008-02-27,Home,Friend's Place,Bicycle,16.9,67.6,0.0,Local
2008-02-28,Home,Friend's Place,Walk,16.69,200.3,0.0,Local
2008-02-29,Home,School,Car,10.17,15.3,1952.6,Local
2008-03-01,Home,Friend's Place,Bus,18.4,44.2,1932.0,Local
2008-03-01,Friend's Place,Library,Train,5.63,7.5,230.8,Local
2008-03-02,Home,Cinema,Walk,7.12,85.4,0.0,Local
2008-03-04,Home,Library,Car,12.48,18.7,2396.2,Local
2008-03-04,Library,Park,Bus,7.26,17.4,762.3,Local
2008-03-05,Home,Library,Car,16.99,25.5,3262.1,Local
2008-03-05,Library,Home,Bicycle,16.2,64.8,0.0,Local
2008-03-06,Home,Cinema,Bicycle,19.31,77.2,0.0,Local
2008-03-07,Home,Cinema,Tram,12.47,37.4,748.2,Local
2008-03-09,Home,Shopping Centre,Train,16.52,22.0,677.3,Local
2008-03-10,Cinema,Park,Car,1.27,1.9,243.8,Local
2008-03-10,Home,Cinema,Bus,16.84,40.4,1768.2,Local
2008-03-11,Home,Shopping Centre,Bus,5.76,13.8,604.8,Local
2008-03-12,Home,Library,Tram,18.1,54.3,1086.0,Local
2008-03-13,Home,Shopping Centre,Train,10.55,14.1,432.6,Local
2008-03-14,Home,Friend's Place,Train,14.81,19.7,607.2,Local
2008-03-14,Friend's Place,Home,Bus,14.17,34.0,1487.8,Local
2008-03-15,Home,Park,Walk,15.14,181.7,0.0,Local
2008-03-16,Home,Park,Bus,8.09,19.4,849.4,Local
2008-03-16,Park,School,Tram,2.01,6.0,120.6,Local
2008-03-16,School,Library,Tram,6.47,19.4,388.2,Local
2008-03-18,Home,Shopping Centre,Tram,19.19,57.6,1151.4,Local
2008-03-18,Shopping Centre,Friend's Place,Car,4.59,6.9,881.3,Local
2008-03-19,Home,Cinema,Tram,7.08,21.2,424.8,Local
2008-03-19,Cinema,Park,Tram,6.2,18.6,372.0,Local
2008-03-20,Home,Library,Train,10.72,14.3,439.5,Local
2008-03-21,Home,Park,Bicycle,7.17,28.7,0.0,Local
2008-03-21,Park,Shopping Centre,Tram,3.49,10.5,209.4,Local
2008-03-22,Home,Library,Tram,11.17,33.5,670.2,Local
2008-03-22,Library,Shopping Centre,Tram,0.81,2.4,48.6,Local
2008-03-23,Home,Park,Tram,13.03,39.1,781.8,Local
2008-03-24,Home,Cinema,Bus,15.19,36.5,1595.0,Local
2008-03-25,Home,Shopping Centre,Car,12.33,18.5,2367.4,Local
2008-03-25,Shopping Centre,School,Walk,5.04,60.5,0.0,Local
2008-03-25,School,Park,Train,2.16,2.9,88.6,Local
2008-03-26,Home,Park,Bus,18.07,43.4,1897.4,Local
2008-03-26,Park,Shopping Centre,Car,3.73,5.6,716.2,Local
2008-03-27,Home,Cinema,Bicycle,5.14,20.6,0.0,Local
2008-03-27,Cinema,Library,Car,1.16,1.7,222.7,Local
2008-03-28,Home,School,Walk,5.47,65.6,0.0,Local
2008-03-29,Home,Library,Bus,6.65,16.0,698.2,Local
2008-03-29,Library,Shopping Centre,Tram,0.5,1.5,30.0,Local
2008-03-30,Home,Cinema,Train,14.1,18.8,578.1,Local
2008-03-30,Cinema,Library,Walk,2.38,28.6,0.0,Local
2008-04-01,Home,Park,Tram,10.24,30.7,614.4,Local
2008-04-02,Home,Library,Walk,14.87,178.4,0.0,Local
2008-04-02,Library,Park,Bus,0.57,1.4,59.8,Local
2008-04-03,Home,Shopping Centre,Bicycle,10.73,42.9,0.0,Local
2008-04-04,Home,Library,Walk,16.65,199.8,0.0,Local
2008-04-05,Home,Cinema,Bus,12.59,30.2,1322.0,Local
2008-04-05,Cinema,School,Bus,1.05,2.5,110.2,Local
2008-04-05,School,Shopping Centre,Car,4.99,7.5,958.1,Local
2008-04-06,Home,Shopping Centre,Bicycle,9.09,36.4,0.0,Local
2008-04-07,Home,Library,Walk,10.14,121.7,0.0,Local
2008-04-08,Home,School,Tram,8.61,25.8,516.6,Local
2008-04-08,School,Park,Bus,5.69,13.7,597.5,Local
2008-04-08,Park,School,Train,5.33,7.1,218.5,Local
2008-04-10,Home,Park,Bicycle,12.42,49.7,0.0,Local
2008-04-11,Home,Shopping Centre,Tram,5.74,17.2,344.4,Local
2008-04-13,Home,School,Car,12.62,18.9,2423.0,Local
2008-04-14,Home,Shopping Centre,Car,13.34,20.0,2561.3,Local
2008-04-14,Shopping Centre,Park,Bus,4.31,10.3,452.5,Local
2008-04-15,Home,School,Bus,10.49,25.2,1101.5,Local
2008-04-15,School,Park,Bus,0.52,1.2,54.6,Local
2008-04-15,Park,Cinema,Walk,3.29,39.5,0.0,Local
2008-04-16,Home,Friend's Place,Train,16.15,21.5,662.1,Local
2008-04-17,Home,Friend's Place,Train,17.95,23.9,735.9,Local
2008-04-18,Home,School,Train,7.83,10.4,321.0,Local
2008-04-19,Home,School,Car,10.75,16.1,2064.0,Local
2008-04-20,Home,Park,Car,13.53,20.3,2597.8,Local
2008-04-21,Home,Shopping Centre,Walk,16.03,192.4,0.0,Local
2008-04-21,Shopping Centre,Friend's Place,Bicycle,4.87,19.5,0.0,Local
2008-04-21,Friend's Place,School,Tram,4.91,14.7,294.6,Local
2008-04-22,Home,Cinema,Bicycle,12.66,50.6,0.0,Local
2008-04-23,Library,Shopping Centre,Bus,7.07,17.0,742.4,Local
2008-04-23,Home,Library,Tram,9.4,28.2,564.0,Local
2008-04-24,Home,Park,Walk,11.86,142.3,0.0,Local
2008-04-26,Home,Shopping Centre,Train,8.13,10.8,333.3,Local
2008-04-27,Home,School,Tram,17.1,51.3,1026.0,Local
2008-04-28,Home,Cinema,Bicycle,18.21,72.8,0.0,Local
2008-04-29,Home,Cinema,Car,15.93,23.9,3058.6,Local
2008-04-30,Home,Cinema,Walk,19.92,239.0,0.0,Local
2008-05-01,Home,Shopping Centre,Walk,11.64,139.7,0.0,Local
2008-05-01,Shopping Centre,Park,Walk,1.05,12.6,0.0,Local
2008-05-02,Home,Shopping Centre,Walk,10.83,130.0,0.0,Local
2008-05-07,Home,Library,Walk,11.07,132.8,0.0,Local
2008-05-08,Home,Friend's Place,Tram,17.61,52.8,1056.6,Local
2008-05-10,Home,Shopping Centre,Tram,8.28,24.8,496.8,Local
2008-05-10,Shopping Centre,Cinema,Bus,7.54,18.1,791.7,Local
2008-05-11,Home,Cinema,Walk,10.68,128.2,0.0,Local
2008-05-13,Home,Friend's Place,Tram,15.94,47.8,956.4,Local
2008-05-14,Home,Park,Walk,9.85,118.2,0.0,Local
2008-05-15,Home,Cinema,Train,10.72,14.3,439.5,Local
2008-05-15,Cinema,School,Walk,6.24,74.9,0.0,Local
2008-05-16,Home,Shopping Centre,Train,18.89,25.2,774.5,Local
2008-05-16,Shopping Centre,Park,Bicycle,2.57,10.3,0.0,Local
2008-05-16,Park,Library,Car,4.79,7.2,919.7,Local
2008-05-17,Home,School,Train,19.21,25.6,787.6,Local
2008-05-18,Home,Library,Car,5.85,8.8,1123.2,Local
2008-05-18,Library,Home,Bicycle,6.57,26.3,0.0,Local
2008-05-19,Home,Cinema,Bus,7.43,17.8,780.1,Local
2008-05-20,Home,Friend's Place,Walk,17.94,215.3,0.0,Local
2008-05-20,Friend's Place,Home,Walk,10.19,122.3,0.0,Local
2008-05-22,Home,Friend's Place,Bus,12.24,29.4,1285.2,Local
2008-05-23,Home,Friend's Place,Bicycle,16.58,66.3,0.0,Local
2008-05-23,Friend's Place,Cinema,Car,2.44,3.7,468.5,Local
2008-05-24,Home,Park,Bus,19.86,47.7,2085.3,Local
2008-05-24,Park,Shopping Centre,Car,5.61,8.4,1077.1,Local
2008-05-26,Home,Library,Bus,9.26,22.2,972.3,Local
2008-05-26,Library,School,Bicycle,3.3,13.2,0.0,Local
2008-05-27,Home,Library,Walk,10.84,130.1,0.0,Local
2008-05-28,Home,Park,Car,14.67,22.0,2816.6,Local
2008-05-29,Home,School,Walk,17.95,215.4,0.0,Local
2008-05-30,Home,Shopping Centre,Walk,5.56,66.7,0.0,Local
2008-05-31,Home,Friend's Place,Train,6.88,9.2,282.1,Local
2008-06-01,Home,Library,Bicycle,7.57,30.3,0.0,Local
2008-06-01,Library,Park,Bicycle,4.22,16.9,0.0,Local
2008-06-01,Park,Home,Bicycle,8.12,32.5,0.0,Local
2008-06-02,Home,Cinema,Walk,5.04,60.5,0.0,Local
2008-06-03,Home,Friend's Place,Tram,19.69,59.1,1181.4,Local
2008-06-04,Home,Cinema,Train,19.74,26.3,809.3,Local
2008-06-05,Home,Shopping Centre,Bicycle,18.51,74.0,0.0,Local
2008-06-06,Home,Friend's Place,Train,15.5,20.7,635.5,Local
2008-06-08,Home,Library,Bicycle,16.14,64.6,0.0,Local
2008-06-08,Library,Friend's Place,Bus,2.48,6.0,260.4,Local
2008-06-09,Home,Cinema,Tram,15.96,47.9,957.6,Local
2008-06-09,Cinema,Shopping Centre,Train,2.01,2.7,82.4,Local
2008-06-09,Shopping Centre,Friend's Place,Walk,5.68,68.2,0.0,Local
2008-06-10,Home,Shopping Centre,Tram,8.18,24.5,490.8,Local
2008-06-11,Shopping Centre,School,Car,5.6,8.4,1075.2,Local
2008-06-11,Home,Shopping Centre,Walk,19.86,238.3,0.0,Local
2008-06-12,Home,School,Tram,14.92,44.8,895.2,Local
2008-06-13,Home,Friend's Place,Walk,5.28,63.4,0.0,Local
2008-06-14,Home,Park,Walk,14.73,176.8,0.0,Local
2008-06-15,Home,Shopping Centre,Car,19.97,30.0,3834.2,Local
2008-06-16,Home,Library,Train,6.95,9.3,284.9,Local
2008-06-16,Library,Friend's Place,Bus,1.93,4.6,202.7,Local
2008-06-17,Cinema,School,Bus,2.83,6.8,297.2,Local
2008-06-17,Home,Cinema,Car,17.34,26.0,3329.3,Local
2008-06-18,Park,Home,Walk,7.39,88.7,0.0,Local
2008-06-18,Home,Park,Tram,9.26,27.8,555.6,Local
2008-06-19,Home,School,Train,8.84,11.8,362.4,Local
2008-06-21,Home,Park,Bicycle,11.3,45.2,0.0,Local
2008-06-21,Park,School,Walk,5.89,70.7,0.0,Local
2008-06-21,School,Park,Bicycle,2.4,9.6,0.0,Local
2008-06-22,Home,Park,Tram,7.87,23.6,472.2,Local
2008-06-22,Park,Friend's Place,Tram,2.35,7.1,141.0,Local
2008-06-23,Home,Library,Tram,16.75,50.2,1005.0,Local
2008-06-23,Library,School,Car,5.11,7.7,981.1,Local
2008-06-24,Home,Cinema,Car,15.38,23.1,2953.0,Local
2008-06-25,Home,Cinema,Car,12.55,18.8,2409.6,Local
2008-06-26,Home,Library,Bus,14.46,34.7,1518.3,Local
2008-06-26,Library,Home,Tram,13.36,40.1,801.6,Local
2008-06-27,Home,Cinema,Walk,12.25,147.0,0.0,Local
2008-06-28,Home,Shopping Centre,Train,15.47,20.6,634.3,Local
2008-06-29,Home,Shopping Centre,Bicycle,14.97,59.9,0.0,Local
2008-06-30,Cinema,Home,Bus,18.43,44.2,1935.1,Local
2008-06-30,Home,Cinema,Bicycle,16.11,64.4,0.0,Local
2008-06-30,Home,Cinema,Train,5.13,6.8,210.3,Local
2008-07-01,Home,Park,Car,18.42,27.6,3536.6,Local
2008-07-02,Home,School,Bus,15.98,38.4,1677.9,Local
2008-07-03,Home,Library,Walk,10.1,121.2,0.0,Local
2008-07-03,Library,Shopping Centre,Tram,5.24,15.7,314.4,Local
2008-07-04,Home,School,Walk,6.59,79.1,0.0,Local
2008-07-05,Home,Park,Car,11.97,18.0,2298.2,Local
2008-07-05,Park,Friend's Place,Bus,4.23,10.2,444.2,Local
2008-07-06,Shopping Centre,School,Car,5.45,8.2,1046.4,Local
2008-07-06,Home,Library,Car,19.73,29.6,3788.2,Local
2008-07-06,Library,Shopping Centre,Bicycle,5.88,23.5,0.0,Local
2008-07-08,Home,Shopping Centre,Car,15.17,22.8,2912.6,Local
2008-07-09,Home,Friend's Place,Tram,6.61,19.8,396.6,Local
2008-07-10,Home,Cinema,Walk,19.94,239.3,0.0,Local
2008-07-12,Park,Library,Bicycle,2.06,8.2,0.0,Local
2008-07-12,Home,Friend's Place,Tram,12.51,37.5,750.6,Local
2008-07-12,Friend's Place,Park,Bicycle,3.16,12.6,0.0,Local
2008-07-13,Home,Park,Bicycle,19.29,77.2,0.0,Local
2008-07-14,Home,Library,Car,10.3,15.5,1977.6,Local
2008-07-15,Home,Shopping Centre,Car,19.14,28.7,3674.9,Local
2008-07-15,Shopping Centre,Library,Bus,4.1,9.8,430.5,Local
2008-07-15,Library,Friend's Place,Car,2.98,4.5,572.2,Local
2008-07-16,Home,Library,Walk,9.71,116.5,0.0,Local
2008-07-17,Home,Shopping Centre,Car,15.06,22.6,2891.5,Local
2008-07-19,Home,Park,Train,7.64,10.2,313.2,Local
2008-07-19,Park,School,Train,6.12,8.2,250.9,Local
2008-07-20,Home,Friend's Place,Train,10.47,14.0,429.3,Local
2008-07-20,Shopping Centre,Home,Walk,17.46,209.5,0.0,Local
2008-07-20,Home,Shopping Centre,Train,18.59,24.8,762.2,Local
2008-07-21,Home,Friend's Place,Car,16.92,25.4,3248.6,Local
2008-07-21,Friend's Place,Cinema,Walk,7.76,93.1,0.0,Local
2008-07-22,Home,Cinema,Train,16.9,22.5,692.9,Local
2008-07-22,Cinema,Friend's Place,Walk,5.14,61.7,0.0,Local
2008-07-27,Home,School,Tram,11.55,34.6,693.0,Local
2008-07-28,Friend's Place,School,Walk,6.81,81.7,0.0,Local
2008-07-28,Home,Friend's Place,Bicycle,12.58,50.3,0.0,Local
2008-07-29,School,Friend's Place,Bus,5.29,12.7,555.5,Local
2008-07-29,Home,School,Bus,9.66,23.2,1014.3,Local
2008-07-30,Home,Park,Bicycle,13.88,55.5,0.0,Local
2008-08-02,Home,Park,Bicycle,14.09,56.4,0.0,Local
2008-08-02,Park,Cinema,Tram,1.92,5.8,115.2,Local
2008-08-02,Cinema,Library,Bus,5.87,14.1,616.4,Local
2008-08-03,Home,Friend's Place,Bus,18.76,45.0,1969.8,Local
2008-08-05,Home,Library,Car,11.02,16.5,2115.8,Local
2008-08-05,Library,Home,Car,7.88,11.8,1513.0,Local
2008-08-06,Home,School,Bicycle,18.63,74.5,0.0,Local
2008-08-07,Home,Library,Train,9.23,12.3,378.4,Local
2008-08-07,Library,Home,Tram,9.79,29.4,587.4,Local
2008-08-07,Home,School,Bus,16.61,39.9,1744.0,Local
2008-08-08,Home,Cinema,Car,12.49,18.7,2398.1,Local
2008-08-10,Home,Cinema,Tram,11.86,35.6,711.6,Local
2008-08-10,Cinema,Shopping Centre,Bicycle,1.5,6.0,0.0,Local
2008-08-12,Home,Cinema,Bus,5.37,12.9,563.9,Local
2008-08-13,School,Home,Bus,5.17,12.4,542.9,Local
2008-08-13,Home,School,Bus,12.15,29.2,1275.8,Local
2008-08-14,Home,Friend's Place,Car,16.5,24.8,3168.0,Local
2008-08-17,Home,Library,Car,5.98,9.0,1148.2,Local
2008-08-18,Home,Shopping Centre,Train,19.49,26.0,799.1,Local
2008-08-19,Home,School,Bus,13.12,31.5,1377.6,Local
2008-08-22,Home,School,Car,19.25,28.9,3696.0,Local
2008-08-24,Home,Cinema,Walk,9.68,116.2,0.0,Local
2008-08-24,Cinema,School,Bus,3.34,8.0,350.7,Local
2008-08-25,Home,Shopping Centre,Bicycle,19.68,78.7,0.0,Local
2008-08-27,Home,Park,Car,13.76,20.6,2641.9,Local
2008-08-28,Home,Library,Train,14.68,19.6,601.9,Local
2008-08-28,Library,Shopping Centre,Bicycle,1.92,7.7,0.0,Local
2008-08-29,Home,Friend's Place,Bicycle,12.24,49.0,0.0,Local
2008-08-30,Home,Library,Bicycle,5.13,20.5,0.0,Local
2008-09-01,Home,Park,Bus,19.95,47.9,2094.8,Local
2008-09-03,Home,School,Tram,17.21,51.6,1032.6,Local
2008-09-04,Shopping Centre,School,Tram,7.95,23.9,477.0,Local
2008-09-04,Home,Shopping Centre,Bus,5.94,14.3,623.7,Local
2008-09-05,Friend's Place,Home,Bicycle,7.6,30.4,0.0,Local
2008-09-05,Home,Friend's Place,Walk,18.19,218.3,0.0,Local
2008-09-06,Home,Library,Train,18.8,25.1,770.8,Local
2008-09-06,Library,Home,Car,8.83,13.2,1695.4,Local
2008-09-07,Home,Friend's Place,Car,13.6,20.4,2611.2,Local
2008-09-08,Home,Park,Walk,18.79,225.5,0.0,Local
2008-09-08,Park,Home,Train,7.81,10.4,320.2,Local
2008-09-09,Home,Park,Walk,19.92,239.0,0.0,Local
2008-09-09,Park,Shopping Centre,Walk,3.07,36.8,0.0,Local
2008-09-10,Home,Friend's Place,Bus,15.71,37.7,1649.6,Local
2008-09-11,Home,Library,Tram,13.7,41.1,822.0,Local
2008-09-12,Home,Park,Walk,8.53,102.4,0.0,Local
2008-09-12,Park,Friend's Place,Walk,0.89,10.7,0.0,Local
2008-09-14,Home,Cinema,Bus,11.93,28.6,1252.6,Local
2008-09-15,Home,Friend's Place,Bus,6.78,16.3,711.9,Local
2008-09-15,Friend's Place,Library,Walk,1.2,14.4,0.0,Local
2008-09-15,Library,Shopping Centre,Bicycle,2.49,10.0,0.0,Local
2008-09-17,Home,School,Walk,10.82,129.8,0.0,Local
2008-09-18,Home,Library,Bicycle,19.79,79.2,0.0,Local
2008-09-19,Home,Shopping Centre,Tram,15.18,45.5,910.8,Local
2008-09-20,Home,Library,Bicycle,17.36,69.4,0.0,Local
2008-09-20,Library,Park,Bus,2.89,6.9,303.4,Local
2008-09-21,Home,School,Bicycle,12.57,50.3,0.0,Local
2008-09-22,Home,Shopping Centre,Walk,18.11,217.3,0.0,Local
2008-09-23,Home,Library,Bicycle,8.23,32.9,0.0,Local
2008-09-24,Home,School,Walk,10.34,124.1,0.0,Local
2008-09-24,School,Park,Car,4.33,6.5,831.4,Local
2008-09-25,Home,Shopping Centre,Train,5.63,7.5,230.8,Local
2008-09-26,Cinema,Park,Bus,1.57,3.8,164.8,Local
2008-09-26,Home,Cinema,Walk,11.9,142.8,0.0,Local
2008-09-27,Home,Park,Tram,14.96,44.9,897.6,Local
2008-09-29,Home,Library,Bicycle,8.78,35.1,0.0,Local
2008-09-30,Home,School,Car,19.91,29.9,3822.7,Local
2008-10-01,Home,School,Bicycle,14.25,57.0,0.0,Local
2008-10-02,Home,Cinema,Car,9.42,14.1,1808.6,Local
2008-10-03,Home,School,Tram,11.6,34.8,696.0,Local
2008-10-05,Library,Cinema,Walk,7.34,88.1,0.0,Local
2008-10-05,Home,Library,Bus,13.86,33.3,1455.3,Local
2008-10-06,Home,Shopping Centre,Bicycle,7.98,31.9,0.0,Local
2008-10-07,Home,Cinema,Tram,11.72,35.2,703.2,Local
2008-10-09,Home,Library,Walk,13.63,163.6,0.0,Local
2008-10-13,Home,Shopping Centre,Train,16.67,22.2,683.5,Local
2008-10-14,Home,Library,Tram,12.17,36.5,730.2,Local
2008-10-16,Home,Cinema,Bicycle,15.38,61.5,0.0,Local
2008-10-17,Home,Shopping Centre,Tram,17.03,51.1,1021.8,Local
2008-10-18,Home,Cinema,Car,18.1,27.2,3475.2,Local
2008-10-20,Home,Friend's Place,Bicycle,17.65,70.6,0.0,Local
2008-10-20,Friend's Place,Library,Walk,0.72,8.6,0.0,Local
2008-10-21,Home,Park,Bicycle,10.11,40.4,0.0,Local
2008-10-22,Home,Library,Walk,12.48,149.8,0.0,Local
2008-10-23,Home,Friend's Place,Bicycle,11.0,44.0,0.0,Local
2008-10-23,Friend's Place,Shopping Centre,Train,7.24,9.7,296.8,Local
2008-10-23,Shopping Centre,Cinema,Tram,2.1,6.3,126.0,Local
2008-10-25,Home,Library,Bus,17.95,43.1,1884.8,Local
2008-10-26,Home,Park,Tram,14.48,43.4,868.8,Local
2008-10-27,Home,School,Bus,6.84,16.4,718.2,Local
2008-10-29,Home,Park,Bicycle,17.26,69.0,0.0,Local
2008-10-30,Home,Shopping Centre,Tram,10.47,31.4,628.2,Local
2008-10-30,Shopping Centre,Cinema,Walk,2.94,35.3,0.0,Local
2008-10-30,Cinema,School,Train,2.07,2.8,84.9,Local
2008-10-31,Home,Cinema,Car,15.87,23.8,3047.0,Local
2008-10-31,Cinema,Friend's Place,Car,2.78,4.2,533.8,Local
2008-10-31,Friend's Place,School,Bicycle,5.33,21.3,0.0,Local
2008-11-01,Home,Library,Bus,13.78,33.1,1446.9,Local
2008-11-01,Library,Cinema,Train,3.68,4.9,150.9,Local
2008-11-02,Home,Park,Bus,9.22,22.1,968.1,Local
2008-11-03,Home,School,Tram,19.79,59.4,1187.4,Local
2008-11-04,Home,Cinema,Bicycle,6.6,26.4,0.0,Local
2008-11-05,Home,Library,Bicycle,11.69,46.8,0.0,Local
2008-11-06,Home,School,Train,10.82,14.4,443.6,Local
2008-11-06,School,Home,Bus,14.93,35.8,1567.6,Local
2008-11-07,Friend's Place,Cinema,Car,1.74,2.6,334.1,Local
2008-11-07,Home,Friend's Place,Tram,15.18,45.5,910.8,Local
2008-11-08,Home,Park,Tram,13.1,39.3,786.0,Local
2008-11-10,Home,School,Tram,13.9,41.7,834.0,Local
2008-11-12,Home,Friend's Place,Bus,16.53,39.7,1735.7,Local
2008-11-13,Home,Library,Walk,6.56,78.7,0.0,Local
2008-11-13,Library,Friend's Place,Tram,0.66,2.0,39.6,Local
2008-11-14,Home,School,Walk,14.36,172.3,0.0,Local
2008-11-14,School,Shopping Centre,Bus,3.41,8.2,358.1,Local
2008-11-15,Home,Friend's Place,Bus,16.93,40.6,1777.6,Local
2008-11-16,Home,Park,Tram,17.11,51.3,1026.6,Local
2008-11-16,Park,Shopping Centre,Train,1.11,1.5,45.5,Local
2008-11-16,Shopping Centre,Friend's Place,Walk,7.66,91.9,0.0,Local
2008-11-19,Home,Shopping Centre,Bus,10.29,24.7,1080.4,Local
2008-11-19,Shopping Centre,Friend's Place,Bus,4.31,10.3,452.5,Local
2008-11-20,Home,School,Train,9.38,12.5,384.6,Local
2008-11-21,Home,Friend's Place,Car,14.65,22.0,2812.8,Local
2008-11-23,Home,Cinema,Bus,14.96,35.9,1570.8,Local
2008-11-24,School,Shopping Centre,Car,7.47,11.2,1434.2,Local
2008-11-24,Home,School,Tram,17.35,52.1,1041.0,Local
2008-11-25,Home,Shopping Centre,Bus,14.11,33.9,1481.5,Local
2008-11-26,Home,School,Bicycle,8.72,34.9,0.0,Local
2008-11-27,Home,School,Bicycle,7.51,30.0,0.0,Local
2008-11-27,School,Cinema,Car,5.64,8.5,1082.9,Local
2008-11-29,Home,Friend's Place,Tram,18.91,56.7,1134.6,Local
2008-11-29,Friend's Place,Home,Train,11.27,15.0,462.1,Local
2008-12-01,Home,Library,Bus,19.53,46.9,2050.7,Local
2008-12-03,Home,Friend's Place,Bicycle,19.41,77.6,0.0,Local
2008-12-03,Friend's Place,Home,Bus,16.06,38.5,1686.3,Local
2008-12-04,Home,Shopping Centre,Bus,16.22,38.9,1703.1,Local
2008-12-05,Home,Library,Bus,8.96,21.5,940.8,Local
2008-12-06,Home,Cinema,Train,18.29,24.4,749.9,Local
2008-12-06,Cinema,Park,Train,4.73,6.3,193.9,Local
2008-12-07,Home,Friend's Place,Tram,19.25,57.8,1155.0,Local
2008-12-08,Home,Park,Tram,11.65,35.0,699.0,Local
2008-12-09,Home,Cinema,Bus,9.97,23.9,1046.9,Local
2008-12-10,Home,Shopping Centre,Walk,17.53,210.4,0.0,Local
2008-12-11,Home,Library,Bicycle,19.53,78.1,0.0,Local
2008-12-11,Library,School,Car,1.85,2.8,355.2,Local
2008-12-12,Home,Friend's Place,Car,7.68,11.5,1474.6,Local
2008-12-13,Home,School,Bus,15.83,38.0,1662.2,Local
2008-12-14,Home,Cinema,Tram,9.67,29.0,580.2,Local
2008-12-15,Home,School,Car,15.99,24.0,3070.1,Local
2008-12-15,School,Library,Train,2.53,3.4,103.7,Local
2008-12-15,Library,Park,Bicycle,5.19,20.8,0.0,Local
2008-12-16,Home,Shopping Centre,Train,6.63,8.8,271.8,Local
2008-12-17,Home,School,Walk,6.62,79.4,0.0,Local
2008-12-18,Home,Friend's Place,Walk,16.89,202.7,0.0,Local
2008-12-19,Home,School,Car,6.49,9.7,1246.1,Local
2008-12-20,Home,Park,Bicycle,12.32,49.3,0.0,Local
2008-12-21,Home,Library,Bicycle,10.99,44.0,0.0,Local
2008-12-21,Library,Home,Walk,18.56,222.7,0.0,Local
2008-12-21,Home,Library,Bicycle,8.5,34.0,0.0,Local
2008-12-22,Home,Friend's Place,Tram,12.6,37.8,756.0,Local
2008-12-23,Home,Cinema,Tram,13.68,41.0,820.8,Local
2008-12-23,Cinema,Home,Bus,17.05,40.9,1790.2,Local
2008-12-23,Home,Library,Bicycle,13.2,52.8,0.0,Local
2008-12-24,Home,School,Bicycle,9.99,40.0,0.0,Local
2008-12-25,Home,Shopping Centre,Bus,16.44,39.5,1726.2,Local
2008-12-26,Home,Shopping Centre,Bus,17.41,41.8,1828.0,Local
2008-12-26,Shopping Centre,School,Train,3.88,5.2,159.1,Local
2008-12-26,School,Shopping Centre,Tram,6.48,19.4,388.8,Local
2008-12-27,Home,Cinema,Walk,6.42,77.0,0.0,Local
2008-12-27,Cinema,School,Train,4.6,6.1,188.6,Local
2008-12-28,Home,Friend's Place,Bicycle,6.93,27.7,0.0,Local
2008-12-28,Friend's Place,Home,Train,18.33,24.4,751.5,Local
2008-12-29,Home,Park,Tram,11.73,35.2,703.8,Local
2008-12-30,Home,School,Walk,5.15,61.8,0.0,Local
2008-12-31,Home,Friend's Place,Bicycle,11.82,47.3,0.0,Local
2009-01-01,Cinema,School,Bus,1.77,4.2,185.8,Local
2009-01-01,School,Park,Car,2.68,4.0,514.6,Local
2009-01-01,Home,Cinema,Bus,7.3,17.5,766.5,Local
2009-01-02,Cinema,Shopping Centre,Walk,4.66,55.9,0.0,Local
2009-01-02,Library,Cinema,Car,1.44,2.2,276.5,Local
2009-01-02,Home,Library,Car,17.45,26.2,3350.4,Local
2009-01-03,Home,Park,Walk,13.84,166.1,0.0,Local
2009-01-04,Home,Park,Bicycle,10.97,43.9,0.0,Local
2009-01-04,Park,Home,Train,6.3,8.4,258.3,Local
2009-01-05,Home,Friend's Place,Tram,14.08,42.2,844.8,Local
2009-01-06,Home,Shopping Centre,Bus,9.21,22.1,967.1,Local
2009-01-07,Home,Shopping Centre,Train,15.95,21.3,653.9,Local
2009-01-07,Shopping Centre,Park,Tram,4.97,14.9,298.2,Local
2009-01-08,Home,Friend's Place,Car,12.72,19.1,2442.2,Local
2009-01-09,Home,Park,Bus,19.24,46.2,2020.2,Local
2009-01-10,Home,Cinema,Bicycle,17.04,68.2,0.0,Local
2009-01-11,Home,Shopping Centre,Car,18.88,28.3,3625.0,Local
2009-01-12,Home,Friend's Place,Tram,11.39,34.2,683.4,Local
2009-01-13,Home,Library,Train,8.28,11.0,339.5,Local
2009-01-16,Home,Library,Car,9.09,13.6,1745.3,Local
2009-01-16,Library,Shopping Centre,Bicycle,6.18,24.7,0.0,Local
2009-01-16,Shopping Centre,Home,Bus,11.49,27.6,1206.5,Local
2009-01-17,Park,Library,Car,7.14,10.7,1370.9,Local
2009-01-17,Home,Library,Walk,15.6,187.2,0.0,Local
2009-01-17,Library,Park,Bus,7.82,18.8,821.1,Local
2009-01-19,Home,Park,Car,12.6,18.9,2419.2,Local
2009-01-20,Home,Cinema,Bicycle,15.72,62.9,0.0,Local
2009-01-21,Home,Shopping Centre,Bus,16.43,39.4,1725.1,Local
2009-01-22,Home,Cinema,Tram,17.15,51.4,1029.0,Local
2009-01-22,Cinema,Park,Train,5.54,7.4,227.1,Local
2009-01-23,Home,Cinema,Car,10.43,15.6,2002.6,Local
2009-01-24,Cinema,Shopping Centre,Walk,6.12,73.4,0.0,Local
2009-01-24,Home,Cinema,Car,12.64,19.0,2426.9,Local
2009-01-24,Shopping Centre,School,Tram,3.59,10.8,215.4,Local
2009-01-25,Home,Friend's Place,Train,19.7,26.3,807.7,Local
2009-01-26,Home,Library,Bicycle,13.46,53.8,0.0,Local
2009-01-27,Home,Shopping Centre,Train,17.02,22.7,697.8,Local
2009-01-28,Home,School,Walk,18.31,219.7,0.0,Local
2009-01-29,Home,Cinema,Bicycle,9.06,36.2,0.0,Local
2009-01-30,Home,Library,Bicycle,10.96,43.8,0.0,Local
2009-01-31,Park,School,Bus,5.95,14.3,624.8,Local
2009-01-31,Home,Park,Tram,19.02,57.1,1141.2,Local
2009-02-01,Home,Friend's Place,Bus,13.93,33.4,1462.6,Local
2009-02-01,Friend's Place,Park,Bicycle,6.62,26.5,0.0,Local
2009-02-02,Home,Library,Car,14.86,22.3,2853.1,Local
2009-02-02,Library,Friend's Place,Bicycle,3.94,15.8,0.0,Local
2009-02-02,Friend's Place,Shopping Centre,Train,4.16,5.5,170.6,Local
2009-02-03,Home,Friend's Place,Bicycle,11.28,45.1,0.0,Local
2009-02-04,Home,Park,Bus,19.34,46.4,2030.7,Local
2009-02-05,Home,School,Walk,6.86,82.3,0.0,Local
2009-02-06,Home,Friend's Place,Tram,7.83,23.5,469.8,Local
2009-02-07,Home,Park,Walk,16.91,202.9,0.0,Local
2009-02-08,Home,Park,Car,15.09,22.6,2897.3,Local
2009-02-09,Home,Park,Bus,5.22,12.5,548.1,Local
2009-02-10,Home,School,Tram,17.77,53.3,1066.2,Local
2009-02-11,Home,School,Train,17.13,22.8,702.3,Local
2009-02-11,School,Park,Car,2.14,3.2,410.9,Local
2009-02-12,Home,Library,Bus,16.72,40.1,1755.6,Local
2009-02-14,Home,Library,Tram,13.72,41.2,823.2,Local
2009-02-15,Home,Park,Train,8.75,11.7,358.8,Local
2009-02-16,Home,Park,Bicycle,16.16,64.6,0.0,Local
2009-02-17,Home,School,Walk,11.76,141.1,0.0,Local
2009-02-18,Home,Park,Walk,10.22,122.6,0.0,Local
2009-02-19,Home,Shopping Centre,Walk,15.92,191.0,0.0,Local
2009-02-20,Home,Friend's Place,Bicycle,16.35,65.4,0.0,Local
2009-02-21,Home,Friend's Place,Car,17.12,25.7,3287.0,Local
2009-02-22,Library,Shopping Centre,Walk,3.5,42.0,0.0,Local
2009-02-22,Home,Library,Car,17.34,26.0,3329.3,Local
2009-02-23,Home,Shopping Centre,Tram,18.49,55.5,1109.4,Local
2009-02-24,Home,Shopping Centre,Bus,7.32,17.6,768.6,Local
2009-02-24,Shopping Centre,Home,Tram,13.4,40.2,804.0,Local
2009-02-24,Home,Friend's Place,Bus,8.95,21.5,939.7,Local
2009-02-25,Home,School,Walk,5.68,68.2,0.0,Local
2009-02-25,School,Park,Car,3.39,5.1,650.9,Local
2009-02-26,Home,Shopping Centre,Bicycle,16.6,66.4,0.0,Local
2009-02-28,Home,Library,Bicycle,8.23,32.9,0.0,Local
2009-03-01,Home,Friend's Place,Bicycle,12.17,48.7,0.0,Local
2009-03-03,Home,School,Train,9.25,12.3,379.2,Local
2009-03-04,Home,Friend's Place,Bicycle,9.97,39.9,0.0,Local
2009-03-05,Home,School,Car,7.9,11.9,1516.8,Local
2009-03-05,School,Park,Tram,4.39,13.2,263.4,Local
2009-03-07,Home,Shopping Centre,Bus,14.44,34.7,1516.2,Local
2009-03-08,Home,Shopping Centre,Tram,13.26,39.8,795.6,Local
2009-03-08,Shopping Centre,Cinema,Walk,6.61,79.3,0.0,Local
2009-03-08,Cinema,Friend's Place,Bus,7.08,17.0,743.4,Local
2009-03-09,Home,Library,Train,9.27,12.4,380.1,Local
2009-03-10,Home,Library,Train,13.36,17.8,547.8,Local
2009-03-11,Home,Cinema,Car,10.4,15.6,1996.8,Local
2009-03-11,Cinema,Friend's Place,Bus,7.77,18.6,815.8,Local
2009-03-11,Friend's Place,Park,Car,2.92,4.4,560.6,Local
2009-03-13,Home,School,Tram,15.54,46.6,932.4,Local
2009-03-13,School,Friend's Place,Bus,2.98,7.2,312.9,Local
2009-03-14,Home,Library,Tram,14.43,43.3,865.8,Local
2009-03-15,Home,Shopping Centre,Walk,9.52,114.2,0.0,Local
2009-03-16,Home,School,Tram,14.1,42.3,846.0,Local
2009-03-18,Home,Park,Bus,8.78,21.1,921.9,Local
2009-03-19,Home,Cinema,Car,10.67,16.0,2048.6,Local
2009-03-19,Cinema,Library,Bicycle,2.21,8.8,0.0,Local
2009-03-20,Home,Library,Car,9.12,13.7,1751.0,Local
2009-03-20,Library,Park,Walk,4.75,57.0,0.0,Local
2009-03-21,Home,School,Car,17.55,26.3,3369.6,Local
2009-03-22,Home,School,Tram,11.85,35.6,711.0,Local
2009-03-22,School,Home,Tram,10.35,31.0,621.0,Local
2009-03-23,Home,Cinema,Train,15.07,20.1,617.9,Local
2009-03-24,Home,Friend's Place,Bus,5.49,13.2,576.5,Local
2009-03-25,Home,Park,Car,18.22,27.3,3498.2,Local
2009-03-25,Park,Library,Bus,7.4,17.8,777.0,Local
2009-03-26,Home,School,Train,10.58,14.1,433.8,Local
2009-03-27,Home,Friend's Place,Car,16.84,25.3,3233.3,Local
2009-03-27,Friend's Place,Home,Bicycle,6.61,26.4,0.0,Local
2009-03-28,Home,School,Bicycle,13.42,53.7,0.0,Local
2009-03-28,School,Cinema,Bus,2.01,4.8,211.0,Local
2009-03-29,Home,School,Tram,19.8,59.4,1188.0,Local
2009-03-29,Home,Friend's Place,Bicycle,11.63,46.5,0.0,Local
2009-03-29,Friend's Place,Home,Walk,16.65,199.8,0.0,Local
2009-03-30,Home,Library,Tram,6.95,20.9,417.0,Local
2009-03-30,Library,Park,Bus,7.85,18.8,824.2,Local
2009-03-31,Home,Cinema,Tram,7.73,23.2,463.8,Local
2009-03-31,Cinema,Home,Walk,16.5,198.0,0.0,Local
2009-04-01,Home,Shopping Centre,Train,12.0,16.0,492.0,Local
2009-04-02,Home,Park,Tram,18.91,56.7,1134.6,Local
2009-04-02,Park,Friend's Place,Bicycle,7.66,30.6,0.0,Local
2009-04-03,Home,Shopping Centre,Car,14.22,21.3,2730.2,Local
2009-04-03,Shopping Centre,Cinema,Bus,5.05,12.1,530.2,Local
2009-04-04,Home,Shopping Centre,Bus,12.94,31.1,1358.7,Local
2009-04-05,Home,School,Train,12.46,16.6,510.9,Local
2009-04-07,Home,Friend's Place,Bicycle,8.36,33.4,0.0,Local
2009-04-07,Friend's Place,School,Tram,5.78,17.3,346.8,Local
2009-04-07,School,Cinema,Tram,0.61,1.8,36.6,Local
2009-04-08,Home,School,Car,11.44,17.2,2196.5,Local
2009-04-10,Home,Friend's Place,Car,7.77,11.7,1491.8,Local
2009-04-11,Home,Cinema,Train,14.89,19.9,610.5,Local
2009-04-13,Home,School,Car,6.27,9.4,1203.8,Local
2009-04-14,Home,Park,Bicycle,8.98,35.9,0.0,Local
2009-04-15,Home,Park,Car,8.8,13.2,1689.6,Local
2009-04-15,Park,Library,Train,1.36,1.8,55.8,Local
2009-04-16,Home,School,Tram,11.33,34.0,679.8,Local
2009-04-17,Home,School,Tram,16.84,50.5,1010.4,Local
2009-04-17,School,Cinema,Bicycle,7.48,29.9,0.0,Local
2009-04-18,Home,Friend's Place,Train,18.43,24.6,755.6,Local
2009-04-18,Friend's Place,Cinema,Walk,1.55,18.6,0.0,Local
2009-04-19,Home,Park,Walk,7.4,88.8,0.0,Local
2009-04-20,Home,Cinema,Car,8.25,12.4,1584.0,Local
2009-04-21,Home,Cinema,Train,5.93,7.9,243.1,Local
2009-04-22,Home,Shopping Centre,Car,12.39,18.6,2378.9,Local
2009-04-25,Library,Home,Tram,15.93,47.8,955.8,Local
2009-04-25,Home,Library,Car,19.32,29.0,3709.4,Local
2009-04-26,Home,Friend's Place,Bicycle,7.44,29.8,0.0,Local
2009-04-27,Home,Shopping Centre,Tram,17.14,51.4,1028.4,Local
2009-04-28,Home,Friend's Place,Bicycle,15.84,63.4,0.0,Local
2009-04-28,Friend's Place,Library,Train,0.67,0.9,27.5,Local
2009-04-29,Home,Library,Bus,8.85,21.2,929.2,Local
2009-04-30,Home,Cinema,Walk,15.23,182.8,0.0,Local
2009-04-30,Cinema,Shopping Centre,Car,1.29,1.9,247.7,Local
2009-05-02,Home,Library,Train,14.03,18.7,575.2,Local
2009-05-04,Home,Park,Bicycle,9.78,39.1,0.0,Local
2009-05-06,Cinema,Home,Bus,11.33,27.2,1189.7,Local
2009-05-06,Home,Cinema,Car,11.33,17.0,2175.4,Local
2009-05-07,Home,Friend's Place,Bus,13.08,31.4,1373.4,Local
2009-05-08,Home,Cinema,Bicycle,11.07,44.3,0.0,Local
2009-05-09,Home,School,Car,5.19,7.8,996.5,Local
2009-05-10,Home,Cinema,Walk,17.95,215.4,0.0,Local
2009-05-12,Home,Park,Bus,10.22,24.5,1073.1,Local
2009-05-12,Park,Cinema,Tram,1.24,3.7,74.4,Local
2009-05-14,Home,Shopping Centre,Tram,17.79,53.4,1067.4,Local
2009-05-16,Home,Park,Bicycle,18.11,72.4,0.0,Local
2009-05-18,Home,School,Bicycle,18.98,75.9,0.0,Local
2009-05-19,Home,School,Bicycle,7.71,30.8,0.0,Local
2009-05-20,Home,Library,Bicycle,19.25,77.0,0.0,Local
2009-05-21,Home,School,Tram,19.72,59.2,1183.2,Local
2009-05-21,School,Friend's Place,Bicycle,3.92,15.7,0.0,Local
2009-05-23,Home,Friend's Place,Bus,12.9,31.0,1354.5,Local
2009-05-23,Friend's Place,Library,Tram,1.46,4.4,87.6,Local
2009-05-24,Home,Park,Bicycle,16.83,67.3,0.0,Local
2009-05-24,Park,Library,Walk,4.52,54.2,0.0,Local
2009-05-25,Library,Shopping Centre,Bus,2.22,5.3,233.1,Local
2009-05-25,Home,Shopping Centre,Bus,16.14,38.7,1694.7,Local
2009-05-25,Shopping Centre,Library,Bicycle,4.88,19.5,0.0,Local
2009-05-26,Home,School,Train,15.85,21.1,649.9,Local
2009-05-27,Home,School,Walk,17.7,212.4,0.0,Local
2009-05-27,School,Cinema,Tram,7.56,22.7,453.6,Local
2009-05-27,Cinema,School,Train,7.07,9.4,289.9,Local
2009-05-28,Home,School,Car,18.7,28.0,3590.4,Local
2009-05-29,Home,Library,Walk,13.84,166.1,0.0,Local
2009-05-30,Cinema,School,Bicycle,3.04,12.2,0.0,Local
2009-05-30,Home,Cinema,Bus,12.52,30.0,1314.6,Local
2009-05-31,Home,Library,Train,19.96,26.6,818.4,Local
2009-05-31,Library,Shopping Centre,Walk,1.81,21.7,0.0,Local
2009-06-01,Home,Library,Train,17.5,23.3,717.5,Local
2009-06-02,Home,Cinema,Walk,9.92,119.0,0.0,Local
2009-06-03,Home,School,Tram,8.3,24.9,498.0,Local
2009-06-03,School,Library,Tram,2.56,7.7,153.6,Local
2009-06-05,Home,School,Car,18.16,27.2,3486.7,Local
2009-06-06,Home,Library,Car,15.28,22.9,2933.8,Local
2009-06-10,Home,Library,Car,5.38,8.1,1033.0,Local
2009-06-11,Home,Cinema,Bicycle,5.14,20.6,0.0,Local
2009-06-12,Home,Library,Tram,17.14,51.4,1028.4,Local
2009-06-12,Library,School,Walk,0.54,6.5,0.0,Local
2009-06-13,Home,School,Bicycle,6.7,26.8,0.0,Local
2009-06-15,Home,Friend's Place,Bus,13.92,33.4,1461.6,Local
2009-06-16,Home,School,Train,12.7,16.9,520.7,Local
2009-06-16,School,Shopping Centre,Bicycle,4.3,17.2,0.0,Local
2009-06-16,Shopping Centre,Home,Tram,12.69,38.1,761.4,Local
2009-06-17,Shopping Centre,Library,Walk,6.44,77.3,0.0,Local
2009-06-17,Home,Shopping Centre,Tram,15.93,47.8,955.8,Local
2009-06-18,Home,School,Bus,17.83,42.8,1872.1,Local
2009-06-18,School,Library,Car,0.58,0.9,111.4,Local
2009-06-19,Home,Friend's Place,Train,10.51,14.0,430.9,Local
2009-06-19,Friend's Place,School,Car,5.66,8.5,1086.7,Local
2009-06-21,Home,Shopping Centre,Train,7.45,9.9,305.4,Local
2009-06-21,Shopping Centre,School,Bicycle,5.0,20.0,0.0,Local
2009-06-22,Home,Library,Walk,18.3,219.6,0.0,Local
2009-06-25,Home,Friend's Place,Tram,18.16,54.5,1089.6,Local
2009-06-26,Home,Friend's Place,Train,14.3,19.1,586.3,Local
2009-06-27,Home,Shopping Centre,Bicycle,18.55,74.2,0.0,Local
2009-06-28,Home,Cinema,Tram,19.5,58.5,1170.0,Local
2009-06-30,Home,Friend's Place,Tram,11.04,33.1,662.4,Local
2009-06-30,Friend's Place,Park,Car,3.93,5.9,754.6,Local
2009-07-01,Home,Friend's Place,Bus,6.01,14.4,631.0,Local
2009-07-01,Friend's Place,Home,Walk,8.95,107.4,0.0,Local
2009-07-05,Park,Cinema,Train,3.55,4.7,145.5,Local
2009-07-05,Home,Park,Bus,19.23,46.2,2019.2,Local
2009-07-09,Home,Friend's Place,Train,13.72,18.3,562.5,Local
2009-07-09,Friend's Place,Shopping Centre,Bicycle,5.46,21.8,0.0,Local
2009-07-10,Home,Park,Car,9.37,14.1,1799.0,Local
2009-07-10,Park,Cinema,Car,6.09,9.1,1169.3,Local
2009-07-11,Home,Shopping Centre,Walk,9.93,119.2,0.0,Local
2009-07-12,Home,Cinema,Bus,13.76,33.0,1444.8,Local
2009-07-12,Cinema,Shopping Centre,Bus,5.22,12.5,548.1,Local
2009-07-14,Home,Shopping Centre,Walk,6.76,81.1,0.0,Local
2009-07-15,Home,Shopping Centre,Tram,12.25,36.8,735.0,Local
2009-07-16,Home,Shopping Centre,Tram,11.5,34.5,690.0,Local
2009-07-17,Home,Shopping Centre,Tram,5.73,17.2,343.8,Local
2009-07-18,Home,Friend's Place,Bus,12.2,29.3,1281.0,Local
2009-07-20,Home,Library,Bus,8.0,19.2,840.0,Local
2009-07-21,Home,Park,Bus,19.35,46.4,2031.8,Local
2009-07-24,Home,Friend's Place,Bus,8.68,20.8,911.4,Local
2009-07-24,Friend's Place,Library,Walk,4.49,53.9,0.0,Local
2009-07-25,Shopping Centre,Park,Train,1.98,2.6,81.2,Local
2009-07-25,Park,Shopping Centre,Car,1.15,1.7,220.8,Local
2009-07-25,Home,Park,Bicycle,10.42,41.7,0.0,Local
2009-07-26,Home,School,Bus,17.9,43.0,1879.5,Local
2009-07-27,Home,School,Car,13.77,20.7,2643.8,Local
2009-07-27,School,Friend's Place,Car,5.14,7.7,986.9,Local
2009-07-29,Home,Library,Bus,11.04,26.5,1159.2,Local
2009-07-29,Library,Friend's Place,Walk,5.92,71.0,0.0,Local
2009-07-29,Friend's Place,Park,Bicycle,7.25,29.0,0.0,Local
2009-07-30,Home,Cinema,Bicycle,12.45,49.8,0.0,Local
2009-07-31,Park,Friend's Place,Bicycle,5.03,20.1,0.0,Local
2009-07-31,Home,Park,Tram,13.46,40.4,807.6,Local
2009-08-01,Home,Park,Bicycle,9.39,37.6,0.0,Local
2009-08-01,Park,School,Walk,7.07,84.8,0.0,Local
2009-08-01,School,Park,Walk,2.36,28.3,0.0,Local
2009-08-02,Home,Shopping Centre,Bus,7.9,19.0,829.5,Local
2009-08-03,Home,Friend's Place,Tram,11.06,33.2,663.6,Local
2009-08-04,Home,Library,Bicycle,10.93,43.7,0.0,Local
2009-08-05,Cinema,Home,Car,19.75,29.6,3792.0,Local
2009-08-05,Home,Cinema,Tram,11.94,35.8,716.4,Local
2009-08-06,Home,Park,Bus,13.22,31.7,1388.1,Local
2009-08-07,Home,Friend's Place,Bus,18.55,44.5,1947.8,Local
2009-08-07,Friend's Place,Park,Bus,7.68,18.4,806.4,Local
2009-08-07,Park,Cinema,Train,3.92,5.2,160.7,Local
2009-08-08,Home,Cinema,Tram,18.62,55.9,1117.2,Local
2009-08-09,Home,Cinema,Tram,12.89,38.7,773.4,Local
2009-08-10,Home,Shopping Centre,Walk,11.22,134.6,0.0,Local
2009-08-12,Home,Library,Walk,14.98,179.8,0.0,Local
2009-08-13,Home,Library,Car,18.36,27.5,3525.1,Local
2009-08-14,Home,School,Car,9.37,14.1,1799.0,Local
2009-08-14,School,Cinema,Train,2.06,2.7,84.5,Local
2009-08-15,Home,School,Tram,11.47,34.4,688.2,Local
2009-08-16,Home,Library,Walk,8.91,106.9,0.0,Local
2009-08-17,Home,Shopping Centre,Bicycle,15.36,61.4,0.0,Local
2009-08-17,Shopping Centre,School,Bus,0.84,2.0,88.2,Local
2009-08-17,School,Library,Walk,2.98,35.8,0.0,Local
2009-08-18,Shopping Centre,Cinema,Bicycle,4.25,17.0,0.0,Local
2009-08-18,Home,Shopping Centre,Tram,8.79,26.4,527.4,Local
2009-08-19,Home,Shopping Centre,Train,15.24,20.3,624.8,Local
2009-08-20,Home,Library,Bus,17.7,42.5,1858.5,Local
2009-08-20,Library,Friend's Place,Bicycle,1.34,5.4,0.0,Local
2009-08-21,Home,Shopping Centre,Train,17.57,23.4,720.4,Local
2009-08-21,Shopping Centre,Friend's Place,Car,7.05,10.6,1353.6,Local
2009-08-22,Home,School,Walk,13.93,167.2,0.0,Local
2009-08-23,Home,Shopping Centre,Bus,10.21,24.5,1072.1,Local
2009-08-25,Home,Park,Bus,6.12,14.7,642.6,Local
2009-08-26,Home,Library,Walk,8.86,106.3,0.0,Local
2009-08-26,Library,Cinema,Bicycle,3.82,15.3,0.0,Local
2009-08-27,Home,Shopping Centre,Tram,6.56,19.7,393.6,Local
2009-08-27,Shopping Centre,School,Bus,5.85,14.0,614.2,Local
2009-08-28,Home,School,Bicycle,12.68,50.7,0.0,Local
2009-08-29,Home,Shopping Centre,Car,15.48,23.2,2972.2,Local
2009-08-30,Home,Park,Tram,18.05,54.2,1083.0,Local
2009-08-31,Home,Cinema,Walk,10.05,120.6,0.0,Local
2009-09-01,Home,Library,Walk,17.77,213.2,0.0,Local
2009-09-02,Home,Park,Train,18.99,25.3,778.6,Local
2009-09-02,Park,School,Bicycle,1.65,6.6,0.0,Local
2009-09-02,School,Library,Tram,1.46,4.4,87.6,Local
2009-09-03,Home,Shopping Centre,Car,12.25,18.4,2352.0,Local
2009-09-04,Home,Park,Walk,18.95,227.4,0.0,Local
2009-09-06,Home,Friend's Place,Bicycle,10.77,43.1,0.0,Local
2009-09-08,Home,Park,Bicycle,17.45,69.8,0.0,Local
2009-09-09,Home,Cinema,Tram,13.9,41.7,834.0,Local
2009-09-10,Home,Friend's Place,Walk,15.83,190.0,0.0,Local
2009-09-10,Friend's Place,Park,Car,4.92,7.4,944.6,Local
2009-09-12,Home,Friend's Place,Bicycle,7.79,31.2,0.0,Local
2009-09-13,Home,Cinema,Train,8.13,10.8,333.3,Local
2009-09-14,Home,Friend's Place,Bicycle,8.14,32.6,0.0,Local
2009-09-14,Friend's Place,School,Bicycle,6.37,25.5,0.0,Local
2009-09-15,Home,Park,Car,19.39,29.1,3722.9,Local
2009-09-17,Park,Shopping Centre,Car,2.13,3.2,409.0,Local
2009-09-17,Shopping Centre,Cinema,Walk,8.0,96.0,0.0,Local
2009-09-17,Home,Park,Car,13.57,20.4,2605.4,Local
2009-09-18,Home,Cinema,Walk,14.99,179.9,0.0,Local
2009-09-19,Home,Park,Tram,12.16,36.5,729.6,Local
2009-09-20,Home,Park,Walk,12.35,148.2,0.0,Local
2009-09-20,Park,Library,Walk,4.38,52.6,0.0,Local
2009-09-21,Home,School,Tram,14.67,44.0,880.2,Local
2009-09-22,Home,Friend's Place,Car,17.68,26.5,3394.6,Local
2009-09-23,Home,Park,Train,18.12,24.2,742.9,Local
2009-09-24,Home,Cinema,Bicycle,13.56,54.2,0.0,Local
2009-09-25,Home,Library,Train,16.55,22.1,678.6,Local
2009-09-26,Home,Shopping Centre,Train,18.77,25.0,769.6,Local
2009-09-28,Home,Shopping Centre,Walk,13.85,166.2,0.0,Local
2009-09-30,Home,Friend's Place,Walk,18.29,219.5,0.0,Local
2009-10-02,Home,Cinema,Bus,12.63,30.3,1326.2,Local
2009-10-02,Cinema,School,Bicycle,7.85,31.4,0.0,Local
2009-10-03,Home,Park,Train,6.85,9.1,280.8,Local
2009-10-04,Home,Shopping Centre,Walk,14.72,176.6,0.0,Local
2009-10-05,Shopping Centre,Friend's Place,Walk,4.45,53.4,0.0,Local
2009-10-05,Home,Shopping Centre,Car,9.59,14.4,1841.3,Local
2009-10-07,Home,Park,Bicycle,16.16,64.6,0.0,Local
2009-10-07,Park,Library,Bus,5.4,13.0,567.0,Local
2009-10-08,Home,Cinema,Car,15.9,23.9,3052.8,Local
2009-10-09,Home,Library,Car,5.49,8.2,1054.1,Local
2009-10-09,Library,Cinema,Car,0.87,1.3,167.0,Local
2009-10-10,Home,Friend's Place,Bus,13.42,32.2,1409.1,Local
2009-10-11,Home,School,Train,15.06,20.1,617.5,Local
2009-10-11,School,Cinema,Tram,4.13,12.4,247.8,Local
2009-10-12,Home,Friend's Place,Car,17.57,26.4,3373.4,Local
2009-10-13,Home,Cinema,Tram,12.81,38.4,768.6,Local
2009-10-15,Home,Library,Bicycle,17.68,70.7,0.0,Local
2009-10-16,Home,Cinema,Walk,17.59,211.1,0.0,Local
2009-10-18,Home,Park,Bus,14.95,35.9,1569.8,Local
2009-10-19,Home,Park,Car,18.83,28.2,3615.4,Local
2009-10-22,Home,Shopping Centre,Car,10.59,15.9,2033.3,Local
2009-10-22,Shopping Centre,Cinema,Walk,2.36,28.3,0.0,Local
2009-10-23,Home,Friend's Place,Car,9.59,14.4,1841.3,Local
2009-10-24,Home,Library,Tram,15.66,47.0,939.6,Local
2009-10-24,Library,Friend's Place,Train,7.94,10.6,325.5,Local
2009-10-26,Home,Library,Walk,12.4,148.8,0.0,Local
2009-10-27,Home,Park,Bicycle,6.88,27.5,0.0,Local
2009-10-28,Home,School,Bus,5.67,13.6,595.4,Local
2009-10-29,Home,Library,Car,16.37,24.6,3143.0,Local
2009-10-29,Library,Park,Train,5.95,7.9,244.0,Local
2009-10-30,Home,Friend's Place,Bicycle,5.19,20.8,0.0,Local
2009-11-02,Home,Library,Car,19.65,29.5,3772.8,Local
2009-11-04,Home,Cinema,Bus,9.75,23.4,1023.8,Local
2009-11-05,Home,Shopping Centre,Bicycle,16.3,65.2,0.0,Local
2009-11-06,Home,Park,Bicycle,6.85,27.4,0.0,Local
2009-11-07,Home,School,Tram,19.16,57.5,1149.6,Local
2009-11-08,Home,Park,Train,13.64,18.2,559.2,Local
2009-11-08,Park,Home,Tram,13.31,39.9,798.6,Local
2009-11-08,Home,Cinema,Bus,6.9,16.6,724.5,Local
2009-11-09,Home,School,Tram,19.18,57.5,1150.8,Local
2009-11-11,Home,Friend's Place,Train,13.48,18.0,552.7,Local
2009-11-12,Home,Cinema,Walk,5.13,61.6,0.0,Local
2009-11-13,Home,Friend's Place,Train,14.22,19.0,583.0,Local
2009-11-13,Friend's Place,Shopping Centre,Bicycle,4.2,16.8,0.0,Local
2009-11-13,Shopping Centre,Home,Bus,9.06,21.7,951.3,Local
2009-11-14,Home,Cinema,Walk,18.68,224.2,0.0,Local
2009-11-14,Cinema,Shopping Centre,Train,1.84,2.5,75.4,Local
2009-11-14,Shopping Centre,Library,Bus,1.49,3.6,156.4,Local
2009-11-16,Home,Library,Train,7.87,10.5,322.7,Local
2009-11-16,Library,Park,Bus,6.12,14.7,642.6,Local
2009-11-18,Home,Library,Car,13.65,20.5,2620.8,Local
2009-11-19,Home,Cinema,Train,14.25,19.0,584.2,Local
2009-11-19,Cinema,Library,Walk,2.67,32.0,0.0,Local
2009-11-20,Home,School,Bus,7.84,18.8,823.2,Local
2009-11-20,School,Shopping Centre,Train,0.92,1.2,37.7,Local
2009-11-20,Shopping Centre,Library,Bus,3.15,7.6,330.8,Local
2009-11-21,Home,Cinema,Car,6.47,9.7,1242.2,Local
2009-11-22,Home,Park,Bus,11.31,27.1,1187.5,Local
2009-11-23,Home,Shopping Centre,Car,17.11,25.7,3285.1,Local
2009-11-24,Home,Library,Bus,18.23,43.8,1914.2,Local
2009-11-25,Home,School,Tram,8.53,25.6,511.8,Local
2009-11-25,School,Friend's Place,Walk,3.44,41.3,0.0,Local
2009-11-26,Home,School,Bicycle,15.84,63.4,0.0,Local
2009-11-26,School,Shopping Centre,Bus,3.66,8.8,384.3,Local
2009-11-27,Home,Cinema,Bicycle,18.99,76.0,0.0,Local
2009-11-29,School,Shopping Centre,Bicycle,5.58,22.3,0.0,Local
2009-11-29,Home,School,Walk,17.44,209.3,0.0,Local
2009-12-01,Home,Friend's Place,Car,14.4,21.6,2764.8,Local
2009-12-02,Home,Friend's Place,Walk,7.74,92.9,0.0,Local
2009-12-04,Home,Park,Bicycle,11.96,47.8,0.0,Local
2009-12-04,Park,Shopping Centre,Tram,7.88,23.6,472.8,Local
2009-12-05,Home,Cinema,Bus,16.42,39.4,1724.1,Local
2009-12-06,Home,Cinema,Car,9.12,13.7,1751.0,Local
2009-12-07,Home,Friend's Place,Car,10.72,16.1,2058.2,Local
2009-12-09,Home,Shopping Centre,Bicycle,16.49,66.0,0.0,Local
2009-12-10,Library,Park,Walk,2.45,29.4,0.0,Local
2009-12-10,Home,Library,Walk,19.87,238.4,0.0,Local
2009-12-11,Home,Shopping Centre,Walk,8.29,99.5,0.0,Local
2009-12-12,Home,Friend's Place,Bicycle,19.55,78.2,0.0,Local
2009-12-13,Home,School,Tram,7.91,23.7,474.6,Local
2009-12-14,Home,Park,Bus,17.6,42.2,1848.0,Local
2009-12-14,Park,Cinema,Train,7.67,10.2,314.5,Local
2009-12-16,Home,School,Car,19.59,29.4,3761.3,Local
2009-12-16,School,Friend's Place,Tram,4.79,14.4,287.4,Local
2009-12-17,Library,School,Walk,2.5,30.0,0.0,Local
2009-12-17,Home,Library,Car,12.08,18.1,2319.4,Local
2009-12-19,Home,Friend's Place,Tram,14.19,42.6,851.4,Local
2009-12-20,Home,Library,Bus,11.03,26.5,1158.1,Local
2009-12-21,Home,Cinema,Bicycle,10.84,43.4,0.0,Local
2009-12-21,Cinema,Library,Walk,3.15,37.8,0.0,Local
2009-12-21,Library,Shopping Centre,Car,7.2,10.8,1382.4,Local
2009-12-22,Home,Friend's Place,Bus,8.78,21.1,921.9,Local
2009-12-22,Friend's Place,School,Bus,4.88,11.7,512.4,Local
2009-12-23,Home,Park,Train,19.14,25.5,784.7,Local
2009-12-24,Home,Cinema,Train,8.31,11.1,340.7,Local
2009-12-24,Cinema,Shopping Centre,Walk,4.89,58.7,0.0,Local
2009-12-25,Home,Cinema,Bus,12.83,30.8,1347.2,Local
2009-12-26,Home,Park,Tram,9.77,29.3,586.2,Local
2009-12-27,Home,Shopping Centre,Tram,17.03,51.1,1021.8,Local
2009-12-29,Home,Park,Car,15.3,22.9,2937.6,Local
2009-12-29,Park,Friend's Place,Bicycle,3.33,13.3,0.0,Local
2010-01-01,Home,Library,Train,9.84,13.1,403.4,Local
2010-01-01,Library,Friend's Place,Walk,3.41,40.9,0.0,Local
2010-01-01,Friend's Place,Library,Bus,4.23,10.2,444.2,Local
2010-01-02,Home,Shopping Centre,Train,7.67,10.2,314.5,Local
2010-01-03,Home,Cinema,Walk,10.07,120.8,0.0,Local
2010-01-04,Home,Library,Train,9.72,13.0,398.5,Local
2010-01-04,Library,Friend's Place,Walk,3.23,38.8,0.0,Local
2010-01-05,Home,Park,Tram,10.78,32.3,646.8,Local
2010-01-06,Home,Shopping Centre,Walk,13.11,157.3,0.0,Local
2010-01-07,Home,Park,Tram,8.04,24.1,482.4,Local
2010-01-07,Park,Home,Tram,8.25,24.8,495.0,Local
2010-01-08,Friend's Place,Shopping Centre,Car,7.38,11.1,1417.0,Local
2010-01-08,Home,Friend's Place,Bicycle,13.21,52.8,0.0,Local
2010-01-09,Home,Friend's Place,Car,15.69,23.5,3012.5,Local
2010-01-11,Home,Shopping Centre,Car,15.25,22.9,2928.0,Local
2010-01-12,Home,Shopping Centre,Walk,11.86,142.3,0.0,Local
2010-01-13,Home,Library,Bus,9.73,23.4,1021.7,Local
2010-01-14,Home,Friend's Place,Bus,6.52,15.6,684.6,Local
2010-01-15,Home,Friend's Place,Bicycle,13.98,55.9,0.0,Local
2010-01-16,Home,Library,Car,12.77,19.2,2451.8,Local
2010-01-16,Library,Friend's Place,Train,2.5,3.3,102.5,Local
2010-01-17,Home,Friend's Place,Bicycle,9.31,37.2,0.0,Local
2010-01-19,Home,Friend's Place,Train,17.91,23.9,734.3,Local
2010-01-20,Home,Friend's Place,Walk,18.81,225.7,0.0,Local
2010-01-21,Home,Friend's Place,Train,15.11,20.1,619.5,Local
2010-01-21,Friend's Place,Park,Bus,5.79,13.9,608.0,Local
2010-01-21,Park,Cinema,Car,5.68,8.5,1090.6,Local
2010-01-22,Home,Friend's Place,Bus,14.13,33.9,1483.7,Local
2010-01-23,Home,Cinema,Bus,15.59,37.4,1637.0,Local
2010-01-25,Home,Park,Walk,9.51,114.1,0.0,Local
2010-01-25,Park,Library,Car,2.49,3.7,478.1,Local
2010-01-25,Library,Shopping Centre,Tram,2.04,6.1,122.4,Local
2010-01-26,Home,School,Tram,9.48,28.4,568.8,Local
2010-01-26,School,Home,Train,17.54,23.4,719.1,Local
2010-01-26,Home,School,Bicycle,7.21,28.8,0.0,Local
2010-01-27,Home,Cinema,Train,10.2,13.6,418.2,Local
2010-01-28,Home,Library,Bus,13.54,32.5,1421.7,Local
2010-01-29,Home,Cinema,Car,10.71,16.1,2056.3,Local
2010-01-30,Home,Friend's Place,Bus,17.0,40.8,1785.0,Local
2010-01-30,Friend's Place,Library,Bicycle,2.16,8.6,0.0,Local
2010-01-31,Home,Shopping Centre,Bus,15.45,37.1,1622.2,Local
2010-02-02,Home,Shopping Centre,Train,16.83,22.4,690.0,Local
2010-02-02,Shopping Centre,Library,Car,0.77,1.2,147.8,Local
2010-02-02,Library,Shopping Centre,Bus,0.58,1.4,60.9,Local
2010-02-03,Home,Friend's Place,Walk,10.04,120.5,0.0,Local
2010-02-04,Home,Friend's Place,Bus,6.45,15.5,677.2,Local
2010-02-05,Park,Library,Bicycle,7.06,28.2,0.0,Local
2010-02-05,Home,Park,Bus,18.68,44.8,1961.4,Local
2010-02-06,Home,Friend's Place,Walk,7.74,92.9,0.0,Local
2010-02-06,Friend's Place,Home,Bicycle,12.59,50.4,0.0,Local
2010-02-08,Home,Friend's Place,Train,8.22,11.0,337.0,Local
2010-02-08,Friend's Place,School,Bicycle,1.24,5.0,0.0,Local
2010-02-09,Home,Cinema,Car,11.98,18.0,2300.2,Local
2010-02-09,Cinema,Home,Car,6.13,9.2,1177.0,Local
2010-02-09,Home,Friend's Place,Train,17.38,23.2,712.6,Local
2010-02-10,Home,Shopping Centre,Train,5.98,8.0,245.2,Local
2010-02-13,Friend's Place,Shopping Centre,Train,3.89,5.2,159.5,Local
2010-02-13,Home,Friend's Place,Train,5.09,6.8,208.7,Local
2010-02-17,Home,Friend's Place,Train,5.21,6.9,213.6,Local
2010-02-18,Home,Friend's Place,Walk,18.79,225.5,0.0,Local
2010-02-19,Home,Shopping Centre,Bus,6.95,16.7,729.8,Local
2010-02-19,Shopping Centre,School,Train,2.56,3.4,105.0,Local
2010-02-20,Home,Park,Walk,7.93,95.2,0.0,Local
2010-02-20,Park,Home,Walk,10.54,126.5,0.0,Local
2010-02-21,Home,Park,Car,17.81,26.7,3419.5,Local
2010-02-23,School,Home,Walk,10.65,127.8,0.0,Local
2010-02-23,Home,School,Tram,15.08,45.2,904.8,Local
2010-02-24,Home,Cinema,Tram,5.02,15.1,301.2,Local
2010-02-24,Cinema,Library,Bicycle,5.02,20.1,0.0,Local
2010-02-25,Home,Friend's Place,Bus,13.07,31.4,1372.4,Local
2010-02-25,Friend's Place,Shopping Centre,Walk,3.88,46.6,0.0,Local
2010-02-26,Home,Library,Train,7.13,9.5,292.3,Local
2010-02-26,Library,Shopping Centre,Bicycle,1.83,7.3,0.0,Local
2010-02-28,Home,Library,Train,19.85,26.5,813.9,Local
2010-03-01,Home,School,Bicycle,15.98,63.9,0.0,Local
2010-03-01,School,Friend's Place,Car,4.83,7.2,927.4,Local
2010-03-02,Home,School,Bus,5.46,13.1,573.3,Local
2010-03-02,School,Park,Bus,4.52,10.8,474.6,Local
2010-03-02,Park,School,Train,1.08,1.4,44.3,Local
2010-03-03,Home,School,Bicycle,7.77,31.1,0.0,Local
2010-03-05,Home,Library,Tram,8.44,25.3,506.4,Local
2010-03-06,Library,Friend's Place,Bicycle,5.36,21.4,0.0,Local
2010-03-06,Home,Library,Walk,7.85,94.2,0.0,Local
2010-03-07,Library,Home,Bus,19.43,46.6,2040.1,Local
2010-03-07,Home,Library,Tram,18.93,56.8,1135.8,Local
2010-03-08,Home,Cinema,Bicycle,5.16,20.6,0.0,Local
2010-03-09,Home,Park,Walk,7.72,92.6,0.0,Local
2010-03-12,Home,Cinema,Bicycle,11.91,47.6,0.0,Local
2010-03-13,Home,Library,Tram,15.58,46.7,934.8,Local
2010-03-14,Home,Cinema,Train,7.14,9.5,292.7,Local
2010-03-14,Cinema,Home,Bus,6.06,14.5,636.3,Local
2010-03-14,Home,Library,Train,9.09,12.1,372.7,Local
2010-03-15,Home,Cinema,Walk,11.47,137.6,0.0,Local
2010-03-17,Home,Cinema,Walk,6.33,76.0,0.0,Local
2010-03-17,Cinema,Park,Train,1.69,2.3,69.3,Local
2010-03-18,Home,Park,Walk,12.53,150.4,0.0,Local
2010-03-19,Home,Cinema,Tram,12.78,38.3,766.8,Local
2010-03-20,Home,School,Car,11.29,16.9,2167.7,Local
2010-03-21,Home,School,Tram,18.59,55.8,1115.4,Local
2010-03-22,Shopping Centre,Friend's Place,Tram,3.21,9.6,192.6,Local
2010-03-22,Friend's Place,School,Bicycle,7.51,30.0,0.0,Local
2010-03-22,Home,Shopping Centre,Car,15.61,23.4,2997.1,Local
2010-03-23,Home,Cinema,Tram,16.17,48.5,970.2,Local
2010-03-24,Home,Cinema,Bicycle,13.02,52.1,0.0,Local
2010-03-25,Home,Library,Car,11.97,18.0,2298.2,Local
2010-03-26,Home,Friend's Place,Tram,13.09,39.3,785.4,Local
2010-03-28,Home,Friend's Place,Bus,18.98,45.6,1992.9,Local
2010-03-28,Friend's Place,Park,Car,5.67,8.5,1088.6,Local
2010-03-29,Home,Library,Car,8.67,13.0,1664.6,Local
2010-03-30,Home,Park,Train,18.09,24.1,741.7,Local
2010-03-31,Home,Friend's Place,Car,9.85,14.8,1891.2,Local
2010-04-01,Home,Cinema,Train,15.42,20.6,632.2,Local
2010-04-02,Home,Library,Train,10.52,14.0,431.3,Local
2010-04-04,Home,Friend's Place,Walk,9.62,115.4,0.0,Local
2010-04-04,Friend's Place,Shopping Centre,Walk,3.55,42.6,0.0,Local
2010-04-05,Home,Shopping Centre,Train,13.82,18.4,566.6,Local
2010-04-06,Home,Friend's Place,Walk,5.24,62.9,0.0,Local
2010-04-06,Friend's Place,Park,Car,5.29,7.9,1015.7,Local
2010-04-08,Library,Friend's Place,Car,4.79,7.2,919.7,Local
2010-04-08,Home,Library,Train,10.7,14.3,438.7,Local
2010-04-10,Home,School,Bicycle,15.91,63.6,0.0,Local
2010-04-10,School,Friend's Place,Bus,3.86,9.3,405.3,Local
2010-04-12,Home,Library,Bicycle,18.34,73.4,0.0,Local
2010-04-14,Home,Cinema,Bicycle,15.43,61.7,0.0,Local
2010-04-15,Home,Cinema,Walk,10.68,128.2,0.0,Local
2010-04-16,Home,Library,Tram,18.08,54.2,1084.8,Local
2010-04-16,Library,School,Car,4.16,6.2,798.7,Local
2010-04-17,Park,Shopping Centre,Tram,6.6,19.8,396.0,Local
2010-04-17,Home,Park,Bus,12.09,29.0,1269.5,Local
2010-04-18,Home,Shopping Centre,Tram,5.4,16.2,324.0,Local
2010-04-18,Shopping Centre,School,Tram,2.78,8.3,166.8,Local
2010-04-20,Home,Shopping Centre,Car,15.42,23.1,2960.6,Local
2010-04-20,Shopping Centre,Friend's Place,Tram,1.27,3.8,76.2,Local
2010-04-20,Friend's Place,Cinema,Bicycle,2.77,11.1,0.0,Local
2010-04-21,Home,Shopping Centre,Walk,7.32,87.8,0.0,Local
2010-04-21,Shopping Centre,Park,Tram,0.55,1.7,33.0,Local
2010-04-22,Cinema,School,Bicycle,1.68,6.7,0.0,Local
2010-04-22,Home,Shopping Centre,Car,10.09,15.1,1937.3,Local
2010-04-22,Shopping Centre,Cinema,Bicycle,7.65,30.6,0.0,Local
2010-04-26,Home,Friend's Place,Walk,5.07,60.8,0.0,Local
2010-04-26,Friend's Place,Cinema,Tram,3.7,11.1,222.0,Local
2010-04-27,Home,Friend's Place,Car,7.93,11.9,1522.6,Local
2010-04-28,Home,Cinema,Bicycle,9.14,36.6,0.0,Local
2010-04-29,Home,School,Car,16.34,24.5,3137.3,Local
2010-04-30,Home,Shopping Centre,Bicycle,7.37,29.5,0.0,Local
2010-04-30,Shopping Centre,Cinema,Train,3.71,4.9,152.1,Local
2010-04-30,Cinema,School,Tram,3.76,11.3,225.6,Local
2010-05-01,Home,Friend's Place,Bicycle,10.9,43.6,0.0,Local
2010-05-02,Home,Friend's Place,Bus,6.81,16.3,715.0,Local
2010-05-02,Friend's Place,Library,Train,4.22,5.6,173.0,Local
2010-05-03,Home,Shopping Centre,Bus,7.29,17.5,765.5,Local
2010-05-03,Shopping Centre,Home,Bus,17.77,42.6,1865.8,Local
2010-05-04,Shopping Centre,Friend's Place,Tram,3.32,10.0,199.2,Local
2010-05-04,Home,Shopping Centre,Bus,18.68,44.8,1961.4,Local
2010-05-07,Home,Friend's Place,Bicycle,11.23,44.9,0.0,Local
2010-05-08,Home,School,Walk,18.57,222.8,0.0,Local
2010-05-09,Home,Friend's Place,Bicycle,11.21,44.8,0.0,Local
2010-05-10,Home,Park,Tram,12.37,37.1,742.2,Local
2010-05-11,Home,Cinema,Bicycle,15.15,60.6,0.0,Local
2010-05-12,Home,School,Walk,7.74,92.9,0.0,Local
2010-05-12,School,Cinema,Tram,6.62,19.9,397.2,Local
2010-05-13,Home,Friend's Place,Bus,9.62,23.1,1010.1,Local
2010-05-14,Home,Shopping Centre,Walk,12.5,150.0,0.0,Local
2010-05-14,Shopping Centre,School,Bicycle,3.4,13.6,0.0,Local
2010-05-15,Home,School,Train,6.08,8.1,249.3,Local
2010-05-16,Park,Friend's Place,Bicycle,3.96,15.8,0.0,Local
2010-05-16,Home,Park,Bus,18.78,45.1,1971.9,Local
2010-05-17,Home,School,Bus,8.46,20.3,888.3,Local
2010-05-20,Home,Shopping Centre,Bus,13.08,31.4,1373.4,Local
2010-05-20,Shopping Centre,School,Walk,3.85,46.2,0.0,Local
2010-05-20,School,Cinema,Walk,7.87,94.4,0.0,Local
2010-05-21,Home,Friend's Place,Tram,14.73,44.2,883.8,Local
2010-05-22,Home,Shopping Centre,Car,5.89,8.8,1130.9,Local
2010-05-25,Library,School,Car,0.59,0.9,113.3,Local
2010-05-25,Home,Library,Train,19.23,25.6,788.4,Local
2010-05-27,Library,Park,Tram,6.17,18.5,370.2,Local
2010-05-27,Home,Library,Tram,15.05,45.2,903.0,Local
2010-05-28,Home,Park,Bicycle,15.45,61.8,0.0,Local
2010-05-29,Home,Library,Train,15.48,20.6,634.7,Local
2010-06-01,Home,Friend's Place,Tram,13.22,39.7,793.2,Local
2010-06-01,Friend's Place,Library,Car,7.52,11.3,1443.8,Local
2010-06-02,Home,Friend's Place,Car,16.8,25.2,3225.6,Local
2010-06-04,Home,Cinema,Train,13.58,18.1,556.8,Local
2010-06-04,Cinema,School,Bicycle,2.28,9.1,0.0,Local
2010-06-05,Home,Cinema,Train,9.17,12.2,376.0,Local
2010-06-05,Cinema,Home,Bicycle,15.51,62.0,0.0,Local
2010-06-06,Home,Library,Train,18.87,25.2,773.7,Local
2010-06-08,Home,School,Tram,8.6,25.8,516.0,Local
2010-06-09,Home,Library,Train,17.57,23.4,720.4,Local
2010-06-09,Library,School,Bicycle,1.2,4.8,0.0,Local
2010-06-09,School,Library,Bus,7.97,19.1,836.9,Local
2010-06-10,Home,Library,Walk,8.3,99.6,0.0,Local
2010-06-10,Library,Home,Bus,10.62,25.5,1115.1,Local
2010-06-11,Home,School,Bicycle,11.76,47.0,0.0,Local
2010-06-12,Home,Cinema,Car,16.34,24.5,3137.3,Local
2010-06-13,Home,School,Bicycle,17.46,69.8,0.0,Local
2010-06-14,Home,Park,Bicycle,6.87,27.5,0.0,Local
2010-06-15,Home,Park,Car,18.37,27.6,3527.0,Local
2010-06-15,Park,Library,Walk,7.73,92.8,0.0,Local
2010-06-15,Library,Park,Bus,2.53,6.1,265.6,Local
2010-06-16,Home,Library,Tram,6.7,20.1,402.0,Local
2010-06-18,Friend's Place,Shopping Centre,Tram,5.43,16.3,325.8,Local
2010-06-18,Home,Friend's Place,Tram,18.28,54.8,1096.8,Local
2010-06-19,Home,Shopping Centre,Bus,10.33,24.8,1084.7,Local
2010-06-19,Shopping Centre,Friend's Place,Train,2.05,2.7,84.0,Local
2010-06-21,Home,Library,Car,11.81,17.7,2267.5,Local
2010-06-22,Home,Friend's Place,Bicycle,18.09,72.4,0.0,Local
2010-06-23,Home,Library,Bicycle,17.71,70.8,0.0,Local
2010-06-24,School,Cinema,Bicycle,7.37,29.5,0.0,Local
2010-06-24,Home,School,Tram,17.03,51.1,1021.8,Local
2010-06-26,Home,Friend's Place,Tram,5.09,15.3,305.4,Local
2010-06-27,Home,Friend's Place,Bicycle,11.64,46.6,0.0,Local
2010-06-28,Home,Park,Bus,15.68,37.6,1646.4,Local
2010-06-28,Park,Friend's Place,Bus,4.6,11.0,483.0,Local
2010-06-29,Home,School,Car,15.57,23.4,2989.4,Local
2010-06-30,Home,School,Car,18.21,27.3,3496.3,Local
2010-06-30,School,Home,Car,16.21,24.3,3112.3,Local
2010-06-30,Home,Cinema,Walk,14.69,176.3,0.0,Local
2010-07-01,Home,School,Car,18.95,28.4,3638.4,Local
2010-07-02,School,Library,Train,1.38,1.8,56.6,Local
2010-07-02,Home,School,Train,8.04,10.7,329.6,Local
2010-07-03,Home,Friend's Place,Train,12.87,17.2,527.7,Local
2010-07-05,Home,Shopping Centre,Train,11.15,14.9,457.2,Local
2010-07-06,Home,Library,Walk,10.97,131.6,0.0,Local
2010-07-06,Library,Park,Car,7.06,10.6,1355.5,Local
2010-07-07,Library,Home,Car,13.64,20.5,2618.9,Local
2010-07-07,Home,Shopping Centre,Train,17.18,22.9,704.4,Local
2010-07-07,Shopping Centre,Library,Tram,1.1,3.3,66.0,Local
2010-07-08,Friend's Place,Home,Walk,7.94,95.3,0.0,Local
2010-07-08,Home,Friend's Place,Bus,10.61,25.5,1114.0,Local
2010-07-09,Home,Park,Bus,10.69,25.7,1122.5,Local
2010-07-10,Home,Cinema,Train,18.58,24.8,761.8,Local
2010-07-10,Cinema,Friend's Place,Bicycle,7.48,29.9,0.0,Local
2010-07-11,Home,School,Car,17.92,26.9,3440.6,Local
2010-07-12,Home,Library,Tram,7.04,21.1,422.4,Local
2010-07-13,Home,Friend's Place,Train,5.39,7.2,221.0,Local
2010-07-14,Home,Park,Bus,19.45,46.7,2042.2,Local
2010-07-15,Home,Park,Bicycle,18.96,75.8,0.0,Local
2010-07-16,Friend's Place,Shopping Centre,Bicycle,6.45,25.8,0.0,Local
2010-07-16,Home,Friend's Place,Car,11.99,18.0,2302.1,Local
2010-07-17,Home,School,Walk,15.55,186.6,0.0,Local
2010-07-19,Home,Cinema,Walk,15.54,186.5,0.0,Local
2010-07-19,Cinema,Shopping Centre,Walk,4.99,59.9,0.0,Local
2010-07-20,Home,Shopping Centre,Bus,11.72,28.1,1230.6,Local
2010-07-21,Home,Shopping Centre,Train,13.64,18.2,559.2,Local
2010-07-22,Home,School,Car,19.62,29.4,3767.0,Local
2010-07-23,Shopping Centre,Home,Car,6.97,10.5,1338.2,Local
2010-07-23,Home,Shopping Centre,Bus,18.23,43.8,1914.2,Local
2010-07-24,Home,School,Bicycle,7.44,29.8,0.0,Local
2010-07-25,Home,School,Tram,8.58,25.7,514.8,Local
2010-07-25,School,Shopping Centre,Walk,7.18,86.2,0.0,Local
2010-07-26,Home,Friend's Place,Tram,8.51,25.5,510.6,Local
2010-07-26,Friend's Place,Library,Car,1.09,1.6,209.3,Local
2010-07-26,Library,Park,Car,2.39,3.6,458.9,Local
2010-07-27,Home,School,Bicycle,15.35,61.4,0.0,Local
2010-07-28,Home,Shopping Centre,Car,6.05,9.1,1161.6,Local
2010-07-29,Home,Cinema,Bicycle,7.09,28.4,0.0,Local
2010-07-30,Home,Shopping Centre,Car,10.9,16.4,2092.8,Local
2010-07-31,Home,Library,Walk,16.27,195.2,0.0,Local
2010-08-01,Home,School,Train,6.86,9.1,281.3,Local
2010-08-02,Home,Shopping Centre,Bus,10.63,25.5,1116.2,Local
2010-08-03,Home,Shopping Centre,Car,17.38,26.1,3337.0,Local
2010-08-03,Shopping Centre,School,Bus,5.14,12.3,539.7,Local
2010-08-04,Home,Friend's Place,Tram,12.75,38.2,765.0,Local
2010-08-05,Home,Friend's Place,Tram,10.34,31.0,620.4,Local
2010-08-06,Home,Shopping Centre,Car,12.48,18.7,2396.2,Local
2010-08-06,Shopping Centre,Home,Train,18.21,24.3,746.6,Local
2010-08-06,Home,Shopping Centre,Bus,11.35,27.2,1191.8,Local
2010-08-10,Home,Friend's Place,Bus,14.69,35.3,1542.5,Local
2010-08-11,Home,Cinema,Walk,5.14,61.7,0.0,Local
2010-08-12,Home,Cinema,Train,9.38,12.5,384.6,Local
2010-08-13,Home,Friend's Place,Car,19.11,28.7,3669.1,Local
2010-08-14,Shopping Centre,School,Train,1.38,1.8,56.6,Local
2010-08-14,Home,Shopping Centre,Train,8.8,11.7,360.8,Local
2010-08-15,Home,Friend's Place,Walk,12.44,149.3,0.0,Local
2010-08-15,Friend's Place,Shopping Centre,Train,6.45,8.6,264.4,Local
2010-08-16,Home,Park,Walk,6.78,81.4,0.0,Local
2010-08-17,Home,Park,Walk,14.92,179.0,0.0,Local
2010-08-18,Home,Shopping Centre,Car,7.61,11.4,1461.1,Local
2010-08-19,Shopping Centre,Friend's Place,Tram,4.66,14.0,279.6,Local
2010-08-19,Home,Shopping Centre,Tram,12.2,36.6,732.0,Local
2010-08-20,Home,Library,Bicycle,18.46,73.8,0.0,Local
2010-08-21,Home,Cinema,Train,18.64,24.9,764.2,Local
2010-08-22,Home,Library,Tram,8.2,24.6,492.0,Local
2010-08-23,Home,School,Train,10.77,14.4,441.6,Local
2010-08-24,Home,Library,Bicycle,19.29,77.2,0.0,Local
2010-08-25,Home,Shopping Centre,Train,14.58,19.4,597.8,Local
2010-08-26,Home,Park,Car,8.8,13.2,1689.6,Local
2010-08-28,Home,Friend's Place,Tram,17.07,51.2,1024.2,Local
2010-08-28,Friend's Place,Shopping Centre,Car,2.9,4.3,556.8,Local
2010-08-28,Shopping Centre,School,Bicycle,3.22,12.9,0.0,Local
2010-08-29,Shopping Centre,Home,Tram,6.4,19.2,384.0,Local
2010-08-29,Home,Shopping Centre,Tram,13.19,39.6,791.4,Local
2010-08-30,Home,Friend's Place,Tram,16.94,50.8,1016.4,Local
2010-08-31,Home,Park,Walk,12.37,148.4,0.0,Local
2010-09-01,Home,Library,Car,13.01,19.5,2497.9,Local
2010-09-03,Home,Library,Bus,9.63,23.1,1011.2,Local
2010-09-03,Library,Home,Bus,6.84,16.4,718.2,Local
2010-09-04,Home,Park,Tram,19.1,57.3,1146.0,Local
2010-09-05,Friend's Place,Library,Bus,2.33,5.6,244.7,Local
2010-09-05,Library,Park,Tram,6.25,18.8,375.0,Local
2010-09-05,Home,Friend's Place,Bus,8.79,21.1,922.9,Local
2010-09-07,Home,Library,Tram,12.98,38.9,778.8,Local
2010-09-08,Home,Shopping Centre,Walk,9.83,118.0,0.0,Local
2010-09-08,Shopping Centre,Home,Tram,18.02,54.1,1081.2,Local
2010-09-09,Home,Friend's Place,Train,15.87,21.2,650.7,Local
2010-09-09,Friend's Place,Library,Walk,6.65,79.8,0.0,Local
2010-09-09,Library,Friend's Place,Bus,1.1,2.6,115.5,Local
2010-09-11,Home,Library,Tram,19.72,59.2,1183.2,Local
2010-09-12,Home,Cinema,Car,13.98,21.0,2684.2,Local
2010-09-13,Home,Shopping Centre,Car,15.21,22.8,2920.3,Local
2010-09-13,Shopping Centre,Friend's Place,Tram,2.66,8.0,159.6,Local
2010-09-14,Home,Shopping Centre,Bus,10.17,24.4,1067.8,Local
2010-09-16,Home,Park,Bicycle,11.25,45.0,0.0,Local
2010-09-16,Park,School,Tram,6.0,18.0,360.0,Local
2010-09-17,Home,Shopping Centre,Bicycle,17.05,68.2,0.0,Local
2010-09-18,Home,Shopping Centre,Car,6.19,9.3,1188.5,Local
2010-09-19,Home,School,Bicycle,8.02,32.1,0.0,Local
2010-09-20,Library,School,Walk,3.12,37.4,0.0,Local
2010-09-20,Home,Shopping Centre,Tram,11.78,35.3,706.8,Local
2010-09-20,Shopping Centre,Library,Tram,6.37,19.1,382.2,Local
2010-09-22,Home,Cinema,Tram,10.02,30.1,601.2,Local
2010-09-22,Cinema,Park,Car,5.17,7.8,992.6,Local
2010-09-23,Home,Cinema,Car,9.3,14.0,1785.6,Local
2010-09-23,Cinema,School,Walk,4.23,50.8,0.0,Local
2010-09-23,School,Library,Walk,5.72,68.6,0.0,Local
2010-09-24,Home,Park,Walk,7.94,95.3,0.0,Local
2010-09-25,Home,Park,Walk,16.28,195.4,0.0,Local
2010-09-26,Home,Cinema,Train,5.1,6.8,209.1,Local
2010-09-28,Home,School,Train,7.78,10.4,319.0,Local
2010-09-28,School,Cinema,Walk,3.14,37.7,0.0,Local
2010-09-29,Home,School,Walk,8.28,99.4,0.0,Local
2010-10-01,Home,Park,Tram,17.47,52.4,1048.2,Local
2010-10-02,Library,Home,Tram,18.34,55.0,1100.4,Local
2010-10-02,Home,Library,Car,5.64,8.5,1082.9,Local
2010-10-03,Home,Library,Tram,8.7,26.1,522.0,Local
2010-10-04,Home,Friend's Place,Walk,8.71,104.5,0.0,Local
2010-10-05,Home,Park,Tram,10.13,30.4,607.8,Local
2010-10-06,Home,Friend's Place,Bicycle,6.41,25.6,0.0,Local
2010-10-07,Home,Shopping Centre,Tram,12.65,38.0,759.0,Local
2010-10-08,Home,School,Bus,10.97,26.3,1151.9,Local
2010-10-09,Home,Library,Bus,12.92,31.0,1356.6,Local
2010-10-11,Home,Shopping Centre,Car,10.35,15.5,1987.2,Local
2010-10-11,Shopping Centre,Cinema,Car,3.47,5.2,666.2,Local
2010-10-13,Home,Cinema,Bicycle,19.49,78.0,0.0,Local
2010-10-14,Home,Library,Bicycle,7.38,29.5,0.0,Local
2010-10-16,Home,Cinema,Tram,15.83,47.5,949.8,Local
2010-10-17,Home,School,Car,18.44,27.7,3540.5,Local
2010-10-17,School,Home,Bicycle,15.1,60.4,0.0,Local
2010-10-18,Home,Shopping Centre,Walk,6.74,80.9,0.0,Local
2010-10-18,Shopping Centre,Library,Car,3.64,5.5,698.9,Local
2010-10-19,Home,Library,Walk,14.87,178.4,0.0,Local
2010-10-20,Home,Cinema,Bus,13.23,31.8,1389.2,Local
2010-10-21,Shopping Centre,Library,Tram,0.98,2.9,58.8,Local
2010-10-21,Home,Friend's Place,Walk,6.29,75.5,0.0,Local
2010-10-21,Friend's Place,Shopping Centre,Bicycle,5.01,20.0,0.0,Local
2010-10-22,Home,Park,Walk,16.46,197.5,0.0,Local
2010-10-23,Home,Library,Train,14.59,19.5,598.2,Local
2010-10-23,Library,Park,Bicycle,4.09,16.4,0.0,Local
2010-10-24,Home,Park,Bicycle,10.31,41.2,0.0,Local
2010-10-24,Park,Cinema,Train,0.52,0.7,21.3,Local
2010-10-25,Home,Shopping Centre,Tram,16.47,49.4,988.2,Local
2010-10-25,Shopping Centre,Home,Walk,14.56,174.7,0.0,Local
2010-10-26,Home,Park,Tram,10.8,32.4,648.0,Local
2010-10-26,Park,Cinema,Train,7.49,10.0,307.1,Local
2010-10-26,Cinema,Friend's Place,Bicycle,4.46,17.8,0.0,Local
2010-10-27,Home,Shopping Centre,Bicycle,8.02,32.1,0.0,Local
2010-10-29,Home,School,Bus,12.23,29.4,1284.2,Local
2010-10-30,Home,Friend's Place,Bus,13.09,31.4,1374.5,Local
2010-10-31,Home,Park,Bicycle,19.39,77.6,0.0,Local
2010-11-01,Home,Library,Bicycle,6.62,26.5,0.0,Local
2010-11-02,Home,Library,Tram,7.37,22.1,442.2,Local
2010-11-03,Home,Cinema,Walk,7.35,88.2,0.0,Local
2010-11-04,Home,School,Car,18.91,28.4,3630.7,Local
2010-11-05,Home,Library,Walk,12.07,144.8,0.0,Local
2010-11-08,Home,Cinema,Bus,8.19,19.7,859.9,Local
2010-11-09,Home,Cinema,Bus,18.72,44.9,1965.6,Local
2010-11-10,Home,Friend's Place,Walk,8.0,96.0,0.0,Local
2010-11-11,Home,Park,Train,13.54,18.1,555.1,Local
2010-11-11,Park,Shopping Centre,Tram,5.08,15.2,304.8,Local
2010-11-12,Home,Cinema,Tram,18.81,56.4,1128.6,Local
2010-11-13,Home,Park,Bicycle,12.86,51.4,0.0,Local
2010-11-14,Home,Friend's Place,Bicycle,10.91,43.6,0.0,Local
2010-11-14,Friend's Place,Library,Car,2.06,3.1,395.5,Local
2010-11-14,Library,Cinema,Car,7.14,10.7,1370.9,Local
2010-11-15,Home,Park,Car,19.43,29.1,3730.6,Local
2010-11-16,Home,Cinema,Bus,6.32,15.2,663.6,Local
2010-11-17,Home,Library,Walk,12.53,150.4,0.0,Local
2010-11-17,Library,School,Train,7.53,10.0,308.7,Local
2010-11-18,Home,Cinema,Car,19.75,29.6,3792.0,Local
2010-11-19,Home,Library,Tram,15.2,45.6,912.0,Local
2010-11-20,Home,School,Car,15.11,22.7,2901.1,Local
2010-11-21,Home,Park,Tram,7.09,21.3,425.4,Local
2010-11-22,Home,School,Bus,12.83,30.8,1347.2,Local
2010-11-23,Home,School,Bus,8.23,19.8,864.2,Local
2010-11-23,School,Friend's Place,Bicycle,5.05,20.2,0.0,Local
2010-11-24,Home,Friend's Place,Train,15.92,21.2,652.7,Local
2010-11-25,Home,Shopping Centre,Tram,5.83,17.5,349.8,Local
2010-11-26,Home,Park,Bus,14.96,35.9,1570.8,Local
2010-11-28,Home,Friend's Place,Walk,8.81,105.7,0.0,Local
2010-11-29,Home,Cinema,Car,17.65,26.5,3388.8,Local
2010-11-29,Cinema,Friend's Place,Train,5.95,7.9,244.0,Local
2010-11-29,Friend's Place,Library,Car,6.11,9.2,1173.1,Local
2010-12-01,Home,Library,Tram,14.06,42.2,843.6,Local
2010-12-02,Home,Library,Bus,14.6,35.0,1533.0,Local
2010-12-02,Library,School,Bus,4.04,9.7,424.2,Local
2010-12-03,Shopping Centre,Cinema,Car,6.25,9.4,1200.0,Local
2010-12-03,Cinema,School,Walk,5.67,68.0,0.0,Local
2010-12-03,Home,Shopping Centre,Train,8.88,11.8,364.1,Local
2010-12-04,Home,Cinema,Walk,10.98,131.8,0.0,Local
2010-12-05,Home,Friend's Place,Car,19.88,29.8,3817.0,Local
2010-12-06,Home,Cinema,Walk,19.61,235.3,0.0,Local
2010-12-06,Cinema,Shopping Centre,Tram,5.27,15.8,316.2,Local
2010-12-08,Home,Park,Bicycle,7.25,29.0,0.0,Local
2010-12-08,Park,Home,Train,5.62,7.5,230.4,Local
2010-12-09,Home,Friend's Place,Bus,6.81,16.3,715.0,Local
2010-12-10,Home,Cinema,Car,8.82,13.2,1693.4,Local
2010-12-11,Home,Friend's Place,Tram,14.7,44.1,882.0,Local
2010-12-11,Friend's Place,Home,Tram,14.08,42.2,844.8,Local
2010-12-13,Home,Cinema,Bicycle,5.45,21.8,0.0,Local
2010-12-13,Cinema,Friend's Place,Train,3.72,5.0,152.5,Local
2010-12-15,Home,Friend's Place,Walk,18.45,221.4,0.0,Local
2010-12-16,Home,Shopping Centre,Bus,11.81,28.3,1240.0,Local
2010-12-17,Home,Park,Tram,17.7,53.1,1062.0,Local
2010-12-18,Home,School,Bus,16.58,39.8,1740.9,Local
2010-12-20,Home,Shopping Centre,Walk,11.24,134.9,0.0,Local
2010-12-21,Home,School,Bus,18.04,43.3,1894.2,Local
2010-12-22,Home,Cinema,Car,17.37,26.1,3335.0,Local
2010-12-24,Home,Cinema,Bicycle,17.42,69.7,0.0,Local
2010-12-25,Home,Friend's Place,Car,19.08,28.6,3663.4,Local
2010-12-26,Home,School,Walk,11.2,134.4,0.0,Local
2010-12-27,Home,Library,Car,5.73,8.6,1100.2,Local
2010-12-27,Library,Shopping Centre,Car,7.11,10.7,1365.1,Local
2010-12-28,Home,Library,Train,16.24,21.7,665.8,Local
2010-12-28,Library,Cinema,Tram,0.53,1.6,31.8,Local
2010-12-29,Home,School,Train,7.3,9.7,299.3,Local
2010-12-30,Home,Cinema,Walk,6.76,81.1,0.0,Local
2010-12-30,Cinema,Shopping Centre,Car,3.74,5.6,718.1,Local
2010-12-30,Shopping Centre,School,Tram,4.27,12.8,256.2,Local
2010-12-31,Library,Shopping Centre,Walk,3.09,37.1,0.0,Local
2010-12-31,Shopping Centre,Library,Walk,4.09,49.1,0.0,Local
2010-12-31,Home,Library,Tram,18.04,54.1,1082.4,Local
2011-01-01,Home,Shopping Centre,Walk,8.45,101.4,0.0,Local
2011-01-02,Friend's Place,Shopping Centre,Train,6.92,9.2,283.7,Local
2011-01-02,Home,Friend's Place,Bicycle,12.98,51.9,0.0,Local
2011-01-03,School,Shopping Centre,Walk,1.31,15.7,0.0,Local
2011-01-03,Home,School,Tram,6.18,18.5,370.8,Local
2011-01-04,Home,School,Bicycle,17.39,69.6,0.0,Local
2011-01-06,Home,Friend's Place,Tram,17.6,52.8,1056.0,Local
2011-01-07,Home,Library,Bus,7.93,19.0,832.6,Local
2011-01-08,Home,Park,Bicycle,18.15,72.6,0.0,Local
2011-01-08,Park,Library,Train,3.85,5.1,157.8,Local
2011-01-09,Home,Shopping Centre,Bus,7.72,18.5,810.6,Local
2011-01-09,Shopping Centre,Cinema,Car,1.37,2.1,263.0,Local
2011-01-09,Cinema,Shopping Centre,Car,2.87,4.3,551.0,Local
2011-01-10,Home,Library,Bicycle,10.65,42.6,0.0,Local
2011-01-11,Home,School,Train,9.92,13.2,406.7,Local
2011-01-12,Home,School,Bicycle,8.22,32.9,0.0,Local
2011-01-13,Home,School,Bicycle,8.86,35.4,0.0,Local
2011-01-13,School,Library,Bicycle,5.06,20.2,0.0,Local
2011-01-14,Home,Shopping Centre,Bus,6.39,15.3,670.9,Local
2011-01-15,Home,Park,Train,9.66,12.9,396.1,Local
2011-01-15,Park,Cinema,Tram,1.31,3.9,78.6,Local
2011-01-16,Friend's Place,Park,Car,3.74,5.6,718.1,Local
2011-01-16,Home,Friend's Place,Car,10.04,15.1,1927.7,Local
2011-01-17,Home,Friend's Place,Train,13.0,17.3,533.0,Local
2011-01-17,Friend's Place,Shopping Centre,Bicycle,3.84,15.4,0.0,Local
2011-01-18,Home,Cinema,Bus,12.03,28.9,1263.1,Local
2011-01-19,Home,Cinema,Car,7.89,11.8,1514.9,Local
2011-01-21,Home,Library,Walk,10.17,122.0,0.0,Local
2011-01-22,Home,School,Car,5.83,8.7,1119.4,Local
2011-01-22,School,Home,Bus,11.57,27.8,1214.9,Local
2011-01-23,Home,Cinema,Tram,9.86,29.6,591.6,Local
2011-01-24,Home,School,Tram,5.59,16.8,335.4,Local
2011-01-24,School,Park,Train,6.52,8.7,267.3,Local
2011-01-25,Home,Library,Bus,14.91,35.8,1565.5,Local
2011-01-27,Home,Park,Train,18.81,25.1,771.2,Local
2011-01-27,Park,Library,Bicycle,6.22,24.9,0.0,Local
2011-01-28,Home,Shopping Centre,Walk,10.07,120.8,0.0,Local
2011-01-29,Home,School,Walk,17.19,206.3,0.0,Local
2011-01-30,Home,Park,Bicycle,7.53,30.1,0.0,Local
2011-01-31,Home,Friend's Place,Train,18.55,24.7,760.6,Local
2011-02-01,Home,Library,Walk,17.22,206.6,0.0,Local
2011-02-03,Home,Library,Bus,9.91,23.8,1040.5,Local
2011-02-05,Home,Friend's Place,Walk,17.64,211.7,0.0,Local
2011-02-05,Friend's Place,Library,Walk,5.49,65.9,0.0,Local
2011-02-06,Home,Park,Walk,6.21,74.5,0.0,Local
2011-02-06,Park,Home,Car,10.32,15.5,1981.4,Local
2011-02-07,Home,Shopping Centre,Tram,16.05,48.1,963.0,Local
2011-02-08,Home,Shopping Centre,Car,14.98,22.5,2876.2,Local
2011-02-08,Shopping Centre,School,Bus,7.48,18.0,785.4,Local
2011-02-11,Library,School,Bus,7.81,18.7,820.0,Local
2011-02-11,Home,Library,Tram,19.96,59.9,1197.6,Local
2011-02-12,Home,Library,Bus,7.66,18.4,804.3,Local
2011-02-13,Home,School,Tram,8.78,26.3,526.8,Local
2011-02-14,Home,Shopping Centre,Tram,9.71,29.1,582.6,Local
2011-02-15,Home,Shopping Centre,Train,10.58,14.1,433.8,Local
2011-02-16,Home,Shopping Centre,Walk,7.75,93.0,0.0,Local
2011-02-17,Home,Friend's Place,Car,12.47,18.7,2394.2,Local
2011-02-17,Friend's Place,School,Tram,5.19,15.6,311.4,Local
2011-02-18,School,Home,Walk,18.57,222.8,0.0,Local
2011-02-18,Home,Cinema,Train,15.24,20.3,624.8,Local
2011-02-18,Cinema,School,Car,7.72,11.6,1482.2,Local
2011-02-21,Home,School,Bicycle,19.38,77.5,0.0,Local
2011-02-22,Home,Library,Walk,12.81,153.7,0.0,Local
2011-02-23,Home,Library,Car,6.75,10.1,1296.0,Local
2011-02-23,Library,Cinema,Bicycle,5.57,22.3,0.0,Local
2011-02-25,Home,School,Car,12.57,18.9,2413.4,Local
2011-02-26,Home,Park,Walk,16.22,194.6,0.0,Local
2011-02-27,Home,Library,Bicycle,11.43,45.7,0.0,Local
2011-02-27,Library,Shopping Centre,Bicycle,1.68,6.7,0.0,Local
2011-03-02,Home,Library,Bicycle,9.12,36.5,0.0,Local
2011-03-02,Library,Shopping Centre,Train,6.64,8.9,272.2,Local
2011-03-02,Shopping Centre,Library,Bus,7.15,17.2,750.8,Local
2011-03-03,Home,Friend's Place,Bicycle,8.36,33.4,0.0,Local
2011-03-04,Home,School,Train,17.26,23.0,707.7,Local
2011-03-05,Home,Park,Tram,11.65,35.0,699.0,Local
2011-03-05,Park,School,Car,1.94,2.9,372.5,Local
2011-03-06,Home,Shopping Centre,Tram,8.1,24.3,486.0,Local
2011-03-07,Home,School,Car,14.76,22.1,2833.9,Local
2011-03-08,Home,Park,Bus,17.77,42.6,1865.8,Local
2011-03-09,Home,Library,Car,11.27,16.9,2163.8,Local
2011-03-09,Library,Park,Tram,3.66,11.0,219.6,Local
2011-03-09,Park,Shopping Centre,Bicycle,5.06,20.2,0.0,Local
2011-03-10,Home,Friend's Place,Car,18.33,27.5,3519.4,Local
2011-03-12,Home,Library,Tram,18.83,56.5,1129.8,Local
2011-03-13,Home,Library,Bicycle,5.24,21.0,0.0,Local
2011-03-17,Home,School,Tram,17.9,53.7,1074.0,Local
2011-03-18,Home,Friend's Place,Train,13.76,18.3,564.2,Local
2011-03-19,Home,Shopping Centre,Tram,18.02,54.1,1081.2,Local
2011-03-21,Home,Park,Tram,6.94,20.8,416.4,Local
2011-03-21,Park,Library,Bicycle,0.67,2.7,0.0,Local
2011-03-22,Home,Friend's Place,Car,8.2,12.3,1574.4,Local
2011-03-24,Home,Library,Bus,10.65,25.6,1118.2,Local
2011-03-24,Library,Friend's Place,Train,7.36,9.8,301.8,Local
2011-03-25,Home,Friend's Place,Walk,6.45,77.4,0.0,Local
2011-03-29,School,Park,Tram,1.56,4.7,93.6,Local
2011-03-29,Home,School,Bus,16.34,39.2,1715.7,Local
2011-03-30,Home,Park,Car,18.99,28.5,3646.1,Local
2011-03-30,Park,Friend's Place,Bicycle,7.78,31.1,0.0,Local
2011-03-30,Friend's Place,Shopping Centre,Bicycle,7.97,31.9,0.0,Local
2011-03-31,Home,Library,Tram,16.48,49.4,988.8,Local
2011-03-31,Library,Friend's Place,Bus,1.48,3.6,155.4,Local
2011-03-31,Friend's Place,Home,Walk,7.88,94.6,0.0,Local
2011-04-01,Home,School,Car,16.9,25.3,3244.8,Local
2011-04-01,School,Friend's Place,Bus,5.67,13.6,595.4,Local
2011-04-04,Home,Shopping Centre,Walk,13.43,161.2,0.0,Local
2011-04-05,Home,Shopping Centre,Train,6.66,8.9,273.1,Local
2011-04-06,Home,School,Bus,11.65,28.0,1223.2,Local
2011-04-07,Home,Library,Bus,10.88,26.1,1142.4,Local
2011-04-08,Home,School,Bicycle,11.33,45.3,0.0,Local
2011-04-09,Home,School,Car,10.79,16.2,2071.7,Local
2011-04-09,School,Friend's Place,Train,2.98,4.0,122.2,Local
2011-04-10,Home,Friend's Place,Tram,15.43,46.3,925.8,Local
2011-04-11,Home,Cinema,Bicycle,13.72,54.9,0.0,Local
2011-04-13,Home,Park,Bus,13.87,33.3,1456.3,Local
2011-04-14,Home,Library,Bus,5.6,13.4,588.0,Local
2011-04-15,Home,Friend's Place,Bus,16.26,39.0,1707.3,Local
2011-04-15,Friend's Place,Shopping Centre,Bus,2.02,4.8,212.1,Local
2011-04-15,Shopping Centre,Home,Train,6.24,8.3,255.8,Local
2011-04-16,Home,Park,Bicycle,7.05,28.2,0.0,Local
2011-04-16,Park,Home,Tram,6.47,19.4,388.2,Local
2011-04-17,Home,School,Tram,10.63,31.9,637.8,Local
2011-04-18,Home,Park,Tram,14.52,43.6,871.2,Local
2011-04-19,Home,Cinema,Car,8.97,13.5,1722.2,Local
2011-04-20,Home,Shopping Centre,Train,18.47,24.6,757.3,Local
2011-04-20,Shopping Centre,School,Bus,5.36,12.9,562.8,Local
2011-04-21,Home,School,Train,5.45,7.3,223.5,Local
2011-04-22,Home,Library,Bus,14.02,33.6,1472.1,Local
2011-04-24,Home,School,Car,14.06,21.1,2699.5,Local
2011-04-24,School,Home,Bus,14.78,35.5,1551.9,Local
2011-04-26,Library,Home,Car,17.77,26.7,3411.8,Local
2011-04-26,Home,Library,Car,18.36,27.5,3525.1,Local
2011-04-28,Home,Cinema,Walk,11.83,142.0,0.0,Local
2011-04-30,Home,Shopping Centre,Bus,8.12,19.5,852.6,Local
2011-05-01,Home,Park,Bicycle,5.35,21.4,0.0,Local
2011-05-01,Park,Library,Walk,3.75,45.0,0.0,Local
2011-05-03,Home,School,Train,9.45,12.6,387.4,Local
2011-05-04,Home,Park,Car,17.01,25.5,3265.9,Local
2011-05-05,Home,Cinema,Car,19.74,29.6,3790.1,Local
2011-05-07,Home,Cinema,Car,14.91,22.4,2862.7,Local
2011-05-07,Cinema,Library,Walk,0.72,8.6,0.0,Local
2011-05-09,Home,Shopping Centre,Walk,9.42,113.0,0.0,Local
2011-05-10,Home,Shopping Centre,Tram,15.45,46.3,927.0,Local
2011-05-11,Home,Library,Car,12.94,19.4,2484.5,Local
2011-05-11,Library,Park,Bus,7.71,18.5,809.5,Local
2011-05-12,Home,Cinema,Train,12.9,17.2,528.9,Local
2011-05-13,Home,Park,Walk,8.28,99.4,0.0,Local
2011-05-14,Home,Shopping Centre,Car,5.18,7.8,994.6,Local
2011-05-15,Home,Library,Car,19.02,28.5,3651.8,Local
2011-05-16,Home,Shopping Centre,Car,18.88,28.3,3625.0,Local
2011-05-20,Home,Library,Bicycle,14.54,58.2,0.0,Local
2011-05-21,Home,Friend's Place,Tram,9.94,29.8,596.4,Local
2011-05-21,Friend's Place,Shopping Centre,Walk,6.29,75.5,0.0,Local
2011-05-23,Home,Park,Bicycle,13.02,52.1,0.0,Local
2011-05-25,Home,School,Train,12.88,17.2,528.1,Local
2011-05-26,Home,Library,Bus,16.62,39.9,1745.1,Local
2011-05-26,Library,Shopping Centre,Car,3.38,5.1,649.0,Local
2011-05-27,Home,Library,Walk,8.47,101.6,0.0,Local
2011-05-27,Library,Park,Bus,6.6,15.8,693.0,Local
2011-05-28,Home,Shopping Centre,Train,19.63,26.2,804.8,Local
2011-05-31,Home,Shopping Centre,Bus,7.5,18.0,787.5,Local
2011-06-01,Home,Cinema,Car,12.78,19.2,2453.8,Local
2011-06-03,Home,Friend's Place,Tram,16.88,50.6,1012.8,Local
2011-06-03,Friend's Place,Park,Train,7.28,9.7,298.5,Local
2011-06-04,Home,School,Train,19.19,25.6,786.8,Local
2011-06-05,Home,Friend's Place,Car,7.02,10.5,1347.8,Local
2011-06-08,Cinema,Home,Bicycle,14.29,57.2,0.0,Local
2011-06-08,Home,Cinema,Bus,17.02,40.8,1787.1,Local
2011-06-09,Home,Friend's Place,Tram,8.71,26.1,522.6,Local
2011-06-10,Home,Friend's Place,Car,13.09,19.6,2513.3,Local
2011-06-11,Home,Shopping Centre,Train,18.8,25.1,770.8,Local
2011-06-11,Shopping Centre,Cinema,Train,3.67,4.9,150.5,Local
2011-06-13,Home,School,Car,9.38,14.1,1801.0,Local
2011-06-13,School,Shopping Centre,Train,4.4,5.9,180.4,Local
2011-06-14,Home,Friend's Place,Bicycle,10.86,43.4,0.0,Local
2011-06-15,Cinema,Shopping Centre,Train,4.05,5.4,166.0,Local
2011-06-15,Home,Cinema,Walk,5.02,60.2,0.0,Local
2011-06-16,Home,Friend's Place,Walk,9.0,108.0,0.0,Local
2011-06-17,Home,Park,Car,11.47,17.2,2202.2,Local
2011-06-18,Home,Shopping Centre,Tram,15.33,46.0,919.8,Local
2011-06-18,Shopping Centre,Cinema,Walk,4.23,50.8,0.0,Local
2011-06-19,Home,Friend's Place,Walk,18.82,225.8,0.0,Local
2011-06-20,Home,Shopping Centre,Bicycle,13.83,55.3,0.0,Local
2011-06-21,Home,Park,Tram,6.07,18.2,364.2,Local
2011-06-22,Home,Friend's Place,Walk,8.88,106.6,0.0,Local
2011-06-23,Library,Shopping Centre,Train,3.05,4.1,125.0,Local
2011-06-23,Home,School,Car,14.81,22.2,2843.5,Local
2011-06-23,School,Library,Bus,6.21,14.9,652.0,Local
2011-06-24,Home,Cinema,Car,19.96,29.9,3832.3,Local
2011-06-25,Home,Park,Car,5.62,8.4,1079.0,Local
2011-06-26,Home,Shopping Centre,Train,13.68,18.2,560.9,Local
2011-06-27,Home,Shopping Centre,Train,7.59,10.1,311.2,Local
2011-06-27,Shopping Centre,Park,Bus,2.33,5.6,244.7,Local
2011-06-27,Park,Library,Bus,1.71,4.1,179.5,Local
2011-06-30,Library,School,Bicycle,1.71,6.8,0.0,Local
2011-06-30,Home,Library,Train,19.7,26.3,807.7,Local
2011-07-01,Home,School,Walk,17.03,204.4,0.0,Local
2011-07-01,School,Shopping Centre,Bus,0.63,1.5,66.2,Local
2011-07-03,Home,Cinema,Car,6.6,9.9,1267.2,Local
2011-07-04,Home,Shopping Centre,Tram,6.26,18.8,375.6,Local
2011-07-05,Home,Friend's Place,Train,8.75,11.7,358.8,Local
2011-07-06,Home,Library,Bicycle,9.22,36.9,0.0,Local
2011-07-07,Home,School,Train,17.05,22.7,699.1,Local
2011-07-07,School,Friend's Place,Car,7.53,11.3,1445.8,Local
2011-07-09,Home,Friend's Place,Walk,18.73,224.8,0.0,Local
2011-07-10,Home,Cinema,Bus,18.04,43.3,1894.2,Local
2011-07-10,Cinema,Home,Train,12.63,16.8,517.8,Local
2011-07-10,Home,Friend's Place,Walk,8.96,107.5,0.0,Local
2011-07-11,Home,Park,Walk,11.25,135.0,0.0,Local
2011-07-12,Home,Cinema,Walk,15.33,184.0,0.0,Local
2011-07-12,Cinema,Shopping Centre,Bus,7.21,17.3,757.0,Local
2011-07-13,Home,Friend's Place,Walk,11.0,132.0,0.0,Local
2011-07-13,Friend's Place,Shopping Centre,Train,7.1,9.5,291.1,Local
2011-07-13,Shopping Centre,Library,Bus,4.62,11.1,485.1,Local
2011-07-14,Home,Cinema,Bicycle,12.26,49.0,0.0,Local
2011-07-14,Cinema,Friend's Place,Tram,4.03,12.1,241.8,Local
2011-07-15,Home,Park,Bus,7.53,18.1,790.6,Local
2011-07-15,Park,School,Bicycle,4.62,18.5,0.0,Local
2011-07-15,School,Home,Car,14.16,21.2,2718.7,Local
2011-07-16,Friend's Place,Shopping Centre,Walk,3.75,45.0,0.0,Local
2011-07-16,Home,Friend's Place,Tram,12.25,36.8,735.0,Local
2011-07-18,Friend's Place,School,Bus,0.7,1.7,73.5,Local
2011-07-18,Home,Friend's Place,Tram,11.42,34.3,685.2,Local
2011-07-19,Home,Shopping Centre,Bus,14.36,34.5,1507.8,Local
2011-07-20,Home,Shopping Centre,Tram,6.1,18.3,366.0,Local
2011-07-21,Home,School,Bicycle,17.42,69.7,0.0,Local
2011-07-22,Home,Cinema,Walk,16.44,197.3,0.0,Local
2011-07-23,Home,School,Train,10.5,14.0,430.5,Local
2011-07-23,School,Park,Tram,0.7,2.1,42.0,Local
2011-07-26,Home,Library,Car,8.69,13.0,1668.5,Local
2011-07-28,Home,Friend's Place,Car,16.06,24.1,3083.5,Local
2011-07-28,Friend's Place,Shopping Centre,Car,5.51,8.3,1057.9,Local
2011-07-29,Home,Friend's Place,Car,10.37,15.6,1991.0,Local
2011-07-29,Friend's Place,Shopping Centre,Bicycle,5.13,20.5,0.0,Local
2011-07-31,Home,School,Tram,13.39,40.2,803.4,Local
2011-08-01,Home,School,Bicycle,13.17,52.7,0.0,Local
2011-08-01,School,Friend's Place,Bus,5.18,12.4,543.9,Local
2011-08-02,Park,Library,Bus,1.79,4.3,188.0,Local
2011-08-02,Library,Cinema,Tram,6.73,20.2,403.8,Local
2011-08-02,Home,Park,Tram,10.33,31.0,619.8,Local
2011-08-03,Home,Library,Bus,6.99,16.8,734.0,Local
2011-08-04,Home,Cinema,Bicycle,15.12,60.5,0.0,Local
2011-08-05,Home,Friend's Place,Train,7.58,10.1,310.8,Local
2011-08-06,Home,Friend's Place,Bus,17.77,42.6,1865.8,Local
2011-08-06,Friend's Place,School,Bicycle,0.99,4.0,0.0,Local
2011-08-07,Library,Shopping Centre,Walk,6.58,79.0,0.0,Local
2011-08-07,Home,Park,Car,12.35,18.5,2371.2,Local
2011-08-07,Park,Library,Walk,2.82,33.8,0.0,Local
2011-08-09,Home,Shopping Centre,Bicycle,13.56,54.2,0.0,Local
2011-08-10,Home,Library,Tram,15.33,46.0,919.8,Local
2011-08-10,Library,School,Walk,6.95,83.4,0.0,Local
2011-08-14,Home,Library,Car,18.38,27.6,3529.0,Local
2011-08-14,Library,Park,Tram,2.98,8.9,178.8,Local
2011-08-14,Park,Cinema,Bus,7.57,18.2,794.9,Local
2011-08-15,Shopping Centre,Home,Bicycle,6.67,26.7,0.0,Local
2011-08-15,Home,Shopping Centre,Tram,8.78,26.3,526.8,Local
2011-08-16,Shopping Centre,Cinema,Train,6.07,8.1,248.9,Local
2011-08-16,Park,Shopping Centre,Bus,3.98,9.6,417.9,Local
2011-08-16,Home,Park,Train,9.29,12.4,380.9,Local
2011-08-17,Home,Library,Walk,18.34,220.1,0.0,Local
2011-08-18,Home,Cinema,Bus,8.75,21.0,918.8,Local
2011-08-19,Home,School,Bus,7.86,18.9,825.3,Local
2011-08-20,Home,Friend's Place,Bus,17.99,43.2,1888.9,Local
2011-08-20,Friend's Place,Park,Train,7.86,10.5,322.3,Local
2011-08-22,Home,Friend's Place,Bus,13.29,31.9,1395.4,Local
2011-08-23,Home,Park,Train,19.41,25.9,795.8,Local
2011-08-24,Home,School,Bus,17.67,42.4,1855.4,Local
2011-08-25,Home,Cinema,Car,16.21,24.3,3112.3,Local
2011-08-26,Home,Cinema,Bicycle,15.8,63.2,0.0,Local
2011-08-26,Cinema,Library,Bicycle,3.62,14.5,0.0,Local
2011-08-27,Home,Park,Bus,19.85,47.6,2084.2,Local
2011-08-27,Park,Friend's Place,Car,2.78,4.2,533.8,Local
2011-08-28,Home,Library,Walk,11.64,139.7,0.0,Local
2011-08-28,Library,Cinema,Train,4.89,6.5,200.5,Local
2011-08-30,Home,Shopping Centre,Car,9.02,13.5,1731.8,Local
2011-08-31,Park,Home,Train,19.76,26.3,810.2,Local
2011-08-31,Home,Park,Car,15.58,23.4,2991.4,Local
2011-09-03,Home,Cinema,Train,14.43,19.2,591.6,Local
2011-09-04,Home,School,Tram,16.39,49.2,983.4,Local
2011-09-04,School,Friend's Place,Bicycle,5.52,22.1,0.0,Local
2011-09-05,Home,Library,Train,18.28,24.4,749.5,Local
2011-09-06,Home,Friend's Place,Walk,17.27,207.2,0.0,Local
2011-09-07,Home,School,Bicycle,5.52,22.1,0.0,Local
2011-09-08,Home,School,Car,6.9,10.4,1324.8,Local
2011-09-08,School,Home,Bus,6.2,14.9,651.0,Local
2011-09-09,Home,School,Train,8.24,11.0,337.8,Local
2011-09-10,Home,Library,Bicycle,7.48,29.9,0.0,Local
2011-09-12,Home,Library,Walk,14.94,179.3,0.0,Local
2011-09-13,Home,Shopping Centre,Walk,12.95,155.4,0.0,Local
2011-09-14,Home,Shopping Centre,Tram,15.17,45.5,910.2,Local
2011-09-14,Shopping Centre,Friend's Place,Train,4.33,5.8,177.5,Local
2011-09-14,Friend's Place,Library,Tram,1.85,5.5,111.0,Local
2011-09-15,Home,School,Tram,11.47,34.4,688.2,Local
2011-09-16,Home,Park,Bicycle,11.31,45.2,0.0,Local
2011-09-17,Home,Library,Train,14.49,19.3,594.1,Local
2011-09-17,Library,Shopping Centre,Train,7.22,9.6,296.0,Local
2011-09-17,Shopping Centre,Home,Train,17.41,23.2,713.8,Local
2011-09-18,Home,Shopping Centre,Bus,8.2,19.7,861.0,Local
2011-09-19,Home,Library,Bicycle,12.47,49.9,0.0,Local
2011-09-20,Home,Friend's Place,Bicycle,14.18,56.7,0.0,Local
2011-09-21,Home,Library,Train,17.36,23.1,711.8,Local
2011-09-22,Home,Library,Bus,9.92,23.8,1041.6,Local
2011-09-22,Library,School,Walk,7.33,88.0,0.0,Local
2011-09-24,Home,Library,Bicycle,8.62,34.5,0.0,Local
2011-09-24,Library,Park,Tram,6.54,19.6,392.4,Local
2011-09-24,Park,Shopping Centre,Train,4.2,5.6,172.2,Local
2011-09-25,Home,School,Bicycle,13.67,54.7,0.0,Local
2011-09-26,Home,Cinema,Bicycle,13.93,55.7,0.0,Local
2011-09-27,Cinema,School,Tram,1.67,5.0,100.2,Local
2011-09-27,School,Park,Tram,1.44,4.3,86.4,Local
2011-09-27,Home,Cinema,Bicycle,14.24,57.0,0.0,Local
2011-09-29,Home,School,Train,11.06,14.7,453.5,Local
2011-10-01,Home,Friend's Place,Train,17.55,23.4,719.6,Local
2011-10-01,Friend's Place,Shopping Centre,Car,3.64,5.5,698.9,Local
2011-10-01,Shopping Centre,Library,Tram,7.34,22.0,440.4,Local
2011-10-02,Home,Friend's Place,Walk,12.31,147.7,0.0,Local
2011-10-04,Home,School,Bicycle,15.2,60.8,0.0,Local
2011-10-05,Shopping Centre,Park,Tram,1.43,4.3,85.8,Local
2011-10-05,Home,Shopping Centre,Walk,5.83,70.0,0.0,Local
2011-10-05,Park,Friend's Place,Bicycle,7.95,31.8,0.0,Local
2011-10-06,Home,Park,Bus,12.98,31.2,1362.9,Local
2011-10-06,Park,Library,Bicycle,4.41,17.6,0.0,Local
2011-10-06,Library,Friend's Place,Car,3.92,5.9,752.6,Local
2011-10-07,Home,Cinema,Car,7.5,11.2,1440.0,Local
2011-10-08,Home,Library,Bicycle,6.82,27.3,0.0,Local
2011-10-09,Home,Friend's Place,Bus,5.43,13.0,570.1,Local
2011-10-10,Home,Park,Bicycle,14.35,57.4,0.0,Local
2011-10-11,Library,Park,Bicycle,6.94,27.8,0.0,Local
2011-10-11,Home,Library,Bicycle,17.32,69.3,0.0,Local
2011-10-15,Home,Shopping Centre,Train,18.66,24.9,765.1,Local
2011-10-16,Home,School,Walk,16.56,198.7,0.0,Local
2011-10-17,Home,Friend's Place,Walk,17.62,211.4,0.0,Local
2011-10-19,Home,Park,Car,8.27,12.4,1587.8,Local
2011-10-19,Park,Shopping Centre,Train,5.94,7.9,243.5,Local
2011-10-20,Home,Park,Train,10.44,13.9,428.0,Local
2011-10-22,Home,Library,Train,8.8,11.7,360.8,Local
2011-10-23,Shopping Centre,Library,Bicycle,0.6,2.4,0.0,Local
2011-10-23,Home,Park,Car,14.79,22.2,2839.7,Local
2011-10-23,Park,Shopping Centre,Bicycle,6.04,24.2,0.0,Local
2011-10-24,Home,School,Train,5.8,7.7,237.8,Local
2011-10-24,School,Shopping Centre,Tram,6.65,20.0,399.0,Local
2011-10-24,Shopping Centre,Park,Bus,4.43,10.6,465.1,Local
2011-10-25,Home,Cinema,Walk,6.11,73.3,0.0,Local
2011-10-26,Home,Friend's Place,Walk,16.07,192.8,0.0,Local
2011-10-26,Friend's Place,School,Car,7.39,11.1,1418.9,Local
2011-10-27,Shopping Centre,Library,Car,5.47,8.2,1050.2,Local
2011-10-27,Home,Shopping Centre,Bus,14.38,34.5,1509.9,Local
2011-10-28,Home,Cinema,Bicycle,6.91,27.6,0.0,Local
2011-10-28,Cinema,School,Walk,1.11,13.3,0.0,Local
2011-10-28,School,Shopping Centre,Train,2.62,3.5,107.4,Local
2011-10-29,Home,Cinema,Car,8.75,13.1,1680.0,Local
2011-10-29,Cinema,Library,Car,3.57,5.4,685.4,Local
2011-10-30,Home,Friend's Place,Train,7.52,10.0,308.3,Local
2011-11-01,Home,Friend's Place,Tram,9.83,29.5,589.8,Local
2011-11-02,Home,Cinema,Train,17.03,22.7,698.2,Local
2011-11-04,Home,Cinema,Car,5.29,7.9,1015.7,Local
2011-11-04,Cinema,Friend's Place,Car,6.95,10.4,1334.4,Local
2011-11-04,Friend's Place,Cinema,Train,2.06,2.7,84.5,Local
2011-11-06,Home,Friend's Place,Train,11.42,15.2,468.2,Local
2011-11-06,Friend's Place,Shopping Centre,Walk,7.17,86.0,0.0,Local
2011-11-07,Home,Friend's Place,Train,18.38,24.5,753.6,Local
2011-11-07,Friend's Place,Cinema,Tram,3.99,12.0,239.4,Local
2011-11-08,Home,Park,Train,17.72,23.6,726.5,Local
2011-11-09,Home,Library,Car,16.64,25.0,3194.9,Local
2011-11-10,Park,Home,Bus,9.8,23.5,1029.0,Local
2011-11-10,Home,Park,Walk,7.0,84.0,0.0,Local
2011-11-11,Home,Friend's Place,Bus,7.32,17.6,768.6,Local
2011-11-12,Home,Park,Car,5.7,8.6,1094.4,Local
2011-11-12,Park,School,Bicycle,6.06,24.2,0.0,Local
2011-11-12,School,Shopping Centre,Train,0.99,1.3,40.6,Local
2011-11-15,Home,Park,Bicycle,13.62,54.5,0.0,Local
2011-11-16,Home,Park,Train,12.99,17.3,532.6,Local
2011-11-16,Park,Home,Bus,8.63,20.7,906.2,Local
2011-11-18,Home,Park,Tram,19.61,58.8,1176.6,Local
2011-11-20,Home,Library,Bus,5.5,13.2,577.5,Local
2011-11-20,Library,School,Bus,4.85,11.6,509.2,Local
2011-11-22,Home,Cinema,Bicycle,7.3,29.2,0.0,Local
2011-11-22,Cinema,Home,Bus,5.25,12.6,551.2,Local
2011-11-23,Home,Shopping Centre,Walk,13.71,164.5,0.0,Local
2011-11-23,Shopping Centre,Park,Walk,3.73,44.8,0.0,Local
2011-11-23,Park,Shopping Centre,Tram,4.24,12.7,254.4,Local
2011-11-24,School,Home,Bicycle,15.85,63.4,0.0,Local
2011-11-24,Shopping Centre,School,Walk,4.03,48.4,0.0,Local
2011-11-24,Home,Shopping Centre,Tram,17.91,53.7,1074.6,Local
2011-11-25,Home,Friend's Place,Walk,16.54,198.5,0.0,Local
2011-11-26,Home,Shopping Centre,Tram,5.04,15.1,302.4,Local
2011-11-26,Shopping Centre,School,Tram,4.24,12.7,254.4,Local
2011-11-26,School,Park,Car,5.5,8.2,1056.0,Local
2011-11-27,Home,School,Walk,9.96,119.5,0.0,Local
2011-11-27,School,Shopping Centre,Train,1.32,1.8,54.1,Local
2011-11-28,Friend's Place,Shopping Centre,Walk,7.9,94.8,0.0,Local
2011-11-28,Home,Friend's Place,Car,18.03,27.0,3461.8,Local
2011-12-01,Home,School,Tram,11.68,35.0,700.8,Local
2011-12-02,Home,Park,Car,19.93,29.9,3826.6,Local
2011-12-03,Home,Cinema,Walk,14.99,179.9,0.0,Local
2011-12-03,Cinema,Friend's Place,Bus,4.62,11.1,485.1,Local
2011-12-03,Friend's Place,Cinema,Tram,2.8,8.4,168.0,Local
2011-12-04,Park,Friend's Place,Bus,5.96,14.3,625.8,Local
2011-12-04,Home,Park,Car,16.7,25.0,3206.4,Local
2011-12-05,Library,Park,Walk,5.96,71.5,0.0,Local
2011-12-05,Home,Library,Train,19.86,26.5,814.3,Local
2011-12-06,Home,Cinema,Tram,7.29,21.9,437.4,Local
2011-12-08,Home,Shopping Centre,Train,12.53,16.7,513.7,Local
2011-12-09,Home,Cinema,Tram,14.78,44.3,886.8,Local
2011-12-09,Cinema,Library,Bus,2.16,5.2,226.8,Local
2011-12-09,Library,Home,Bicycle,19.75,79.0,0.0,Local
2011-12-10,Home,Shopping Centre,Bus,13.09,31.4,1374.5,Local
2011-12-11,Home,School,Train,16.62,22.2,681.4,Local
2011-12-12,Home,School,Tram,7.6,22.8,456.0,Local
2011-12-13,Home,School,Tram,13.76,41.3,825.6,Local
2011-12-14,Home,Cinema,Bus,16.22,38.9,1703.1,Local
2011-12-15,Home,Friend's Place,Train,18.04,24.1,739.6,Local
2011-12-17,Home,Friend's Place,Walk,18.67,224.0,0.0,Local
2011-12-18,Home,Park,Bicycle,6.94,27.8,0.0,Local
2011-12-19,Home,School,Walk,5.04,60.5,0.0,Local
2011-12-19,School,Library,Bus,4.27,10.2,448.3,Local
2011-12-19,Library,Friend's Place,Car,5.13,7.7,985.0,Local
2011-12-22,Home,Cinema,Car,7.96,11.9,1528.3,Local
2011-12-23,Home,Library,Train,14.63,19.5,599.8,Local
2011-12-24,Home,Friend's Place,Car,15.53,23.3,2981.8,Local
2011-12-24,Friend's Place,Shopping Centre,Train,0.7,0.9,28.7,Local
2011-12-26,Home,Shopping Centre,Train,5.06,6.7,207.5,Local
2011-12-26,Shopping Centre,Library,Bicycle,5.56,22.2,0.0,Local
2011-12-27,Home,Friend's Place,Tram,6.61,19.8,396.6,Local
2011-12-27,Friend's Place,Library,Tram,7.87,23.6,472.2,Local
2011-12-27,Library,Park,Train,1.62,2.2,66.4,Local
2011-12-28,School,Library,Bicycle,3.86,15.4,0.0,Local
2011-12-28,Home,Library,Walk,6.06,72.7,0.0,Local
2011-12-28,Library,School,Bicycle,2.12,8.5,0.0,Local
2011-12-29,Home,School,Train,17.38,23.2,712.6,Local
2011-12-31,Home,Library,Train,19.02,25.4,779.8,Local
2012-01-01,Home,School,Tram,16.84,50.5,1010.4,Local
2012-01-01,School,Shopping Centre,Bicycle,5.68,22.7,0.0,Local
2012-01-02,Home,Shopping Centre,Car,8.0,12.0,1536.0,Local
2012-01-02,Shopping Centre,Home,Bus,9.41,22.6,988.1,Local
2012-01-03,Home,Shopping Centre,Tram,15.12,45.4,907.2,Local
2012-01-04,Home,Library,Bus,15.66,37.6,1644.3,Local
2012-01-05,Home,Friend's Place,Bicycle,7.26,29.0,0.0,Local
2012-01-06,Home,Library,Train,16.43,21.9,673.6,Local
2012-01-08,Home,School,Walk,7.72,92.6,0.0,Local
2012-01-09,Home,Library,Walk,12.29,147.5,0.0,Local
2012-01-10,Home,Library,Car,15.91,23.9,3054.7,Local
2012-01-11,Home,Cinema,Walk,8.49,101.9,0.0,Local
2012-01-11,Cinema,Home,Walk,11.69,140.3,0.0,Local
2012-01-12,Home,School,Train,5.83,7.8,239.0,Local
2012-01-13,Home,Friend's Place,Car,18.43,27.6,3538.6,Local
2012-01-14,Home,Shopping Centre,Walk,16.32,195.8,0.0,Local
2012-01-15,Home,Park,Bicycle,13.0,52.0,0.0,Local
2012-01-15,Park,Home,Train,11.29,15.1,462.9,Local
2012-01-15,Home,Cinema,Tram,16.86,50.6,1011.6,Local
2012-01-16,Home,School,Walk,8.15,97.8,0.0,Local
2012-01-16,School,Library,Bus,3.77,9.0,395.9,Local
2012-01-18,Home,Shopping Centre,Bicycle,13.75,55.0,0.0,Local
2012-01-18,Shopping Centre,Home,Walk,8.17,98.0,0.0,Local
2012-01-19,Cinema,Home,Train,12.44,16.6,510.0,Local
2012-01-19,Home,Cinema,Bus,6.25,15.0,656.2,Local
2012-01-21,Home,School,Bus,10.3,24.7,1081.5,Local
2012-01-23,Home,Cinema,Car,16.38,24.6,3145.0,Local
2012-01-24,Home,School,Car,11.16,16.7,2142.7,Local
2012-01-26,Home,Cinema,Bicycle,14.49,58.0,0.0,Local
2012-01-27,Home,Friend's Place,Train,12.81,17.1,525.2,Local
2012-01-28,Home,School,Tram,12.07,36.2,724.2,Local
2012-01-29,Home,Shopping Centre,Bicycle,5.42,21.7,0.0,Local
2012-01-30,Home,Cinema,Bus,15.26,36.6,1602.3,Local
2012-01-30,Cinema,Park,Bus,4.82,11.6,506.1,Local
2012-01-31,Home,Friend's Place,Walk,8.82,105.8,0.0,Local
2012-01-31,Friend's Place,School,Tram,7.01,21.0,420.6,Local
2012-01-31,School,Cinema,Bicycle,2.01,8.0,0.0,Local
2012-02-01,Home,Park,Bicycle,7.67,30.7,0.0,Local
2012-02-02,Home,Library,Train,18.3,24.4,750.3,Local
2012-02-03,Home,Friend's Place,Walk,13.24,158.9,0.0,Local
2012-02-04,Home,Park,Train,5.76,7.7,236.2,Local
2012-02-05,Friend's Place,Cinema,Bicycle,1.96,7.8,0.0,Local
2012-02-05,School,Friend's Place,Walk,2.57,30.8,0.0,Local
2012-02-05,Home,School,Train,6.57,8.8,269.4,Local
2012-02-06,Home,Library,Bus,16.27,39.0,1708.3,Local
2012-02-08,Home,Cinema,Walk,7.79,93.5,0.0,Local
2012-02-09,Home,Cinema,Train,16.46,21.9,674.9,Local
2012-02-09,Cinema,School,Bus,4.85,11.6,509.2,Local
2012-02-09,School,Home,Bus,8.0,19.2,840.0,Local
2012-02-10,Home,Park,Car,9.6,14.4,1843.2,Local
2012-02-12,Home,Library,Tram,6.48,19.4,388.8,Local
2012-02-13,Shopping Centre,School,Bus,2.13,5.1,223.6,Local
2012-02-13,Home,Cinema,Bicycle,15.06,60.2,0.0,Local
2012-02-13,Cinema,Shopping Centre,Train,1.82,2.4,74.6,Local
2012-02-14,Home,Cinema,Car,16.36,24.5,3141.1,Local
2012-02-15,Home,Library,Bicycle,19.58,78.3,0.0,Local
2012-02-16,Home,Shopping Centre,Tram,17.16,51.5,1029.6,Local
2012-02-18,Home,School,Train,13.2,17.6,541.2,Local
2012-02-19,Home,Library,Tram,19.32,58.0,1159.2,Local
2012-02-20,Home,Cinema,Bus,9.56,22.9,1003.8,Local
2012-02-22,Home,Library,Bus,7.7,18.5,808.5,Local
2012-02-23,Home,School,Train,9.13,12.2,374.3,Local
2012-02-23,School,Park,Tram,3.4,10.2,204.0,Local
2012-02-25,Home,Library,Bus,8.15,19.6,855.8,Local
2012-02-27,Home,Park,Train,5.58,7.4,228.8,Local
2012-02-28,Home,Friend's Place,Bus,12.44,29.9,1306.2,Local
2012-02-28,Friend's Place,Cinema,Train,6.71,8.9,275.1,Local
2012-02-29,Home,Friend's Place,Tram,9.45,28.3,567.0,Local
2012-03-01,Home,Park,Walk,10.52,126.2,0.0,Local
2012-03-02,Home,Park,Car,13.59,20.4,2609.3,Local
2012-03-03,Home,Shopping Centre,Walk,5.48,65.8,0.0,Local
2012-03-04,Home,Park,Walk,9.04,108.5,0.0,Local
2012-03-04,Park,Friend's Place,Tram,1.49,4.5,89.4,Local
2012-03-04,Friend's Place,Home,Car,14.65,22.0,2812.8,Local
2012-03-06,Home,School,Walk,11.72,140.6,0.0,Local
2012-03-06,School,Friend's Place,Tram,1.11,3.3,66.6,Local
2012-03-06,Friend's Place,Home,Tram,17.74,53.2,1064.4,Local
2012-03-07,Home,Shopping Centre,Tram,12.44,37.3,746.4,Local
2012-03-09,Home,Park,Bus,14.36,34.5,1507.8,Local
2012-03-10,Home,Library,Bicycle,10.47,41.9,0.0,Local
2012-03-10,Library,Cinema,Car,4.66,7.0,894.7,Local
2012-03-10,Cinema,Library,Train,5.29,7.1,216.9,Local
2012-03-11,Home,Shopping Centre,Bicycle,5.47,21.9,0.0,Local
2012-03-12,Home,School,Tram,7.07,21.2,424.2,Local
2012-03-12,School,Library,Walk,5.47,65.6,0.0,Local
2012-03-13,Home,School,Bicycle,5.93,23.7,0.0,Local
2012-03-13,School,Cinema,Car,7.98,12.0,1532.2,Local
2012-03-15,Home,Library,Car,18.47,27.7,3546.2,Local
2012-03-16,Home,Shopping Centre,Bus,12.04,28.9,1264.2,Local
2012-03-16,Shopping Centre,Friend's Place,Car,3.84,5.8,737.3,Local
2012-03-16,Friend's Place,Shopping Centre,Walk,5.83,70.0,0.0,Local
2012-03-18,Home,School,Train,11.98,16.0,491.2,Local
2012-03-18,School,Home,Bus,8.22,19.7,863.1,Local
2012-03-19,Home,Cinema,Walk,5.28,63.4,0.0,Local
2012-03-19,Cinema,Home,Tram,17.59,52.8,1055.4,Local
2012-03-20,Home,School,Bicycle,15.73,62.9,0.0,Local
2012-03-21,Home,Park,Bus,15.45,37.1,1622.2,Local
2012-03-23,Home,Library,Train,17.0,22.7,697.0,Local
2012-03-24,Home,Shopping Centre,Bicycle,16.64,66.6,0.0,Local
2012-03-24,Shopping Centre,Friend's Place,Bus,7.7,18.5,808.5,Local
2012-03-25,Home,Friend's Place,Train,15.46,20.6,633.9,Local
2012-03-25,Friend's Place,Cinema,Bicycle,0.98,3.9,0.0,Local
2012-03-25,Cinema,Friend's Place,Car,6.84,10.3,1313.3,Local
2012-03-27,Home,Shopping Centre,Walk,18.41,220.9,0.0,Local
2012-03-28,Home,Shopping Centre,Train,6.12,8.2,250.9,Local
2012-03-29,Home,Park,Tram,7.38,22.1,442.8,Local
2012-03-30,Home,Library,Bus,8.77,21.0,920.8,Local
2012-04-01,Home,Shopping Centre,Bicycle,5.52,22.1,0.0,Local
2012-04-01,Shopping Centre,Park,Walk,7.45,89.4,0.0,Local
2012-04-02,Home,Park,Bicycle,15.74,63.0,0.0,Local
2012-04-02,Park,Home,Walk,8.0,96.0,0.0,Local
2012-04-04,Home,Cinema,Train,9.66,12.9,396.1,Local
2012-04-06,School,Home,Bus,14.91,35.8,1565.5,Local
2012-04-06,Home,Library,Train,10.32,13.8,423.1,Local
2012-04-06,Home,School,Walk,12.1,145.2,0.0,Local
2012-04-07,Home,Library,Train,5.02,6.7,205.8,Local
2012-04-07,Library,Friend's Place,Car,2.78,4.2,533.8,Local
2012-04-07,Friend's Place,Home,Tram,8.05,24.2,483.0,Local
2012-04-08,Home,Cinema,Train,5.06,6.7,207.5,Local
2012-04-10,Home,Library,Car,19.18,28.8,3682.6,Local
2012-04-10,Library,Shopping Centre,Car,2.14,3.2,410.9,Local
2012-04-14,Home,School,Walk,14.39,172.7,0.0,Local
2012-04-15,School,Friend's Place,Walk,4.75,57.0,0.0,Local
2012-04-15,Home,School,Bicycle,12.52,50.1,0.0,Local
2012-04-16,Home,Library,Walk,15.68,188.2,0.0,Local
2012-04-17,Home,Cinema,Tram,14.71,44.1,882.6,Local
2012-04-19,Home,Shopping Centre,Tram,9.31,27.9,558.6,Local
2012-04-19,Shopping Centre,Home,Car,9.97,15.0,1914.2,Local
2012-04-21,Home,Cinema,Train,7.05,9.4,289.1,Local
2012-04-22,Home,Park,Train,15.67,20.9,642.5,Local
2012-04-22,Park,Home,Tram,7.62,22.9,457.2,Local
2012-04-23,Home,School,Car,19.25,28.9,3696.0,Local
2012-04-26,Home,Park,Bicycle,17.28,69.1,0.0,Local
2012-04-26,Park,School,Bicycle,7.17,28.7,0.0,Local
2012-04-27,Home,Library,Bus,10.65,25.6,1118.2,Local
2012-04-28,Home,Park,Car,19.56,29.3,3755.5,Local
2012-04-29,Melbourne,Tokyo,Flight,8500.0,566.7,1150000.0,International-Out
2012-04-30,Home,Cinema,Car,12.7,19.1,2438.4,Local
2012-04-30,Cinema,Home,Car,14.79,22.2,2839.7,Local
2012-05-01,Home,Shopping Centre,Train,16.2,21.6,664.2,Local
2012-05-02,Home,Shopping Centre,Tram,6.08,18.2,364.8,Local
2012-05-02,Shopping Centre,School,Tram,6.18,18.5,370.8,Local
2012-05-02,School,Park,Bicycle,3.37,13.5,0.0,Local
2012-05-03,Home,Cinema,Bus,17.37,41.7,1823.9,Local
2012-05-04,Home,School,Bus,18.95,45.5,1989.8,Local
2012-05-05,Home,School,Train,10.28,13.7,421.5,Local
2012-05-06,Tokyo,Melbourne,Flight,8500.0,566.7,1150000.0,International-Return
2012-05-07,School,Library,Walk,3.86,46.3,0.0,Local
2012-05-07,Home,School,Car,19.76,29.6,3793.9,Local
2012-05-07,Library,Shopping Centre,Bicycle,4.91,19.6,0.0,Local
2012-05-08,Cinema,Library,Bus,4.52,10.8,474.6,Local
2012-05-08,Home,Cinema,Train,12.93,17.2,530.1,Local
2012-05-09,Home,Park,Tram,18.97,56.9,1138.2,Local
2012-05-10,Home,Cinema,Walk,9.28,111.4,0.0,Local
2012-05-10,Cinema,Home,Car,12.01,18.0,2305.9,Local
2012-05-11,Home,Library,Tram,10.12,30.4,607.2,Local
2012-05-12,Home,Park,Car,11.11,16.7,2133.1,Local
2012-05-14,Home,Library,Tram,6.96,20.9,417.6,Local
2012-05-15,Home,Shopping Centre,Walk,16.98,203.8,0.0,Local
2012-05-16,Home,Park,Tram,16.41,49.2,984.6,Local
2012-05-17,Home,Park,Bicycle,19.16,76.6,0.0,Local
2012-05-17,Park,Home,Bicycle,5.75,23.0,0.0,Local
2012-05-18,Home,Cinema,Train,17.18,22.9,704.4,Local
2012-05-19,Home,Shopping Centre,Bus,10.37,24.9,1088.8,Local
2012-05-20,Home,Library,Train,14.48,19.3,593.7,Local
2012-05-22,Home,Shopping Centre,Tram,9.17,27.5,550.2,Local
2012-05-23,Home,Library,Bicycle,13.97,55.9,0.0,Local
2012-05-23,Library,School,Bus,0.81,1.9,85.1,Local
2012-05-24,Park,Home,Bicycle,12.02,48.1,0.0,Local
2012-05-24,Home,Friend's Place,Bus,9.0,21.6,945.0,Local
2012-05-24,Friend's Place,Park,Bicycle,6.2,24.8,0.0,Local
2012-05-27,Home,Cinema,Train,17.72,23.6,726.5,Local
2012-05-27,Cinema,Home,Walk,14.76,177.1,0.0,Local
2012-05-28,Home,School,Train,7.85,10.5,321.8,Local
2012-05-28,School,Cinema,Car,4.19,6.3,804.5,Local
2012-05-29,Home,Park,Bicycle,6.01,24.0,0.0,Local
2012-05-30,Home,School,Car,9.3,14.0,1785.6,Local
2012-05-30,School,Shopping Centre,Train,5.71,7.6,234.1,Local
2012-05-31,Home,Cinema,Tram,8.44,25.3,506.4,Local
2012-06-01,Home,Friend's Place,Car,10.33,15.5,1983.4,Local
2012-06-02,Home,School,Train,12.91,17.2,529.3,Local
2012-06-02,School,Park,Walk,2.61,31.3,0.0,Local
2012-06-03,Home,Library,Walk,13.34,160.1,0.0,Local
2012-06-04,Friend's Place,Cinema,Walk,3.5,42.0,0.0,Local
2012-06-04,Cinema,Library,Train,1.99,2.7,81.6,Local
2012-06-04,Home,Friend's Place,Bicycle,12.05,48.2,0.0,Local
2012-06-05,Friend's Place,School,Bicycle,2.4,9.6,0.0,Local
2012-06-05,Home,Friend's Place,Train,10.56,14.1,433.0,Local
2012-06-06,Home,Shopping Centre,Train,12.3,16.4,504.3,Local
2012-06-06,Shopping Centre,School,Car,1.32,2.0,253.4,Local
2012-06-07,Home,Library,Car,9.78,14.7,1877.8,Local
2012-06-07,Library,Friend's Place,Bus,1.04,2.5,109.2,Local
2012-06-09,Home,Cinema,Train,15.37,20.5,630.2,Local
2012-06-09,Cinema,Home,Tram,15.28,45.8,916.8,Local
2012-06-09,Home,Friend's Place,Car,15.55,23.3,2985.6,Local
2012-06-11,Cinema,Library,Train,7.9,10.5,323.9,Local
2012-06-11,Home,Cinema,Walk,9.93,119.2,0.0,Local
2012-06-12,Home,Library,Walk,5.42,65.0,0.0,Local
2012-06-13,Home,Park,Tram,7.68,23.0,460.8,Local
2012-06-13,Park,Library,Tram,6.67,20.0,400.2,Local
2012-06-13,Library,Park,Walk,3.29,39.5,0.0,Local
2012-06-14,Home,School,Walk,8.93,107.2,0.0,Local
2012-06-15,Home,Shopping Centre,Train,15.74,21.0,645.3,Local
2012-06-16,Park,Friend's Place,Bicycle,1.83,7.3,0.0,Local
2012-06-16,Home,Park,Bicycle,16.6,66.4,0.0,Local
2012-06-18,Cinema,Park,Car,2.56,3.8,491.5,Local
2012-06-18,Home,Library,Bicycle,13.78,55.1,0.0,Local
2012-06-18,Library,Cinema,Train,2.98,4.0,122.2,Local
2012-06-19,Home,Library,Bus,19.87,47.7,2086.3,Local
2012-06-20,Home,Cinema,Bicycle,7.37,29.5,0.0,Local
2012-06-21,Home,School,Bicycle,6.58,26.3,0.0,Local
2012-06-22,Home,School,Tram,11.05,33.1,663.0,Local
2012-06-22,School,Shopping Centre,Car,5.88,8.8,1129.0,Local
2012-06-22,Shopping Centre,Home,Car,10.75,16.1,2064.0,Local
2012-06-23,Home,Park,Bicycle,11.91,47.6,0.0,Local
2012-06-25,Home,Shopping Centre,Car,13.85,20.8,2659.2,Local
2012-06-26,Home,School,Car,9.98,15.0,1916.2,Local
2012-06-27,Home,Friend's Place,Train,18.27,24.4,749.1,Local
2012-06-27,Friend's Place,Cinema,Walk,1.07,12.8,0.0,Local
2012-06-27,Cinema,Library,Bus,2.47,5.9,259.4,Local
2012-06-28,Home,School,Train,7.49,10.0,307.1,Local
2012-06-29,Home,Park,Car,8.03,12.0,1541.8,Local
2012-06-30,Home,Library,Walk,9.63,115.6,0.0,Local
2012-07-01,Home,Park,Bicycle,9.41,37.6,0.0,Local
2012-07-04,Home,Library,Train,18.63,24.8,763.8,Local
2012-07-04,Library,Friend's Place,Car,6.97,10.5,1338.2,Local
2012-07-04,Friend's Place,Home,Tram,11.8,35.4,708.0,Local
2012-07-05,Home,Library,Walk,6.42,77.0,0.0,Local
2012-07-06,Home,Park,Bicycle,19.07,76.3,0.0,Local
2012-07-07,Home,Library,Walk,12.46,149.5,0.0,Local
2012-07-07,Library,Cinema,Tram,1.43,4.3,85.8,Local
2012-07-07,Cinema,Home,Bicycle,19.34,77.4,0.0,Local
2012-07-09,Park,Cinema,Car,6.68,10.0,1282.6,Local
2012-07-09,Home,Park,Bicycle,12.12,48.5,0.0,Local
2012-07-10,Home,Cinema,Tram,18.13,54.4,1087.8,Local
2012-07-11,Home,Shopping Centre,Bus,17.49,42.0,1836.4,Local
2012-07-12,Home,School,Bicycle,13.75,55.0,0.0,Local
2012-07-13,Home,Park,Bicycle,7.63,30.5,0.0,Local
2012-07-14,Home,School,Train,7.58,10.1,310.8,Local
2012-07-15,Home,Park,Tram,11.75,35.2,705.0,Local
2012-07-15,Park,Home,Car,11.22,16.8,2154.2,Local
2012-07-16,Home,Library,Bus,8.93,21.4,937.6,Local
2012-07-17,Home,Friend's Place,Bicycle,19.93,79.7,0.0,Local
2012-07-18,Home,Friend's Place,Train,14.86,19.8,609.3,Local
2012-07-18,Friend's Place,Home,Tram,18.19,54.6,1091.4,Local
2012-07-18,Home,Shopping Centre,Bicycle,19.27,77.1,0.0,Local
2012-07-19,Home,Cinema,Bus,6.14,14.7,644.7,Local
2012-07-21,Home,Shopping Centre,Car,18.0,27.0,3456.0,Local
2012-07-22,Home,School,Train,7.21,9.6,295.6,Local
2012-07-23,Park,Friend's Place,Train,2.46,3.3,100.9,Local
2012-07-23,Home,Park,Bicycle,13.29,53.2,0.0,Local
2012-07-24,Home,Cinema,Train,13.31,17.7,545.7,Local
2012-07-26,Home,Friend's Place,Tram,18.49,55.5,1109.4,Local
2012-07-27,Home,School,Bus,6.24,15.0,655.2,Local
2012-07-27,School,Home,Train,15.68,20.9,642.9,Local
2012-07-27,Home,Shopping Centre,Car,11.08,16.6,2127.4,Local
2012-07-28,Park,Friend's Place,Bus,2.44,5.9,256.2,Local
2012-07-28,Home,Park,Train,16.63,22.2,681.8,Local
2012-07-29,Home,Friend's Place,Bicycle,16.03,64.1,0.0,Local
2012-07-30,Home,Cinema,Train,15.78,21.0,647.0,Local
2012-07-31,Home,School,Train,5.99,8.0,245.6,Local
2012-08-01,Home,Shopping Centre,Walk,18.52,222.2,0.0,Local
2012-08-02,Home,Library,Walk,7.29,87.5,0.0,Local
2012-08-03,Home,Cinema,Tram,15.26,45.8,915.6,Local
2012-08-03,Cinema,School,Car,7.1,10.6,1363.2,Local
2012-08-05,Home,Cinema,Bus,19.24,46.2,2020.2,Local
2012-08-07,Home,Cinema,Walk,19.8,237.6,0.0,Local
2012-08-08,Home,School,Tram,10.6,31.8,636.0,Local
2012-08-09,Home,Shopping Centre,Train,18.25,24.3,748.2,Local
2012-08-10,Home,Cinema,Walk,12.34,148.1,0.0,Local
2012-08-11,Home,Cinema,Car,13.83,20.7,2655.4,Local
2012-08-11,Cinema,Park,Train,4.9,6.5,200.9,Local
2012-08-12,Home,Cinema,Train,17.88,23.8,733.1,Local
2012-08-15,Home,Shopping Centre,Tram,11.5,34.5,690.0,Local
2012-08-16,Home,Cinema,Bicycle,16.96,67.8,0.0,Local
2012-08-17,Home,Shopping Centre,Bicycle,19.15,76.6,0.0,Local
2012-08-17,Shopping Centre,Home,Train,9.25,12.3,379.2,Local
2012-08-18,School,Library,Walk,5.3,63.6,0.0,Local
2012-08-18,Home,School,Walk,6.22,74.6,0.0,Local
2012-08-19,Home,School,Tram,14.37,43.1,862.2,Local
2012-08-20,Home,Library,Bicycle,13.83,55.3,0.0,Local
2012-08-20,Library,School,Walk,4.37,52.4,0.0,Local
2012-08-20,School,Shopping Centre,Bus,1.22,2.9,128.1,Local
2012-08-22,Home,Friend's Place,Car,13.7,20.5,2630.4,Local
2012-08-23,Home,Shopping Centre,Walk,14.28,171.4,0.0,Local
2012-08-24,Home,Cinema,Tram,12.53,37.6,751.8,Local
2012-08-24,Cinema,Home,Car,7.11,10.7,1365.1,Local
2012-08-25,Home,Shopping Centre,Tram,13.75,41.2,825.0,Local
2012-08-26,Home,School,Bicycle,13.92,55.7,0.0,Local
2012-08-26,School,Home,Tram,8.1,24.3,486.0,Local
2012-08-26,Home,Library,Tram,8.12,24.4,487.2,Local
2012-08-27,Home,Friend's Place,Bus,19.33,46.4,2029.6,Local
2012-08-27,Friend's Place,Library,Bus,5.21,12.5,547.0,Local
2012-08-27,Library,Home,Train,5.41,7.2,221.8,Local
2012-08-29,Home,Cinema,Car,13.58,20.4,2607.4,Local
2012-08-31,Cinema,Library,Tram,6.55,19.7,393.0,Local
2012-08-31,Home,Shopping Centre,Train,6.09,8.1,249.7,Local
2012-08-31,Shopping Centre,Cinema,Bus,4.34,10.4,455.7,Local
2012-09-01,Home,Park,Bicycle,19.73,78.9,0.0,Local
2012-09-02,Home,Shopping Centre,Bus,7.83,18.8,822.1,Local
2012-09-02,Shopping Centre,Cinema,Bicycle,6.14,24.6,0.0,Local
2012-09-02,Cinema,Friend's Place,Car,3.6,5.4,691.2,Local
2012-09-03,Home,School,Car,19.67,29.5,3776.6,Local
2012-09-04,Home,School,Car,13.1,19.7,2515.2,Local
2012-09-04,School,Cinema,Bicycle,3.12,12.5,0.0,Local
2012-09-05,Cinema,Library,Car,5.45,8.2,1046.4,Local
2012-09-05,Home,Friend's Place,Car,17.9,26.8,3436.8,Local
2012-09-05,Friend's Place,Cinema,Bus,2.78,6.7,291.9,Local
2012-09-06,Home,Library,Car,19.47,29.2,3738.2,Local
2012-09-08,Home,Friend's Place,Tram,8.96,26.9,537.6,Local
2012-09-08,Friend's Place,Library,Tram,2.33,7.0,139.8,Local
2012-09-09,Home,School,Bicycle,8.1,32.4,0.0,Local
2012-09-10,Home,Friend's Place,Car,5.93,8.9,1138.6,Local
2012-09-10,Friend's Place,Library,Bus,3.14,7.5,329.7,Local
2012-09-12,Home,School,Bus,9.81,23.5,1030.0,Local
2012-09-13,Home,Friend's Place,Bicycle,5.03,20.1,0.0,Local
2012-09-14,Home,Park,Bicycle,15.34,61.4,0.0,Local
2012-09-14,Park,Friend's Place,Tram,1.74,5.2,104.4,Local
2012-09-14,Friend's Place,Home,Car,14.41,21.6,2766.7,Local
2012-09-15,Home,Shopping Centre,Bicycle,16.38,65.5,0.0,Local
2012-09-15,Shopping Centre,Library,Train,4.07,5.4,166.9,Local
2012-09-16,Home,Library,Train,5.78,7.7,237.0,Local
2012-09-16,Library,Friend's Place,Bus,6.49,15.6,681.5,Local
2012-09-19,Home,Library,Bus,9.67,23.2,1015.4,Local
2012-09-21,Home,Cinema,Car,12.92,19.4,2480.6,Local
2012-09-22,Home,Cinema,Train,14.37,19.2,589.2,Local
2012-09-25,Home,School,Bus,9.17,22.0,962.9,Local
2012-09-25,School,Park,Walk,2.24,26.9,0.0,Local
2012-09-26,Home,School,Bicycle,11.28,45.1,0.0,Local
2012-09-27,Home,School,Bicycle,15.06,60.2,0.0,Local
2012-09-27,School,Friend's Place,Walk,5.79,69.5,0.0,Local
2012-09-28,Shopping Centre,Friend's Place,Car,3.99,6.0,766.1,Local
2012-09-28,Home,Shopping Centre,Bicycle,12.05,48.2,0.0,Local
2012-10-01,Home,Library,Train,13.19,17.6,540.8,Local
2012-10-02,Home,Cinema,Bicycle,14.09,56.4,0.0,Local
2012-10-03,Home,Cinema,Car,7.38,11.1,1417.0,Local
2012-10-04,Home,Park,Car,18.59,27.9,3569.3,Local
2012-10-04,Park,Friend's Place,Train,6.36,8.5,260.8,Local
2012-10-05,Home,Cinema,Bicycle,12.75,51.0,0.0,Local
2012-10-06,Home,Shopping Centre,Train,10.53,14.0,431.7,Local
2012-10-07,Shopping Centre,Park,Bus,0.74,1.8,77.7,Local
2012-10-07,School,Shopping Centre,Car,0.84,1.3,161.3,Local
2012-10-07,Home,School,Bicycle,17.42,69.7,0.0,Local
2012-10-08,Home,Park,Bicycle,9.11,36.4,0.0,Local
2012-10-09,Home,Cinema,Tram,16.0,48.0,960.0,Local
2012-10-10,Home,Park,Bicycle,11.3,45.2,0.0,Local
2012-10-12,Home,Library,Walk,8.53,102.4,0.0,Local
2012-10-12,Library,Cinema,Bicycle,6.67,26.7,0.0,Local
2012-10-12,Cinema,School,Tram,2.4,7.2,144.0,Local
2012-10-14,Library,Park,Car,6.19,9.3,1188.5,Local
2012-10-14,Home,Library,Train,13.24,17.7,542.8,Local
2012-10-16,Home,Library,Bicycle,6.29,25.2,0.0,Local
2012-10-16,Library,Park,Car,3.08,4.6,591.4,Local
2012-10-17,Home,School,Walk,14.04,168.5,0.0,Local
2012-10-18,Home,Park,Walk,15.14,181.7,0.0,Local
2012-10-20,Home,Shopping Centre,Car,7.8,11.7,1497.6,Local
2012-10-21,Home,School,Car,19.95,29.9,3830.4,Local
2012-10-21,School,Friend's Place,Walk,5.84,70.1,0.0,Local
2012-10-23,Home,Cinema,Bicycle,17.82,71.3,0.0,Local
2012-10-23,Cinema,Shopping Centre,Bus,4.18,10.0,438.9,Local
2012-10-24,Home,Cinema,Train,13.33,17.8,546.5,Local
2012-10-24,Cinema,Home,Bus,18.74,45.0,1967.7,Local
2012-10-24,Home,Cinema,Bus,10.02,24.0,1052.1,Local
2012-10-26,Home,Friend's Place,Train,13.64,18.2,559.2,Local
2012-10-27,Home,Shopping Centre,Train,11.78,15.7,483.0,Local
2012-10-29,Home,Park,Car,19.58,29.4,3759.4,Local
2012-10-30,Cinema,Park,Bus,2.9,7.0,304.5,Local
2012-10-30,Home,Cinema,Bus,6.1,14.6,640.5,Local
2012-10-31,Home,Cinema,Tram,19.05,57.1,1143.0,Local
2012-10-31,Cinema,Park,Bus,1.63,3.9,171.1,Local
2012-11-01,Home,School,Walk,18.63,223.6,0.0,Local
2012-11-01,School,Cinema,Bus,4.64,11.1,487.2,Local
2012-11-01,Cinema,Library,Bicycle,4.58,18.3,0.0,Local
2012-11-02,Home,Cinema,Tram,6.9,20.7,414.0,Local
2012-11-03,Home,Friend's Place,Tram,16.22,48.7,973.2,Local
2012-11-04,Home,Friend's Place,Train,5.49,7.3,225.1,Local
2012-11-05,Home,Friend's Place,Tram,17.26,51.8,1035.6,Local
2012-11-06,Home,Library,Car,19.98,30.0,3836.2,Local
2012-11-07,Home,Cinema,Tram,8.81,26.4,528.6,Local
2012-11-08,Home,Cinema,Bus,5.98,14.4,627.9,Local
2012-11-09,Home,Shopping Centre,Walk,17.08,205.0,0.0,Local
2012-11-10,Home,Library,Walk,8.81,105.7,0.0,Local
2012-11-11,Home,Shopping Centre,Bus,9.73,23.4,1021.7,Local
2012-11-12,Cinema,Home,Bus,16.53,39.7,1735.7,Local
2012-11-12,Home,Park,Walk,14.47,173.6,0.0,Local
2012-11-12,Park,Cinema,Tram,5.32,16.0,319.2,Local
2012-11-13,Home,Shopping Centre,Bus,6.81,16.3,715.0,Local
2012-11-13,Shopping Centre,Cinema,Bus,3.79,9.1,397.9,Local
2012-11-14,Home,School,Car,16.13,24.2,3097.0,Local
2012-11-15,Home,Library,Bus,18.21,43.7,1912.1,Local
2012-11-15,Library,Home,Walk,17.77,213.2,0.0,Local
2012-11-16,Home,School,Walk,7.93,95.2,0.0,Local
2012-11-16,School,Shopping Centre,Bicycle,5.35,21.4,0.0,Local
2012-11-16,Shopping Centre,Friend's Place,Bus,5.66,13.6,594.3,Local
2012-11-17,Home,Friend's Place,Train,14.1,18.8,578.1,Local
2012-11-17,Friend's Place,Park,Walk,7.86,94.3,0.0,Local
2012-11-19,Friend's Place,Cinema,Bicycle,6.16,24.6,0.0,Local
2012-11-19,Home,Shopping Centre,Bicycle,18.8,75.2,0.0,Local
2012-11-19,Shopping Centre,Friend's Place,Tram,0.78,2.3,46.8,Local
2012-11-20,Home,Shopping Centre,Car,14.59,21.9,2801.3,Local
2012-11-21,Library,Cinema,Walk,2.52,30.2,0.0,Local
2012-11-21,Home,Library,Bicycle,9.56,38.2,0.0,Local
2012-11-22,Home,School,Walk,10.75,129.0,0.0,Local
2012-11-25,Home,Park,Car,10.78,16.2,2069.8,Local
2012-11-25,Park,Home,Tram,18.4,55.2,1104.0,Local
2012-11-26,Home,Shopping Centre,Bus,19.7,47.3,2068.5,Local
2012-11-27,Home,Park,Car,7.61,11.4,1461.1,Local
2012-11-27,Park,Friend's Place,Tram,0.94,2.8,56.4,Local
2012-11-27,Friend's Place,Cinema,Tram,2.68,8.0,160.8,Local
2012-11-28,Home,School,Train,10.95,14.6,448.9,Local
2012-11-28,School,Cinema,Walk,1.31,15.7,0.0,Local
2012-11-28,Cinema,Friend's Place,Car,6.67,10.0,1280.6,Local
2012-11-29,Home,Shopping Centre,Bus,19.98,48.0,2097.9,Local
2012-11-30,Home,Library,Bus,11.38,27.3,1194.9,Local
2012-12-01,Home,Park,Walk,9.47,113.6,0.0,Local
2012-12-03,Home,Park,Car,9.17,13.8,1760.6,Local
2012-12-04,School,Library,Car,5.83,8.7,1119.4,Local
2012-12-04,Home,School,Tram,9.44,28.3,566.4,Local
2012-12-05,Home,Park,Walk,14.43,173.2,0.0,Local
2012-12-06,Home,Friend's Place,Car,15.09,22.6,2897.3,Local
2012-12-07,Home,Friend's Place,Bus,10.39,24.9,1091.0,Local
2012-12-08,Home,Friend's Place,Train,12.53,16.7,513.7,Local
2012-12-08,Friend's Place,School,Train,7.92,10.6,324.7,Local
2012-12-10,Home,Friend's Place,Tram,7.95,23.9,477.0,Local
2012-12-12,Home,Cinema,Car,16.18,24.3,3106.6,Local
2012-12-12,Cinema,Park,Bicycle,1.26,5.0,0.0,Local
2012-12-13,Home,Park,Tram,12.28,36.8,736.8,Local
2012-12-13,Park,Home,Bus,7.72,18.5,810.6,Local
2012-12-13,Home,Park,Train,13.59,18.1,557.2,Local
2012-12-14,Home,School,Tram,10.64,31.9,638.4,Local
2012-12-15,Home,Library,Car,11.38,17.1,2185.0,Local
2012-12-15,Library,Friend's Place,Car,7.51,11.3,1441.9,Local
2012-12-15,Friend's Place,Park,Bus,2.18,5.2,228.9,Local
2012-12-16,Home,Library,Tram,15.15,45.5,909.0,Local
2012-12-18,Home,Friend's Place,Bicycle,19.39,77.6,0.0,Local
2012-12-19,Home,Friend's Place,Tram,11.43,34.3,685.8,Local
2012-12-20,Cinema,Library,Car,4.8,7.2,921.6,Local
2012-12-20,Library,School,Walk,3.97,47.6,0.0,Local
2012-12-20,Home,Cinema,Train,6.73,9.0,275.9,Local
2012-12-22,Cinema,School,Bicycle,1.57,6.3,0.0,Local
2012-12-22,Home,Cinema,Bicycle,15.95,63.8,0.0,Local
2012-12-23,Home,Library,Car,12.93,19.4,2482.6,Local
2012-12-23,Library,Home,Bicycle,11.95,47.8,0.0,Local
2012-12-23,Home,School,Car,15.11,22.7,2901.1,Local
2012-12-24,Home,Friend's Place,Car,18.81,28.2,3611.5,Local
2012-12-25,Home,Shopping Centre,Tram,15.32,46.0,919.2,Local
2012-12-26,Home,Cinema,Tram,14.74,44.2,884.4,Local
2012-12-27,Home,Friend's Place,Bus,8.88,21.3,932.4,Local
2012-12-29,Home,Library,Car,18.91,28.4,3630.7,Local
2013-01-01,Cinema,Library,Walk,2.42,29.0,0.0,Local
2013-01-01,Home,Cinema,Bicycle,15.46,61.8,0.0,Local
2013-01-02,Home,Park,Walk,13.15,157.8,0.0,Local
2013-01-03,Home,Park,Car,12.4,18.6,2380.8,Local
2013-01-03,Park,Shopping Centre,Car,7.4,11.1,1420.8,Local
2013-01-04,Home,Friend's Place,Bicycle,14.99,60.0,0.0,Local
2013-01-05,Home,School,Walk,16.02,192.2,0.0,Local
2013-01-06,Home,Cinema,Walk,12.69,152.3,0.0,Local
2013-01-06,Cinema,Park,Car,6.07,9.1,1165.4,Local
2013-01-07,Home,Cinema,Train,13.82,18.4,566.6,Local
2013-01-08,Home,School,Bus,19.98,48.0,2097.9,Local
2013-01-08,School,Home,Train,15.21,20.3,623.6,Local
2013-01-08,Home,Shopping Centre,Walk,15.13,181.6,0.0,Local
2013-01-10,Home,Library,Bicycle,10.73,42.9,0.0,Local
2013-01-11,Home,School,Bus,18.71,44.9,1964.6,Local
2013-01-12,Home,Shopping Centre,Tram,14.24,42.7,854.4,Local
2013-01-13,Home,Park,Walk,6.49,77.9,0.0,Local
2013-01-14,Home,Shopping Centre,Train,9.53,12.7,390.7,Local
2013-01-15,Home,Cinema,Train,5.44,7.3,223.0,Local
2013-01-16,Home,Park,Walk,17.09,205.1,0.0,Local
2013-01-18,Home,Friend's Place,Tram,10.93,32.8,655.8,Local
2013-01-21,Home,Friend's Place,Walk,15.27,183.2,0.0,Local
2013-01-22,Home,Library,Car,19.47,29.2,3738.2,Local
2013-01-23,Home,School,Tram,10.07,30.2,604.2,Local
2013-01-23,School,Home,Walk,19.04,228.5,0.0,Local
2013-01-24,Home,School,Bus,5.72,13.7,600.6,Local
2013-01-24,School,Park,Walk,2.68,32.2,0.0,Local
2013-01-25,Home,School,Tram,9.66,29.0,579.6,Local
2013-01-26,Home,Cinema,Bicycle,8.79,35.2,0.0,Local
2013-01-27,Home,Library,Walk,5.91,70.9,0.0,Local
2013-01-28,Home,School,Bus,8.28,19.9,869.4,Local
2013-01-29,Home,Cinema,Bus,5.75,13.8,603.8,Local
2013-01-30,Home,School,Train,8.11,10.8,332.5,Local
2013-01-31,Home,Park,Car,5.1,7.7,979.2,Local
2013-02-01,Home,Cinema,Walk,15.34,184.1,0.0,Local
2013-02-02,Home,Library,Train,11.74,15.7,481.3,Local
2013-02-02,Library,Shopping Centre,Bicycle,6.02,24.1,0.0,Local
2013-02-02,Shopping Centre,Cinema,Bicycle,2.02,8.1,0.0,Local
2013-02-03,Home,Shopping Centre,Tram,11.98,35.9,718.8,Local
2013-02-05,Home,Park,Bus,11.7,28.1,1228.5,Local
2013-02-06,Home,Park,Walk,11.73,140.8,0.0,Local
2013-02-06,Park,Cinema,Tram,6.88,20.6,412.8,Local
2013-02-07,Home,Shopping Centre,Car,9.63,14.4,1849.0,Local
2013-02-08,Home,School,Bus,7.44,17.9,781.2,Local
2013-02-09,School,Home,Tram,14.03,42.1,841.8,Local
2013-02-09,Home,School,Bus,14.98,36.0,1572.9,Local
2013-02-11,Home,Friend's Place,Train,18.35,24.5,752.4,Local
2013-02-11,Friend's Place,School,Tram,1.95,5.9,117.0,Local
2013-02-12,Home,Park,Bicycle,8.18,32.7,0.0,Local
2013-02-13,Home,Library,Walk,14.66,175.9,0.0,Local
2013-02-15,Home,Park,Bicycle,5.45,21.8,0.0,Local
2013-02-16,Home,Friend's Place,Bicycle,15.56,62.2,0.0,Local
2013-02-17,Home,Friend's Place,Bus,11.13,26.7,1168.7,Local
2013-02-18,Home,Friend's Place,Bus,19.69,47.3,2067.5,Local
2013-02-19,Home,Park,Bicycle,12.89,51.6,0.0,Local
2013-02-19,Park,School,Bus,5.58,13.4,585.9,Local
2013-02-20,Home,Shopping Centre,Tram,17.89,53.7,1073.4,Local
2013-02-20,Shopping Centre,Home,Walk,16.07,192.8,0.0,Local
2013-02-22,Home,Cinema,Tram,7.79,23.4,467.4,Local
2013-02-23,Home,Cinema,Walk,9.09,109.1,0.0,Local
2013-02-24,Cinema,Friend's Place,Tram,5.13,15.4,307.8,Local
2013-02-24,Home,Cinema,Tram,14.3,42.9,858.0,Local
2013-02-25,Cinema,Shopping Centre,Train,1.46,1.9,59.9,Local
2013-02-25,Home,Cinema,Tram,15.11,45.3,906.6,Local
2013-02-26,Home,School,Bus,9.23,22.2,969.2,Local
2013-02-27,Home,Park,Train,13.7,18.3,561.7,Local
2013-03-01,Home,Library,Car,15.63,23.4,3001.0,Local
2013-03-01,Library,Home,Tram,16.6,49.8,996.0,Local
2013-03-02,Home,Park,Walk,13.66,163.9,0.0,Local
2013-03-03,Home,Shopping Centre,Train,10.53,14.0,431.7,Local
2013-03-03,Shopping Centre,Library,Tram,7.39,22.2,443.4,Local
2013-03-03,Library,School,Bus,2.25,5.4,236.2,Local
2013-03-06,Home,Cinema,Bus,8.88,21.3,932.4,Local
2013-03-07,Home,Cinema,Walk,13.34,160.1,0.0,Local
2013-03-07,Cinema,Friend's Place,Tram,4.96,14.9,297.6,Local
2013-03-08,Home,Library,Bicycle,7.52,30.1,0.0,Local
2013-03-08,Library,Park,Bicycle,5.47,21.9,0.0,Local
2013-03-09,Home,Park,Bicycle,8.24,33.0,0.0,Local
2013-03-10,Home,Park,Bicycle,9.67,38.7,0.0,Local
2013-03-10,Park,Library,Bus,3.37,8.1,353.9,Local
2013-03-11,Home,Cinema,Bus,13.22,31.7,1388.1,Local
2013-03-12,Home,Library,Train,13.68,18.2,560.9,Local
2013-03-12,Library,Shopping Centre,Bicycle,2.25,9.0,0.0,Local
2013-03-13,Home,School,Train,13.77,18.4,564.6,Local
2013-03-14,Home,Shopping Centre,Bus,15.09,36.2,1584.5,Local
2013-03-14,Shopping Centre,Friend's Place,Bus,2.55,6.1,267.8,Local
2013-03-15,Home,Cinema,Bicycle,12.89,51.6,0.0,Local
2013-03-15,Cinema,Home,Bus,8.41,20.2,883.1,Local
2013-03-15,Home,School,Tram,18.13,54.4,1087.8,Local
2013-03-17,Home,School,Walk,5.48,65.8,0.0,Local
2013-03-18,Home,Shopping Centre,Bus,15.37,36.9,1613.8,Local
2013-03-18,Shopping Centre,Library,Tram,6.82,20.5,409.2,Local
2013-03-20,Home,School,Tram,13.58,40.7,814.8,Local
2013-03-20,School,Friend's Place,Bus,0.8,1.9,84.0,Local
2013-03-21,Home,Shopping Centre,Tram,8.11,24.3,486.6,Local
2013-03-21,Shopping Centre,Cinema,Walk,2.58,31.0,0.0,Local
2013-03-21,Cinema,Park,Walk,2.65,31.8,0.0,Local
2013-03-22,Shopping Centre,Friend's Place,Bicycle,1.2,4.8,0.0,Local
2013-03-22,Home,Shopping Centre,Bus,11.15,26.8,1170.8,Local
2013-03-23,Home,Cinema,Train,10.56,14.1,433.0,Local
2013-03-24,Home,Shopping Centre,Tram,6.16,18.5,369.6,Local
2013-03-25,Home,School,Bus,18.03,43.3,1893.2,Local
2013-03-25,School,Park,Bus,4.49,10.8,471.5,Local
2013-03-26,Home,Library,Tram,5.58,16.7,334.8,Local
2013-03-26,Library,Park,Bicycle,0.86,3.4,0.0,Local
2013-03-26,Park,Home,Train,10.93,14.6,448.1,Local
2013-03-27,Home,Cinema,Bus,12.55,30.1,1317.8,Local
2013-03-28,Home,Park,Car,18.32,27.5,3517.4,Local
2013-03-28,Park,Home,Car,19.57,29.4,3757.4,Local
2013-03-28,Home,Cinema,Walk,5.28,63.4,0.0,Local
2013-03-29,Home,Library,Bus,13.37,32.1,1403.8,Local
2013-03-29,Library,School,Bicycle,6.82,27.3,0.0,Local
2013-03-30,Home,Friend's Place,Train,18.79,25.1,770.4,Local
2013-03-31,Home,Park,Train,8.34,11.1,341.9,Local
2013-04-01,Home,School,Tram,12.83,38.5,769.8,Local
2013-04-02,Home,Cinema,Bicycle,10.3,41.2,0.0,Local
2013-04-03,Home,Park,Walk,8.89,106.7,0.0,Local
2013-04-04,Home,Shopping Centre,Train,13.04,17.4,534.6,Local
2013-04-05,Home,School,Tram,8.79,26.4,527.4,Local
2013-04-05,School,Park,Bicycle,3.61,14.4,0.0,Local
2013-04-06,Home,Shopping Centre,Bus,7.34,17.6,770.7,Local
2013-04-08,Home,Library,Train,19.58,26.1,802.8,Local
2013-04-08,Library,Park,Car,1.37,2.1,263.0,Local
2013-04-08,Park,Cinema,Tram,3.17,9.5,190.2,Local
2013-04-09,Home,Friend's Place,Bus,6.75,16.2,708.8,Local
2013-04-09,Friend's Place,School,Bus,2.61,6.3,274.1,Local
2013-04-09,School,Library,Walk,1.99,23.9,0.0,Local
2013-04-10,Home,Library,Train,12.36,16.5,506.8,Local
2013-04-11,Home,School,Bicycle,17.04,68.2,0.0,Local
2013-04-11,School,Park,Tram,4.21,12.6,252.6,Local
2013-04-12,Park,Cinema,Bicycle,3.37,13.5,0.0,Local
2013-04-12,Cinema,School,Bicycle,6.33,25.3,0.0,Local
2013-04-12,Home,Park,Train,17.17,22.9,704.0,Local
2013-04-13,Park,Shopping Centre,Car,3.71,5.6,712.3,Local
2013-04-13,Shopping Centre,Library,Train,6.94,9.3,284.5,Local
2013-04-13,Home,Park,Tram,10.0,30.0,600.0,Local
2013-04-14,Home,Friend's Place,Train,18.87,25.2,773.7,Local
2013-04-15,Home,Friend's Place,Bus,7.7,18.5,808.5,Local
2013-04-16,Home,Park,Bicycle,13.74,55.0,0.0,Local
2013-04-16,Park,Cinema,Car,5.22,7.8,1002.2,Local
2013-04-17,Home,Shopping Centre,Walk,13.84,166.1,0.0,Local
2013-04-17,Shopping Centre,Cinema,Tram,6.65,20.0,399.0,Local
2013-04-17,Cinema,Library,Tram,0.98,2.9,58.8,Local
2013-04-18,Home,Cinema,Car,6.74,10.1,1294.1,Local
2013-04-19,Home,Park,Bicycle,17.31,69.2,0.0,Local
2013-04-20,Home,Library,Walk,12.28,147.4,0.0,Local
2013-04-21,Home,School,Walk,12.17,146.0,0.0,Local
2013-04-22,Home,Shopping Centre,Bicycle,17.44,69.8,0.0,Local
2013-04-23,Home,Park,Bus,13.35,32.0,1401.8,Local
2013-04-23,Park,Home,Bus,12.13,29.1,1273.7,Local
2013-04-23,Home,Park,Train,16.74,22.3,686.3,Local
2013-04-24,Home,School,Tram,9.01,27.0,540.6,Local
2013-04-25,Home,Library,Train,8.21,10.9,336.6,Local
2013-04-25,Home,School,Tram,19.82,59.5,1189.2,Local
2013-04-25,School,Home,Bicycle,9.8,39.2,0.0,Local
2013-04-27,Home,Shopping Centre,Walk,14.29,171.5,0.0,Local
2013-04-27,Shopping Centre,Home,Car,15.93,23.9,3058.6,Local
2013-04-27,Home,School,Tram,12.66,38.0,759.6,Local
2013-04-28,Home,Park,Train,6.81,9.1,279.2,Local
2013-04-30,Home,Cinema,Tram,18.33,55.0,1099.8,Local
2013-05-02,Home,School,Tram,9.66,29.0,579.6,Local
2013-05-04,Home,School,Bus,16.31,39.1,1712.5,Local
2013-05-05,Home,Park,Bus,14.58,35.0,1530.9,Local
2013-05-06,Home,Park,Walk,6.35,76.2,0.0,Local
2013-05-07,Home,Cinema,Tram,10.44,31.3,626.4,Local
2013-05-08,Home,Shopping Centre,Bus,8.68,20.8,911.4,Local
2013-05-09,Shopping Centre,Friend's Place,Bus,7.91,19.0,830.6,Local
2013-05-09,Home,Park,Bicycle,10.88,43.5,0.0,Local
2013-05-09,Park,Shopping Centre,Walk,4.67,56.0,0.0,Local
2013-05-10,Park,Shopping Centre,Train,7.84,10.5,321.4,Local
2013-05-10,Friend's Place,Park,Car,2.82,4.2,541.4,Local
2013-05-10,Home,Friend's Place,Walk,7.29,87.5,0.0,Local
2013-05-11,Home,Library,Walk,11.83,142.0,0.0,Local
2013-05-11,Library,Home,Tram,14.36,43.1,861.6,Local
2013-05-12,Home,Park,Tram,10.58,31.7,634.8,Local
2013-05-13,Home,Friend's Place,Tram,18.94,56.8,1136.4,Local
2013-05-14,Home,Library,Bicycle,9.23,36.9,0.0,Local
2013-05-15,Library,Cinema,Walk,7.58,91.0,0.0,Local
2013-05-15,Cinema,School,Bus,4.73,11.4,496.7,Local
2013-05-15,Home,Library,Bus,8.22,19.7,863.1,Local
2013-05-16,Home,School,Train,9.29,12.4,380.9,Local
2013-05-17,Home,Shopping Centre,Car,19.48,29.2,3740.2,Local
2013-05-18,Home,Cinema,Car,6.29,9.4,1207.7,Local
2013-05-19,Home,School,Bus,15.68,37.6,1646.4,Local
2013-05-19,School,Home,Car,15.53,23.3,2981.8,Local
2013-05-22,Home,Park,Tram,16.87,50.6,1012.2,Local
2013-05-23,Home,Friend's Place,Train,10.66,14.2,437.1,Local
2013-05-24,Home,Shopping Centre,Train,16.82,22.4,689.6,Local
2013-05-25,Home,Library,Bus,15.78,37.9,1656.9,Local
2013-05-26,Home,Park,Train,18.87,25.2,773.7,Local
2013-05-27,Home,Shopping Centre,Bus,10.98,26.4,1152.9,Local
2013-05-28,Home,Friend's Place,Walk,5.29,63.5,0.0,Local
2013-05-30,Home,Park,Bicycle,11.35,45.4,0.0,Local
2013-05-30,Park,Cinema,Tram,6.98,20.9,418.8,Local
2013-06-01,Home,Friend's Place,Car,14.35,21.5,2755.2,Local
2013-06-02,Home,School,Tram,10.24,30.7,614.4,Local
2013-06-02,School,Friend's Place,Car,1.55,2.3,297.6,Local
2013-06-04,School,Park,Bus,6.72,16.1,705.6,Local
2013-06-04,Home,Friend's Place,Walk,15.64,187.7,0.0,Local
2013-06-04,Friend's Place,School,Walk,3.8,45.6,0.0,Local
2013-06-06,Home,Friend's Place,Car,14.8,22.2,2841.6,Local
2013-06-06,Friend's Place,Cinema,Tram,1.77,5.3,106.2,Local
2013-06-06,Cinema,Home,Train,13.87,18.5,568.7,Local
2013-06-08,Home,Park,Walk,6.07,72.8,0.0,Local
2013-06-08,Park,School,Bus,7.37,17.7,773.9,Local
2013-06-11,Home,Library,Train,18.3,24.4,750.3,Local
2013-06-11,Library,Park,Car,1.75,2.6,336.0,Local
2013-06-12,Home,School,Car,12.66,19.0,2430.7,Local
2013-06-14,Home,Cinema,Bus,16.07,38.6,1687.4,Local
2013-06-15,Home,Shopping Centre,Walk,11.72,140.6,0.0,Local
2013-06-16,Home,Library,Bicycle,15.44,61.8,0.0,Local
2013-06-17,Home,Library,Car,6.91,10.4,1326.7,Local
2013-06-18,Home,Friend's Place,Bus,17.54,42.1,1841.7,Local
2013-06-20,Home,Shopping Centre,Bicycle,10.03,40.1,0.0,Local
2013-06-22,Home,Shopping Centre,Tram,6.67,20.0,400.2,Local
2013-06-22,Shopping Centre,Friend's Place,Train,5.66,7.5,232.1,Local
2013-06-23,Home,School,Walk,6.87,82.4,0.0,Local
2013-06-23,School,Shopping Centre,Tram,3.12,9.4,187.2,Local
2013-06-25,Home,Cinema,Car,14.37,21.6,2759.0,Local
2013-06-27,Home,Library,Bus,16.21,38.9,1702.1,Local
2013-06-27,Library,Cinema,Car,5.27,7.9,1011.8,Local
2013-06-28,Home,Library,Bus,9.12,21.9,957.6,Local
2013-07-01,Friend's Place,Park,Bicycle,0.51,2.0,0.0,Local
2013-07-01,Park,School,Train,7.53,10.0,308.7,Local
2013-07-01,Home,Friend's Place,Walk,11.12,133.4,0.0,Local
2013-07-02,Home,Friend's Place,Walk,18.49,221.9,0.0,Local
2013-07-03,Home,School,Tram,18.48,55.4,1108.8,Local
2013-07-05,Home,Library,Car,15.65,23.5,3004.8,Local
2013-07-06,Home,Library,Train,13.49,18.0,553.1,Local
2013-07-07,Home,Shopping Centre,Bus,18.1,43.4,1900.5,Local
2013-07-11,School,Cinema,Bicycle,5.91,23.6,0.0,Local
2013-07-11,Home,Friend's Place,Bicycle,16.55,66.2,0.0,Local
2013-07-11,Friend's Place,School,Bicycle,2.27,9.1,0.0,Local
2013-07-12,Home,School,Train,15.05,20.1,617.1,Local
2013-07-13,Home,Friend's Place,Bicycle,7.2,28.8,0.0,Local
2013-07-14,Home,Cinema,Bicycle,8.07,32.3,0.0,Local
2013-07-14,Cinema,Friend's Place,Bicycle,0.76,3.0,0.0,Local
2013-07-15,Home,Shopping Centre,Walk,9.75,117.0,0.0,Local
2013-07-16,Home,Park,Walk,14.24,170.9,0.0,Local
2013-07-17,Home,Library,Tram,8.9,26.7,534.0,Local
2013-07-18,Home,Park,Walk,14.92,179.0,0.0,Local
2013-07-19,Home,Shopping Centre,Bicycle,12.94,51.8,0.0,Local
2013-07-19,Library,Home,Tram,15.35,46.0,921.0,Local
2013-07-19,Home,Library,Car,8.85,13.3,1699.2,Local
2013-07-20,Home,School,Bicycle,13.39,53.6,0.0,Local
2013-07-21,Home,Shopping Centre,Bicycle,14.65,58.6,0.0,Local
2013-07-23,Home,School,Bicycle,12.74,51.0,0.0,Local
2013-07-23,School,Shopping Centre,Walk,2.88,34.6,0.0,Local
2013-07-23,Shopping Centre,School,Car,1.27,1.9,243.8,Local
2013-07-25,Home,Cinema,Car,11.79,17.7,2263.7,Local
2013-07-27,School,Cinema,Walk,6.07,72.8,0.0,Local
2013-07-27,Shopping Centre,School,Walk,7.15,85.8,0.0,Local
2013-07-27,Home,Shopping Centre,Bicycle,9.03,36.1,0.0,Local
2013-07-28,Home,Library,Train,16.62,22.2,681.4,Local
2013-07-28,Library,Friend's Place,Walk,1.98,23.8,0.0,Local
2013-07-28,Friend's Place,School,Train,6.77,9.0,277.6,Local
2013-07-29,Home,Shopping Centre,Bus,18.18,43.6,1908.9,Local
2013-07-29,Shopping Centre,Park,Train,3.44,4.6,141.0,Local
2013-07-30,Home,School,Bus,15.33,36.8,1609.7,Local
2013-07-31,Home,Shopping Centre,Bus,6.19,14.9,650.0,Local
2013-08-02,Home,Friend's Place,Bus,18.07,43.4,1897.4,Local
2013-08-04,Home,Shopping Centre,Bus,8.35,20.0,876.8,Local
2013-08-07,Home,School,Tram,5.33,16.0,319.8,Local
2013-08-08,Home,School,Car,11.67,17.5,2240.6,Local
2013-08-09,Home,Park,Walk,8.61,103.3,0.0,Local
2013-08-10,Home,Cinema,Tram,5.39,16.2,323.4,Local
2013-08-11,Home,Shopping Centre,Car,15.84,23.8,3041.3,Local
2013-08-12,Friend's Place,Park,Bus,5.43,13.0,570.1,Local
2013-08-12,Park,Friend's Place,Walk,3.68,44.2,0.0,Local
2013-08-12,Home,Friend's Place,Bicycle,9.45,37.8,0.0,Local
2013-08-13,Home,Library,Tram,5.96,17.9,357.6,Local
2013-08-13,Library,Home,Car,14.41,21.6,2766.7,Local
2013-08-17,Home,Library,Train,18.56,24.7,761.0,Local
2013-08-18,Home,Cinema,Tram,5.35,16.0,321.0,Local
2013-08-19,Home,Cinema,Walk,19.78,237.4,0.0,Local
2013-08-20,Home,Park,Walk,12.6,151.2,0.0,Local
2013-08-22,Home,School,Walk,11.61,139.3,0.0,Local
2013-08-23,Home,Cinema,Train,8.78,11.7,360.0,Local
2013-08-24,Home,Library,Train,5.13,6.8,210.3,Local
2013-08-24,Library,School,Tram,3.0,9.0,180.0,Local
2013-08-25,Home,Library,Bus,7.09,17.0,744.4,Local
2013-08-27,Home,Park,Train,7.59,10.1,311.2,Local
2013-08-27,Park,Friend's Place,Tram,5.15,15.5,309.0,Local
2013-08-28,Home,School,Tram,9.65,29.0,579.0,Local
2013-08-29,Home,Friend's Place,Bicycle,5.11,20.4,0.0,Local
2013-08-29,Friend's Place,Home,Train,14.73,19.6,603.9,Local
2013-08-31,Home,Cinema,Bus,16.23,39.0,1704.2,Local
2013-09-01,Home,Library,Tram,7.98,23.9,478.8,Local
2013-09-01,Library,Cinema,Tram,7.61,22.8,456.6,Local
2013-09-02,Home,Park,Bicycle,11.02,44.1,0.0,Local
2013-09-03,Home,Park,Car,18.31,27.5,3515.5,Local
2013-09-04,Home,Cinema,Walk,11.67,140.0,0.0,Local
2013-09-04,Cinema,Library,Train,6.54,8.7,268.1,Local
2013-09-04,Library,Friend's Place,Walk,3.76,45.1,0.0,Local
2013-09-05,Home,School,Bicycle,14.77,59.1,0.0,Local
2013-09-05,School,Park,Tram,5.19,15.6,311.4,Local
2013-09-06,Shopping Centre,Friend's Place,Car,1.05,1.6,201.6,Local
2013-09-06,Home,Shopping Centre,Bicycle,5.19,20.8,0.0,Local
2013-09-07,Home,Friend's Place,Bus,18.01,43.2,1891.1,Local
2013-09-07,Friend's Place,Library,Bus,5.3,12.7,556.5,Local
2013-09-08,Home,Shopping Centre,Car,13.34,20.0,2561.3,Local
2013-09-08,Shopping Centre,Cinema,Car,7.08,10.6,1359.4,Local
2013-09-09,Home,School,Train,11.07,14.8,453.9,Local
2013-09-09,School,Friend's Place,Bicycle,1.76,7.0,0.0,Local
2013-09-10,Cinema,Friend's Place,Bicycle,7.32,29.3,0.0,Local
2013-09-10,Home,Cinema,Tram,17.48,52.4,1048.8,Local
2013-09-11,Home,Shopping Centre,Car,19.0,28.5,3648.0,Local
2013-09-12,Home,Park,Bicycle,9.46,37.8,0.0,Local
2013-09-15,Home,Friend's Place,Bus,19.49,46.8,2046.4,Local
2013-09-15,Friend's Place,Park,Bicycle,1.43,5.7,0.0,Local
2013-09-16,Home,Shopping Centre,Bus,17.94,43.1,1883.7,Local
2013-09-18,Home,Library,Bicycle,17.43,69.7,0.0,Local
2013-09-19,Home,Friend's Place,Bicycle,14.88,59.5,0.0,Local
2013-09-20,Home,Cinema,Bus,11.46,27.5,1203.3,Local
2013-09-20,Cinema,Friend's Place,Tram,6.13,18.4,367.8,Local
2013-09-21,Home,Shopping Centre,Train,6.09,8.1,249.7,Local
2013-09-23,Home,Park,Tram,6.22,18.7,373.2,Local
2013-09-23,Park,Shopping Centre,Car,4.82,7.2,925.4,Local
2013-09-24,Home,School,Bicycle,18.54,74.2,0.0,Local
2013-09-24,School,Library,Train,5.32,7.1,218.1,Local
2013-09-25,Home,Friend's Place,Bicycle,11.69,46.8,0.0,Local
2013-09-29,Home,Cinema,Bus,18.92,45.4,1986.6,Local
2013-09-29,Cinema,School,Train,4.61,6.1,189.0,Local
2013-10-01,Home,Shopping Centre,Car,8.51,12.8,1633.9,Local
2013-10-02,Home,Cinema,Car,17.48,26.2,3356.2,Local
2013-10-03,Home,Library,Tram,11.18,33.5,670.8,Local
2013-10-03,Library,School,Tram,2.56,7.7,153.6,Local
2013-10-04,Home,School,Car,18.04,27.1,3463.7,Local
2013-10-05,Home,Park,Train,19.0,25.3,779.0,Local
2013-10-07,Home,Cinema,Car,16.94,25.4,3252.5,Local
2013-10-07,Cinema,School,Walk,6.03,72.4,0.0,Local
2013-10-08,Home,Library,Bicycle,17.92,71.7,0.0,Local
2013-10-08,Library,Friend's Place,Bus,3.56,8.5,373.8,Local
2013-10-09,Home,Friend's Place,Tram,9.19,27.6,551.4,Local
2013-10-10,Home,Shopping Centre,Bicycle,6.88,27.5,0.0,Local
2013-10-11,Home,Cinema,Bicycle,17.17,68.7,0.0,Local
2013-10-11,Cinema,Shopping Centre,Bus,2.51,6.0,263.5,Local
2013-10-12,Home,Friend's Place,Bus,13.59,32.6,1427.0,Local
2013-10-13,Home,School,Car,18.1,27.2,3475.2,Local
2013-10-14,Home,Cinema,Train,10.19,13.6,417.8,Local
2013-10-15,Home,Shopping Centre,Train,6.51,8.7,266.9,Local
2013-10-16,Shopping Centre,Friend's Place,Bicycle,5.56,22.2,0.0,Local
2013-10-16,Home,Shopping Centre,Car,15.19,22.8,2916.5,Local
2013-10-17,Home,Library,Tram,14.1,42.3,846.0,Local
2013-10-18,Home,Shopping Centre,Walk,12.8,153.6,0.0,Local
2013-10-19,Home,Park,Bicycle,15.67,62.7,0.0,Local
2013-10-20,Home,School,Bicycle,13.51,54.0,0.0,Local
2013-10-20,School,Cinema,Bicycle,7.0,28.0,0.0,Local
2013-10-21,Home,School,Bus,18.01,43.2,1891.1,Local
2013-10-22,Home,Cinema,Walk,7.3,87.6,0.0,Local
2013-10-23,Park,Home,Bus,6.26,15.0,657.3,Local
2013-10-23,Home,School,Walk,13.46,161.5,0.0,Local
2013-10-23,Home,Park,Tram,19.36,58.1,1161.6,Local
2013-10-25,Home,Friend's Place,Train,7.14,9.5,292.7,Local
2013-10-27,Home,Library,Train,17.8,23.7,729.8,Local
2013-10-27,Library,Park,Tram,5.59,16.8,335.4,Local
2013-10-28,Home,School,Train,8.73,11.6,357.9,Local
2013-10-29,Home,Shopping Centre,Train,10.79,14.4,442.4,Local
2013-10-30,Home,Park,Bus,9.35,22.4,981.8,Local
2013-10-31,Home,Friend's Place,Bicycle,13.06,52.2,0.0,Local
2013-10-31,Friend's Place,Cinema,Bus,7.1,17.0,745.5,Local
2013-11-01,Home,School,Walk,13.73,164.8,0.0,Local
2013-11-02,Home,Library,Bicycle,9.75,39.0,0.0,Local
2013-11-03,Home,Friend's Place,Bicycle,5.76,23.0,0.0,Local
2013-11-04,Home,Shopping Centre,Bus,18.1,43.4,1900.5,Local
2013-11-05,Home,Friend's Place,Walk,14.41,172.9,0.0,Local
2013-11-05,Friend's Place,Shopping Centre,Bus,4.21,10.1,442.1,Local
2013-11-06,Home,Library,Tram,8.58,25.7,514.8,Local
2013-11-07,Friend's Place,Home,Bicycle,8.14,32.6,0.0,Local
2013-11-07,Home,Friend's Place,Bus,16.86,40.5,1770.3,Local
2013-11-08,Home,Shopping Centre,Walk,5.2,62.4,0.0,Local
2013-11-09,Home,Cinema,Tram,12.34,37.0,740.4,Local
2013-11-09,Cinema,Library,Bus,6.24,15.0,655.2,Local
2013-11-09,Library,Cinema,Car,7.23,10.8,1388.2,Local
2013-11-10,Home,Friend's Place,Bus,6.77,16.2,710.8,Local
2013-11-11,Home,School,Bus,18.19,43.7,1910.0,Local
2013-11-11,Home,Library,Bus,12.18,29.2,1278.9,Local
2013-11-11,Library,Home,Walk,14.32,171.8,0.0,Local
2013-11-12,Home,Cinema,Car,18.53,27.8,3557.8,Local
2013-11-14,Home,Shopping Centre,Train,16.7,22.3,684.7,Local
2013-11-14,Shopping Centre,Friend's Place,Walk,6.63,79.6,0.0,Local
2013-11-15,Home,Friend's Place,Bicycle,14.8,59.2,0.0,Local
2013-11-15,Friend's Place,Home,Car,18.64,28.0,3578.9,Local
2013-11-17,Home,Library,Tram,12.36,37.1,741.6,Local
2013-11-19,Home,School,Walk,16.72,200.6,0.0,Local
2013-11-19,School,Library,Bicycle,3.67,14.7,0.0,Local
2013-11-20,Cinema,Shopping Centre,Tram,7.73,23.2,463.8,Local
2013-11-20,School,Cinema,Tram,2.98,8.9,178.8,Local
2013-11-20,Home,School,Train,11.26,15.0,461.7,Local
2013-11-21,Home,Friend's Place,Bus,8.83,21.2,927.1,Local
2013-11-22,Home,Friend's Place,Bicycle,12.14,48.6,0.0,Local
2013-11-24,Home,Friend's Place,Car,15.41,23.1,2958.7,Local
2013-11-26,Home,Park,Bus,10.46,25.1,1098.3,Local
2013-11-26,Park,Cinema,Walk,4.58,55.0,0.0,Local
2013-11-26,Cinema,Friend's Place,Tram,7.9,23.7,474.0,Local
2013-11-27,Home,Shopping Centre,Walk,19.49,233.9,0.0,Local
2013-11-28,Home,School,Walk,16.33,196.0,0.0,Local
2013-11-30,Home,Cinema,Bus,6.1,14.6,640.5,Local
2013-12-01,Home,Friend's Place,Bus,6.23,15.0,654.2,Local
2013-12-02,Home,Library,Bus,16.03,38.5,1683.2,Local
2013-12-03,Home,Cinema,Bus,10.57,25.4,1109.9,Local
2013-12-03,Cinema,Home,Train,7.76,10.3,318.2,Local
2013-12-05,Home,Park,Walk,6.2,74.4,0.0,Local
2013-12-05,Park,Home,Tram,9.71,29.1,582.6,Local
2013-12-05,Home,Library,Bus,14.78,35.5,1551.9,Local
2013-12-06,Home,Friend's Place,Bicycle,16.99,68.0,0.0,Local
2013-12-07,Home,Park,Bus,15.33,36.8,1609.7,Local
2013-12-08,Home,Library,Walk,19.82,237.8,0.0,Local
2013-12-09,Home,Library,Car,7.01,10.5,1345.9,Local
2013-12-09,Library,Cinema,Bus,3.01,7.2,316.0,Local
2013-12-10,Home,Shopping Centre,Bus,15.21,36.5,1597.1,Local
2013-12-11,Home,Shopping Centre,Car,13.64,20.5,2618.9,Local
2013-12-12,Home,Shopping Centre,Walk,16.15,193.8,0.0,Local
2013-12-13,Home,Library,Train,14.11,18.8,578.5,Local
2013-12-13,Library,School,Walk,2.17,26.0,0.0,Local
2013-12-14,Home,Cinema,Walk,10.15,121.8,0.0,Local
2013-12-16,Home,Park,Walk,7.92,95.0,0.0,Local
2013-12-17,Home,Park,Tram,14.12,42.4,847.2,Local
2013-12-18,Home,Shopping Centre,Bicycle,8.22,32.9,0.0,Local
2013-12-19,Home,Cinema,Bicycle,19.89,79.6,0.0,Local
2013-12-20,Home,Cinema,Bicycle,19.8,79.2,0.0,Local
2013-12-21,Home,Cinema,Bicycle,10.54,42.2,0.0,Local
2013-12-22,Home,Friend's Place,Bus,6.96,16.7,730.8,Local
2013-12-22,Friend's Place,Park,Car,4.82,7.2,925.4,Local
2013-12-23,Home,Friend's Place,Bus,7.38,17.7,774.9,Local
2013-12-25,Home,Park,Car,5.8,8.7,1113.6,Local
2013-12-25,Park,Shopping Centre,Train,3.3,4.4,135.3,Local
2013-12-26,Home,Shopping Centre,Train,12.32,16.4,505.1,Local
2013-12-27,Home,Shopping Centre,Train,8.61,11.5,353.0,Local
2013-12-31,Home,Park,Train,10.02,13.4,410.8,Local
2014-01-01,Home,School,Walk,11.58,139.0,0.0,Local
2014-01-02,Home,Park,Bicycle,19.72,78.9,0.0,Local
2014-01-03,Home,Cinema,Bus,18.51,44.4,1943.6,Local
2014-01-05,Home,Shopping Centre,Bus,18.83,45.2,1977.1,Local
2014-01-05,Home,Cinema,Bus,15.31,36.7,1607.5,Local
2014-01-05,Cinema,Home,Bicycle,7.17,28.7,0.0,Local
2014-01-07,Home,School,Car,12.37,18.6,2375.0,Local
2014-01-09,Home,Cinema,Train,18.2,24.3,746.2,Local
2014-01-09,Cinema,Home,Car,5.31,8.0,1019.5,Local
2014-01-09,Home,School,Bicycle,8.0,32.0,0.0,Local
2014-01-10,Home,Cinema,Bus,7.43,17.8,780.1,Local
2014-01-11,Home,Cinema,Bicycle,15.18,60.7,0.0,Local
2014-01-12,Home,Shopping Centre,Walk,17.93,215.2,0.0,Local
2014-01-13,Home,School,Walk,12.76,153.1,0.0,Local
2014-01-14,Home,Library,Bus,6.31,15.1,662.5,Local
2014-01-14,Library,Cinema,Car,4.94,7.4,948.5,Local
2014-01-15,Home,Library,Bus,6.17,14.8,647.9,Local
2014-01-15,Library,Park,Train,6.86,9.1,281.3,Local
2014-01-15,Park,Friend's Place,Train,3.4,4.5,139.4,Local
2014-01-16,Home,Park,Bicycle,15.22,60.9,0.0,Local
2014-01-17,Home,Shopping Centre,Tram,12.17,36.5,730.2,Local
2014-01-18,School,Friend's Place,Tram,5.54,16.6,332.4,Local
2014-01-18,Home,School,Bicycle,7.43,29.7,0.0,Local
2014-01-19,Home,Shopping Centre,Bus,15.73,37.8,1651.7,Local
2014-01-20,Home,Park,Walk,7.97,95.6,0.0,Local
2014-01-20,Park,Shopping Centre,Bicycle,7.65,30.6,0.0,Local
2014-01-20,Shopping Centre,School,Bus,3.46,8.3,363.3,Local
2014-01-21,Home,School,Bus,18.62,44.7,1955.1,Local
2014-01-23,Home,Shopping Centre,Tram,7.46,22.4,447.6,Local
2014-01-23,Shopping Centre,Home,Car,15.55,23.3,2985.6,Local
2014-01-24,Friend's Place,Library,Train,3.26,4.3,133.7,Local
2014-01-24,Home,Cinema,Walk,11.22,134.6,0.0,Local
2014-01-24,Cinema,Friend's Place,Tram,5.01,15.0,300.6,Local
2014-01-25,Home,Library,Bus,18.86,45.3,1980.3,Local
2014-01-25,Library,Home,Bus,14.83,35.6,1557.2,Local
2014-01-26,Home,Park,Train,6.28,8.4,257.5,Local
2014-01-27,Home,Park,Walk,7.22,86.6,0.0,Local
2014-01-28,Home,Cinema,Car,16.13,24.2,3097.0,Local
2014-01-29,Home,Shopping Centre,Car,12.16,18.2,2334.7,Local
2014-01-29,Shopping Centre,Friend's Place,Tram,7.27,21.8,436.2,Local
2014-01-30,Home,Park,Walk,11.72,140.6,0.0,Local
2014-01-30,Park,Cinema,Tram,6.45,19.4,387.0,Local
2014-01-30,Cinema,Library,Walk,7.9,94.8,0.0,Local
2014-01-31,Home,Library,Walk,19.57,234.8,0.0,Local
2014-02-02,Home,Shopping Centre,Bus,9.34,22.4,980.7,Local
2014-02-03,Home,School,Train,7.82,10.4,320.6,Local
2014-02-03,School,Cinema,Bicycle,2.41,9.6,0.0,Local
2014-02-04,Home,Library,Car,16.24,24.4,3118.1,Local
2014-02-06,Home,Cinema,Bus,19.91,47.8,2090.6,Local
2014-02-08,Home,Park,Bus,14.59,35.0,1532.0,Local
2014-02-09,Home,Cinema,Train,6.78,9.0,278.0,Local
2014-02-09,Cinema,Library,Bus,2.18,5.2,228.9,Local
2014-02-10,Home,Cinema,Bus,5.06,12.1,531.3,Local
2014-02-11,Home,Cinema,Tram,19.29,57.9,1157.4,Local
2014-02-12,Home,Shopping Centre,Bicycle,18.0,72.0,0.0,Local
2014-02-14,Home,Shopping Centre,Bicycle,9.84,39.4,0.0,Local
2014-02-14,Shopping Centre,Friend's Place,Walk,3.7,44.4,0.0,Local
2014-02-14,Friend's Place,Library,Tram,1.31,3.9,78.6,Local
2014-02-15,Home,Park,Train,19.07,25.4,781.9,Local
2014-02-15,Park,Cinema,Bus,1.84,4.4,193.2,Local
2014-02-15,Cinema,Park,Bus,2.85,6.8,299.2,Local
2014-02-16,Home,Friend's Place,Bus,8.87,21.3,931.3,Local
2014-02-16,Friend's Place,School,Bicycle,3.09,12.4,0.0,Local
2014-02-16,School,Friend's Place,Car,0.83,1.2,159.4,Local
2014-02-17,School,Home,Car,11.24,16.9,2158.1,Local
2014-02-17,Home,School,Bus,15.84,38.0,1663.2,Local
2014-02-18,School,Home,Walk,16.88,202.6,0.0,Local
2014-02-18,Home,School,Car,12.55,18.8,2409.6,Local
2014-02-19,Home,Cinema,Car,15.61,23.4,2997.1,Local
2014-02-21,Home,Cinema,Tram,16.59,49.8,995.4,Local
2014-02-21,Cinema,Shopping Centre,Train,0.76,1.0,31.2,Local
2014-02-22,Home,Cinema,Walk,9.85,118.2,0.0,Local
2014-02-24,Home,School,Walk,17.6,211.2,0.0,Local
2014-02-25,Home,Friend's Place,Car,10.5,15.8,2016.0,Local
2014-02-25,Friend's Place,School,Bus,1.66,4.0,174.3,Local
2014-02-27,Park,Home,Car,8.28,12.4,1589.8,Local
2014-02-27,Home,Park,Car,18.9,28.3,3628.8,Local
2014-03-01,Home,Cinema,Car,5.3,8.0,1017.6,Local
2014-03-02,Home,Park,Walk,18.63,223.6,0.0,Local
2014-03-03,Home,Shopping Centre,Train,16.61,22.1,681.0,Local
2014-03-04,Home,School,Bicycle,10.63,42.5,0.0,Local
2014-03-04,School,Cinema,Bicycle,4.38,17.5,0.0,Local
2014-03-05,Friend's Place,Shopping Centre,Bicycle,7.58,30.3,0.0,Local
2014-03-05,Home,School,Walk,11.09,133.1,0.0,Local
2014-03-05,School,Friend's Place,Bus,6.31,15.1,662.5,Local
2014-03-06,School,Park,Tram,4.93,14.8,295.8,Local
2014-03-06,Home,School,Car,11.9,17.8,2284.8,Local
2014-03-07,Home,School,Walk,13.28,159.4,0.0,Local
2014-03-10,Home,Shopping Centre,Car,13.17,19.8,2528.6,Local
2014-03-11,Home,Shopping Centre,Car,15.31,23.0,2939.5,Local
2014-03-12,Home,Park,Walk,12.38,148.6,0.0,Local
2014-03-13,Home,Cinema,Train,14.57,19.4,597.4,Local
2014-03-14,Home,Shopping Centre,Car,9.9,14.8,1900.8,Local
2014-03-15,Home,Library,Tram,11.19,33.6,671.4,Local
2014-03-15,Library,School,Bus,6.05,14.5,635.2,Local
2014-03-16,Home,School,Bus,7.74,18.6,812.7,Local
2014-03-16,School,Cinema,Train,6.08,8.1,249.3,Local
2014-03-16,Cinema,Park,Bicycle,7.51,30.0,0.0,Local
2014-03-18,Home,School,Train,7.8,10.4,319.8,Local
2014-03-18,School,Friend's Place,Train,7.57,10.1,310.4,Local
2014-03-19,Home,Shopping Centre,Train,17.54,23.4,719.1,Local
2014-03-19,Shopping Centre,Home,Bus,6.0,14.4,630.0,Local
2014-03-19,Home,Park,Walk,7.01,84.1,0.0,Local
2014-03-20,Home,Park,Tram,8.52,25.6,511.2,Local
2014-03-21,Home,Shopping Centre,Bus,15.83,38.0,1662.2,Local
2014-03-22,Home,School,Tram,18.54,55.6,1112.4,Local
2014-03-22,School,Cinema,Bicycle,1.69,6.8,0.0,Local
2014-03-23,Home,Park,Tram,6.32,19.0,379.2,Local
2014-03-23,Park,Cinema,Car,2.23,3.3,428.2,Local
2014-03-24,Home,Cinema,Tram,11.48,34.4,688.8,Local
2014-03-25,Park,Friend's Place,Car,4.87,7.3,935.0,Local
2014-03-25,Friend's Place,Shopping Centre,Train,4.17,5.6,171.0,Local
2014-03-25,Home,Park,Train,17.18,22.9,704.4,Local
2014-03-26,Home,Library,Bicycle,5.03,20.1,0.0,Local
2014-03-27,Home,Friend's Place,Car,19.6,29.4,3763.2,Local
2014-03-27,Friend's Place,Library,Train,6.3,8.4,258.3,Local
2014-03-28,Home,Friend's Place,Tram,14.45,43.3,867.0,Local
2014-03-29,Home,Shopping Centre,Bus,8.37,20.1,878.8,Local
2014-03-30,Friend's Place,School,Tram,4.7,14.1,282.0,Local
2014-03-30,Home,Friend's Place,Walk,8.12,97.4,0.0,Local
2014-03-31,Home,School,Bus,7.79,18.7,818.0,Local
2014-04-01,Home,Friend's Place,Train,19.37,25.8,794.2,Local
2014-04-02,Home,Library,Car,12.94,19.4,2484.5,Local
2014-04-03,Home,Cinema,Bicycle,9.04,36.2,0.0,Local
2014-04-03,Cinema,Park,Car,1.51,2.3,289.9,Local
2014-04-04,Home,Library,Car,12.7,19.1,2438.4,Local
2014-04-05,Home,School,Car,11.26,16.9,2161.9,Local
2014-04-06,Home,School,Walk,7.17,86.0,0.0,Local
2014-04-06,School,Shopping Centre,Train,4.69,6.3,192.3,Local
2014-04-07,Home,Cinema,Tram,15.46,46.4,927.6,Local
2014-04-10,Home,Friend's Place,Bus,6.16,14.8,646.8,Local
2014-04-11,Home,Cinema,Bicycle,14.08,56.3,0.0,Local
2014-04-11,Cinema,Friend's Place,Train,4.07,5.4,166.9,Local
2014-04-11,Friend's Place,Park,Bicycle,4.6,18.4,0.0,Local
2014-04-13,Home,School,Bicycle,5.11,20.4,0.0,Local
2014-04-14,Home,Friend's Place,Tram,10.04,30.1,602.4,Local
2014-04-14,Friend's Place,Library,Bicycle,4.86,19.4,0.0,Local
2014-04-14,Library,Park,Bus,6.15,14.8,645.8,Local
2014-04-15,Shopping Centre,Home,Tram,8.03,24.1,481.8,Local
2014-04-15,Home,Shopping Centre,Walk,7.31,87.7,0.0,Local
2014-04-16,Home,School,Train,10.45,13.9,428.4,Local
2014-04-16,School,Home,Bicycle,13.17,52.7,0.0,Local
2014-04-16,Home,Cinema,Train,9.39,12.5,385.0,Local
2014-04-17,Home,Cinema,Bus,5.33,12.8,559.6,Local
2014-04-18,Home,Cinema,Bus,18.16,43.6,1906.8,Local
2014-04-19,Home,School,Bicycle,17.7,70.8,0.0,Local
2014-04-20,Home,Library,Train,16.4,21.9,672.4,Local
2014-04-21,Home,Friend's Place,Walk,18.3,219.6,0.0,Local
2014-04-21,Friend's Place,Cinema,Walk,6.88,82.6,0.0,Local
2014-04-22,Home,Friend's Place,Tram,11.69,35.1,701.4,Local
2014-04-24,Home,Friend's Place,Walk,6.47,77.6,0.0,Local
2014-04-24,Friend's Place,Shopping Centre,Walk,6.61,79.3,0.0,Local
2014-04-25,Home,Park,Bicycle,6.03,24.1,0.0,Local
2014-04-25,Park,Library,Train,4.49,6.0,184.1,Local
2014-04-26,Home,Cinema,Car,7.05,10.6,1353.6,Local
2014-04-27,Home,Library,Car,10.88,16.3,2089.0,Local
2014-04-28,Park,Home,Car,15.22,22.8,2922.2,Local
2014-04-28,Home,Park,Train,9.87,13.2,404.7,Local
2014-04-30,Home,Library,Bus,12.91,31.0,1355.5,Local
2014-05-02,Home,Library,Bus,16.45,39.5,1727.2,Local
2014-05-03,Home,Shopping Centre,Walk,19.2,230.4,0.0,Local
2014-05-03,Shopping Centre,Cinema,Tram,5.01,15.0,300.6,Local
2014-05-04,Home,Library,Tram,5.2,15.6,312.0,Local
2014-05-05,Home,Friend's Place,Car,7.94,11.9,1524.5,Local
2014-05-05,Friend's Place,Shopping Centre,Walk,2.15,25.8,0.0,Local
2014-05-06,Home,School,Car,6.69,10.0,1284.5,Local
2014-05-07,Friend's Place,Cinema,Walk,3.79,45.5,0.0,Local
2014-05-07,Home,Friend's Place,Car,8.09,12.1,1553.3,Local
2014-05-08,Home,Shopping Centre,Train,5.63,7.5,230.8,Local
2014-05-08,Shopping Centre,Home,Train,7.39,9.9,303.0,Local
2014-05-09,Home,Park,Bus,10.44,25.1,1096.2,Local
2014-05-09,Park,Cinema,Train,4.43,5.9,181.6,Local
2014-05-09,Cinema,Park,Walk,2.68,32.2,0.0,Local
2014-05-10,Home,Library,Tram,10.97,32.9,658.2,Local
2014-05-11,Home,School,Car,16.49,24.7,3166.1,Local
2014-05-12,Cinema,School,Train,5.39,7.2,221.0,Local
2014-05-12,Home,Cinema,Bicycle,8.78,35.1,0.0,Local
2014-05-13,Home,Cinema,Bicycle,8.17,32.7,0.0,Local
2014-05-14,Home,Park,Tram,18.14,54.4,1088.4,Local
2014-05-15,Home,Library,Walk,17.86,214.3,0.0,Local
2014-05-18,Home,Park,Tram,10.59,31.8,635.4,Local
2014-05-19,Home,Park,Bus,8.45,20.3,887.2,Local
2014-05-21,Home,Friend's Place,Bicycle,15.7,62.8,0.0,Local
2014-05-21,Friend's Place,Park,Train,7.46,9.9,305.9,Local
2014-05-21,Park,Cinema,Train,4.4,5.9,180.4,Local
2014-05-22,Home,Cinema,Car,10.57,15.9,2029.4,Local
2014-05-23,Home,School,Bus,14.34,34.4,1505.7,Local
2014-05-24,Home,Park,Car,18.72,28.1,3594.2,Local
2014-05-25,Home,Shopping Centre,Walk,19.71,236.5,0.0,Local
2014-05-25,Shopping Centre,Friend's Place,Bus,5.72,13.7,600.6,Local
2014-05-25,Friend's Place,Cinema,Train,3.85,5.1,157.8,Local
2014-05-27,Home,Library,Tram,16.22,48.7,973.2,Local
2014-05-27,Library,Shopping Centre,Bus,5.41,13.0,568.1,Local
2014-05-28,Library,Friend's Place,Bus,1.65,4.0,173.2,Local
2014-05-28,Home,School,Car,16.89,25.3,3242.9,Local
2014-05-28,School,Library,Tram,5.44,16.3,326.4,Local
2014-05-30,Home,School,Tram,5.62,16.9,337.2,Local
2014-05-30,School,Friend's Place,Tram,6.58,19.7,394.8,Local
2014-06-01,Home,Park,Car,18.57,27.9,3565.4,Local
2014-06-01,Park,School,Car,7.22,10.8,1386.2,Local
2014-06-02,Home,School,Car,9.22,13.8,1770.2,Local
2014-06-03,Home,Park,Car,10.72,16.1,2058.2,Local
2014-06-04,Home,Park,Bus,19.45,46.7,2042.2,Local
2014-06-05,Home,Cinema,Walk,5.37,64.4,0.0,Local
2014-06-06,Home,Shopping Centre,Walk,18.31,219.7,0.0,Local
2014-06-07,Home,Cinema,Walk,14.5,174.0,0.0,Local
2014-06-08,Home,Shopping Centre,Train,18.33,24.4,751.5,Local
2014-06-08,Shopping Centre,Park,Bus,4.13,9.9,433.6,Local
2014-06-09,Cinema,Shopping Centre,Train,3.99,5.3,163.6,Local
2014-06-09,Home,Cinema,Bus,14.45,34.7,1517.2,Local
2014-06-10,Library,Home,Bicycle,15.51,62.0,0.0,Local
2014-06-10,Home,Library,Train,17.84,23.8,731.4,Local
2014-06-11,Home,Friend's Place,Walk,11.54,138.5,0.0,Local
2014-06-12,Home,Library,Tram,9.15,27.5,549.0,Local
2014-06-14,Home,Library,Car,16.31,24.5,3131.5,Local
2014-06-14,Library,School,Tram,2.0,6.0,120.0,Local
2014-06-14,School,Park,Bicycle,4.06,16.2,0.0,Local
2014-06-15,Home,School,Walk,5.59,67.1,0.0,Local
2014-06-15,School,Library,Tram,4.68,14.0,280.8,Local
2014-06-15,Library,Park,Car,4.85,7.3,931.2,Local
2014-06-16,Home,Friend's Place,Walk,17.61,211.3,0.0,Local
2014-06-17,Home,Park,Bus,15.97,38.3,1676.9,Local
2014-06-17,Park,Shopping Centre,Walk,7.93,95.2,0.0,Local
2014-06-18,Home,Park,Tram,7.52,22.6,451.2,Local
2014-06-18,Park,Home,Bicycle,9.1,36.4,0.0,Local
2014-06-19,Home,School,Bicycle,12.75,51.0,0.0,Local
2014-06-19,School,Park,Tram,3.54,10.6,212.4,Local
2014-06-20,Home,Friend's Place,Bus,13.65,32.8,1433.2,Local
2014-06-21,School,Shopping Centre,Bus,2.89,6.9,303.4,Local
2014-06-21,Library,School,Walk,2.21,26.5,0.0,Local
2014-06-21,Home,Library,Tram,12.11,36.3,726.6,Local
2014-06-22,Home,Cinema,Walk,16.09,193.1,0.0,Local
2014-06-22,Cinema,Library,Car,2.54,3.8,487.7,Local
2014-06-23,Home,School,Car,10.51,15.8,2017.9,Local
2014-06-25,Home,Library,Tram,8.19,24.6,491.4,Local
2014-06-27,Home,Cinema,Car,15.12,22.7,2903.0,Local
2014-06-30,Park,School,Bus,4.1,9.8,430.5,Local
2014-06-30,School,Friend's Place,Tram,3.92,11.8,235.2,Local
2014-06-30,Home,Park,Bicycle,19.68,78.7,0.0,Local
2014-07-02,Home,School,Train,6.33,8.4,259.5,Local
2014-07-03,Home,Shopping Centre,Bus,17.88,42.9,1877.4,Local
2014-07-04,Home,Shopping Centre,Tram,12.08,36.2,724.8,Local
2014-07-05,Home,Shopping Centre,Tram,15.2,45.6,912.0,Local
2014-07-06,Home,Friend's Place,Walk,13.6,163.2,0.0,Local
2014-07-06,Friend's Place,Shopping Centre,Bus,2.68,6.4,281.4,Local
2014-07-07,Home,Friend's Place,Bicycle,19.58,78.3,0.0,Local
2014-07-10,Cinema,Home,Tram,13.74,41.2,824.4,Local
2014-07-10,Home,Cinema,Car,16.35,24.5,3139.2,Local
2014-07-11,Home,Shopping Centre,Walk,7.6,91.2,0.0,Local
2014-07-11,Shopping Centre,Park,Bus,7.39,17.7,775.9,Local
2014-07-12,Home,Cinema,Tram,14.17,42.5,850.2,Local
2014-07-13,Home,Friend's Place,Bus,7.18,17.2,753.9,Local
2014-07-13,Friend's Place,Home,Walk,12.79,153.5,0.0,Local
2014-07-13,Home,School,Walk,18.03,216.4,0.0,Local
2014-07-14,Home,Friend's Place,Walk,13.91,166.9,0.0,Local
2014-07-14,Friend's Place,Library,Bicycle,3.16,12.6,0.0,Local
2014-07-14,Library,Home,Walk,11.24,134.9,0.0,Local
2014-07-15,Home,Library,Bus,13.87,33.3,1456.3,Local
2014-07-15,Library,Shopping Centre,Walk,0.56,6.7,0.0,Local
2014-07-15,Shopping Centre,Library,Walk,5.99,71.9,0.0,Local
2014-07-16,Home,Friend's Place,Train,16.02,21.4,656.8,Local
2014-07-17,Home,Friend's Place,Tram,19.62,58.9,1177.2,Local
2014-07-19,Home,Library,Bus,14.99,36.0,1574.0,Local
2014-07-20,Home,Cinema,Tram,11.65,35.0,699.0,Local
2014-07-20,School,Home,Train,19.05,25.4,781.1,Local
2014-07-20,Home,School,Car,17.85,26.8,3427.2,Local
2014-07-21,Home,Friend's Place,Tram,5.01,15.0,300.6,Local
2014-07-21,Friend's Place,Home,Walk,10.9,130.8,0.0,Local
2014-07-21,Home,Shopping Centre,Bicycle,11.81,47.2,0.0,Local
2014-07-22,Home,Friend's Place,Tram,12.06,36.2,723.6,Local
2014-07-24,Home,Library,Walk,10.96,131.5,0.0,Local
2014-07-24,Library,Park,Walk,5.38,64.6,0.0,Local
2014-07-25,Home,Shopping Centre,Car,7.59,11.4,1457.3,Local
2014-07-26,Home,Park,Car,18.13,27.2,3481.0,Local
2014-07-27,Home,Shopping Centre,Train,5.05,6.7,207.0,Local
2014-07-29,Home,Shopping Centre,Bicycle,19.85,79.4,0.0,Local
2014-07-29,Shopping Centre,Friend's Place,Car,1.75,2.6,336.0,Local
2014-07-30,Home,School,Tram,7.85,23.5,471.0,Local
2014-07-30,School,Shopping Centre,Bicycle,6.98,27.9,0.0,Local
2014-07-31,Home,School,Train,11.66,15.5,478.1,Local
2014-08-01,Home,Shopping Centre,Train,14.8,19.7,606.8,Local
2014-08-02,Cinema,Home,Bicycle,13.05,52.2,0.0,Local
2014-08-02,Home,Cinema,Tram,16.34,49.0,980.4,Local
2014-08-02,Home,Cinema,Bicycle,10.66,42.6,0.0,Local
2014-08-03,Home,Park,Walk,12.95,155.4,0.0,Local
2014-08-03,Park,Friend's Place,Bus,6.43,15.4,675.1,Local
2014-08-03,Friend's Place,Park,Car,4.83,7.2,927.4,Local
2014-08-05,Home,Shopping Centre,Bus,19.56,46.9,2053.8,Local
2014-08-06,Home,Library,Train,8.05,10.7,330.1,Local
2014-08-06,Library,Park,Train,3.14,4.2,128.7,Local
2014-08-08,Home,Cinema,Bus,7.01,16.8,736.0,Local
2014-08-08,Cinema,Home,Car,5.12,7.7,983.0,Local
2014-08-09,Home,Shopping Centre,Tram,10.98,32.9,658.8,Local
2014-08-09,Shopping Centre,School,Tram,5.41,16.2,324.6,Local
2014-08-10,Home,Shopping Centre,Tram,13.99,42.0,839.4,Local
2014-08-11,Home,Shopping Centre,Train,15.05,20.1,617.1,Local
2014-08-12,Home,Shopping Centre,Train,16.81,22.4,689.2,Local
2014-08-13,Home,Friend's Place,Tram,18.52,55.6,1111.2,Local
2014-08-14,Library,Friend's Place,Car,3.3,4.9,633.6,Local
2014-08-14,Friend's Place,Library,Train,2.56,3.4,105.0,Local
2014-08-14,Home,Library,Bus,16.22,38.9,1703.1,Local
2014-08-15,Home,School,Walk,8.97,107.6,0.0,Local
2014-08-15,School,Shopping Centre,Car,6.82,10.2,1309.4,Local
2014-08-15,Shopping Centre,Friend's Place,Walk,4.77,57.2,0.0,Local
2014-08-16,Home,Park,Tram,18.05,54.2,1083.0,Local
2014-08-17,Home,Library,Train,19.45,25.9,797.4,Local
2014-08-18,Home,School,Bicycle,9.6,38.4,0.0,Local
2014-08-20,Friend's Place,Park,Car,4.62,6.9,887.0,Local
2014-08-20,Home,Friend's Place,Bus,8.48,20.4,890.4,Local
2014-08-21,Library,Shopping Centre,Bus,6.26,15.0,657.3,Local
2014-08-21,Home,Shopping Centre,Bicycle,5.73,22.9,0.0,Local
2014-08-21,Shopping Centre,Library,Train,1.32,1.8,54.1,Local
2014-08-22,Home,School,Train,17.13,22.8,702.3,Local
2014-08-23,Home,Library,Train,8.99,12.0,368.6,Local
2014-08-23,Home,Library,Car,8.61,12.9,1653.1,Local
2014-08-23,Library,Home,Car,9.6,14.4,1843.2,Local
2014-08-24,Home,Cinema,Train,8.2,10.9,336.2,Local
2014-08-25,Home,School,Tram,11.53,34.6,691.8,Local
2014-08-27,School,Library,Train,3.21,4.3,131.6,Local
2014-08-27,Home,School,Car,8.19,12.3,1572.5,Local
2014-08-28,Home,Cinema,Bicycle,7.51,30.0,0.0,Local
2014-08-28,Cinema,Library,Bicycle,4.05,16.2,0.0,Local
2014-08-29,Home,Cinema,Walk,12.4,148.8,0.0,Local
2014-08-30,Home,Park,Car,8.15,12.2,1564.8,Local
2014-08-31,Home,Friend's Place,Train,18.33,24.4,751.5,Local
2014-08-31,Friend's Place,Home,Train,13.47,18.0,552.3,Local
2014-08-31,Home,Park,Car,13.6,20.4,2611.2,Local
2014-09-01,Home,Library,Walk,9.26,111.1,0.0,Local
2014-09-02,Home,Cinema,Train,6.28,8.4,257.5,Local
2014-09-04,Home,Friend's Place,Bus,15.6,37.4,1638.0,Local
2014-09-04,Friend's Place,Park,Train,5.68,7.6,232.9,Local
2014-09-05,Home,Friend's Place,Bus,16.84,40.4,1768.2,Local
2014-09-07,Home,Cinema,Bicycle,12.39,49.6,0.0,Local
2014-09-08,Home,Park,Car,11.3,17.0,2169.6,Local
2014-09-09,Home,Friend's Place,Bus,9.99,24.0,1049.0,Local
2014-09-10,Home,Park,Bicycle,8.0,32.0,0.0,Local
2014-09-11,Home,Friend's Place,Walk,17.76,213.1,0.0,Local
2014-09-12,Home,Shopping Centre,Bus,11.17,26.8,1172.8,Local
2014-09-14,Home,Cinema,Train,15.8,21.1,647.8,Local
2014-09-16,Home,School,Walk,19.9,238.8,0.0,Local
2014-09-17,Home,Cinema,Tram,16.96,50.9,1017.6,Local
2014-09-17,Cinema,Park,Walk,5.88,70.6,0.0,Local
2014-09-18,Home,Library,Walk,8.53,102.4,0.0,Local
2014-09-18,Library,Friend's Place,Tram,5.45,16.4,327.0,Local
2014-09-19,School,Home,Train,8.94,11.9,366.5,Local
2014-09-19,Home,School,Tram,9.0,27.0,540.0,Local
2014-09-20,Home,Park,Walk,18.64,223.7,0.0,Local
2014-09-20,Park,Cinema,Bus,4.81,11.5,505.0,Local
2014-09-21,Home,Friend's Place,Tram,6.33,19.0,379.8,Local
2014-09-22,Home,Park,Tram,6.73,20.2,403.8,Local
2014-09-23,Home,Library,Bus,6.99,16.8,734.0,Local
2014-09-24,Home,School,Walk,19.76,237.1,0.0,Local
2014-09-26,Home,Friend's Place,Train,8.94,11.9,366.5,Local
2014-09-27,Home,Park,Tram,11.34,34.0,680.4,Local
2014-09-28,Home,School,Tram,16.22,48.7,973.2,Local
2014-09-29,Home,Library,Train,19.0,25.3,779.0,Local
2014-09-29,Library,Friend's Place,Bus,3.53,8.5,370.6,Local
2014-10-01,Home,Park,Bicycle,19.35,77.4,0.0,Local
2014-10-02,Home,Library,Bus,6.93,16.6,727.6,Local
2014-10-02,Library,School,Train,5.0,6.7,205.0,Local
2014-10-03,Home,Shopping Centre,Walk,19.41,232.9,0.0,Local
2014-10-03,Shopping Centre,Library,Train,2.1,2.8,86.1,Local
2014-10-04,Home,Friend's Place,Tram,13.27,39.8,796.2,Local
2014-10-05,Home,Shopping Centre,Train,12.22,16.3,501.0,Local
2014-10-07,Home,Cinema,Walk,15.77,189.2,0.0,Local
2014-10-07,Cinema,School,Tram,4.93,14.8,295.8,Local
2014-10-08,Home,Cinema,Car,8.06,12.1,1547.5,Local
2014-10-09,Home,Cinema,Tram,7.73,23.2,463.8,Local
2014-10-10,Home,Library,Bicycle,17.81,71.2,0.0,Local
2014-10-11,Home,Library,Bus,15.15,36.4,1590.8,Local
2014-10-12,Home,School,Bus,12.53,30.1,1315.6,Local
2014-10-13,Park,Cinema,Bicycle,2.98,11.9,0.0,Local
2014-10-13,Shopping Centre,Park,Train,6.57,8.8,269.4,Local
2014-10-13,Home,Shopping Centre,Car,7.68,11.5,1474.6,Local
2014-10-15,Home,Cinema,Bus,16.23,39.0,1704.2,Local
2014-10-15,Cinema,Shopping Centre,Train,1.04,1.4,42.6,Local
2014-10-16,Home,Cinema,Bus,12.85,30.8,1349.2,Local
2014-10-16,Cinema,Home,Tram,15.56,46.7,933.6,Local
2014-10-16,Home,School,Tram,18.57,55.7,1114.2,Local
2014-10-18,Cinema,Park,Tram,5.52,16.6,331.2,Local
2014-10-18,Park,Library,Train,5.04,6.7,206.6,Local
2014-10-18,Home,Cinema,Car,6.89,10.3,1322.9,Local
2014-10-19,Home,Friend's Place,Train,7.33,9.8,300.5,Local
2014-10-19,Friend's Place,Park,Walk,1.93,23.2,0.0,Local
2014-10-20,Home,Park,Tram,10.12,30.4,607.2,Local
2014-10-24,Home,Friend's Place,Walk,5.9,70.8,0.0,Local
2014-10-25,Home,School,Train,18.62,24.8,763.4,Local
2014-10-25,School,Friend's Place,Bicycle,4.8,19.2,0.0,Local
2014-10-26,Home,School,Bus,6.66,16.0,699.3,Local
2014-10-27,Friend's Place,Park,Walk,6.61,79.3,0.0,Local
2014-10-27,Home,Park,Train,16.54,22.1,678.1,Local
2014-10-27,Park,Friend's Place,Car,0.83,1.2,159.4,Local
2014-10-28,Home,Library,Walk,14.78,177.4,0.0,Local
2014-10-29,Home,Park,Train,9.73,13.0,398.9,Local
2014-10-29,Park,Cinema,Walk,5.47,65.6,0.0,Local
2014-10-30,Home,School,Car,19.72,29.6,3786.2,Local
2014-10-30,School,Park,Walk,6.84,82.1,0.0,Local
2014-10-31,Home,Cinema,Bicycle,8.15,32.6,0.0,Local
2014-10-31,Cinema,Park,Bicycle,2.57,10.3,0.0,Local
2014-11-01,Home,School,Train,12.18,16.2,499.4,Local
2014-11-02,Home,Cinema,Walk,16.01,192.1,0.0,Local
2014-11-02,Cinema,Shopping Centre,Bicycle,3.22,12.9,0.0,Local
2014-11-02,Shopping Centre,School,Train,2.08,2.8,85.3,Local
2014-11-03,Home,Cinema,Train,8.29,11.1,339.9,Local
2014-11-04,Cinema,Shopping Centre,Walk,2.13,25.6,0.0,Local
2014-11-04,Home,Friend's Place,Bus,5.06,12.1,531.3,Local
2014-11-04,Friend's Place,Cinema,Walk,1.87,22.4,0.0,Local
2014-11-05,Home,Shopping Centre,Tram,10.7,32.1,642.0,Local
2014-11-06,Home,Shopping Centre,Car,9.43,14.1,1810.6,Local
2014-11-06,Shopping Centre,Cinema,Tram,7.02,21.1,421.2,Local
2014-11-06,Cinema,Shopping Centre,Bicycle,4.31,17.2,0.0,Local
2014-11-07,Home,Shopping Centre,Walk,13.88,166.6,0.0,Local
2014-11-08,Home,Friend's Place,Bicycle,7.27,29.1,0.0,Local
2014-11-09,Home,Cinema,Bicycle,14.4,57.6,0.0,Local
2014-11-10,Home,Friend's Place,Bus,8.72,20.9,915.6,Local
2014-11-11,Home,Cinema,Bus,6.73,16.2,706.7,Local
2014-11-11,Cinema,Home,Bus,9.73,23.4,1021.7,Local
2014-11-11,Home,Shopping Centre,Walk,5.86,70.3,0.0,Local
2014-11-12,Home,School,Car,18.66,28.0,3582.7,Local
2014-11-13,Home,School,Walk,13.93,167.2,0.0,Local
2014-11-14,Home,Cinema,Walk,8.07,96.8,0.0,Local
2014-11-15,Home,Cinema,Walk,8.44,101.3,0.0,Local
2014-11-16,Home,Shopping Centre,Walk,11.96,143.5,0.0,Local
2014-11-17,Home,School,Train,11.71,15.6,480.1,Local
2014-11-18,Home,Library,Bus,12.45,29.9,1307.2,Local
2014-11-19,Home,School,Tram,14.87,44.6,892.2,Local
2014-11-19,School,Library,Bicycle,3.69,14.8,0.0,Local
2014-11-20,Home,Shopping Centre,Bus,16.03,38.5,1683.2,Local
2014-11-22,Home,Library,Tram,11.02,33.1,661.2,Local
2014-11-26,Home,Friend's Place,Bus,16.12,38.7,1692.6,Local
2014-11-28,Home,School,Bus,10.68,25.6,1121.4,Local
2014-11-28,School,Shopping Centre,Bus,1.57,3.8,164.8,Local
2014-11-29,Home,Friend's Place,Walk,6.36,76.3,0.0,Local
2014-11-30,Home,Library,Car,11.74,17.6,2254.1,Local
2014-12-01,Home,Friend's Place,Car,5.16,7.7,990.7,Local
2014-12-03,Home,Library,Walk,12.99,155.9,0.0,Local
2014-12-04,Home,Cinema,Bicycle,9.57,38.3,0.0,Local
2014-12-06,Home,Cinema,Train,19.14,25.5,784.7,Local
2014-12-06,Cinema,Park,Walk,2.98,35.8,0.0,Local
2014-12-09,Home,Park,Walk,9.8,117.6,0.0,Local
2014-12-09,Park,School,Tram,7.21,21.6,432.6,Local
2014-12-13,Home,Shopping Centre,Bicycle,6.2,24.8,0.0,Local
2014-12-13,Shopping Centre,Cinema,Bus,6.69,16.1,702.5,Local
2014-12-13,Cinema,Home,Train,16.02,21.4,656.8,Local
2014-12-14,Park,Friend's Place,Bus,6.27,15.0,658.3,Local
2014-12-14,Library,Park,Bus,5.25,12.6,551.2,Local
2014-12-14,Home,Library,Car,16.35,24.5,3139.2,Local
2014-12-18,Home,Library,Bicycle,18.36,73.4,0.0,Local
2014-12-19,Home,Shopping Centre,Train,16.99,22.7,696.6,Local
2014-12-21,Home,Cinema,Train,6.68,8.9,273.9,Local
2014-12-23,Home,Friend's Place,Tram,14.23,42.7,853.8,Local
2014-12-24,Home,Friend's Place,Tram,17.5,52.5,1050.0,Local
2014-12-26,Park,Library,Bicycle,7.65,30.6,0.0,Local
2014-12-26,Library,Park,Walk,5.38,64.6,0.0,Local
2014-12-26,Home,Park,Bicycle,15.59,62.4,0.0,Local
2014-12-27,Home,School,Bus,19.16,46.0,2011.8,Local
2014-12-28,Home,School,Walk,10.88,130.6,0.0,Local
2014-12-29,Home,Park,Walk,8.67,104.0,0.0,Local
2014-12-29,Park,Home,Car,18.67,28.0,3584.6,Local
2014-12-31,Home,Shopping Centre,Tram,11.73,35.2,703.8,Local
2014-12-31,Shopping Centre,School,Tram,2.83,8.5,169.8,Local
2015-01-01,Home,School,Walk,16.69,200.3,0.0,Local
2015-01-01,School,Park,Tram,4.7,14.1,282.0,Local
2015-01-02,Home,Friend's Place,Bicycle,6.66,26.6,0.0,Local
2015-01-03,Home,Park,Train,8.97,12.0,367.8,Local
2015-01-03,Park,Friend's Place,Train,4.38,5.8,179.6,Local
2015-01-04,Home,Friend's Place,Tram,11.95,35.8,717.0,Local
2015-01-04,Friend's Place,Library,Bicycle,7.89,31.6,0.0,Local
2015-01-04,Library,School,Bicycle,1.33,5.3,0.0,Local
2015-01-05,Home,Library,Walk,10.84,130.1,0.0,Local
2015-01-05,Library,School,Walk,5.25,63.0,0.0,Local
2015-01-07,Home,Cinema,Bicycle,9.65,38.6,0.0,Local
2015-01-08,Home,Friend's Place,Bicycle,15.79,63.2,0.0,Local
2015-01-08,Friend's Place,Home,Bus,16.28,39.1,1709.4,Local
2015-01-09,Home,Park,Bicycle,17.75,71.0,0.0,Local
2015-01-10,Home,Cinema,Bicycle,12.31,49.2,0.0,Local
2015-01-11,Home,Park,Car,5.9,8.9,1132.8,Local
2015-01-11,Park,School,Bicycle,4.04,16.2,0.0,Local
2015-01-11,School,Home,Bicycle,8.12,32.5,0.0,Local
2015-01-12,Home,Library,Car,12.77,19.2,2451.8,Local
2015-01-13,Cinema,Friend's Place,Bicycle,3.43,13.7,0.0,Local
2015-01-13,Home,Cinema,Train,11.99,16.0,491.6,Local
2015-01-14,Home,Library,Tram,17.25,51.8,1035.0,Local
2015-01-17,Home,Shopping Centre,Train,16.4,21.9,672.4,Local
2015-01-17,Shopping Centre,Cinema,Car,7.74,11.6,1486.1,Local
2015-01-17,Cinema,Shopping Centre,Tram,0.89,2.7,53.4,Local
2015-01-18,Home,Park,Bus,15.54,37.3,1631.7,Local
2015-01-19,Home,Cinema,Walk,9.66,115.9,0.0,Local
2015-01-20,Cinema,Library,Train,1.9,2.5,77.9,Local
2015-01-20,Home,Cinema,Walk,19.2,230.4,0.0,Local
2015-01-20,Library,School,Car,1.78,2.7,341.8,Local
2015-01-21,Home,Friend's Place,Tram,16.71,50.1,1002.6,Local
2015-01-22,Home,Shopping Centre,Walk,11.84,142.1,0.0,Local
2015-01-22,Shopping Centre,Cinema,Bicycle,3.68,14.7,0.0,Local
2015-01-22,Cinema,School,Car,2.32,3.5,445.4,Local
2015-01-24,Home,School,Walk,15.94,191.3,0.0,Local
2015-01-25,Home,School,Tram,9.8,29.4,588.0,Local
2015-01-26,Home,Friend's Place,Bus,18.74,45.0,1967.7,Local
2015-01-26,Friend's Place,Cinema,Bicycle,4.86,19.4,0.0,Local
2015-01-27,Home,School,Car,15.76,23.6,3025.9,Local
2015-01-28,Home,Friend's Place,Bicycle,16.08,64.3,0.0,Local
2015-01-29,Home,Park,Car,15.68,23.5,3010.6,Local
2015-01-29,Park,Cinema,Walk,4.87,58.4,0.0,Local
2015-01-29,Cinema,Shopping Centre,Train,4.84,6.5,198.4,Local
2015-01-30,Home,Friend's Place,Bicycle,14.49,58.0,0.0,Local
2015-01-31,Home,Park,Bus,17.91,43.0,1880.5,Local
2015-02-01,Home,Shopping Centre,Bicycle,9.65,38.6,0.0,Local
2015-02-01,Shopping Centre,Cinema,Car,3.87,5.8,743.0,Local
2015-02-02,Home,Library,Train,19.13,25.5,784.3,Local
2015-02-03,Home,School,Walk,6.31,75.7,0.0,Local
2015-02-03,School,Friend's Place,Walk,0.55,6.6,0.0,Local
2015-02-04,Home,Cinema,Bus,12.96,31.1,1360.8,Local
2015-02-06,Home,Park,Train,5.87,7.8,240.7,Local
2015-02-07,Home,Friend's Place,Tram,7.36,22.1,441.6,Local
2015-02-07,Friend's Place,Home,Car,15.97,24.0,3066.2,Local
2015-02-08,Park,Cinema,Bus,5.63,13.5,591.1,Local
2015-02-08,Cinema,School,Tram,3.6,10.8,216.0,Local
2015-02-08,Home,Park,Tram,13.2,39.6,792.0,Local
2015-02-09,Home,Shopping Centre,Bicycle,14.86,59.4,0.0,Local
2015-02-10,Home,Cinema,Train,13.21,17.6,541.6,Local
2015-02-11,Home,School,Walk,6.53,78.4,0.0,Local
2015-02-12,Home,School,Bicycle,8.12,32.5,0.0,Local
2015-02-13,Home,Shopping Centre,Tram,18.34,55.0,1100.4,Local
2015-02-13,Shopping Centre,Cinema,Bus,4.91,11.8,515.6,Local
2015-02-14,Home,School,Tram,5.37,16.1,322.2,Local
2015-02-15,Home,Shopping Centre,Walk,18.84,226.1,0.0,Local
2015-02-16,Home,Friend's Place,Bicycle,14.68,58.7,0.0,Local
2015-02-16,Friend's Place,School,Bus,1.16,2.8,121.8,Local
2015-02-17,Home,Park,Walk,10.61,127.3,0.0,Local
2015-02-17,Park,Cinema,Tram,6.43,19.3,385.8,Local
2015-02-18,Home,School,Bus,9.54,22.9,1001.7,Local
2015-02-19,Home,Shopping Centre,Walk,14.13,169.6,0.0,Local
2015-02-20,Home,Park,Bus,17.25,41.4,1811.2,Local
2015-02-21,Home,Friend's Place,Bicycle,8.41,33.6,0.0,Local
2015-02-22,Home,Library,Walk,6.09,73.1,0.0,Local
2015-02-23,Home,Friend's Place,Tram,15.92,47.8,955.2,Local
2015-02-24,Home,Park,Car,18.01,27.0,3457.9,Local
2015-02-24,Park,Cinema,Bus,5.6,13.4,588.0,Local
2015-02-24,Cinema,Shopping Centre,Walk,1.8,21.6,0.0,Local
2015-02-25,Home,School,Train,10.63,14.2,435.8,Local
2015-02-26,Home,Park,Tram,12.27,36.8,736.2,Local
2015-02-27,Home,Park,Bicycle,14.29,57.2,0.0,Local
2015-02-27,Park,Cinema,Tram,5.26,15.8,315.6,Local
2015-02-27,Cinema,Park,Car,0.76,1.1,145.9,Local
2015-02-28,Cinema,School,Tram,3.97,11.9,238.2,Local
2015-02-28,Home,Cinema,Car,14.82,22.2,2845.4,Local
2015-03-02,Home,Cinema,Walk,12.58,151.0,0.0,Local
2015-03-03,Home,Library,Car,8.22,12.3,1578.2,Local
2015-03-03,Library,Friend's Place,Bicycle,7.57,30.3,0.0,Local
2015-03-04,Home,Friend's Place,Bus,17.75,42.6,1863.8,Local
2015-03-05,Home,Shopping Centre,Tram,7.44,22.3,446.4,Local
2015-03-06,Home,Library,Train,10.77,14.4,441.6,Local
2015-03-06,Library,Park,Tram,3.59,10.8,215.4,Local
2015-03-07,Home,Park,Train,11.96,15.9,490.4,Local
2015-03-08,Home,Cinema,Car,18.33,27.5,3519.4,Local
2015-03-09,Home,School,Bicycle,14.39,57.6,0.0,Local
2015-03-12,Home,Shopping Centre,Bicycle,17.96,71.8,0.0,Local
2015-03-12,Shopping Centre,School,Tram,6.25,18.8,375.0,Local
2015-03-13,Home,Park,Tram,18.02,54.1,1081.2,Local
2015-03-14,Home,Park,Car,7.78,11.7,1493.8,Local
2015-03-15,Home,Library,Bicycle,13.67,54.7,0.0,Local
2015-03-16,Home,Library,Bus,8.42,20.2,884.1,Local
2015-03-17,Home,Shopping Centre,Car,14.4,21.6,2764.8,Local
2015-03-19,Home,Shopping Centre,Car,15.71,23.6,3016.3,Local
2015-03-19,Shopping Centre,Park,Walk,3.37,40.4,0.0,Local
2015-03-19,Park,Friend's Place,Bicycle,7.67,30.7,0.0,Local
2015-03-20,Home,Shopping Centre,Walk,5.41,64.9,0.0,Local
2015-03-21,Home,Cinema,Train,13.35,17.8,547.4,Local
2015-03-22,Home,Shopping Centre,Car,19.89,29.8,3818.9,Local
2015-03-23,Home,Cinema,Train,5.13,6.8,210.3,Local
2015-03-24,Home,Shopping Centre,Car,7.37,11.1,1415.0,Local
2015-03-25,Home,Library,Bicycle,10.74,43.0,0.0,Local
2015-03-27,Home,Cinema,Tram,17.39,52.2,1043.4,Local
2015-03-29,Home,Cinema,Bicycle,11.24,45.0,0.0,Local
2015-03-29,Cinema,Friend's Place,Car,3.52,5.3,675.8,Local
2015-03-29,Friend's Place,Park,Tram,3.15,9.4,189.0,Local
2015-03-30,Home,Library,Bus,11.91,28.6,1250.5,Local
2015-03-31,Home,Friend's Place,Walk,18.12,217.4,0.0,Local
2015-04-01,Home,School,Bus,14.77,35.4,1550.8,Local
2015-04-02,Cinema,Park,Car,1.21,1.8,232.3,Local
2015-04-02,School,Cinema,Walk,3.8,45.6,0.0,Local
2015-04-02,Home,School,Walk,12.05,144.6,0.0,Local
2015-04-03,Home,School,Bicycle,11.31,45.2,0.0,Local
2015-04-06,Home,Library,Walk,18.58,223.0,0.0,Local
2015-04-07,Home,Park,Train,15.73,21.0,644.9,Local
2015-04-08,Home,Shopping Centre,Walk,6.84,82.1,0.0,Local
2015-04-09,Home,Friend's Place,Bus,19.48,46.8,2045.4,Local
2015-04-10,Home,School,Train,8.61,11.5,353.0,Local
2015-04-11,Home,Friend's Place,Train,14.02,18.7,574.8,Local
2015-04-14,Home,Friend's Place,Train,5.72,7.6,234.5,Local
2015-04-15,Home,Library,Walk,9.82,117.8,0.0,Local
2015-04-16,Home,Park,Bus,8.77,21.0,920.8,Local
2015-04-16,Park,Library,Tram,3.14,9.4,188.4,Local
2015-04-18,Home,Friend's Place,Walk,7.93,95.2,0.0,Local
2015-04-19,Home,Library,Bus,14.3,34.3,1501.5,Local
2015-04-20,Home,Cinema,Train,13.64,18.2,559.2,Local
2015-04-22,Home,School,Tram,8.76,26.3,525.6,Local
2015-04-24,Home,Shopping Centre,Train,17.17,22.9,704.0,Local
2015-04-25,Home,Shopping Centre,Train,11.05,14.7,453.1,Local
2015-04-26,Home,Cinema,Walk,7.37,88.4,0.0,Local
2015-04-26,Cinema,Home,Tram,11.86,35.6,711.6,Local
2015-04-27,Home,Park,Bicycle,14.61,58.4,0.0,Local
2015-04-29,Home,Library,Car,12.36,18.5,2373.1,Local
2015-04-29,Library,Park,Bicycle,7.29,29.2,0.0,Local
2015-04-29,Park,Cinema,Train,1.38,1.8,56.6,Local
2015-04-30,Home,Cinema,Bicycle,10.18,40.7,0.0,Local
2015-05-01,Home,School,Tram,6.09,18.3,365.4,Local
2015-05-02,Shopping Centre,Home,Walk,15.29,183.5,0.0,Local
2015-05-02,Home,Shopping Centre,Tram,11.79,35.4,707.4,Local
2015-05-05,Home,Cinema,Train,17.05,22.7,699.1,Local
2015-05-05,Cinema,Friend's Place,Walk,3.48,41.8,0.0,Local
2015-05-06,Home,Cinema,Walk,7.46,89.5,0.0,Local
2015-05-08,Home,Library,Car,16.57,24.9,3181.4,Local
2015-05-08,Library,Shopping Centre,Bicycle,5.37,21.5,0.0,Local
2015-05-09,Home,Friend's Place,Tram,18.63,55.9,1117.8,Local
2015-05-10,Home,Shopping Centre,Tram,18.82,56.5,1129.2,Local
2015-05-11,Home,School,Bus,12.97,31.1,1361.9,Local
2015-05-11,School,Cinema,Tram,6.45,19.4,387.0,Local
2015-05-11,Cinema,Home,Tram,19.15,57.4,1149.0,Local
2015-05-12,Home,School,Tram,12.62,37.9,757.2,Local
2015-05-12,School,Shopping Centre,Tram,4.92,14.8,295.2,Local
2015-05-13,Home,Friend's Place,Train,11.13,14.8,456.3,Local
2015-05-14,Home,School,Train,8.73,11.6,357.9,Local
2015-05-17,Home,Shopping Centre,Walk,18.95,227.4,0.0,Local
2015-05-18,Park,Home,Bus,16.07,38.6,1687.4,Local
2015-05-18,Home,Park,Train,12.41,16.5,508.8,Local
2015-05-20,Home,School,Car,17.81,26.7,3419.5,Local
2015-05-21,Home,School,Bus,7.14,17.1,749.7,Local
2015-05-21,School,Friend's Place,Bicycle,7.27,29.1,0.0,Local
2015-05-21,Friend's Place,Cinema,Walk,4.17,50.0,0.0,Local
2015-05-23,Home,Library,Car,14.93,22.4,2866.6,Local
2015-05-24,Home,Friend's Place,Car,13.39,20.1,2570.9,Local
2015-05-25,Friend's Place,Home,Walk,16.41,196.9,0.0,Local
2015-05-25,Home,Friend's Place,Car,7.93,11.9,1522.6,Local
2015-05-26,Home,Shopping Centre,Car,11.15,16.7,2140.8,Local
2015-05-26,Shopping Centre,School,Bus,6.6,15.8,693.0,Local
2015-05-27,Home,Friend's Place,Train,9.36,12.5,383.8,Local
2015-05-28,Home,Park,Car,16.47,24.7,3162.2,Local
2015-05-29,Home,Park,Tram,12.54,37.6,752.4,Local
2015-05-29,Park,Cinema,Bicycle,7.45,29.8,0.0,Local
2015-05-30,Home,Friend's Place,Bus,11.64,27.9,1222.2,Local
2015-06-01,Home,Shopping Centre,Walk,18.3,219.6,0.0,Local
2015-06-01,Shopping Centre,Park,Bus,7.42,17.8,779.1,Local
2015-06-02,Home,Park,Car,19.3,29.0,3705.6,Local
2015-06-03,Home,Shopping Centre,Bicycle,8.19,32.8,0.0,Local
2015-06-03,Shopping Centre,Cinema,Train,0.63,0.8,25.8,Local
2015-06-04,Home,Friend's Place,Car,10.4,15.6,1996.8,Local
2015-06-04,Friend's Place,School,Train,6.59,8.8,270.2,Local
2015-06-05,Home,Cinema,Train,5.11,6.8,209.5,Local
2015-06-05,Cinema,Library,Car,3.5,5.2,672.0,Local
2015-06-07,Home,Shopping Centre,Train,11.78,15.7,483.0,Local
2015-06-07,Shopping Centre,Library,Train,6.09,8.1,249.7,Local
2015-06-08,Home,Friend's Place,Bus,12.55,30.1,1317.8,Local
2015-06-10,Home,Friend's Place,Bus,6.09,14.6,639.4,Local
2015-06-10,Friend's Place,Park,Walk,4.07,48.8,0.0,Local
2015-06-10,Park,Home,Walk,6.81,81.7,0.0,Local
2015-06-12,Home,Friend's Place,Bicycle,15.14,60.6,0.0,Local
2015-06-13,Home,Cinema,Tram,13.6,40.8,816.0,Local
2015-06-14,Home,Shopping Centre,Bus,17.9,43.0,1879.5,Local
2015-06-16,Home,Park,Walk,7.4,88.8,0.0,Local
2015-06-17,Library,Home,Bicycle,7.87,31.5,0.0,Local
2015-06-17,School,Library,Bus,5.17,12.4,542.9,Local
2015-06-17,Home,School,Train,17.82,23.8,730.6,Local
2015-06-18,Home,Library,Tram,17.9,53.7,1074.0,Local
2015-06-18,Library,Shopping Centre,Train,7.1,9.5,291.1,Local
2015-06-21,Home,Cinema,Train,10.36,13.8,424.8,Local
2015-06-21,Cinema,Home,Tram,13.56,40.7,813.6,Local
2015-06-23,Home,Cinema,Walk,12.78,153.4,0.0,Local
2015-06-24,Home,Library,Bus,18.7,44.9,1963.5,Local
2015-06-25,Home,Cinema,Bus,8.42,20.2,884.1,Local
2015-06-26,Shopping Centre,Cinema,Bus,6.75,16.2,708.8,Local
2015-06-26,Home,Shopping Centre,Train,17.45,23.3,715.4,Local
2015-06-27,Home,Cinema,Walk,19.16,229.9,0.0,Local
2015-06-29,Home,Park,Tram,14.27,42.8,856.2,Local
2015-06-30,Home,Library,Bus,8.18,19.6,858.9,Local
2015-06-30,Library,Cinema,Train,5.68,7.6,232.9,Local
2015-06-30,Cinema,Shopping Centre,Train,2.91,3.9,119.3,Local
2015-07-01,Home,Friend's Place,Car,12.16,18.2,2334.7,Local
2015-07-01,Friend's Place,Park,Walk,2.75,33.0,0.0,Local
2015-07-02,Home,Cinema,Tram,18.12,54.4,1087.2,Local
2015-07-03,Home,Cinema,Car,11.04,16.6,2119.7,Local
2015-07-04,Home,Park,Bus,16.32,39.2,1713.6,Local
2015-07-04,Park,Library,Walk,6.65,79.8,0.0,Local
2015-07-06,Home,Shopping Centre,Tram,14.42,43.3,865.2,Local
2015-07-07,Home,Park,Train,16.74,22.3,686.3,Local
2015-07-07,Park,Library,Train,1.4,1.9,57.4,Local
2015-07-08,Home,School,Walk,16.46,197.5,0.0,Local
2015-07-08,School,Friend's Place,Tram,1.56,4.7,93.6,Local
2015-07-09,Home,Friend's Place,Tram,19.56,58.7,1173.6,Local
2015-07-10,Home,Friend's Place,Tram,16.59,49.8,995.4,Local
2015-07-11,Home,Park,Bus,14.05,33.7,1475.2,Local
2015-07-13,Home,Friend's Place,Car,9.77,14.7,1875.8,Local
2015-07-14,Home,Cinema,Bus,6.7,16.1,703.5,Local
2015-07-14,Cinema,Library,Train,1.94,2.6,79.5,Local
2015-07-15,Home,Friend's Place,Train,17.1,22.8,701.1,Local
2015-07-15,Friend's Place,Home,Bus,17.78,42.7,1866.9,Local
2015-07-16,Home,Shopping Centre,Train,7.95,10.6,325.9,Local
2015-07-17,Home,Shopping Centre,Tram,19.27,57.8,1156.2,Local
2015-07-19,Home,Cinema,Bus,12.56,30.1,1318.8,Local
2015-07-19,Cinema,Shopping Centre,Train,6.57,8.8,269.4,Local
2015-07-20,Home,Friend's Place,Bicycle,13.53,54.1,0.0,Local
2015-07-20,Friend's Place,Park,Bicycle,6.77,27.1,0.0,Local
2015-07-20,Park,Friend's Place,Tram,4.8,14.4,288.0,Local
2015-07-21,Home,Friend's Place,Bicycle,13.79,55.2,0.0,Local
2015-07-23,Home,Library,Car,15.77,23.7,3027.8,Local
2015-07-26,Home,Shopping Centre,Bus,19.57,47.0,2054.8,Local
2015-07-27,Home,Library,Walk,10.95,131.4,0.0,Local
2015-07-28,Home,Cinema,Train,19.71,26.3,808.1,Local
2015-07-30,Home,Friend's Place,Bus,15.84,38.0,1663.2,Local
2015-07-31,Home,School,Car,7.61,11.4,1461.1,Local
2015-08-01,Home,School,Tram,16.16,48.5,969.6,Local
2015-08-02,Home,Shopping Centre,Bicycle,13.87,55.5,0.0,Local
2015-08-04,Home,Library,Walk,14.0,168.0,0.0,Local
2015-08-04,Library,Park,Train,5.08,6.8,208.3,Local
2015-08-05,Home,Friend's Place,Tram,5.07,15.2,304.2,Local
2015-08-06,Home,Shopping Centre,Bicycle,18.08,72.3,0.0,Local
2015-08-07,Home,Cinema,Train,7.68,10.2,314.9,Local
2015-08-08,Home,Library,Bicycle,9.86,39.4,0.0,Local
2015-08-09,Home,Cinema,Walk,5.76,69.1,0.0,Local
2015-08-09,Cinema,Home,Walk,18.67,224.0,0.0,Local
2015-08-10,Home,Library,Bicycle,17.06,68.2,0.0,Local
2015-08-10,Library,Shopping Centre,Car,6.53,9.8,1253.8,Local
2015-08-12,Home,Library,Walk,18.89,226.7,0.0,Local
2015-08-12,Library,Shopping Centre,Bus,6.31,15.1,662.5,Local
2015-08-12,Shopping Centre,Friend's Place,Walk,2.88,34.6,0.0,Local
2015-08-16,Home,Park,Bicycle,16.42,65.7,0.0,Local
2015-08-17,Home,Library,Train,16.46,21.9,674.9,Local
2015-08-17,Library,Cinema,Bicycle,4.73,18.9,0.0,Local
2015-08-17,Cinema,Park,Walk,3.63,43.6,0.0,Local
2015-08-18,Home,School,Tram,15.94,47.8,956.4,Local
2015-08-19,Home,Friend's Place,Bus,14.87,35.7,1561.3,Local
2015-08-20,Shopping Centre,Cinema,Train,1.05,1.4,43.1,Local
2015-08-20,Home,Shopping Centre,Bicycle,8.57,34.3,0.0,Local
2015-08-21,Home,Park,Tram,18.07,54.2,1084.2,Local
2015-08-22,Home,Park,Car,7.45,11.2,1430.4,Local
2015-08-22,Park,Home,Tram,16.14,48.4,968.4,Local
2015-08-22,Home,Library,Tram,10.87,32.6,652.2,Local
2015-08-24,Home,Library,Train,13.82,18.4,566.6,Local
2015-08-24,Library,School,Walk,6.3,75.6,0.0,Local
2015-08-25,Home,Cinema,Train,15.96,21.3,654.4,Local
2015-08-27,Home,Park,Train,12.83,17.1,526.0,Local
2015-08-29,Home,Friend's Place,Walk,13.76,165.1,0.0,Local
2015-08-29,Friend's Place,Library,Bicycle,6.47,25.9,0.0,Local
2015-08-30,Home,Shopping Centre,Train,13.09,17.5,536.7,Local
2015-08-30,Shopping Centre,School,Bus,4.84,11.6,508.2,Local
2015-08-31,Home,Library,Train,14.23,19.0,583.4,Local
2015-09-01,Home,Friend's Place,Tram,17.14,51.4,1028.4,Local
2015-09-04,Home,Shopping Centre,Walk,17.6,211.2,0.0,Local
2015-09-05,Home,Friend's Place,Walk,9.09,109.1,0.0,Local
2015-09-06,Home,Cinema,Train,13.97,18.6,572.8,Local
2015-09-08,Home,Friend's Place,Tram,10.82,32.5,649.2,Local
2015-09-09,Home,Shopping Centre,Walk,15.81,189.7,0.0,Local
2015-09-10,Home,School,Walk,5.21,62.5,0.0,Local
2015-09-11,Home,Cinema,Walk,12.99,155.9,0.0,Local
2015-09-11,Cinema,School,Bicycle,1.3,5.2,0.0,Local
2015-09-12,Home,Park,Tram,14.58,43.7,874.8,Local
2015-09-14,Home,Shopping Centre,Walk,15.82,189.8,0.0,Local
2015-09-15,Home,Library,Bicycle,9.47,37.9,0.0,Local
2015-09-16,Home,Park,Car,8.18,12.3,1570.6,Local
2015-09-18,Home,Park,Bicycle,7.66,30.6,0.0,Local
2015-09-19,Home,School,Bicycle,14.99,60.0,0.0,Local
2015-09-20,Home,School,Bus,7.99,19.2,839.0,Local
2015-09-21,Home,Shopping Centre,Tram,7.25,21.8,435.0,Local
2015-09-22,Home,School,Train,8.21,10.9,336.6,Local
2015-09-23,Home,Library,Walk,18.37,220.4,0.0,Local
2015-09-24,Home,Friend's Place,Tram,16.57,49.7,994.2,Local
2015-09-25,Home,School,Walk,9.24,110.9,0.0,Local
2015-09-25,School,Cinema,Bicycle,3.99,16.0,0.0,Local
2015-09-26,Home,Friend's Place,Train,6.61,8.8,271.0,Local
2015-09-27,Home,School,Bicycle,7.0,28.0,0.0,Local
2015-09-28,Home,Friend's Place,Bicycle,9.89,39.6,0.0,Local
2015-09-28,Friend's Place,Park,Car,6.15,9.2,1180.8,Local
2015-09-29,Home,Friend's Place,Tram,18.6,55.8,1116.0,Local
2015-09-30,Home,Friend's Place,Bus,13.02,31.2,1367.1,Local
2015-09-30,Friend's Place,Park,Tram,6.74,20.2,404.4,Local
2015-10-01,Home,Library,Bus,17.51,42.0,1838.6,Local
2015-10-02,School,Cinema,Train,6.27,8.4,257.1,Local
2015-10-02,Shopping Centre,School,Tram,5.54,16.6,332.4,Local
2015-10-02,Home,Shopping Centre,Car,12.67,19.0,2432.6,Local
2015-10-03,Home,Cinema,Bicycle,17.75,71.0,0.0,Local
2015-10-06,Home,Shopping Centre,Bus,8.01,19.2,841.0,Local
2015-10-07,Home,Friend's Place,Walk,17.11,205.3,0.0,Local
2015-10-08,Home,Park,Car,7.25,10.9,1392.0,Local
2015-10-08,Park,Shopping Centre,Bicycle,6.86,27.4,0.0,Local
2015-10-10,Home,Cinema,Walk,10.99,131.9,0.0,Local
2015-10-13,Home,Park,Car,14.23,21.3,2732.2,Local
2015-10-14,Home,Friend's Place,Walk,13.83,166.0,0.0,Local
2015-10-16,Home,School,Walk,14.98,179.8,0.0,Local
2015-10-18,Home,School,Bus,18.84,45.2,1978.2,Local
2015-10-20,Home,Library,Walk,15.17,182.0,0.0,Local
2015-10-20,Library,School,Walk,2.12,25.4,0.0,Local
2015-10-21,Home,Friend's Place,Tram,6.95,20.9,417.0,Local
2015-10-21,Friend's Place,Library,Bicycle,1.64,6.6,0.0,Local
2015-10-21,Library,Park,Tram,3.1,9.3,186.0,Local
2015-10-22,School,Home,Train,19.72,26.3,808.5,Local
2015-10-22,Home,School,Train,12.05,16.1,494.1,Local
2015-10-23,Home,Park,Tram,6.74,20.2,404.4,Local
2015-10-24,Home,Park,Train,19.71,26.3,808.1,Local
2015-10-25,Home,Friend's Place,Car,12.19,18.3,2340.5,Local
2015-10-25,Friend's Place,Park,Bus,7.65,18.4,803.2,Local
2015-10-25,Park,Friend's Place,Bicycle,5.52,22.1,0.0,Local
2015-10-26,Home,Library,Train,9.66,12.9,396.1,Local
2015-10-26,Library,Friend's Place,Bus,5.49,13.2,576.5,Local
2015-10-27,Home,Park,Train,8.76,11.7,359.2,Local
2015-10-28,Park,Friend's Place,Train,6.5,8.7,266.5,Local
2015-10-28,Home,Park,Walk,17.04,204.5,0.0,Local
2015-10-30,Home,Friend's Place,Bicycle,11.58,46.3,0.0,Local
2015-10-31,Home,Shopping Centre,Car,8.02,12.0,1539.8,Local
2015-10-31,Shopping Centre,Park,Tram,3.34,10.0,200.4,Local
2015-10-31,Park,Library,Walk,6.3,75.6,0.0,Local
2015-11-01,Home,School,Walk,13.16,157.9,0.0,Local
2015-11-01,School,Cinema,Bus,6.53,15.7,685.6,Local
2015-11-01,Cinema,School,Car,4.45,6.7,854.4,Local
2015-11-02,Home,Shopping Centre,Tram,11.92,35.8,715.2,Local
2015-11-03,Home,Shopping Centre,Bicycle,11.4,45.6,0.0,Local
2015-11-03,Shopping Centre,Home,Walk,10.82,129.8,0.0,Local
2015-11-04,Home,Park,Car,19.97,30.0,3834.2,Local
2015-11-06,Home,School,Car,12.73,19.1,2444.2,Local
2015-11-06,School,Park,Tram,6.99,21.0,419.4,Local
2015-11-06,Park,Home,Bicycle,13.52,54.1,0.0,Local
2015-11-07,Home,Cinema,Bicycle,13.45,53.8,0.0,Local
2015-11-07,Cinema,School,Walk,2.42,29.0,0.0,Local
2015-11-09,Home,Cinema,Car,7.32,11.0,1405.4,Local
2015-11-10,Home,Library,Tram,18.91,56.7,1134.6,Local
2015-11-10,Library,Park,Tram,1.77,5.3,106.2,Local
2015-11-11,Home,Park,Bicycle,9.13,36.5,0.0,Local
2015-11-12,Home,School,Car,7.54,11.3,1447.7,Local
2015-11-12,School,Home,Tram,16.09,48.3,965.4,Local
2015-11-13,Home,Friend's Place,Bus,6.96,16.7,730.8,Local
2015-11-14,Friend's Place,Library,Bicycle,4.44,17.8,0.0,Local
2015-11-14,Library,School,Train,2.38,3.2,97.6,Local
2015-11-14,Home,Friend's Place,Tram,13.9,41.7,834.0,Local
2015-11-15,Home,School,Tram,17.27,51.8,1036.2,Local
2015-11-15,School,Shopping Centre,Bicycle,1.1,4.4,0.0,Local
2015-11-15,Shopping Centre,Park,Train,3.03,4.0,124.2,Local
2015-11-17,Home,Park,Car,15.89,23.8,3050.9,Local
2015-11-19,Cinema,Shopping Centre,Bus,0.69,1.7,72.4,Local
2015-11-19,Home,Friend's Place,Car,10.2,15.3,1958.4,Local
2015-11-19,Friend's Place,Cinema,Tram,5.55,16.6,333.0,Local
2015-11-20,School,Park,Bus,0.71,1.7,74.5,Local
2015-11-20,Cinema,School,Train,1.6,2.1,65.6,Local
2015-11-20,Home,Cinema,Car,8.14,12.2,1562.9,Local
2015-11-21,Home,Library,Tram,13.76,41.3,825.6,Local
2015-11-22,Home,Library,Bus,18.77,45.0,1970.8,Local
2015-11-24,Home,Park,Train,13.61,18.1,558.0,Local
2015-11-24,Park,Library,Train,3.82,5.1,156.6,Local
2015-11-26,Home,Library,Tram,6.51,19.5,390.6,Local
2015-11-26,Library,Home,Train,7.9,10.5,323.9,Local
2015-11-27,Home,School,Bicycle,6.91,27.6,0.0,Local
2015-11-28,Home,Park,Bicycle,10.86,43.4,0.0,Local
2015-11-30,Home,School,Car,7.76,11.6,1489.9,Local
2015-12-01,Home,Cinema,Train,6.81,9.1,279.2,Local
2015-12-01,Cinema,Park,Walk,1.45,17.4,0.0,Local
2015-12-02,Home,Cinema,Tram,18.91,56.7,1134.6,Local
2015-12-03,Home,Park,Walk,15.42,185.0,0.0,Local
2015-12-04,Home,Park,Bicycle,19.39,77.6,0.0,Local
2015-12-05,Home,Cinema,Train,8.73,11.6,357.9,Local
2015-12-05,Cinema,Friend's Place,Train,1.81,2.4,74.2,Local
2015-12-07,Park,Friend's Place,Car,2.31,3.5,443.5,Local
2015-12-07,Home,Park,Tram,18.81,56.4,1128.6,Local
2015-12-08,Home,Friend's Place,Walk,10.55,126.6,0.0,Local
2015-12-08,Friend's Place,School,Train,6.75,9.0,276.8,Local
2015-12-09,Home,Park,Walk,9.3,111.6,0.0,Local
2015-12-10,Home,School,Walk,7.2,86.4,0.0,Local
2015-12-10,School,Home,Tram,13.34,40.0,800.4,Local
2015-12-12,Home,Shopping Centre,Bus,18.41,44.2,1933.0,Local
2015-12-12,Shopping Centre,Home,Walk,17.35,208.2,0.0,Local
2015-12-13,Home,Cinema,Walk,9.77,117.2,0.0,Local
2015-12-14,Home,Library,Bus,14.19,34.1,1490.0,Local
2015-12-15,Home,Shopping Centre,Car,19.38,29.1,3721.0,Local
2015-12-17,Home,School,Bus,5.95,14.3,624.8,Local
2015-12-17,School,Library,Car,3.56,5.3,683.5,Local
2015-12-18,Home,School,Bus,16.14,38.7,1694.7,Local
2015-12-19,Home,Park,Walk,11.95,143.4,0.0,Local
2015-12-20,Home,School,Tram,10.4,31.2,624.0,Local
2015-12-20,School,Home,Train,17.59,23.5,721.2,Local
2015-12-21,Home,Library,Tram,6.27,18.8,376.2,Local
2015-12-22,Home,Library,Car,19.23,28.8,3692.2,Local
2015-12-23,Home,Friend's Place,Tram,14.24,42.7,854.4,Local
2015-12-23,Friend's Place,Park,Car,4.23,6.3,812.2,Local
2015-12-25,Home,Shopping Centre,Car,11.3,17.0,2169.6,Local
2015-12-25,Shopping Centre,Cinema,Bus,5.21,12.5,547.0,Local
2015-12-25,Cinema,School,Car,3.84,5.8,737.3,Local
2015-12-26,Home,Shopping Centre,Train,15.95,21.3,653.9,Local
2015-12-27,Home,Shopping Centre,Train,16.61,22.1,681.0,Local
2015-12-28,Home,School,Bus,16.29,39.1,1710.4,Local
2015-12-29,Home,Shopping Centre,Walk,13.86,166.3,0.0,Local
2015-12-30,Home,Park,Train,12.42,16.6,509.2,Local
2015-12-30,Park,Home,Bicycle,6.91,27.6,0.0,Local
2015-12-31,Home,Shopping Centre,Bicycle,16.33,65.3,0.0,Local
2015-12-31,Shopping Centre,Cinema,Train,5.24,7.0,214.8,Local
2016-01-01,Home,Library,Car,5.83,8.7,1119.4,Local
2016-01-01,Library,Friend's Place,Bicycle,6.96,27.8,0.0,Local
2016-01-01,Friend's Place,Home,Bicycle,12.49,50.0,0.0,Local
2016-01-02,Home,Cinema,Tram,15.07,45.2,904.2,Local
2016-01-03,Home,Friend's Place,Tram,12.62,37.9,757.2,Local
2016-01-04,Home,Friend's Place,Bicycle,17.13,68.5,0.0,Local
2016-01-04,Friend's Place,Cinema,Bus,4.48,10.8,470.4,Local
2016-01-05,Home,Library,Bus,6.62,15.9,695.1,Local
2016-01-07,Home,Park,Bicycle,15.97,63.9,0.0,Local
2016-01-08,Home,School,Walk,11.07,132.8,0.0,Local
2016-01-09,School,Library,Walk,0.99,11.9,0.0,Local
2016-01-09,Library,Home,Walk,13.9,166.8,0.0,Local
2016-01-09,Home,School,Walk,11.79,141.5,0.0,Local
2016-01-10,Home,Park,Walk,13.88,166.6,0.0,Local
2016-01-10,Park,Friend's Place,Car,5.67,8.5,1088.6,Local
2016-01-11,Home,Friend's Place,Walk,13.34,160.1,0.0,Local
2016-01-11,Friend's Place,Library,Walk,4.7,56.4,0.0,Local
2016-01-12,Home,Shopping Centre,Bus,13.74,33.0,1442.7,Local
2016-01-13,Home,Cinema,Bus,14.13,33.9,1483.7,Local
2016-01-14,Home,Cinema,Train,19.1,25.5,783.1,Local
2016-01-15,Home,School,Bicycle,16.78,67.1,0.0,Local
2016-01-16,Home,School,Walk,17.1,205.2,0.0,Local
2016-01-18,Home,Library,Walk,18.23,218.8,0.0,Local
2016-01-20,Home,Shopping Centre,Bicycle,15.94,63.8,0.0,Local
2016-01-23,Home,Friend's Place,Tram,10.28,30.8,616.8,Local
2016-01-24,Home,Friend's Place,Car,13.43,20.1,2578.6,Local
2016-01-26,Home,School,Bicycle,14.65,58.6,0.0,Local
2016-01-27,Home,Cinema,Car,12.15,18.2,2332.8,Local
2016-01-28,Home,School,Tram,17.91,53.7,1074.6,Local
2016-01-28,School,Shopping Centre,Walk,7.47,89.6,0.0,Local
2016-01-29,Cinema,School,Bicycle,6.36,25.4,0.0,Local
2016-01-29,Home,Park,Bicycle,6.39,25.6,0.0,Local
2016-01-29,Park,Cinema,Car,1.8,2.7,345.6,Local
2016-01-30,Home,Cinema,Bus,13.04,31.3,1369.2,Local
2016-01-30,Cinema,Park,Tram,7.11,21.3,426.6,Local
2016-01-31,Home,Park,Walk,6.36,76.3,0.0,Local
2016-01-31,Park,Shopping Centre,Walk,4.63,55.6,0.0,Local
2016-02-01,Home,Library,Bus,18.84,45.2,1978.2,Local
2016-02-02,Home,Shopping Centre,Bus,17.3,41.5,1816.5,Local
2016-02-03,Home,Friend's Place,Bicycle,7.21,28.8,0.0,Local
2016-02-04,Home,Park,Bus,7.84,18.8,823.2,Local
2016-02-04,Park,Shopping Centre,Train,1.07,1.4,43.9,Local
2016-02-04,Shopping Centre,School,Train,3.1,4.1,127.1,Local
2016-02-05,Home,Friend's Place,Bicycle,5.35,21.4,0.0,Local
2016-02-06,Home,Park,Train,13.37,17.8,548.2,Local
2016-02-07,Home,Park,Walk,14.01,168.1,0.0,Local
2016-02-08,Home,Shopping Centre,Walk,12.58,151.0,0.0,Local
2016-02-09,Home,Library,Walk,14.67,176.0,0.0,Local
2016-02-12,Home,Park,Car,19.02,28.5,3651.8,Local
2016-02-12,Park,Cinema,Walk,7.67,92.0,0.0,Local
2016-02-13,Home,Park,Car,19.45,29.2,3734.4,Local
2016-02-14,Home,School,Bus,11.4,27.4,1197.0,Local
2016-02-15,Home,Library,Train,8.73,11.6,357.9,Local
2016-02-15,Library,Friend's Place,Car,6.52,9.8,1251.8,Local
2016-02-17,Home,Park,Car,17.5,26.2,3360.0,Local
2016-02-18,Shopping Centre,Park,Bus,6.54,15.7,686.7,Local
2016-02-18,Park,Shopping Centre,Bicycle,1.73,6.9,0.0,Local
2016-02-18,Home,Park,Car,8.8,13.2,1689.6,Local
2016-02-19,Home,Friend's Place,Train,16.91,22.5,693.3,Local
2016-02-20,Home,Shopping Centre,Bus,19.47,46.7,2044.3,Local
2016-02-21,Home,Library,Bus,5.81,13.9,610.0,Local
2016-02-22,Home,Shopping Centre,Bicycle,9.0,36.0,0.0,Local
2016-02-22,Shopping Centre,Library,Train,5.49,7.3,225.1,Local
2016-02-23,Home,Park,Car,17.88,26.8,3433.0,Local
2016-02-23,Park,Library,Tram,3.98,11.9,238.8,Local
2016-02-24,Home,Library,Train,13.96,18.6,572.4,Local
2016-02-26,Home,Friend's Place,Tram,15.37,46.1,922.2,Local
2016-02-26,Friend's Place,Park,Walk,6.16,73.9,0.0,Local
2016-02-28,Home,Library,Car,13.42,20.1,2576.6,Local
2016-02-29,Home,Shopping Centre,Walk,6.42,77.0,0.0,Local
2016-03-02,Home,Park,Train,12.9,17.2,528.9,Local
2016-03-04,Home,Cinema,Bus,6.69,16.1,702.5,Local
2016-03-04,Cinema,Home,Bus,14.49,34.8,1521.5,Local
2016-03-05,Home,Friend's Place,Train,6.21,8.3,254.6,Local
2016-03-06,Home,Cinema,Train,7.0,9.3,287.0,Local
2016-03-07,Home,Friend's Place,Car,13.15,19.7,2524.8,Local
2016-03-08,Home,School,Bus,5.07,12.2,532.4,Local
2016-03-09,Home,Shopping Centre,Car,14.31,21.5,2747.5,Local
2016-03-10,Home,Friend's Place,Train,11.44,15.3,469.0,Local
2016-03-11,Home,Friend's Place,Car,19.51,29.3,3745.9,Local
2016-03-13,Home,Shopping Centre,Train,9.21,12.3,377.6,Local
2016-03-14,Home,Friend's Place,Bus,13.32,32.0,1398.6,Local
2016-03-15,Friend's Place,Shopping Centre,Tram,7.11,21.3,426.6,Local
2016-03-15,Cinema,Friend's Place,Walk,6.94,83.3,0.0,Local
2016-03-15,Home,Cinema,Walk,13.76,165.1,0.0,Local
2016-03-16,Home,Friend's Place,Car,7.4,11.1,1420.8,Local
2016-03-16,Friend's Place,Cinema,Bus,0.62,1.5,65.1,Local
2016-03-17,Home,Shopping Centre,Car,5.16,7.7,990.7,Local
2016-03-18,Home,Shopping Centre,Train,7.94,10.6,325.5,Local
2016-03-19,Home,Library,Walk,9.28,111.4,0.0,Local
2016-03-19,Library,Cinema,Train,6.21,8.3,254.6,Local
2016-03-21,Home,Shopping Centre,Tram,10.36,31.1,621.6,Local
2016-03-22,School,Park,Bicycle,1.4,5.6,0.0,Local
2016-03-22,Home,Park,Bicycle,6.94,27.8,0.0,Local
2016-03-22,Park,School,Walk,5.62,67.4,0.0,Local
2016-03-23,Home,Shopping Centre,Bus,10.48,25.2,1100.4,Local
2016-03-24,Home,Cinema,Tram,6.17,18.5,370.2,Local
2016-03-24,Cinema,Shopping Centre,Bus,4.36,10.5,457.8,Local
2016-03-24,Shopping Centre,School,Car,5.12,7.7,983.0,Local
2016-03-26,Home,Library,Train,18.46,24.6,756.9,Local
2016-03-27,Home,School,Tram,8.34,25.0,500.4,Local
2016-03-28,Home,Cinema,Bus,11.4,27.4,1197.0,Local
2016-03-30,Home,Park,Bus,16.25,39.0,1706.2,Local
2016-03-31,Home,Friend's Place,Bus,5.78,13.9,606.9,Local
2016-03-31,Friend's Place,Cinema,Bus,4.26,10.2,447.3,Local
2016-04-01,Home,Library,Train,12.89,17.2,528.5,Local
2016-04-03,Home,Shopping Centre,Walk,16.91,202.9,0.0,Local
2016-04-05,Library,Friend's Place,Bicycle,1.44,5.8,0.0,Local
2016-04-05,Home,Library,Car,6.61,9.9,1269.1,Local
2016-04-09,Home,School,Walk,18.36,220.3,0.0,Local
2016-04-10,Home,Library,Car,12.14,18.2,2330.9,Local
2016-04-11,Home,Library,Bicycle,10.02,40.1,0.0,Local
2016-04-12,Home,Shopping Centre,Tram,14.62,43.9,877.2,Local
2016-04-13,Home,Library,Train,6.25,8.3,256.2,Local
2016-04-14,Home,Shopping Centre,Walk,17.6,211.2,0.0,Local
2016-04-15,Home,Park,Tram,8.62,25.9,517.2,Local
2016-04-16,Home,Library,Train,10.3,13.7,422.3,Local
2016-04-16,Library,Cinema,Walk,4.22,50.6,0.0,Local
2016-04-18,Home,Cinema,Tram,14.65,44.0,879.0,Local
2016-04-20,Home,Park,Bicycle,19.92,79.7,0.0,Local
2016-04-21,Home,Library,Bus,12.88,30.9,1352.4,Local
2016-04-23,Home,Cinema,Bus,17.86,42.9,1875.3,Local
2016-04-23,Cinema,Park,Car,7.67,11.5,1472.6,Local
2016-04-24,Home,Friend's Place,Bicycle,12.4,49.6,0.0,Local
2016-04-24,Friend's Place,Park,Bicycle,1.14,4.6,0.0,Local
2016-04-25,Home,Cinema,Train,19.68,26.2,806.9,Local
2016-04-25,Cinema,Friend's Place,Car,6.2,9.3,1190.4,Local
2016-04-26,School,Shopping Centre,Tram,4.37,13.1,262.2,Local
2016-04-26,Shopping Centre,Park,Bus,4.16,10.0,436.8,Local
2016-04-26,Home,School,Walk,10.96,131.5,0.0,Local
2016-04-28,Home,Library,Train,10.4,13.9,426.4,Local
2016-04-28,Library,School,Walk,2.55,30.6,0.0,Local
2016-04-28,School,Home,Walk,14.7,176.4,0.0,Local
2016-04-29,Home,Library,Bus,8.58,20.6,900.9,Local
2016-04-30,Home,Shopping Centre,Car,6.57,9.9,1261.4,Local
2016-04-30,Shopping Centre,Park,Train,5.49,7.3,225.1,Local
2016-04-30,Park,Cinema,Train,3.93,5.2,161.1,Local
2016-05-01,Home,School,Tram,5.79,17.4,347.4,Local
2016-05-03,Home,School,Car,9.63,14.4,1849.0,Local
2016-05-03,School,Park,Walk,6.99,83.9,0.0,Local
2016-05-04,Home,Park,Car,8.09,12.1,1553.3,Local
2016-05-04,Park,School,Train,1.33,1.8,54.5,Local
2016-05-04,School,Shopping Centre,Car,6.24,9.4,1198.1,Local
2016-05-05,Home,Shopping Centre,Bus,16.19,38.9,1700.0,Local
2016-05-06,Home,Friend's Place,Car,15.61,23.4,2997.1,Local
2016-05-07,Home,School,Walk,5.21,62.5,0.0,Local
2016-05-07,School,Library,Car,0.57,0.9,109.4,Local
2016-05-08,Home,Shopping Centre,Car,16.34,24.5,3137.3,Local
2016-05-09,Home,Library,Car,13.87,20.8,2663.0,Local
2016-05-10,Home,Library,Bicycle,12.62,50.5,0.0,Local
2016-05-11,Home,School,Car,7.89,11.8,1514.9,Local
2016-05-12,Home,Park,Bicycle,17.66,70.6,0.0,Local
2016-05-13,Home,Cinema,Train,5.64,7.5,231.2,Local
2016-05-14,Home,School,Bicycle,9.25,37.0,0.0,Local
2016-05-15,Home,Library,Train,9.27,12.4,380.1,Local
2016-05-16,Home,Park,Train,19.43,25.9,796.6,Local
2016-05-17,Home,Library,Car,18.34,27.5,3521.3,Local
2016-05-18,Home,Library,Walk,11.86,142.3,0.0,Local
2016-05-18,Library,School,Walk,5.4,64.8,0.0,Local
2016-05-19,Home,Park,Car,5.54,8.3,1063.7,Local
2016-05-19,Park,Shopping Centre,Car,2.55,3.8,489.6,Local
2016-05-19,Shopping Centre,Park,Bicycle,1.2,4.8,0.0,Local
2016-05-20,Home,Friend's Place,Bus,13.53,32.5,1420.6,Local
2016-05-22,Home,Cinema,Car,18.14,27.2,3482.9,Local
2016-05-23,Park,School,Bicycle,4.6,18.4,0.0,Local
2016-05-23,Home,Park,Walk,6.45,77.4,0.0,Local
2016-05-24,Home,School,Bicycle,15.53,62.1,0.0,Local
2016-05-25,Home,Park,Train,15.95,21.3,653.9,Local
2016-05-27,Home,Cinema,Train,6.64,8.9,272.2,Local
2016-05-28,Home,Shopping Centre,Bus,11.82,28.4,1241.1,Local
2016-05-29,Home,Cinema,Car,13.82,20.7,2653.4,Local
2016-05-30,Home,Friend's Place,Bus,14.21,34.1,1492.1,Local
2016-05-30,Friend's Place,School,Tram,3.58,10.7,214.8,Local
2016-06-02,Home,Friend's Place,Car,5.02,7.5,963.8,Local
2016-06-04,Home,Shopping Centre,Walk,18.91,226.9,0.0,Local
2016-06-07,Home,Cinema,Train,11.43,15.2,468.6,Local
2016-06-08,Home,Cinema,Bus,17.12,41.1,1797.6,Local
2016-06-10,Home,Cinema,Bus,8.16,19.6,856.8,Local
2016-06-10,Cinema,Park,Bicycle,7.44,29.8,0.0,Local
2016-06-11,Shopping Centre,Park,Walk,5.82,69.8,0.0,Local
2016-06-11,Park,Library,Tram,0.58,1.7,34.8,Local
2016-06-11,Home,Shopping Centre,Tram,10.63,31.9,637.8,Local
2016-06-13,School,Friend's Place,Bus,2.08,5.0,218.4,Local
2016-06-13,Friend's Place,Home,Walk,11.7,140.4,0.0,Local
2016-06-13,Home,School,Train,17.28,23.0,708.5,Local
2016-06-14,Home,School,Walk,17.42,209.0,0.0,Local
2016-06-14,School,Home,Car,13.73,20.6,2636.2,Local
2016-06-14,Home,Park,Bicycle,16.18,64.7,0.0,Local
2016-06-15,Home,Park,Car,14.22,21.3,2730.2,Local
2016-06-16,Home,School,Walk,12.37,148.4,0.0,Local
2016-06-17,Home,Cinema,Bus,5.0,12.0,525.0,Local
2016-06-18,Friend's Place,Shopping Centre,Bicycle,0.9,3.6,0.0,Local
2016-06-18,School,Friend's Place,Bicycle,2.38,9.5,0.0,Local
2016-06-18,Home,School,Train,8.76,11.7,359.2,Local
2016-06-19,Home,Shopping Centre,Bus,5.01,12.0,526.0,Local
2016-06-20,Home,Park,Walk,10.6,127.2,0.0,Local
2016-06-20,Park,Friend's Place,Bus,1.9,4.6,199.5,Local
2016-06-22,Home,Shopping Centre,Train,7.95,10.6,325.9,Local
2016-06-23,Home,Friend's Place,Tram,16.7,50.1,1002.0,Local
2016-06-24,Home,Shopping Centre,Car,5.22,7.8,1002.2,Local
2016-06-25,Home,Cinema,Walk,9.41,112.9,0.0,Local
2016-06-26,Home,Shopping Centre,Bus,18.54,44.5,1946.7,Local
2016-06-27,Home,Shopping Centre,Walk,11.43,137.2,0.0,Local
2016-06-28,Home,Cinema,Train,16.16,21.5,662.6,Local
2016-06-28,Cinema,Library,Tram,3.11,9.3,186.6,Local
2016-06-28,Library,Cinema,Tram,1.83,5.5,109.8,Local
2016-06-29,Home,Park,Car,15.04,22.6,2887.7,Local
2016-06-29,Park,Cinema,Bicycle,4.18,16.7,0.0,Local
2016-06-29,Cinema,Friend's Place,Bicycle,6.47,25.9,0.0,Local
2016-06-30,Home,Cinema,Walk,5.2,62.4,0.0,Local
2016-06-30,Shopping Centre,Home,Walk,8.38,100.6,0.0,Local
2016-06-30,Home,Shopping Centre,Train,8.62,11.5,353.4,Local
2016-07-01,Home,Shopping Centre,Bus,8.98,21.6,942.9,Local
2016-07-01,Shopping Centre,Cinema,Walk,5.71,68.5,0.0,Local
2016-07-02,Home,Library,Bicycle,18.69,74.8,0.0,Local
2016-07-02,Library,Park,Car,4.32,6.5,829.4,Local
2016-07-02,Park,Library,Bus,4.46,10.7,468.3,Local
2016-07-03,Home,Shopping Centre,Car,13.23,19.8,2540.2,Local
2016-07-04,Home,Cinema,Tram,5.84,17.5,350.4,Local
2016-07-05,Home,School,Walk,9.08,109.0,0.0,Local
2016-07-05,Home,Park,Car,11.92,17.9,2288.6,Local
2016-07-05,Park,Home,Car,18.22,27.3,3498.2,Local
2016-07-07,Home,Park,Walk,6.25,75.0,0.0,Local
2016-07-08,Home,Shopping Centre,Train,12.58,16.8,515.8,Local
2016-07-08,Shopping Centre,Home,Train,19.44,25.9,797.0,Local
2016-07-08,Home,Friend's Place,Train,16.44,21.9,674.0,Local
2016-07-09,Home,Park,Train,10.23,13.6,419.4,Local
2016-07-09,Park,School,Car,1.5,2.2,288.0,Local
2016-07-09,School,Shopping Centre,Car,1.44,2.2,276.5,Local
2016-07-10,Home,Cinema,Bicycle,13.5,54.0,0.0,Local
2016-07-11,Home,Friend's Place,Bicycle,9.65,38.6,0.0,Local
2016-07-11,Friend's Place,Cinema,Train,4.38,5.8,179.6,Local
2016-07-12,Home,Park,Bus,10.31,24.7,1082.5,Local
2016-07-12,Park,Shopping Centre,Bus,4.06,9.7,426.3,Local
2016-07-13,Friend's Place,Park,Bus,0.65,1.6,68.2,Local
2016-07-13,Home,Friend's Place,Walk,15.77,189.2,0.0,Local
2016-07-15,School,Park,Bicycle,6.02,24.1,0.0,Local
2016-07-15,Home,School,Bus,15.55,37.3,1632.8,Local
2016-07-16,Home,Cinema,Car,10.26,15.4,1969.9,Local
2016-07-17,Home,Cinema,Car,6.7,10.1,1286.4,Local
2016-07-19,Home,School,Car,18.11,27.2,3477.1,Local
2016-07-19,School,Cinema,Bicycle,2.62,10.5,0.0,Local
2016-07-21,Home,Library,Bicycle,5.26,21.0,0.0,Local
2016-07-22,Home,Friend's Place,Walk,6.09,73.1,0.0,Local
2016-07-23,Home,Library,Train,11.8,15.7,483.8,Local
2016-07-24,Home,Friend's Place,Bus,12.83,30.8,1347.2,Local
2016-07-25,Home,Friend's Place,Train,5.29,7.1,216.9,Local
2016-07-25,Friend's Place,Shopping Centre,Car,2.48,3.7,476.2,Local
2016-07-25,Shopping Centre,Park,Car,5.79,8.7,1111.7,Local
2016-07-26,Home,Friend's Place,Bicycle,6.83,27.3,0.0,Local
2016-07-26,Friend's Place,School,Car,6.37,9.6,1223.0,Local
2016-07-27,Friend's Place,Cinema,Tram,0.8,2.4,48.0,Local
2016-07-27,Home,Friend's Place,Walk,19.52,234.2,0.0,Local
2016-07-27,Cinema,School,Tram,3.73,11.2,223.8,Local
2016-07-29,Home,School,Tram,7.15,21.5,429.0,Local
2016-07-31,Home,Cinema,Bus,10.09,24.2,1059.5,Local
2016-08-01,Home,Cinema,Bicycle,19.61,78.4,0.0,Local
2016-08-02,Home,Shopping Centre,Tram,10.34,31.0,620.4,Local
2016-08-02,Shopping Centre,Library,Bus,7.99,19.2,839.0,Local
2016-08-04,Home,Library,Train,7.37,9.8,302.2,Local
2016-08-06,Home,Cinema,Bus,18.34,44.0,1925.7,Local
2016-08-07,Home,Shopping Centre,Bicycle,6.07,24.3,0.0,Local
2016-08-07,Shopping Centre,Friend's Place,Bicycle,1.23,4.9,0.0,Local
2016-08-08,Home,Library,Bicycle,9.58,38.3,0.0,Local
2016-08-09,Home,Cinema,Tram,5.57,16.7,334.2,Local
2016-08-10,Home,Library,Bus,17.98,43.2,1887.9,Local
2016-08-12,Home,Shopping Centre,Tram,8.75,26.2,525.0,Local
2016-08-13,Home,Cinema,Bus,14.4,34.6,1512.0,Local
2016-08-14,Home,Shopping Centre,Walk,8.7,104.4,0.0,Local
2016-08-16,Home,Library,Tram,11.7,35.1,702.0,Local
2016-08-17,Home,Shopping Centre,Car,16.64,25.0,3194.9,Local
2016-08-18,Home,Library,Walk,18.49,221.9,0.0,Local
2016-08-19,Home,Park,Bus,7.11,17.1,746.6,Local
2016-08-20,Home,Friend's Place,Tram,19.57,58.7,1174.2,Local
2016-08-21,Home,School,Bicycle,6.09,24.4,0.0,Local
2016-08-21,School,Library,Walk,5.32,63.8,0.0,Local
2016-08-23,Home,Park,Bus,16.0,38.4,1680.0,Local
2016-08-23,Park,Cinema,Bicycle,7.06,28.2,0.0,Local
2016-08-24,Home,Friend's Place,Walk,15.06,180.7,0.0,Local
2016-08-24,Friend's Place,Cinema,Bicycle,7.18,28.7,0.0,Local
2016-08-24,Cinema,Park,Tram,4.15,12.5,249.0,Local
2016-08-26,Home,Shopping Centre,Bus,13.02,31.2,1367.1,Local
2016-08-27,Home,Library,Tram,10.6,31.8,636.0,Local
2016-08-28,Home,Cinema,Car,15.34,23.0,2945.3,Local
2016-08-29,Home,Library,Tram,6.24,18.7,374.4,Local
2016-08-30,Home,Library,Car,14.75,22.1,2832.0,Local
2016-08-31,Home,School,Tram,7.05,21.1,423.0,Local
2016-08-31,School,Shopping Centre,Train,3.53,4.7,144.7,Local
2016-09-01,Home,Park,Bicycle,5.55,22.2,0.0,Local
2016-09-01,Park,School,Car,1.87,2.8,359.0,Local
2016-09-04,Park,Cinema,Train,7.72,10.3,316.5,Local
2016-09-04,Home,Park,Bus,14.08,33.8,1478.4,Local
2016-09-05,Home,Library,Tram,13.71,41.1,822.6,Local
2016-09-07,Home,School,Tram,5.5,16.5,330.0,Local
2016-09-09,Home,Park,Bicycle,16.11,64.4,0.0,Local
2016-09-11,Home,Park,Car,17.51,26.3,3361.9,Local
2016-09-12,Home,School,Train,19.47,26.0,798.3,Local
2016-09-12,School,Park,Bus,6.32,15.2,663.6,Local
2016-09-12,Park,Library,Walk,3.77,45.2,0.0,Local
2016-09-13,Home,Cinema,Train,7.19,9.6,294.8,Local
2016-09-14,Home,Cinema,Bus,19.8,47.5,2079.0,Local
2016-09-14,Cinema,Home,Tram,16.18,48.5,970.8,Local
2016-09-14,Home,Shopping Centre,Tram,5.58,16.7,334.8,Local
2016-09-15,Home,Friend's Place,Bicycle,7.12,28.5,0.0,Local
2016-09-16,Home,Shopping Centre,Walk,17.96,215.5,0.0,Local
2016-09-16,Shopping Centre,Library,Bicycle,4.98,19.9,0.0,Local
2016-09-16,Library,Friend's Place,Tram,5.1,15.3,306.0,Local
2016-09-17,Home,Park,Bus,7.51,18.0,788.5,Local
2016-09-18,Home,Library,Walk,9.4,112.8,0.0,Local
2016-09-19,Home,Cinema,Tram,5.07,15.2,304.2,Local
2016-09-19,Cinema,School,Bicycle,4.17,16.7,0.0,Local
2016-09-19,School,Cinema,Walk,5.21,62.5,0.0,Local
2016-09-20,Home,Friend's Place,Bus,12.47,29.9,1309.4,Local
2016-09-21,Home,Park,Walk,10.19,122.3,0.0,Local
2016-09-21,Park,Home,Train,7.08,9.4,290.3,Local
2016-09-21,Home,Shopping Centre,Tram,16.16,48.5,969.6,Local
2016-09-22,Home,Cinema,Car,12.13,18.2,2329.0,Local
2016-09-22,Cinema,School,Train,4.82,6.4,197.6,Local
2016-09-22,School,Library,Car,5.18,7.8,994.6,Local
2016-09-23,Home,Friend's Place,Walk,8.47,101.6,0.0,Local
2016-09-24,Home,Shopping Centre,Walk,17.96,215.5,0.0,Local
2016-09-25,Home,Shopping Centre,Car,7.07,10.6,1357.4,Local
2016-09-26,Home,Park,Bus,15.59,37.4,1637.0,Local
2016-09-27,Home,Friend's Place,Bus,13.54,32.5,1421.7,Local
2016-09-28,Home,Shopping Centre,Walk,15.61,187.3,0.0,Local
2016-10-02,Home,Library,Tram,12.46,37.4,747.6,Local
2016-10-03,Home,Friend's Place,Car,10.1,15.2,1939.2,Local
2016-10-04,School,Shopping Centre,Walk,7.77,93.2,0.0,Local
2016-10-04,Home,School,Car,16.14,24.2,3098.9,Local
2016-10-05,Home,Friend's Place,Car,14.38,21.6,2761.0,Local
2016-10-05,Friend's Place,School,Train,7.33,9.8,300.5,Local
2016-10-06,Home,Park,Tram,7.9,23.7,474.0,Local
2016-10-09,Home,Cinema,Walk,19.06,228.7,0.0,Local
2016-10-09,Cinema,Home,Train,13.73,18.3,562.9,Local
2016-10-10,Home,Friend's Place,Tram,13.59,40.8,815.4,Local
2016-10-11,School,Shopping Centre,Car,0.6,0.9,115.2,Local
2016-10-11,Park,School,Walk,2.77,33.2,0.0,Local
2016-10-11,Home,Park,Bicycle,9.02,36.1,0.0,Local
2016-10-13,Home,School,Train,13.86,18.5,568.3,Local
2016-10-14,Home,Cinema,Walk,8.4,100.8,0.0,Local
2016-10-16,Home,School,Bus,9.59,23.0,1006.9,Local
2016-10-16,School,Home,Tram,10.99,33.0,659.4,Local
2016-10-16,Home,Library,Bicycle,14.4,57.6,0.0,Local
2016-10-17,Home,Friend's Place,Train,8.4,11.2,344.4,Local
2016-10-19,Home,Library,Train,9.13,12.2,374.3,Local
2016-10-19,Library,Cinema,Walk,4.57,54.8,0.0,Local
2016-10-20,Home,School,Bicycle,9.78,39.1,0.0,Local
2016-10-21,Home,School,Bus,17.09,41.0,1794.5,Local
2016-10-21,School,Cinema,Bus,2.08,5.0,218.4,Local
2016-10-21,Cinema,Shopping Centre,Bus,3.52,8.4,369.6,Local
2016-10-22,Home,Friend's Place,Walk,5.77,69.2,0.0,Local
2016-10-24,Home,Library,Car,17.1,25.7,3283.2,Local
2016-10-24,Library,Shopping Centre,Walk,5.23,62.8,0.0,Local
2016-10-24,Shopping Centre,Friend's Place,Bicycle,5.6,22.4,0.0,Local
2016-10-26,Home,Shopping Centre,Car,14.96,22.4,2872.3,Local
2016-10-28,Home,Friend's Place,Bicycle,18.42,73.7,0.0,Local
2016-10-30,Home,School,Car,17.56,26.3,3371.5,Local
2016-10-30,School,Library,Train,3.44,4.6,141.0,Local
2016-10-31,Home,Cinema,Train,13.8,18.4,565.8,Local
2016-10-31,Cinema,Home,Train,12.28,16.4,503.5,Local
2016-11-01,Home,Shopping Centre,Bicycle,18.79,75.2,0.0,Local
2016-11-03,Home,Friend's Place,Tram,9.24,27.7,554.4,Local
2016-11-04,Home,Cinema,Bicycle,11.2,44.8,0.0,Local
2016-11-06,Home,Library,Bicycle,8.51,34.0,0.0,Local
2016-11-09,School,Home,Train,15.47,20.6,634.3,Local
2016-11-09,Home,School,Walk,18.87,226.4,0.0,Local
2016-11-11,Home,Friend's Place,Train,8.39,11.2,344.0,Local
2016-11-11,Friend's Place,Home,Walk,8.52,102.2,0.0,Local
2016-11-11,Home,Library,Bicycle,18.66,74.6,0.0,Local
2016-11-13,Home,School,Bus,16.22,38.9,1703.1,Local
2016-11-16,Home,Park,Bus,9.45,22.7,992.2,Local
2016-11-17,Home,Library,Tram,16.42,49.3,985.2,Local
2016-11-17,Library,Cinema,Tram,5.97,17.9,358.2,Local
2016-11-20,Home,Cinema,Train,15.03,20.0,616.2,Local
2016-11-21,Home,Friend's Place,Bicycle,7.59,30.4,0.0,Local
2016-11-21,Friend's Place,Cinema,Tram,3.67,11.0,220.2,Local
2016-11-22,Home,Library,Walk,6.24,74.9,0.0,Local
2016-11-22,Library,Park,Bicycle,3.96,15.8,0.0,Local
2016-11-22,Park,Library,Car,4.63,6.9,889.0,Local
2016-11-23,Home,Library,Train,18.19,24.3,745.8,Local
2016-11-24,Home,Park,Train,7.36,9.8,301.8,Local
2016-11-25,Home,Park,Bicycle,11.03,44.1,0.0,Local
2016-11-27,Home,School,Bicycle,16.82,67.3,0.0,Local
2016-11-28,Home,Shopping Centre,Walk,12.37,148.4,0.0,Local
2016-11-29,Home,Park,Train,6.63,8.8,271.8,Local
2016-11-30,Home,Shopping Centre,Car,19.62,29.4,3767.0,Local
2016-12-01,Home,Library,Tram,6.26,18.8,375.6,Local
2016-12-01,Library,School,Tram,5.02,15.1,301.2,Local
2016-12-01,School,Shopping Centre,Tram,3.28,9.8,196.8,Local
2016-12-02,Home,School,Bus,7.68,18.4,806.4,Local
2016-12-03,Home,Cinema,Bicycle,11.1,44.4,0.0,Local
2016-12-05,Home,School,Bicycle,9.13,36.5,0.0,Local
2016-12-07,Home,Park,Bus,7.16,17.2,751.8,Local
2016-12-08,Home,Shopping Centre,Train,5.59,7.5,229.2,Local
2016-12-09,Home,Cinema,Bus,8.0,19.2,840.0,Local
2016-12-09,Cinema,Library,Car,1.43,2.1,274.6,Local
2016-12-10,Home,School,Tram,14.26,42.8,855.6,Local
2016-12-10,School,Shopping Centre,Walk,3.08,37.0,0.0,Local
2016-12-11,Home,School,Bicycle,18.61,74.4,0.0,Local
2016-12-12,Home,Shopping Centre,Bus,10.69,25.7,1122.5,Local
2016-12-14,Home,Park,Tram,15.94,47.8,956.4,Local
2016-12-15,Home,Park,Train,9.57,12.8,392.4,Local
2016-12-16,Home,School,Car,15.2,22.8,2918.4,Local
2016-12-16,School,Shopping Centre,Tram,5.46,16.4,327.6,Local
2016-12-17,Home,Friend's Place,Car,10.11,15.2,1941.1,Local
2016-12-18,Home,Park,Car,8.09,12.1,1553.3,Local
2016-12-18,Park,Friend's Place,Bicycle,0.67,2.7,0.0,Local
2016-12-19,Home,Friend's Place,Tram,5.48,16.4,328.8,Local
2016-12-20,Home,Library,Car,13.21,19.8,2536.3,Local
2016-12-21,Home,Library,Tram,13.13,39.4,787.8,Local
2016-12-22,Home,Cinema,Bus,6.3,15.1,661.5,Local
2016-12-24,Home,Park,Tram,17.89,53.7,1073.4,Local
2016-12-27,Home,School,Walk,8.39,100.7,0.0,Local
2016-12-27,School,Library,Car,5.46,8.2,1048.3,Local
2016-12-27,Library,Shopping Centre,Walk,2.73,32.8,0.0,Local
2016-12-28,Home,Friend's Place,Bus,10.31,24.7,1082.5,Local
2016-12-28,Friend's Place,Home,Train,19.56,26.1,802.0,Local
2016-12-28,Home,Shopping Centre,Bicycle,6.45,25.8,0.0,Local
2016-12-29,Home,Library,Train,13.09,17.5,536.7,Local
2016-12-30,Shopping Centre,Cinema,Bus,2.99,7.2,314.0,Local
2016-12-30,Home,Shopping Centre,Train,11.33,15.1,464.5,Local
2016-12-31,Home,Shopping Centre,Bus,6.78,16.3,711.9,Local
2017-01-03,Home,Cinema,Bicycle,8.07,32.3,0.0,Local
2017-01-05,Home,Library,Bicycle,11.83,47.3,0.0,Local
2017-01-06,Home,Park,Bicycle,11.26,45.0,0.0,Local
2017-01-07,Home,Shopping Centre,Bus,15.89,38.1,1668.5,Local
2017-01-09,Home,Friend's Place,Tram,13.13,39.4,787.8,Local
2017-01-10,Home,Cinema,Walk,13.32,159.8,0.0,Local
2017-01-10,Cinema,School,Tram,0.89,2.7,53.4,Local
2017-01-10,School,Shopping Centre,Walk,6.86,82.3,0.0,Local
2017-01-11,Home,Shopping Centre,Walk,9.73,116.8,0.0,Local
2017-01-13,Home,Library,Train,7.56,10.1,310.0,Local
2017-01-13,Library,Home,Train,9.15,12.2,375.2,Local
2017-01-14,Home,Shopping Centre,Car,9.64,14.5,1850.9,Local
2017-01-15,Home,Library,Walk,8.33,100.0,0.0,Local
2017-01-16,Home,Library,Car,18.83,28.2,3615.4,Local
2017-01-17,Home,Cinema,Train,15.15,20.2,621.1,Local
2017-01-18,Home,Library,Tram,17.09,51.3,1025.4,Local
2017-01-19,Home,Shopping Centre,Bus,10.82,26.0,1136.1,Local
2017-01-20,Home,Friend's Place,Walk,6.79,81.5,0.0,Local
2017-01-21,Home,Library,Bus,12.61,30.3,1324.0,Local
2017-01-22,Home,Friend's Place,Tram,8.16,24.5,489.6,Local
2017-01-23,Home,Park,Bus,13.77,33.0,1445.8,Local
2017-01-25,Home,Park,Bicycle,5.53,22.1,0.0,Local
2017-01-25,Park,Library,Car,5.91,8.9,1134.7,Local
2017-01-25,Library,Friend's Place,Train,7.86,10.5,322.3,Local
2017-01-26,Home,Friend's Place,Bus,6.37,15.3,668.9,Local
2017-01-26,Friend's Place,Cinema,Bicycle,6.65,26.6,0.0,Local
2017-01-27,Home,Library,Walk,13.11,157.3,0.0,Local
2017-01-28,Home,Library,Walk,15.61,187.3,0.0,Local
2017-01-29,Home,School,Train,17.22,23.0,706.0,Local
2017-01-29,School,Cinema,Bus,2.99,7.2,314.0,Local
2017-01-30,Home,School,Walk,18.13,217.6,0.0,Local
2017-01-31,Home,Shopping Centre,Walk,6.56,78.7,0.0,Local
2017-02-01,Library,Shopping Centre,Tram,4.5,13.5,270.0,Local
2017-02-01,Home,Library,Train,8.75,11.7,358.8,Local
2017-02-02,Home,Cinema,Car,19.23,28.8,3692.2,Local
2017-02-05,Home,Cinema,Tram,13.29,39.9,797.4,Local
2017-02-06,Home,Park,Walk,19.23,230.8,0.0,Local
2017-02-07,Home,Shopping Centre,Train,15.57,20.8,638.4,Local
2017-02-08,Home,Shopping Centre,Car,9.36,14.0,1797.1,Local
2017-02-10,Home,School,Bus,16.34,39.2,1715.7,Local
2017-02-12,Home,Cinema,Car,6.54,9.8,1255.7,Local
2017-02-13,Home,Park,Bus,5.18,12.4,543.9,Local
2017-02-13,Park,Shopping Centre,Walk,6.02,72.2,0.0,Local
2017-02-13,Shopping Centre,Library,Walk,3.51,42.1,0.0,Local
2017-02-14,Home,Shopping Centre,Walk,5.13,61.6,0.0,Local
2017-02-16,Home,Friend's Place,Walk,8.85,106.2,0.0,Local
2017-02-18,Home,Library,Walk,5.89,70.7,0.0,Local
2017-02-19,Home,Friend's Place,Bus,19.43,46.6,2040.1,Local
2017-02-20,Cinema,Shopping Centre,Bus,4.42,10.6,464.1,Local
2017-02-20,Home,Cinema,Car,12.51,18.8,2401.9,Local
2017-02-21,Home,Shopping Centre,Train,14.11,18.8,578.5,Local
2017-02-21,Cinema,Home,Bus,13.64,32.7,1432.2,Local
2017-02-21,Home,Cinema,Tram,13.27,39.8,796.2,Local
2017-02-22,Home,Shopping Centre,Bus,16.07,38.6,1687.4,Local
2017-02-22,Shopping Centre,Cinema,Walk,3.7,44.4,0.0,Local
2017-02-22,Cinema,Park,Walk,3.22,38.6,0.0,Local
2017-02-23,Home,Park,Tram,12.26,36.8,735.6,Local
2017-02-24,Home,Cinema,Train,12.29,16.4,503.9,Local
2017-02-24,Cinema,Shopping Centre,Bus,0.65,1.6,68.2,Local
2017-02-24,Shopping Centre,Home,Bicycle,14.36,57.4,0.0,Local
2017-02-25,Home,Library,Train,15.11,20.1,619.5,Local
2017-02-26,Home,School,Bus,7.34,17.6,770.7,Local
2017-02-28,Home,Library,Car,10.6,15.9,2035.2,Local
2017-03-02,Home,Friend's Place,Car,15.81,23.7,3035.5,Local
2017-03-03,Home,Cinema,Bicycle,7.31,29.2,0.0,Local
2017-03-04,Home,Library,Train,5.77,7.7,236.6,Local
2017-03-05,Home,School,Car,18.78,28.2,3605.8,Local
2017-03-06,School,Park,Tram,6.88,20.6,412.8,Local
2017-03-06,Cinema,School,Car,7.87,11.8,1511.0,Local
2017-03-06,Home,Cinema,Bicycle,18.36,73.4,0.0,Local
2017-03-07,Home,Shopping Centre,Tram,14.76,44.3,885.6,Local
2017-03-09,Home,Shopping Centre,Walk,11.13,133.6,0.0,Local
2017-03-09,Shopping Centre,Home,Car,8.71,13.1,1672.3,Local
2017-03-10,Home,Park,Walk,6.7,80.4,0.0,Local
2017-03-10,Park,School,Tram,5.81,17.4,348.6,Local
2017-03-11,Home,School,Bus,19.11,45.9,2006.5,Local
2017-03-11,School,Home,Bicycle,14.7,58.8,0.0,Local
2017-03-12,Home,Cinema,Walk,6.79,81.5,0.0,Local
2017-03-13,Home,Friend's Place,Train,10.68,14.2,437.9,Local
2017-03-14,Home,Library,Tram,12.88,38.6,772.8,Local
2017-03-15,Home,Library,Bicycle,13.41,53.6,0.0,Local
2017-03-15,Library,Home,Bus,13.82,33.2,1451.1,Local
2017-03-15,Home,Park,Train,18.32,24.4,751.1,Local
2017-03-16,Home,Shopping Centre,Car,12.46,18.7,2392.3,Local
2017-03-17,Home,Library,Tram,18.3,54.9,1098.0,Local
2017-03-19,Cinema,Friend's Place,Car,0.89,1.3,170.9,Local
2017-03-19,Friend's Place,Library,Bicycle,2.24,9.0,0.0,Local
2017-03-19,Home,Cinema,Bus,15.74,37.8,1652.7,Local
2017-03-20,Home,Cinema,Train,7.81,10.4,320.2,Local
2017-03-20,Cinema,Friend's Place,Tram,7.56,22.7,453.6,Local
2017-03-21,Home,School,Car,18.8,28.2,3609.6,Local
2017-03-21,School,Cinema,Bus,5.57,13.4,584.9,Local
2017-03-21,Cinema,Shopping Centre,Bus,7.18,17.2,753.9,Local
2017-03-22,Home,Cinema,Tram,18.41,55.2,1104.6,Local
2017-03-23,Home,Library,Bus,12.62,30.3,1325.1,Local
2017-03-24,Home,Shopping Centre,Walk,17.95,215.4,0.0,Local
2017-03-25,Home,School,Walk,5.38,64.6,0.0,Local
2017-03-26,Home,Park,Walk,8.01,96.1,0.0,Local
2017-03-27,Home,Friend's Place,Train,18.26,24.3,748.7,Local
2017-03-27,Friend's Place,School,Bicycle,4.28,17.1,0.0,Local
2017-03-29,Home,Cinema,Bus,13.81,33.1,1450.0,Local
2017-03-29,Cinema,Park,Bus,1.01,2.4,106.0,Local
2017-03-30,Home,School,Walk,19.34,232.1,0.0,Local
2017-03-31,Home,Library,Bus,10.09,24.2,1059.5,Local
2017-04-04,Home,Friend's Place,Train,10.51,14.0,430.9,Local
2017-04-05,Home,Library,Bicycle,11.06,44.2,0.0,Local
2017-04-06,Home,Shopping Centre,Bus,12.3,29.5,1291.5,Local
2017-04-06,Shopping Centre,Home,Walk,8.5,102.0,0.0,Local
2017-04-06,Home,Friend's Place,Tram,13.0,39.0,780.0,Local
2017-04-07,Home,Library,Walk,19.67,236.0,0.0,Local
2017-04-07,Library,Friend's Place,Tram,7.06,21.2,423.6,Local
2017-04-08,Home,School,Tram,14.18,42.5,850.8,Local
2017-04-09,Home,School,Bus,17.87,42.9,1876.4,Local
2017-04-10,Home,Friend's Place,Bus,18.42,44.2,1934.1,Local
2017-04-11,Home,School,Bicycle,13.42,53.7,0.0,Local
2017-04-12,Home,Library,Car,15.66,23.5,3006.7,Local
2017-04-12,Library,Shopping Centre,Walk,5.77,69.2,0.0,Local
2017-04-13,Home,Friend's Place,Bicycle,11.29,45.2,0.0,Local
2017-04-14,Home,Shopping Centre,Train,6.78,9.0,278.0,Local
2017-04-14,Shopping Centre,Library,Train,4.35,5.8,178.3,Local
2017-04-14,Library,Home,Train,12.9,17.2,528.9,Local
2017-04-15,Home,Cinema,Bicycle,16.07,64.3,0.0,Local
2017-04-17,Home,Friend's Place,Walk,14.6,175.2,0.0,Local
2017-04-18,Friend's Place,Cinema,Bus,6.91,16.6,725.6,Local
2017-04-18,Home,Friend's Place,Walk,7.39,88.7,0.0,Local
2017-04-19,Home,Park,Car,14.04,21.1,2695.7,Local
2017-04-20,Home,Library,Tram,9.23,27.7,553.8,Local
2017-04-21,Home,Friend's Place,Tram,6.02,18.1,361.2,Local
2017-04-22,Home,Cinema,Walk,14.06,168.7,0.0,Local
2017-04-22,Cinema,Shopping Centre,Bicycle,3.91,15.6,0.0,Local
2017-04-24,Home,School,Walk,13.03,156.4,0.0,Local
2017-04-25,Home,Library,Bus,15.71,37.7,1649.6,Local
2017-04-25,Library,School,Car,5.11,7.7,981.1,Local
2017-04-25,School,Cinema,Bicycle,5.84,23.4,0.0,Local
2017-04-26,Home,School,Tram,17.43,52.3,1045.8,Local
2017-04-27,Home,School,Walk,7.0,84.0,0.0,Local
2017-04-28,Home,Park,Bicycle,5.57,22.3,0.0,Local
2017-04-30,Home,School,Tram,12.86,38.6,771.6,Local
2017-05-01,Home,School,Tram,6.38,19.1,382.8,Local
2017-05-02,Home,Friend's Place,Bicycle,12.29,49.2,0.0,Local
2017-05-03,Shopping Centre,Home,Train,9.43,12.6,386.6,Local
2017-05-03,Home,Friend's Place,Bicycle,11.75,47.0,0.0,Local
2017-05-03,Home,Shopping Centre,Train,6.37,8.5,261.2,Local
2017-05-04,Home,School,Bus,6.51,15.6,683.5,Local
2017-05-04,School,Cinema,Tram,0.71,2.1,42.6,Local
2017-05-05,Home,Cinema,Train,17.99,24.0,737.6,Local
2017-05-06,Home,School,Walk,11.53,138.4,0.0,Local
2017-05-10,Home,Cinema,Train,16.2,21.6,664.2,Local
2017-05-13,School,Home,Walk,9.79,117.5,0.0,Local
2017-05-13,Home,Friend's Place,Car,10.2,15.3,1958.4,Local
2017-05-13,Friend's Place,School,Walk,2.07,24.8,0.0,Local
2017-05-14,Home,School,Car,11.44,17.2,2196.5,Local
2017-05-15,Home,Shopping Centre,Bus,8.02,19.2,842.1,Local
2017-05-18,Home,Park,Car,16.71,25.1,3208.3,Local
2017-05-18,Park,Library,Bus,3.72,8.9,390.6,Local
2017-05-19,Home,Cinema,Train,12.87,17.2,527.7,Local
2017-05-20,Home,Park,Train,14.8,19.7,606.8,Local
2017-05-22,School,Friend's Place,Car,1.38,2.1,265.0,Local
2017-05-22,Home,School,Bus,10.27,24.6,1078.3,Local
2017-05-23,Cinema,Friend's Place,Train,6.69,8.9,274.3,Local
2017-05-23,Home,Cinema,Walk,8.04,96.5,0.0,Local
2017-05-24,Home,Park,Bus,10.07,24.2,1057.4,Local
2017-05-26,Home,Park,Bicycle,9.85,39.4,0.0,Local
2017-05-26,Park,Friend's Place,Walk,0.77,9.2,0.0,Local
2017-05-28,Home,School,Car,19.45,29.2,3734.4,Local
2017-05-29,Home,Library,Train,7.41,9.9,303.8,Local
2017-05-30,Home,Cinema,Train,7.25,9.7,297.2,Local
2017-05-30,Cinema,Friend's Place,Bus,3.79,9.1,397.9,Local
2017-05-30,Friend's Place,Library,Bicycle,5.36,21.4,0.0,Local
2017-05-31,Home,School,Tram,13.16,39.5,789.6,Local
2017-05-31,School,Cinema,Car,3.89,5.8,746.9,Local
2017-06-03,Home,Friend's Place,Tram,15.26,45.8,915.6,Local
2017-06-03,Friend's Place,Shopping Centre,Car,1.96,2.9,376.3,Local
2017-06-04,Home,Friend's Place,Walk,12.82,153.8,0.0,Local
2017-06-05,Home,School,Bicycle,5.84,23.4,0.0,Local
2017-06-06,Home,Friend's Place,Walk,7.21,86.5,0.0,Local
2017-06-07,Home,Library,Train,16.21,21.6,664.6,Local
2017-06-08,Home,Friend's Place,Walk,9.71,116.5,0.0,Local
2017-06-09,Home,Park,Car,12.82,19.2,2461.4,Local
2017-06-09,Park,Friend's Place,Bicycle,7.49,30.0,0.0,Local
2017-06-09,Friend's Place,Shopping Centre,Bicycle,0.65,2.6,0.0,Local
2017-06-11,Home,Library,Car,18.72,28.1,3594.2,Local
2017-06-13,Home,Shopping Centre,Car,8.34,12.5,1601.3,Local
2017-06-13,Shopping Centre,Cinema,Bus,1.53,3.7,160.7,Local
2017-06-14,Home,Park,Walk,10.97,131.6,0.0,Local
2017-06-15,Home,Shopping Centre,Tram,9.05,27.2,543.0,Local
2017-06-16,Shopping Centre,Park,Car,6.46,9.7,1240.3,Local
2017-06-16,Home,Park,Tram,7.39,22.2,443.4,Local
2017-06-16,Park,Shopping Centre,Train,7.54,10.1,309.1,Local
2017-06-17,Home,Shopping Centre,Walk,19.4,232.8,0.0,Local
2017-06-18,Home,Cinema,Walk,14.71,176.5,0.0,Local
2017-06-20,Home,Library,Train,17.34,23.1,710.9,Local
2017-06-22,Home,Cinema,Walk,10.3,123.6,0.0,Local
2017-06-23,Home,Shopping Centre,Train,14.67,19.6,601.5,Local
2017-06-24,Home,Park,Car,15.7,23.5,3014.4,Local
2017-06-25,Home,School,Walk,5.5,66.0,0.0,Local
2017-06-26,Home,Friend's Place,Walk,9.47,113.6,0.0,Local
2017-06-26,Friend's Place,Home,Bicycle,9.2,36.8,0.0,Local
2017-06-27,Home,Cinema,Walk,16.18,194.2,0.0,Local
2017-06-27,Cinema,Home,Car,13.45,20.2,2582.4,Local
2017-06-28,Home,Park,Car,5.35,8.0,1027.2,Local
2017-06-30,Home,Park,Train,8.77,11.7,359.6,Local
2017-06-30,Park,School,Tram,5.09,15.3,305.4,Local
2017-07-02,Home,School,Walk,15.5,186.0,0.0,Local
2017-07-05,Home,Park,Bicycle,6.64,26.6,0.0,Local
2017-07-07,Home,Shopping Centre,Train,17.6,23.5,721.6,Local
2017-07-07,Shopping Centre,Park,Train,0.89,1.2,36.5,Local
2017-07-08,Home,School,Tram,9.7,29.1,582.0,Local
2017-07-09,Home,Library,Train,18.92,25.2,775.7,Local
2017-07-09,Library,School,Walk,7.18,86.2,0.0,Local
2017-07-11,Home,Friend's Place,Bicycle,18.79,75.2,0.0,Local
2017-07-11,Friend's Place,School,Tram,3.84,11.5,230.4,Local
2017-07-12,Home,Shopping Centre,Walk,12.14,145.7,0.0,Local
2017-07-13,Cinema,School,Walk,7.15,85.8,0.0,Local
2017-07-13,Home,School,Bicycle,5.77,23.1,0.0,Local
2017-07-13,School,Cinema,Tram,3.18,9.5,190.8,Local
2017-07-14,Home,School,Train,18.27,24.4,749.1,Local
2017-07-14,School,Shopping Centre,Bicycle,6.6,26.4,0.0,Local
2017-07-15,Home,Shopping Centre,Train,16.15,21.5,662.1,Local
2017-07-15,Shopping Centre,Friend's Place,Car,7.78,11.7,1493.8,Local
2017-07-16,Home,Shopping Centre,Train,18.64,24.9,764.2,Local
2017-07-17,Home,Cinema,Walk,7.21,86.5,0.0,Local
2017-07-17,Cinema,School,Bicycle,1.19,4.8,0.0,Local
2017-07-17,School,Home,Bus,17.35,41.6,1821.8,Local
2017-07-18,Home,Library,Tram,10.37,31.1,622.2,Local
2017-07-19,Home,Friend's Place,Bus,6.74,16.2,707.7,Local
2017-07-20,Home,Cinema,Tram,16.86,50.6,1011.6,Local
2017-07-21,Home,Park,Tram,8.09,24.3,485.4,Local
2017-07-21,Park,School,Bus,4.45,10.7,467.2,Local
2017-07-22,Home,Cinema,Bus,18.29,43.9,1920.4,Local
2017-07-22,Cinema,Home,Tram,15.33,46.0,919.8,Local
2017-07-23,Home,Friend's Place,Bus,7.5,18.0,787.5,Local
2017-07-24,Home,Park,Bus,8.57,20.6,899.9,Local
2017-07-24,Park,Friend's Place,Car,4.23,6.3,812.2,Local
2017-07-26,Home,School,Tram,14.44,43.3,866.4,Local
2017-07-26,School,Home,Car,11.45,17.2,2198.4,Local
2017-07-26,Home,Cinema,Car,17.56,26.3,3371.5,Local
2017-07-28,Home,Friend's Place,Bicycle,19.31,77.2,0.0,Local
2017-07-29,Home,Shopping Centre,Bicycle,16.01,64.0,0.0,Local
2017-07-30,Home,Cinema,Bicycle,15.17,60.7,0.0,Local
2017-07-30,Cinema,Park,Bicycle,2.06,8.2,0.0,Local
2017-07-31,Home,Park,Walk,18.26,219.1,0.0,Local
2017-07-31,Park,Home,Train,10.43,13.9,427.6,Local
2017-07-31,Home,Friend's Place,Tram,7.99,24.0,479.4,Local
2017-08-01,Home,Library,Bus,11.27,27.0,1183.3,Local
2017-08-01,Library,Park,Car,3.86,5.8,741.1,Local
2017-08-02,Home,Friend's Place,Bus,13.22,31.7,1388.1,Local
2017-08-03,Home,Shopping Centre,Tram,14.0,42.0,840.0,Local
2017-08-04,School,Library,Bicycle,4.78,19.1,0.0,Local
2017-08-04,Home,School,Bicycle,19.37,77.5,0.0,Local
2017-08-07,Home,School,Walk,16.4,196.8,0.0,Local
2017-08-08,Home,School,Train,6.84,9.1,280.4,Local
2017-08-08,School,Friend's Place,Train,1.19,1.6,48.8,Local
2017-08-09,Home,Library,Tram,12.93,38.8,775.8,Local
2017-08-10,Home,Park,Walk,15.73,188.8,0.0,Local
2017-08-11,Home,School,Bicycle,12.91,51.6,0.0,Local
2017-08-13,Home,Park,Tram,12.95,38.8,777.0,Local
2017-08-14,Home,Shopping Centre,Train,17.59,23.5,721.2,Local
2017-08-14,Shopping Centre,Friend's Place,Bus,2.92,7.0,306.6,Local
2017-08-15,Home,Shopping Centre,Bus,17.63,42.3,1851.1,Local
2017-08-15,Shopping Centre,Friend's Place,Train,4.33,5.8,177.5,Local
2017-08-16,Home,Shopping Centre,Bus,14.68,35.2,1541.4,Local
2017-08-18,Home,Cinema,Train,7.43,9.9,304.6,Local
2017-08-19,Home,School,Train,18.33,24.4,751.5,Local
2017-08-20,Shopping Centre,Home,Bus,13.56,32.5,1423.8,Local
2017-08-20,Home,Shopping Centre,Walk,9.33,112.0,0.0,Local
2017-08-22,Shopping Centre,Friend's Place,Bus,5.98,14.4,627.9,Local
2017-08-22,Friend's Place,Shopping Centre,Car,3.77,5.7,723.8,Local
2017-08-22,Home,Friend's Place,Bus,15.79,37.9,1657.9,Local
2017-08-23,Home,School,Car,11.76,17.6,2257.9,Local
2017-08-24,Home,Friend's Place,Bicycle,11.71,46.8,0.0,Local
2017-08-24,Friend's Place,Home,Bicycle,16.89,67.6,0.0,Local
2017-08-25,Home,School,Bus,19.27,46.2,2023.3,Local
2017-08-25,School,Library,Walk,0.69,8.3,0.0,Local
2017-08-27,Home,Cinema,Bus,13.4,32.2,1407.0,Local
2017-08-28,Home,School,Walk,9.94,119.3,0.0,Local
2017-08-29,Home,Library,Bicycle,10.92,43.7,0.0,Local
2017-09-02,Home,School,Train,12.13,16.2,497.3,Local
2017-09-02,School,Home,Bus,18.52,44.4,1944.6,Local
2017-09-02,Home,Library,Bus,19.84,47.6,2083.2,Local
2017-09-03,Home,Cinema,Train,19.15,25.5,785.1,Local
2017-09-03,Cinema,Library,Car,6.98,10.5,1340.2,Local
2017-09-03,Library,Friend's Place,Tram,6.81,20.4,408.6,Local
2017-09-05,Home,Shopping Centre,Car,11.16,16.7,2142.7,Local
2017-09-06,Home,Friend's Place,Bicycle,13.85,55.4,0.0,Local
2017-09-08,Home,Library,Bus,5.1,12.2,535.5,Local
2017-09-08,Home,Park,Car,9.6,14.4,1843.2,Local
2017-09-08,Park,Home,Bicycle,8.63,34.5,0.0,Local
2017-09-09,Home,Shopping Centre,Tram,19.56,58.7,1173.6,Local
2017-09-09,Shopping Centre,Library,Train,1.43,1.9,58.6,Local
2017-09-10,Home,Cinema,Bus,17.08,41.0,1793.4,Local
2017-09-12,Home,Library,Tram,17.17,51.5,1030.2,Local
2017-09-12,Library,Cinema,Tram,4.1,12.3,246.0,Local
2017-09-13,Home,Cinema,Tram,16.98,50.9,1018.8,Local
2017-09-14,Home,Library,Tram,14.11,42.3,846.6,Local
2017-09-15,Home,School,Train,13.77,18.4,564.6,Local
2017-09-15,School,Home,Train,15.94,21.3,653.5,Local
2017-09-16,Home,Park,Bus,8.65,20.8,908.2,Local
2017-09-17,Home,Park,Car,10.74,16.1,2062.1,Local
2017-09-19,Home,School,Train,12.88,17.2,528.1,Local
2017-09-19,School,Cinema,Tram,4.83,14.5,289.8,Local
2017-09-20,Home,School,Tram,16.74,50.2,1004.4,Local
2017-09-21,Home,Friend's Place,Train,12.19,16.3,499.8,Local
2017-09-22,Home,Park,Tram,11.13,33.4,667.8,Local
2017-09-23,Home,Cinema,Bus,14.16,34.0,1486.8,Local
2017-09-23,Cinema,School,Train,7.93,10.6,325.1,Local
2017-09-25,Home,Park,Tram,13.06,39.2,783.6,Local
2017-09-26,Home,Park,Tram,17.37,52.1,1042.2,Local
2017-09-27,Home,Shopping Centre,Bus,19.49,46.8,2046.4,Local
2017-09-28,Home,Park,Car,18.77,28.2,3603.8,Local
2017-09-29,Home,Cinema,Train,19.36,25.8,793.8,Local
2017-09-29,Cinema,Friend's Place,Walk,5.36,64.3,0.0,Local
2017-10-02,Library,Friend's Place,Car,3.05,4.6,585.6,Local
2017-10-02,Home,Library,Bus,19.27,46.2,2023.3,Local
2017-10-03,Home,Friend's Place,Tram,18.46,55.4,1107.6,Local
2017-10-03,Friend's Place,Park,Bicycle,3.22,12.9,0.0,Local
2017-10-03,Park,Library,Walk,2.51,30.1,0.0,Local
2017-10-04,Home,Friend's Place,Train,14.19,18.9,581.8,Local
2017-10-04,Friend's Place,School,Bicycle,1.53,6.1,0.0,Local
2017-10-05,Home,Friend's Place,Bicycle,11.37,45.5,0.0,Local
2017-10-07,Home,Cinema,Car,6.29,9.4,1207.7,Local
2017-10-09,School,Home,Tram,13.09,39.3,785.4,Local
2017-10-09,Home,School,Tram,5.64,16.9,338.4,Local
2017-10-10,Home,Library,Tram,19.51,58.5,1170.6,Local
2017-10-10,Library,Cinema,Bicycle,7.75,31.0,0.0,Local
2017-10-11,Home,Park,Tram,17.02,51.1,1021.2,Local
2017-10-12,Home,Friend's Place,Bicycle,16.31,65.2,0.0,Local
2017-10-14,Home,School,Car,11.13,16.7,2137.0,Local
2017-10-14,School,Library,Bicycle,6.29,25.2,0.0,Local
2017-10-15,Home,Shopping Centre,Tram,15.11,45.3,906.6,Local
2017-10-15,Shopping Centre,Park,Walk,6.03,72.4,0.0,Local
2017-10-15,Park,Home,Bicycle,6.02,24.1,0.0,Local
2017-10-16,Home,Shopping Centre,Tram,14.82,44.5,889.2,Local
2017-10-17,Home,Park,Tram,7.98,23.9,478.8,Local
2017-10-17,Park,School,Car,2.8,4.2,537.6,Local
2017-10-18,Home,Park,Car,11.41,17.1,2190.7,Local
2017-10-18,Park,Cinema,Bicycle,2.66,10.6,0.0,Local
2017-10-18,Cinema,Shopping Centre,Car,2.85,4.3,547.2,Local
2017-10-19,Home,Friend's Place,Walk,15.1,181.2,0.0,Local
2017-10-20,Home,Library,Walk,5.86,70.3,0.0,Local
2017-10-21,Home,Park,Car,8.35,12.5,1603.2,Local
2017-10-21,Park,School,Train,4.77,6.4,195.6,Local
2017-10-22,Home,School,Walk,19.93,239.2,0.0,Local
2017-10-24,Home,Library,Tram,12.18,36.5,730.8,Local
2017-10-25,Home,Cinema,Train,9.28,12.4,380.5,Local
2017-10-27,Home,Cinema,Bus,10.18,24.4,1068.9,Local
2017-10-28,Library,Cinema,Car,1.46,2.2,280.3,Local
2017-10-28,Cinema,Home,Bus,6.38,15.3,669.9,Local
2017-10-28,Home,Library,Bicycle,18.51,74.0,0.0,Local
2017-10-30,Home,Shopping Centre,Train,15.88,21.2,651.1,Local
2017-10-31,Home,Friend's Place,Car,9.48,14.2,1820.2,Local
2017-10-31,Friend's Place,Shopping Centre,Tram,3.24,9.7,194.4,Local
2017-11-01,Home,Shopping Centre,Bus,10.53,25.3,1105.6,Local
2017-11-03,Library,School,Walk,4.98,59.8,0.0,Local
2017-11-03,Home,Park,Car,10.32,15.5,1981.4,Local
2017-11-03,Park,Library,Train,5.32,7.1,218.1,Local
2017-11-04,Home,Park,Tram,6.84,20.5,410.4,Local
2017-11-05,Home,Park,Bus,9.59,23.0,1006.9,Local
2017-11-07,Home,Cinema,Train,13.47,18.0,552.3,Local
2017-11-07,Cinema,Shopping Centre,Bus,1.93,4.6,202.7,Local
2017-11-08,Home,Library,Train,18.31,24.4,750.7,Local
2017-11-08,Library,Friend's Place,Tram,2.95,8.9,177.0,Local
2017-11-09,Home,Friend's Place,Tram,16.86,50.6,1011.6,Local
2017-11-12,Home,School,Bicycle,11.95,47.8,0.0,Local
2017-11-12,School,Friend's Place,Car,3.2,4.8,614.4,Local
2017-11-13,School,Friend's Place,Train,6.93,9.2,284.1,Local
2017-11-13,Home,School,Train,16.27,21.7,667.1,Local
2017-11-16,Home,Park,Walk,8.43,101.2,0.0,Local
2017-11-19,Home,Park,Train,5.87,7.8,240.7,Local
2017-11-20,Home,Park,Tram,14.04,42.1,842.4,Local
2017-11-21,Home,Friend's Place,Bus,16.48,39.6,1730.4,Local
2017-11-21,Friend's Place,Cinema,Train,2.94,3.9,120.5,Local
2017-11-22,Home,Library,Train,17.69,23.6,725.3,Local
2017-11-23,Home,School,Bicycle,17.47,69.9,0.0,Local
2017-11-24,Home,School,Tram,5.27,15.8,316.2,Local
2017-11-25,Home,Library,Train,8.77,11.7,359.6,Local
2017-11-26,Home,Friend's Place,Car,13.95,20.9,2678.4,Local
2017-11-27,Home,Cinema,Car,7.67,11.5,1472.6,Local
2017-11-28,Home,Cinema,Car,9.56,14.3,1835.5,Local
2017-11-28,Cinema,Home,Train,18.55,24.7,760.6,Local
2017-11-28,Home,Library,Car,17.15,25.7,3292.8,Local
2017-11-29,Home,Park,Bicycle,11.09,44.4,0.0,Local
2017-11-30,Home,Cinema,Train,18.61,24.8,763.0,Local
2017-12-01,Shopping Centre,Home,Bicycle,19.02,76.1,0.0,Local
2017-12-01,Park,Shopping Centre,Train,3.35,4.5,137.3,Local
2017-12-01,Home,Park,Car,6.62,9.9,1271.0,Local
2017-12-02,Home,School,Car,5.64,8.5,1082.9,Local
2017-12-02,School,Friend's Place,Train,6.21,8.3,254.6,Local
2017-12-03,Home,School,Car,13.05,19.6,2505.6,Local
2017-12-05,Home,School,Bicycle,6.64,26.6,0.0,Local
2017-12-07,Home,Library,Bus,15.99,38.4,1679.0,Local
2017-12-08,Home,Shopping Centre,Train,9.61,12.8,394.0,Local
2017-12-09,Home,Park,Car,16.03,24.0,3077.8,Local
2017-12-11,Friend's Place,Shopping Centre,Car,5.07,7.6,973.4,Local
2017-12-11,Home,Friend's Place,Car,15.14,22.7,2906.9,Local
2017-12-12,Home,Park,Car,13.19,19.8,2532.5,Local
2017-12-13,Home,Cinema,Bus,19.54,46.9,2051.7,Local
2017-12-14,Home,Cinema,Train,5.78,7.7,237.0,Local
2017-12-15,Home,School,Car,16.05,24.1,3081.6,Local
2017-12-17,Home,Shopping Centre,Train,18.85,25.1,772.9,Local
2017-12-18,Home,Shopping Centre,Bicycle,15.72,62.9,0.0,Local
2017-12-19,Home,Park,Tram,10.72,32.2,643.2,Local
2017-12-21,Library,Friend's Place,Walk,1.87,22.4,0.0,Local
2017-12-21,Home,Library,Car,18.78,28.2,3605.8,Local
2017-12-23,Home,Shopping Centre,Train,19.2,25.6,787.2,Local
2017-12-24,Home,Cinema,Car,5.93,8.9,1138.6,Local
2017-12-25,Home,Park,Walk,16.54,198.5,0.0,Local
2017-12-25,Park,Friend's Place,Train,7.62,10.2,312.4,Local
2017-12-26,Home,Shopping Centre,Car,9.43,14.1,1810.6,Local
2017-12-27,Home,Friend's Place,Bicycle,11.21,44.8,0.0,Local
2017-12-28,Home,Cinema,Train,10.96,14.6,449.4,Local
2018-01-01,Friend's Place,Library,Bus,1.24,3.0,130.2,Local
2018-01-01,Home,Friend's Place,Walk,14.09,169.1,0.0,Local
2018-01-02,Home,Shopping Centre,Bicycle,9.25,37.0,0.0,Local
2018-01-03,Home,Park,Tram,15.7,47.1,942.0,Local
2018-01-03,Park,Friend's Place,Train,0.8,1.1,32.8,Local
2018-01-04,Home,Friend's Place,Walk,6.0,72.0,0.0,Local
2018-01-07,Home,Cinema,Bicycle,5.49,22.0,0.0,Local
2018-01-08,Home,Park,Train,10.24,13.7,419.8,Local
2018-01-08,Park,Friend's Place,Car,1.11,1.7,213.1,Local
2018-01-08,Friend's Place,Home,Bus,10.39,24.9,1091.0,Local
2018-01-09,Home,Library,Bicycle,7.66,30.6,0.0,Local
2018-01-10,Home,Park,Bicycle,13.48,53.9,0.0,Local
2018-01-10,Park,Shopping Centre,Train,7.34,9.8,300.9,Local
2018-01-11,Home,Cinema,Tram,15.12,45.4,907.2,Local
2018-01-12,Home,Cinema,Bicycle,16.43,65.7,0.0,Local
2018-01-14,Home,School,Bicycle,6.8,27.2,0.0,Local
2018-01-15,Home,Library,Bicycle,16.5,66.0,0.0,Local
2018-01-16,Home,School,Tram,11.81,35.4,708.6,Local
2018-01-17,Shopping Centre,Friend's Place,Walk,7.53,90.4,0.0,Local
2018-01-17,Home,Library,Bicycle,15.38,61.5,0.0,Local
2018-01-17,Library,Shopping Centre,Bus,5.36,12.9,562.8,Local
2018-01-18,Home,Shopping Centre,Car,6.08,9.1,1167.4,Local
2018-01-19,Home,Park,Car,6.43,9.6,1234.6,Local
2018-01-19,Park,Library,Car,1.74,2.6,334.1,Local
2018-01-20,Home,Shopping Centre,Bicycle,19.36,77.4,0.0,Local
2018-01-20,Shopping Centre,Cinema,Tram,2.88,8.6,172.8,Local
2018-01-21,Home,School,Bicycle,8.6,34.4,0.0,Local
2018-01-22,Home,Friend's Place,Bus,13.32,32.0,1398.6,Local
2018-01-23,Home,Friend's Place,Car,12.09,18.1,2321.3,Local
2018-01-25,Home,Cinema,Train,8.54,11.4,350.1,Local
2018-01-26,Home,Library,Bus,17.15,41.2,1800.7,Local
2018-01-26,Library,Home,Tram,13.9,41.7,834.0,Local
2018-01-26,Home,Shopping Centre,Bus,8.16,19.6,856.8,Local
2018-01-28,Home,Cinema,Bus,15.58,37.4,1635.9,Local
2018-01-29,Home,Cinema,Tram,7.67,23.0,460.2,Local
2018-01-30,Friend's Place,Shopping Centre,Train,6.31,8.4,258.7,Local
2018-01-30,Library,Friend's Place,Walk,1.57,18.8,0.0,Local
2018-01-30,Home,Library,Bus,11.27,27.0,1183.3,Local
2018-01-31,Home,Library,Bicycle,10.39,41.6,0.0,Local
2018-01-31,Library,Cinema,Train,5.36,7.1,219.8,Local
2018-01-31,Cinema,Home,Tram,7.41,22.2,444.6,Local
2018-02-01,Home,Cinema,Car,14.87,22.3,2855.0,Local
2018-02-05,Home,Park,Car,8.73,13.1,1676.2,Local
2018-02-05,Park,Cinema,Bicycle,1.03,4.1,0.0,Local
2018-02-05,Cinema,Park,Car,1.46,2.2,280.3,Local
2018-02-06,Shopping Centre,Home,Tram,12.23,36.7,733.8,Local
2018-02-06,Home,School,Walk,8.61,103.3,0.0,Local
2018-02-06,School,Shopping Centre,Car,4.23,6.3,812.2,Local
2018-02-07,Home,Library,Walk,8.87,106.4,0.0,Local
2018-02-08,Home,Park,Bus,12.89,30.9,1353.5,Local
2018-02-08,Park,School,Tram,4.4,13.2,264.0,Local
2018-02-08,School,Library,Car,3.59,5.4,689.3,Local
2018-02-10,Home,Park,Walk,15.42,185.0,0.0,Local
2018-02-11,Home,Shopping Centre,Bicycle,6.61,26.4,0.0,Local
2018-02-13,Library,Cinema,Bicycle,2.77,11.1,0.0,Local
2018-02-13,Home,Library,Bus,14.88,35.7,1562.4,Local
2018-02-14,Home,Friend's Place,Tram,7.7,23.1,462.0,Local
2018-02-18,Home,Shopping Centre,Car,6.53,9.8,1253.8,Local
2018-02-19,Home,School,Bicycle,16.15,64.6,0.0,Local
2018-02-19,School,Friend's Place,Bicycle,7.24,29.0,0.0,Local
2018-02-20,Home,School,Bicycle,11.49,46.0,0.0,Local
2018-02-20,School,Home,Tram,6.46,19.4,387.6,Local
2018-02-21,Home,Shopping Centre,Car,18.71,28.1,3592.3,Local
2018-02-21,Shopping Centre,Home,Walk,17.41,208.9,0.0,Local
2018-02-22,Home,Friend's Place,Train,5.16,6.9,211.6,Local
2018-02-22,Friend's Place,Shopping Centre,Bicycle,7.19,28.8,0.0,Local
2018-02-23,Home,Cinema,Tram,16.08,48.2,964.8,Local
2018-02-24,Home,Park,Bicycle,13.49,54.0,0.0,Local
2018-02-25,Home,Cinema,Bus,9.42,22.6,989.1,Local
2018-02-26,Home,School,Bus,14.22,34.1,1493.1,Local
2018-02-27,Home,Shopping Centre,Train,8.12,10.8,332.9,Local
2018-02-28,Home,Cinema,Walk,12.85,154.2,0.0,Local
2018-03-01,Friend's Place,Home,Train,6.39,8.5,262.0,Local
2018-03-01,Home,Friend's Place,Bus,6.92,16.6,726.6,Local
2018-03-02,Home,Shopping Centre,Train,14.67,19.6,601.5,Local
2018-03-03,Home,School,Car,8.18,12.3,1570.6,Local
2018-03-05,Home,Shopping Centre,Train,8.28,11.0,339.5,Local
2018-03-05,Shopping Centre,School,Tram,4.09,12.3,245.4,Local
2018-03-05,School,Cinema,Bicycle,7.0,28.0,0.0,Local
2018-03-08,Home,Library,Bus,18.97,45.5,1991.8,Local
2018-03-08,Library,Home,Bicycle,16.07,64.3,0.0,Local
2018-03-09,School,Cinema,Bus,2.28,5.5,239.4,Local
2018-03-09,Home,Park,Tram,12.57,37.7,754.2,Local
2018-03-09,Park,School,Walk,6.33,76.0,0.0,Local
2018-03-10,Home,Library,Train,8.97,12.0,367.8,Local
2018-03-11,Home,Cinema,Bus,10.75,25.8,1128.8,Local
2018-03-13,Home,Library,Car,8.84,13.3,1697.3,Local
2018-03-14,Home,Park,Car,14.5,21.8,2784.0,Local
2018-03-14,Park,Library,Bus,4.14,9.9,434.7,Local
2018-03-15,Home,Park,Bicycle,7.69,30.8,0.0,Local
2018-03-16,Library,Cinema,Walk,2.88,34.6,0.0,Local
2018-03-16,Home,Library,Tram,15.78,47.3,946.8,Local
2018-03-17,Home,Library,Train,14.98,20.0,614.2,Local
2018-03-17,Library,Friend's Place,Car,7.09,10.6,1361.3,Local
2018-03-19,Home,Cinema,Walk,7.65,91.8,0.0,Local
2018-03-19,Cinema,School,Tram,2.84,8.5,170.4,Local
2018-03-20,Home,Library,Bus,14.77,35.4,1550.8,Local
2018-03-20,Library,Cinema,Car,3.96,5.9,760.3,Local
2018-03-21,Home,Shopping Centre,Tram,8.24,24.7,494.4,Local
2018-03-22,Home,School,Bicycle,7.24,29.0,0.0,Local
2018-03-22,School,Library,Walk,6.55,78.6,0.0,Local
2018-03-22,Library,Park,Bus,7.23,17.4,759.2,Local
2018-03-23,Home,Library,Bus,15.99,38.4,1679.0,Local
2018-03-24,Home,Library,Bicycle,9.59,38.4,0.0,Local
2018-03-25,Home,Friend's Place,Bicycle,5.46,21.8,0.0,Local
2018-03-26,Home,Friend's Place,Bus,10.98,26.4,1152.9,Local
2018-03-27,Home,School,Train,11.58,15.4,474.8,Local
2018-03-28,Cinema,Friend's Place,Tram,7.14,21.4,428.4,Local
2018-03-28,Home,Cinema,Train,11.88,15.8,487.1,Local
2018-03-29,Home,Park,Bicycle,13.98,55.9,0.0,Local
2018-03-29,Park,Friend's Place,Bus,7.23,17.4,759.2,Local
2018-03-29,Friend's Place,Library,Bicycle,4.6,18.4,0.0,Local
2018-03-30,Home,School,Bus,16.6,39.8,1743.0,Local
2018-03-30,School,Library,Bicycle,7.23,28.9,0.0,Local
2018-03-30,Library,Home,Tram,5.7,17.1,342.0,Local
2018-03-31,Home,Shopping Centre,Bus,16.22,38.9,1703.1,Local
2018-03-31,Shopping Centre,School,Bicycle,1.25,5.0,0.0,Local
2018-04-01,Home,Cinema,Car,9.24,13.9,1774.1,Local
2018-04-01,Cinema,Shopping Centre,Car,6.0,9.0,1152.0,Local
2018-04-03,Home,Cinema,Walk,19.87,238.4,0.0,Local
2018-04-03,Cinema,School,Train,4.95,6.6,203.0,Local
2018-04-03,School,Shopping Centre,Train,5.94,7.9,243.5,Local
2018-04-07,Home,School,Tram,12.45,37.3,747.0,Local
2018-04-08,Home,Shopping Centre,Car,15.51,23.3,2977.9,Local
2018-04-09,School,Home,Walk,8.05,96.6,0.0,Local
2018-04-09,Park,School,Car,6.52,9.8,1251.8,Local
2018-04-09,Home,Park,Bicycle,10.38,41.5,0.0,Local
2018-04-10,Home,Shopping Centre,Walk,9.89,118.7,0.0,Local
2018-04-11,Home,School,Train,15.56,20.7,638.0,Local
2018-04-12,Home,Library,Bus,17.16,41.2,1801.8,Local
2018-04-12,Library,Cinema,Train,4.78,6.4,196.0,Local
2018-04-12,Cinema,Park,Bicycle,1.05,4.2,0.0,Local
2018-04-13,Home,Cinema,Bicycle,17.72,70.9,0.0,Local
2018-04-13,Cinema,Shopping Centre,Train,5.36,7.1,219.8,Local
2018-04-13,Shopping Centre,Library,Bicycle,1.37,5.5,0.0,Local
2018-04-14,Home,School,Car,12.84,19.3,2465.3,Local
2018-04-14,School,Home,Walk,16.24,194.9,0.0,Local
2018-04-16,Home,Friend's Place,Train,20.0,26.7,820.0,Local
2018-04-16,Friend's Place,School,Car,4.5,6.8,864.0,Local
2018-04-17,Home,Friend's Place,Tram,8.85,26.6,531.0,Local
2018-04-17,Friend's Place,Home,Bicycle,6.6,26.4,0.0,Local
2018-04-18,Home,Shopping Centre,Bus,11.11,26.7,1166.5,Local
2018-04-19,Library,Shopping Centre,Car,6.92,10.4,1328.6,Local
2018-04-19,Home,Library,Bicycle,18.14,72.6,0.0,Local
2018-04-20,Friend's Place,Home,Tram,19.06,57.2,1143.6,Local
2018-04-20,School,Friend's Place,Car,6.79,10.2,1303.7,Local
2018-04-20,Home,School,Car,19.6,29.4,3763.2,Local
2018-04-21,Home,Friend's Place,Bus,15.49,37.2,1626.5,Local
2018-04-21,Friend's Place,Park,Train,4.4,5.9,180.4,Local
2018-04-21,Park,Friend's Place,Bus,7.57,18.2,794.9,Local
2018-04-22,Home,Library,Bus,11.5,27.6,1207.5,Local
2018-04-23,Home,Park,Bus,10.11,24.3,1061.5,Local
2018-04-23,Park,Cinema,Walk,2.07,24.8,0.0,Local
2018-04-25,Home,Friend's Place,Bicycle,16.18,64.7,0.0,Local
2018-04-25,Friend's Place,Cinema,Train,1.68,2.2,68.9,Local
2018-04-26,Home,Friend's Place,Car,14.36,21.5,2757.1,Local
2018-04-27,Home,Park,Train,11.05,14.7,453.1,Local
2018-04-27,Park,School,Walk,3.06,36.7,0.0,Local
2018-04-28,Home,Cinema,Walk,13.91,166.9,0.0,Local
2018-04-29,Home,School,Bicycle,14.46,57.8,0.0,Local
2018-04-30,Home,Shopping Centre,Tram,11.79,35.4,707.4,Local
2018-05-01,Library,Cinema,Bus,0.87,2.1,91.3,Local
2018-05-01,Home,Library,Tram,5.33,16.0,319.8,Local
2018-05-02,Home,School,Tram,12.86,38.6,771.6,Local
2018-05-02,School,Shopping Centre,Train,0.61,0.8,25.0,Local
2018-05-03,Home,Friend's Place,Bicycle,16.39,65.6,0.0,Local
2018-05-06,Home,Library,Train,15.16,20.2,621.6,Local
2018-05-07,Home,Park,Car,17.87,26.8,3431.0,Local
2018-05-08,Home,Park,Car,19.15,28.7,3676.8,Local
2018-05-09,Home,Park,Car,9.92,14.9,1904.6,Local
2018-05-10,Home,Cinema,Train,14.67,19.6,601.5,Local
2018-05-10,Cinema,Park,Tram,4.3,12.9,258.0,Local
2018-05-10,Park,Library,Walk,4.45,53.4,0.0,Local
2018-05-11,Home,Cinema,Walk,14.04,168.5,0.0,Local
2018-05-12,Home,School,Car,6.98,10.5,1340.2,Local
2018-05-14,Home,Cinema,Train,6.02,8.0,246.8,Local
2018-05-15,Home,Friend's Place,Bus,12.45,29.9,1307.2,Local
2018-05-17,Home,Shopping Centre,Bicycle,15.98,63.9,0.0,Local
2018-05-18,Home,Library,Walk,5.25,63.0,0.0,Local
2018-05-19,School,Cinema,Train,3.42,4.6,140.2,Local
2018-05-19,Cinema,School,Tram,0.9,2.7,54.0,Local
2018-05-19,Home,Cinema,Tram,19.97,59.9,1198.2,Local
2018-05-20,Home,Library,Train,5.98,8.0,245.2,Local
2018-05-21,Home,Shopping Centre,Car,5.35,8.0,1027.2,Local
2018-05-22,Home,Park,Tram,17.61,52.8,1056.6,Local
2018-05-23,Home,Cinema,Bicycle,16.12,64.5,0.0,Local
2018-05-23,Cinema,Shopping Centre,Train,5.08,6.8,208.3,Local
2018-05-23,Shopping Centre,School,Train,0.91,1.2,37.3,Local
2018-05-24,Home,Friend's Place,Tram,17.48,52.4,1048.8,Local
2018-05-26,Home,Park,Bus,5.4,13.0,567.0,Local
2018-05-27,Home,Friend's Place,Car,13.59,20.4,2609.3,Local
2018-05-28,Home,Cinema,Bicycle,5.33,21.3,0.0,Local
2018-05-29,Home,Shopping Centre,Train,5.92,7.9,242.7,Local
2018-05-29,Shopping Centre,Home,Bus,18.18,43.6,1908.9,Local
2018-05-29,Home,School,Bus,12.99,31.2,1364.0,Local
2018-05-30,Home,Shopping Centre,Bus,19.73,47.4,2071.7,Local
2018-05-30,Shopping Centre,Park,Bus,7.23,17.4,759.2,Local
2018-06-01,Cinema,Friend's Place,Bicycle,2.54,10.2,0.0,Local
2018-06-01,Home,Cinema,Bicycle,13.51,54.0,0.0,Local
2018-06-02,Home,Park,Bicycle,6.73,26.9,0.0,Local
2018-06-04,Home,Friend's Place,Train,19.27,25.7,790.1,Local
2018-06-05,Home,Cinema,Bicycle,13.29,53.2,0.0,Local
2018-06-06,Home,Friend's Place,Tram,7.22,21.7,433.2,Local
2018-06-06,Friend's Place,Shopping Centre,Walk,5.36,64.3,0.0,Local
2018-06-07,Home,Cinema,Tram,5.76,17.3,345.6,Local
2018-06-08,Home,Cinema,Walk,11.28,135.4,0.0,Local
2018-06-09,Home,Cinema,Walk,8.28,99.4,0.0,Local
2018-06-09,Cinema,Library,Walk,4.02,48.2,0.0,Local
2018-06-10,Home,School,Tram,14.99,45.0,899.4,Local
2018-06-11,Home,Shopping Centre,Train,19.56,26.1,802.0,Local
2018-06-11,Shopping Centre,Friend's Place,Car,4.88,7.3,937.0,Local
2018-06-13,Home,Library,Car,13.59,20.4,2609.3,Local
2018-06-13,Library,Cinema,Car,5.02,7.5,963.8,Local
2018-06-15,Home,Cinema,Bus,6.09,14.6,639.4,Local
2018-06-16,Home,Cinema,Bus,13.45,32.3,1412.2,Local
2018-06-18,Park,Cinema,Car,0.77,1.2,147.8,Local
2018-06-18,Shopping Centre,Park,Car,2.63,3.9,505.0,Local
2018-06-18,Home,Shopping Centre,Bicycle,5.12,20.5,0.0,Local
2018-06-19,Home,Cinema,Bus,16.39,39.3,1721.0,Local
2018-06-22,Home,Park,Bicycle,12.91,51.6,0.0,Local
2018-06-23,Home,School,Bus,14.28,34.3,1499.4,Local
2018-06-24,Home,School,Bicycle,17.46,69.8,0.0,Local
2018-06-24,School,Library,Bicycle,1.58,6.3,0.0,Local
2018-06-26,Home,Shopping Centre,Car,13.63,20.4,2617.0,Local
2018-06-26,Shopping Centre,Friend's Place,Tram,7.23,21.7,433.8,Local
2018-06-27,Home,Park,Car,15.62,23.4,2999.0,Local
2018-06-29,Home,School,Tram,18.85,56.6,1131.0,Local
2018-07-01,Home,Library,Tram,6.27,18.8,376.2,Local
2018-07-01,Library,Shopping Centre,Train,0.89,1.2,36.5,Local
2018-07-01,Shopping Centre,School,Train,3.74,5.0,153.3,Local
2018-07-03,Home,Cinema,Tram,11.89,35.7,713.4,Local
2018-07-03,Cinema,Home,Car,6.45,9.7,1238.4,Local
2018-07-04,Home,School,Tram,9.36,28.1,561.6,Local
2018-07-04,School,Home,Train,14.87,19.8,609.7,Local
2018-07-05,Home,Library,Walk,11.87,142.4,0.0,Local
2018-07-06,Home,Friend's Place,Walk,15.34,184.1,0.0,Local
2018-07-06,Friend's Place,School,Bus,2.4,5.8,252.0,Local
2018-07-07,Home,Park,Tram,17.73,53.2,1063.8,Local
2018-07-07,Park,Home,Tram,17.39,52.2,1043.4,Local
2018-07-07,Home,School,Bus,13.95,33.5,1464.8,Local
2018-07-08,Home,Shopping Centre,Train,15.33,20.4,628.5,Local
2018-07-08,Shopping Centre,Cinema,Walk,7.64,91.7,0.0,Local
2018-07-09,Home,Cinema,Train,16.27,21.7,667.1,Local
2018-07-10,Home,Park,Walk,17.59,211.1,0.0,Local
2018-07-11,Home,Cinema,Tram,17.65,52.9,1059.0,Local
2018-07-11,Cinema,School,Bus,1.9,4.6,199.5,Local
2018-07-12,Home,Library,Train,13.63,18.2,558.8,Local
2018-07-13,Home,Library,Train,14.76,19.7,605.2,Local
2018-07-13,Library,Home,Tram,7.3,21.9,438.0,Local
2018-07-13,Home,Park,Bus,18.34,44.0,1925.7,Local
2018-07-14,Home,Cinema,Car,8.26,12.4,1585.9,Local
2018-07-15,Home,Park,Car,5.2,7.8,998.4,Local
2018-07-17,Home,Park,Train,12.95,17.3,530.9,Local
2018-07-18,Home,Cinema,Bicycle,19.53,78.1,0.0,Local
2018-07-18,Cinema,Home,Walk,15.21,182.5,0.0,Local
2018-07-22,Home,Library,Bus,18.91,45.4,1985.5,Local
2018-07-23,Home,Friend's Place,Tram,19.11,57.3,1146.6,Local
2018-07-23,Friend's Place,Shopping Centre,Bus,4.28,10.3,449.4,Local
2018-07-26,Home,Park,Tram,13.77,41.3,826.2,Local
2018-07-26,Park,School,Car,1.24,1.9,238.1,Local
2018-07-26,School,Home,Train,14.25,19.0,584.2,Local
2018-07-27,Home,Shopping Centre,Train,20.0,26.7,820.0,Local
2018-07-28,Home,Library,Bicycle,5.09,20.4,0.0,Local
2018-07-29,Home,School,Bus,6.57,15.8,689.9,Local
2018-07-30,Home,Park,Train,5.97,8.0,244.8,Local
2018-07-30,Park,Cinema,Walk,6.38,76.6,0.0,Local
2018-07-30,Cinema,Home,Bicycle,17.45,69.8,0.0,Local
2018-07-31,Home,Cinema,Bicycle,13.39,53.6,0.0,Local
2018-07-31,Cinema,Park,Tram,7.14,21.4,428.4,Local
2018-08-01,Home,Park,Bicycle,16.92,67.7,0.0,Local
2018-08-02,Park,Home,Train,19.75,26.3,809.8,Local
2018-08-02,Home,School,Train,18.88,25.2,774.1,Local
2018-08-02,School,Park,Bus,7.54,18.1,791.7,Local
2018-08-03,Home,Library,Train,9.97,13.3,408.8,Local
2018-08-04,Home,Library,Car,7.53,11.3,1445.8,Local
2018-08-05,Home,Friend's Place,Bicycle,13.98,55.9,0.0,Local
2018-08-07,Home,Library,Train,10.6,14.1,434.6,Local
2018-08-08,Home,Friend's Place,Bus,17.32,41.6,1818.6,Local
2018-08-11,Home,Friend's Place,Bicycle,13.83,55.3,0.0,Local
2018-08-12,Home,Friend's Place,Bus,7.31,17.5,767.5,Local
2018-08-13,Home,Cinema,Tram,19.86,59.6,1191.6,Local
2018-08-13,Cinema,Home,Tram,13.37,40.1,802.2,Local
2018-08-15,Home,School,Train,5.07,6.8,207.9,Local
2018-08-16,Home,Shopping Centre,Bus,11.68,28.0,1226.4,Local
2018-08-17,Home,Cinema,Walk,16.8,201.6,0.0,Local
2018-08-17,Cinema,School,Bicycle,6.13,24.5,0.0,Local
2018-08-18,Home,Friend's Place,Walk,15.94,191.3,0.0,Local
2018-08-20,Home,School,Bus,10.6,25.4,1113.0,Local
2018-08-21,Home,Friend's Place,Bus,8.36,20.1,877.8,Local
2018-08-22,Home,Cinema,Bicycle,12.37,49.5,0.0,Local
2018-08-23,Home,Park,Walk,7.51,90.1,0.0,Local
2018-08-24,Home,Friend's Place,Bus,13.77,33.0,1445.8,Local
2018-08-24,Friend's Place,Park,Bus,4.67,11.2,490.3,Local
2018-08-24,Park,Home,Bicycle,16.39,65.6,0.0,Local
2018-08-26,Home,Library,Bicycle,7.73,30.9,0.0,Local
2018-08-27,Home,Friend's Place,Bus,13.26,31.8,1392.3,Local
2018-08-27,Friend's Place,Home,Tram,17.14,51.4,1028.4,Local
2018-08-27,Home,Park,Walk,12.8,153.6,0.0,Local
2018-08-28,Home,Shopping Centre,Walk,16.2,194.4,0.0,Local
2018-08-29,Home,Friend's Place,Bicycle,18.59,74.4,0.0,Local
2018-08-29,Friend's Place,Home,Car,8.65,13.0,1660.8,Local
2018-08-30,Home,Library,Bus,12.28,29.5,1289.4,Local
2018-08-30,Library,Friend's Place,Train,6.36,8.5,260.8,Local
2018-08-31,Home,Shopping Centre,Train,12.07,16.1,494.9,Local
2018-09-01,Park,Library,Tram,1.94,5.8,116.4,Local
2018-09-01,Cinema,Park,Bicycle,6.84,27.4,0.0,Local
2018-09-01,Home,Cinema,Walk,16.44,197.3,0.0,Local
2018-09-02,Home,Cinema,Walk,9.64,115.7,0.0,Local
2018-09-03,Home,Friend's Place,Bicycle,5.48,21.9,0.0,Local
2018-09-03,Friend's Place,Cinema,Tram,7.72,23.2,463.2,Local
2018-09-03,Cinema,Shopping Centre,Train,3.92,5.2,160.7,Local
2018-09-04,Home,Park,Train,13.71,18.3,562.1,Local
2018-09-07,Home,School,Bus,5.61,13.5,589.1,Local
2018-09-07,School,Cinema,Bicycle,6.52,26.1,0.0,Local
2018-09-08,Home,Friend's Place,Bicycle,14.67,58.7,0.0,Local
2018-09-09,Home,Cinema,Bicycle,17.07,68.3,0.0,Local
2018-09-09,Cinema,Friend's Place,Bus,4.37,10.5,458.9,Local
2018-09-10,Home,Shopping Centre,Bus,7.38,17.7,774.9,Local
2018-09-11,Home,Park,Train,6.26,8.3,256.7,Local
2018-09-12,Home,Cinema,Car,11.6,17.4,2227.2,Local
2018-09-12,Cinema,School,Bus,4.2,10.1,441.0,Local
2018-09-12,School,Friend's Place,Train,4.2,5.6,172.2,Local
2018-09-13,Park,Friend's Place,Walk,0.82,9.8,0.0,Local
2018-09-13,Friend's Place,Park,Walk,2.02,24.2,0.0,Local
2018-09-13,Home,Park,Walk,7.66,91.9,0.0,Local
2018-09-14,Home,Shopping Centre,Car,15.55,23.3,2985.6,Local
2018-09-16,Home,Cinema,Car,9.98,15.0,1916.2,Local
2018-09-16,Cinema,Library,Walk,5.5,66.0,0.0,Local
2018-09-17,Home,Cinema,Car,9.87,14.8,1895.0,Local
2018-09-20,Home,Cinema,Tram,6.92,20.8,415.2,Local
2018-09-20,Cinema,Park,Bus,6.6,15.8,693.0,Local
2018-09-21,Home,Friend's Place,Train,8.08,10.8,331.3,Local
2018-09-22,Home,Library,Bicycle,9.07,36.3,0.0,Local
2018-09-23,Home,School,Walk,5.83,70.0,0.0,Local
2018-09-23,School,Friend's Place,Car,7.09,10.6,1361.3,Local
2018-09-24,Home,Library,Walk,12.77,153.2,0.0,Local
2018-09-24,Library,Shopping Centre,Bus,5.36,12.9,562.8,Local
2018-09-25,Home,Cinema,Car,7.02,10.5,1347.8,Local
2018-09-26,Home,Shopping Centre,Walk,16.72,200.6,0.0,Local
2018-09-26,Shopping Centre,Cinema,Bus,5.05,12.1,530.2,Local
2018-09-27,Home,Library,Train,8.19,10.9,335.8,Local
2018-09-29,Home,Library,Train,10.01,13.3,410.4,Local
2018-09-30,Home,School,Tram,13.62,40.9,817.2,Local
2018-10-01,Home,Library,Tram,13.11,39.3,786.6,Local
2018-10-02,Home,Shopping Centre,Tram,10.08,30.2,604.8,Local
2018-10-02,Shopping Centre,School,Walk,5.7,68.4,0.0,Local
2018-10-02,School,Home,Car,12.93,19.4,2482.6,Local
2018-10-03,Home,Park,Bicycle,7.08,28.3,0.0,Local
2018-10-04,Home,Cinema,Train,12.75,17.0,522.8,Local
2018-10-05,Home,Friend's Place,Bicycle,8.4,33.6,0.0,Local
2018-10-06,Home,Library,Tram,6.65,20.0,399.0,Local
2018-10-07,Home,Park,Car,10.41,15.6,1998.7,Local
2018-10-07,Park,Cinema,Bicycle,4.41,17.6,0.0,Local
2018-10-07,Cinema,Library,Bus,2.82,6.8,296.1,Local
2018-10-08,Home,Shopping Centre,Car,13.34,20.0,2561.3,Local
2018-10-08,Shopping Centre,School,Bus,3.61,8.7,379.1,Local
2018-10-08,School,Home,Bus,15.01,36.0,1576.0,Local
2018-10-09,School,Library,Bus,2.37,5.7,248.9,Local
2018-10-09,Home,School,Car,5.93,8.9,1138.6,Local
2018-10-09,Library,Friend's Place,Car,3.17,4.8,608.6,Local
2018-10-10,Home,Library,Train,18.49,24.7,758.1,Local
2018-10-11,Home,Friend's Place,Car,5.62,8.4,1079.0,Local
2018-10-12,Home,School,Bus,12.78,30.7,1341.9,Local
2018-10-13,Home,Cinema,Walk,6.9,82.8,0.0,Local
2018-10-16,Home,Cinema,Train,11.15,14.9,457.2,Local
2018-10-18,Home,Library,Walk,5.32,63.8,0.0,Local
2018-10-18,Library,Shopping Centre,Bus,2.65,6.4,278.2,Local
2018-10-20,Home,Shopping Centre,Car,11.02,16.5,2115.8,Local
2018-10-21,Home,Shopping Centre,Walk,19.53,234.4,0.0,Local
2018-10-22,Home,Park,Car,19.14,28.7,3674.9,Local
2018-10-23,Home,Shopping Centre,Tram,9.9,29.7,594.0,Local
2018-10-23,Shopping Centre,Friend's Place,Train,3.64,4.9,149.2,Local
2018-10-24,Home,Shopping Centre,Tram,10.67,32.0,640.2,Local
2018-10-26,Home,Cinema,Bus,5.58,13.4,585.9,Local
2018-10-27,Home,Park,Tram,10.21,30.6,612.6,Local
2018-10-29,Home,Library,Car,19.55,29.3,3753.6,Local
2018-10-30,Home,Park,Car,13.21,19.8,2536.3,Local
2018-10-31,Home,Cinema,Car,18.55,27.8,3561.6,Local
2018-11-02,Library,School,Car,7.48,11.2,1436.2,Local
2018-11-02,Home,Library,Car,16.99,25.5,3262.1,Local
2018-11-03,Home,School,Bus,14.95,35.9,1569.8,Local
2018-11-03,School,Home,Tram,15.56,46.7,933.6,Local
2018-11-04,Home,Library,Bus,9.39,22.5,986.0,Local
2018-11-04,Library,Home,Walk,7.38,88.6,0.0,Local
2018-11-05,Home,Library,Tram,19.19,57.6,1151.4,Local
2018-11-06,Home,Friend's Place,Tram,8.44,25.3,506.4,Local
2018-11-06,Friend's Place,Cinema,Bicycle,5.97,23.9,0.0,Local
2018-11-06,Cinema,Friend's Place,Bus,2.21,5.3,232.0,Local
2018-11-07,Home,Friend's Place,Car,11.54,17.3,2215.7,Local
2018-11-07,Friend's Place,School,Tram,6.34,19.0,380.4,Local
2018-11-07,School,Friend's Place,Walk,1.28,15.4,0.0,Local
2018-11-08,Home,Shopping Centre,Bicycle,12.35,49.4,0.0,Local
2018-11-09,Home,Cinema,Bus,18.5,44.4,1942.5,Local
2018-11-10,Home,Library,Tram,19.97,59.9,1198.2,Local
2018-11-12,Home,Library,Bicycle,18.86,75.4,0.0,Local
2018-11-12,Library,Home,Walk,8.08,97.0,0.0,Local
2018-11-13,Home,Library,Bicycle,15.91,63.6,0.0,Local
2018-11-15,Home,Shopping Centre,Bus,6.61,15.9,694.1,Local
2018-11-16,Home,Library,Bicycle,9.24,37.0,0.0,Local
2018-11-17,Home,Library,Bicycle,12.93,51.7,0.0,Local
2018-11-18,Home,Library,Walk,8.66,103.9,0.0,Local
2018-11-19,Home,Shopping Centre,Train,14.96,19.9,613.4,Local
2018-11-20,Home,Park,Tram,11.67,35.0,700.2,Local
2018-11-21,Home,Friend's Place,Car,15.6,23.4,2995.2,Local
2018-11-23,Home,Shopping Centre,Bus,7.93,19.0,832.6,Local
2018-11-24,Home,Friend's Place,Tram,11.91,35.7,714.6,Local
2018-11-25,Home,School,Tram,6.85,20.5,411.0,Local
2018-11-26,Home,Friend's Place,Car,10.0,15.0,1920.0,Local
2018-11-26,Friend's Place,Library,Bus,6.35,15.2,666.8,Local
2018-11-26,Library,Friend's Place,Tram,3.84,11.5,230.4,Local
2018-11-27,Home,Shopping Centre,Tram,7.27,21.8,436.2,Local
2018-11-29,Home,Library,Train,17.68,23.6,724.9,Local
2018-11-29,Library,Friend's Place,Car,5.99,9.0,1150.1,Local
2018-11-30,Library,School,Bicycle,6.53,26.1,0.0,Local
2018-11-30,Home,Library,Car,13.05,19.6,2505.6,Local
2018-12-01,Home,School,Bus,14.45,34.7,1517.2,Local
2018-12-02,Home,Friend's Place,Walk,10.04,120.5,0.0,Local
2018-12-02,Friend's Place,Home,Bicycle,19.89,79.6,0.0,Local
2018-12-02,Home,Shopping Centre,Tram,17.87,53.6,1072.2,Local
2018-12-03,Home,Cinema,Car,7.65,11.5,1468.8,Local
2018-12-04,Home,Friend's Place,Car,5.8,8.7,1113.6,Local
2018-12-05,Home,Library,Bicycle,15.05,60.2,0.0,Local
2018-12-06,Home,Park,Bicycle,18.29,73.2,0.0,Local
2018-12-07,Home,Cinema,Tram,13.42,40.3,805.2,Local
2018-12-09,Home,Shopping Centre,Car,11.72,17.6,2250.2,Local
2018-12-10,Home,Friend's Place,Bicycle,11.65,46.6,0.0,Local
2018-12-10,Friend's Place,Home,Walk,10.36,124.3,0.0,Local
2018-12-11,Home,Park,Train,18.45,24.6,756.4,Local
2018-12-12,Cinema,Library,Bus,6.72,16.1,705.6,Local
2018-12-12,Library,School,Car,6.18,9.3,1186.6,Local
2018-12-12,Home,Cinema,Tram,8.73,26.2,523.8,Local
2018-12-13,Library,Park,Car,3.82,5.7,733.4,Local
2018-12-13,Park,Friend's Place,Train,3.59,4.8,147.2,Local
2018-12-13,Home,Library,Bicycle,15.5,62.0,0.0,Local
2018-12-15,Home,Park,Walk,9.91,118.9,0.0,Local
2018-12-16,Home,Library,Bicycle,8.16,32.6,0.0,Local
2018-12-16,Library,Cinema,Car,5.21,7.8,1000.3,Local
2018-12-16,Cinema,Home,Bicycle,15.85,63.4,0.0,Local
2018-12-17,Home,Cinema,Bus,13.36,32.1,1402.8,Local
2018-12-18,Home,School,Car,10.43,15.6,2002.6,Local
2018-12-18,School,Park,Bus,3.54,8.5,371.7,Local
2018-12-20,Library,Park,Bicycle,1.82,7.3,0.0,Local
2018-12-20,Home,Library,Tram,7.92,23.8,475.2,Local
2018-12-21,Home,School,Tram,8.1,24.3,486.0,Local
2018-12-22,Home,Shopping Centre,Bus,19.09,45.8,2004.5,Local
2018-12-23,Home,Friend's Place,Bus,13.77,33.0,1445.8,Local
2018-12-24,Home,Shopping Centre,Bicycle,16.71,66.8,0.0,Local
2018-12-25,Home,Shopping Centre,Tram,17.68,53.0,1060.8,Local
2018-12-26,Home,School,Walk,8.6,103.2,0.0,Local
2018-12-27,Home,School,Car,7.24,10.9,1390.1,Local
2018-12-28,Home,Shopping Centre,Car,6.39,9.6,1226.9,Local
2018-12-29,Home,School,Walk,7.48,89.8,0.0,Local
2018-12-29,School,Home,Bicycle,5.14,20.6,0.0,Local
2018-12-29,Home,School,Bus,19.3,46.3,2026.5,Local
2018-12-30,Home,School,Bus,15.81,37.9,1660.0,Local
2018-12-31,Home,Park,Walk,18.13,217.6,0.0,Local
2018-12-31,Park,Library,Bus,0.71,1.7,74.5,Local
2018-12-31,Library,Cinema,Tram,4.11,12.3,246.6,Local
2019-01-01,Home,Friend's Place,Car,15.67,23.5,3008.6,Local
2019-01-02,Home,Friend's Place,Tram,17.46,52.4,1047.6,Local
2019-01-03,Home,Shopping Centre,Bus,13.94,33.5,1463.7,Local
2019-01-03,Shopping Centre,Home,Walk,17.72,212.6,0.0,Local
2019-01-03,Home,Cinema,Bus,13.82,33.2,1451.1,Local
2019-01-04,Home,Library,Train,16.02,21.4,656.8,Local
2019-01-05,Home,Library,Bicycle,14.69,58.8,0.0,Local
2019-01-06,Home,Library,Train,13.77,18.4,564.6,Local
2019-01-07,Home,School,Bicycle,5.6,22.4,0.0,Local
2019-01-10,Home,Library,Bus,7.4,17.8,777.0,Local
2019-01-11,Home,Friend's Place,Tram,17.38,52.1,1042.8,Local
2019-01-15,Home,Shopping Centre,Bicycle,5.61,22.4,0.0,Local
2019-01-15,Shopping Centre,School,Bus,6.08,14.6,638.4,Local
2019-01-16,Home,Library,Bicycle,17.83,71.3,0.0,Local
2019-01-16,Library,Cinema,Bus,2.29,5.5,240.5,Local
2019-01-17,Home,Library,Tram,6.04,18.1,362.4,Local
2019-01-18,Home,Cinema,Bicycle,14.21,56.8,0.0,Local
2019-01-19,Home,Library,Bus,15.46,37.1,1623.3,Local
2019-01-20,Home,Friend's Place,Tram,7.81,23.4,468.6,Local
2019-01-21,Home,Cinema,Car,9.66,14.5,1854.7,Local
2019-01-23,Home,Cinema,Train,8.58,11.4,351.8,Local
2019-01-24,Home,Park,Walk,18.61,223.3,0.0,Local
2019-01-24,Park,School,Car,5.49,8.2,1054.1,Local
2019-01-25,Home,Friend's Place,Bicycle,19.69,78.8,0.0,Local
2019-01-26,Home,Shopping Centre,Bus,9.74,23.4,1022.7,Local
2019-01-27,Home,Friend's Place,Car,16.11,24.2,3093.1,Local
2019-01-27,Friend's Place,Library,Walk,7.1,85.2,0.0,Local
2019-01-28,Home,Park,Tram,8.57,25.7,514.2,Local
2019-01-29,Home,Park,Walk,18.84,226.1,0.0,Local
2019-01-31,Home,Shopping Centre,Car,12.81,19.2,2459.5,Local
2019-02-02,Home,Park,Car,10.47,15.7,2010.2,Local
2019-02-03,Home,Park,Bus,8.9,21.4,934.5,Local
2019-02-04,Home,Library,Car,9.38,14.1,1801.0,Local
2019-02-05,Home,Cinema,Tram,9.07,27.2,544.2,Local
2019-02-05,Cinema,Park,Walk,7.07,84.8,0.0,Local
2019-02-05,Park,Cinema,Bicycle,6.51,26.0,0.0,Local
2019-02-06,Cinema,School,Walk,2.71,32.5,0.0,Local
2019-02-06,Home,Cinema,Train,9.28,12.4,380.5,Local
2019-02-08,Home,Friend's Place,Tram,12.78,38.3,766.8,Local
2019-02-08,Friend's Place,School,Tram,5.88,17.6,352.8,Local
2019-02-09,Home,Shopping Centre,Train,6.38,8.5,261.6,Local
2019-02-10,Home,School,Bicycle,17.68,70.7,0.0,Local
2019-02-11,Home,Library,Car,16.37,24.6,3143.0,Local
2019-02-12,Home,Cinema,Walk,9.32,111.8,0.0,Local
2019-02-13,Shopping Centre,Home,Tram,17.92,53.8,1075.2,Local
2019-02-13,Home,Shopping Centre,Train,13.42,17.9,550.2,Local
2019-02-14,Shopping Centre,Home,Bus,14.85,35.6,1559.2,Local
2019-02-14,Home,Shopping Centre,Car,14.6,21.9,2803.2,Local
2019-02-15,Home,Friend's Place,Walk,8.86,106.3,0.0,Local
2019-02-16,Home,Library,Walk,17.87,214.4,0.0,Local
2019-02-17,Home,Park,Bus,17.68,42.4,1856.4,Local
2019-02-18,Home,Park,Tram,13.27,39.8,796.2,Local
2019-02-21,Home,Friend's Place,Bus,6.37,15.3,668.9,Local
2019-02-21,Friend's Place,Library,Car,3.25,4.9,624.0,Local
2019-02-22,Home,Shopping Centre,Walk,15.29,183.5,0.0,Local
2019-02-22,Shopping Centre,Cinema,Tram,5.26,15.8,315.6,Local
2019-02-24,Home,Friend's Place,Bus,9.19,22.1,964.9,Local
2019-02-25,Home,Park,Bicycle,6.72,26.9,0.0,Local
2019-02-26,Home,Library,Train,17.2,22.9,705.2,Local
2019-02-26,Library,Cinema,Car,4.84,7.3,929.3,Local
2019-02-26,Cinema,Home,Train,16.57,22.1,679.4,Local
2019-02-27,Home,Shopping Centre,Tram,17.96,53.9,1077.6,Local
2019-02-27,Shopping Centre,Park,Bus,4.71,11.3,494.6,Local
2019-02-28,Home,Friend's Place,Tram,17.65,52.9,1059.0,Local
2019-03-02,Friend's Place,Park,Walk,7.87,94.4,0.0,Local
2019-03-02,Shopping Centre,Friend's Place,Train,7.28,9.7,298.5,Local
2019-03-02,Home,Shopping Centre,Train,10.38,13.8,425.6,Local
2019-03-03,Home,School,Tram,15.82,47.5,949.2,Local
2019-03-04,Home,Park,Train,7.66,10.2,314.1,Local
2019-03-05,Home,Shopping Centre,Tram,12.79,38.4,767.4,Local
2019-03-05,Shopping Centre,Library,Train,2.74,3.7,112.3,Local
2019-03-06,Home,Library,Car,14.09,21.1,2705.3,Local
2019-03-08,Cinema,Shopping Centre,Walk,3.93,47.2,0.0,Local
2019-03-08,Shopping Centre,Library,Car,6.21,9.3,1192.3,Local
2019-03-08,Home,Cinema,Bus,9.57,23.0,1004.9,Local
2019-03-10,Home,Park,Tram,19.09,57.3,1145.4,Local
2019-03-12,Home,Friend's Place,Car,12.79,19.2,2455.7,Local
2019-03-13,Home,Shopping Centre,Tram,6.3,18.9,378.0,Local
2019-03-13,Shopping Centre,Home,Train,18.79,25.1,770.4,Local
2019-03-13,Home,Park,Car,15.99,24.0,3070.1,Local
2019-03-14,Home,Shopping Centre,Tram,12.11,36.3,726.6,Local
2019-03-15,Home,Library,Tram,6.34,19.0,380.4,Local
2019-03-16,Home,Library,Bus,11.4,27.4,1197.0,Local
2019-03-17,Home,Friend's Place,Bicycle,15.4,61.6,0.0,Local
2019-03-18,Home,Library,Bicycle,18.32,73.3,0.0,Local
2019-03-19,Home,Park,Walk,6.84,82.1,0.0,Local
2019-03-19,Park,Cinema,Walk,5.43,65.2,0.0,Local
2019-03-20,Home,School,Bicycle,15.54,62.2,0.0,Local
2019-03-22,Home,Cinema,Car,18.47,27.7,3546.2,Local
2019-03-22,Cinema,Park,Bicycle,1.4,5.6,0.0,Local
2019-03-23,Home,Cinema,Tram,17.92,53.8,1075.2,Local
2019-03-25,Home,Library,Train,17.53,23.4,718.7,Local
2019-03-26,Home,Cinema,Bus,12.87,30.9,1351.3,Local
2019-03-27,Home,School,Tram,17.36,52.1,1041.6,Local
2019-03-27,School,Home,Train,13.12,17.5,537.9,Local
2019-03-27,Home,Friend's Place,Car,14.48,21.7,2780.2,Local
2019-03-28,Home,Park,Bus,18.2,43.7,1911.0,Local
2019-03-28,Park,Library,Bus,6.21,14.9,652.0,Local
2019-03-30,Home,Cinema,Car,19.3,29.0,3705.6,Local
2019-03-30,Cinema,Friend's Place,Bicycle,4.36,17.4,0.0,Local
2019-03-31,Friend's Place,School,Walk,4.61,55.3,0.0,Local
2019-03-31,Library,Friend's Place,Bicycle,7.64,30.6,0.0,Local
2019-03-31,Home,Library,Train,16.84,22.5,690.4,Local
2019-04-01,Home,Shopping Centre,Tram,15.51,46.5,930.6,Local
2019-04-02,Home,Library,Walk,8.44,101.3,0.0,Local
2019-04-02,Library,Shopping Centre,Tram,4.79,14.4,287.4,Local
2019-04-04,Home,Cinema,Car,13.51,20.3,2593.9,Local
2019-04-04,Cinema,Friend's Place,Bus,2.07,5.0,217.3,Local
2019-04-04,Friend's Place,Library,Walk,5.79,69.5,0.0,Local
2019-04-06,Home,Cinema,Car,8.74,13.1,1678.1,Local
2019-04-06,Park,Home,Train,13.13,17.5,538.3,Local
2019-04-06,Home,Park,Tram,11.96,35.9,717.6,Local
2019-04-07,Home,Library,Bus,13.87,33.3,1456.3,Local
2019-04-08,Home,Shopping Centre,Car,7.77,11.7,1491.8,Local
2019-04-09,Home,Cinema,Train,14.25,19.0,584.2,Local
2019-04-10,Home,Shopping Centre,Walk,19.65,235.8,0.0,Local
2019-04-11,Home,Park,Bus,7.82,18.8,821.1,Local
2019-04-11,Park,Home,Train,6.44,8.6,264.0,Local
2019-04-12,School,Shopping Centre,Car,6.55,9.8,1257.6,Local
2019-04-12,Home,Shopping Centre,Train,10.08,13.4,413.3,Local
2019-04-12,Shopping Centre,School,Train,1.72,2.3,70.5,Local
2019-04-14,Home,School,Walk,5.94,71.3,0.0,Local
2019-04-15,Home,Park,Bicycle,15.27,61.1,0.0,Local
2019-04-16,Home,Library,Train,6.22,8.3,255.0,Local
2019-04-17,Home,Friend's Place,Bicycle,7.92,31.7,0.0,Local
2019-04-18,Home,Library,Car,6.32,9.5,1213.4,Local
2019-04-20,Home,Library,Tram,5.05,15.2,303.0,Local
2019-04-20,Library,School,Train,7.82,10.4,320.6,Local
2019-04-22,Home,School,Tram,9.04,27.1,542.4,Local
2019-04-23,Home,Cinema,Car,17.0,25.5,3264.0,Local
2019-04-24,Home,Library,Car,8.06,12.1,1547.5,Local
2019-04-25,Home,Shopping Centre,Car,10.33,15.5,1983.4,Local
2019-04-26,Home,Friend's Place,Train,16.69,22.3,684.3,Local
2019-04-27,Home,Library,Bus,8.08,19.4,848.4,Local
2019-04-28,Home,Friend's Place,Bicycle,10.31,41.2,0.0,Local
2019-04-28,Friend's Place,Shopping Centre,Bicycle,5.49,22.0,0.0,Local
2019-04-29,Home,Shopping Centre,Car,10.56,15.8,2027.5,Local
2019-04-30,Home,School,Tram,12.17,36.5,730.2,Local
2019-05-03,Home,Friend's Place,Car,14.23,21.3,2732.2,Local
2019-05-03,Friend's Place,Park,Tram,1.87,5.6,112.2,Local
2019-05-07,Home,Cinema,Tram,15.0,45.0,900.0,Local
2019-05-08,Home,Shopping Centre,Car,13.75,20.6,2640.0,Local
2019-05-08,Shopping Centre,Friend's Place,Tram,2.6,7.8,156.0,Local
2019-05-09,Home,Cinema,Bus,12.47,29.9,1309.4,Local
2019-05-10,Home,Park,Bus,19.32,46.4,2028.6,Local
2019-05-12,Home,School,Train,9.19,12.3,376.8,Local
2019-05-13,Home,Park,Walk,18.56,222.7,0.0,Local
2019-05-14,Home,Park,Tram,10.25,30.7,615.0,Local
2019-05-14,Park,Shopping Centre,Bus,1.76,4.2,184.8,Local
2019-05-14,Shopping Centre,Park,Walk,4.48,53.8,0.0,Local
2019-05-15,Home,Shopping Centre,Car,19.02,28.5,3651.8,Local
2019-05-16,Home,Library,Bicycle,19.17,76.7,0.0,Local
2019-05-16,Library,Home,Car,5.22,7.8,1002.2,Local
2019-05-18,Home,Friend's Place,Train,10.88,14.5,446.1,Local
2019-05-20,Shopping Centre,Cinema,Bicycle,3.62,14.5,0.0,Local
2019-05-20,Home,Park,Tram,7.89,23.7,473.4,Local
2019-05-20,Park,Shopping Centre,Walk,7.76,93.1,0.0,Local
2019-05-21,Home,Park,Walk,6.15,73.8,0.0,Local
2019-05-23,Home,Cinema,Train,16.61,22.1,681.0,Local
2019-05-24,Home,Library,Car,12.38,18.6,2377.0,Local
2019-05-25,Home,Park,Train,7.7,10.3,315.7,Local
2019-05-26,Home,School,Car,11.28,16.9,2165.8,Local
2019-05-27,Home,School,Walk,8.57,102.8,0.0,Local
2019-05-28,Home,School,Walk,11.19,134.3,0.0,Local
2019-05-28,School,Cinema,Bus,7.56,18.1,793.8,Local
2019-05-29,Home,Shopping Centre,Train,8.03,10.7,329.2,Local
2019-05-31,Home,Friend's Place,Bicycle,18.06,72.2,0.0,Local
2019-06-01,Home,Park,Bus,12.52,30.0,1314.6,Local
2019-06-02,Home,Library,Car,8.31,12.5,1595.5,Local
2019-06-05,Home,Shopping Centre,Bus,18.6,44.6,1953.0,Local
2019-06-07,Home,Park,Walk,17.18,206.2,0.0,Local
2019-06-08,Home,Shopping Centre,Car,16.12,24.2,3095.0,Local
2019-06-09,Home,School,Tram,16.36,49.1,981.6,Local
2019-06-11,Home,Cinema,Car,8.51,12.8,1633.9,Local
2019-06-12,Home,Shopping Centre,Walk,15.55,186.6,0.0,Local
2019-06-13,Home,Park,Bicycle,10.12,40.5,0.0,Local
2019-06-14,Home,School,Train,12.44,16.6,510.0,Local
2019-06-15,Home,Cinema,Tram,16.66,50.0,999.6,Local
2019-06-15,Cinema,Park,Walk,1.07,12.8,0.0,Local
2019-06-16,Home,Park,Walk,18.95,227.4,0.0,Local
2019-06-16,Park,Library,Bicycle,0.66,2.6,0.0,Local
2019-06-17,Home,Park,Car,7.98,12.0,1532.2,Local
2019-06-17,Park,Library,Bus,5.6,13.4,588.0,Local
2019-06-17,Library,Friend's Place,Bicycle,3.61,14.4,0.0,Local
2019-06-19,Home,School,Walk,18.98,227.8,0.0,Local
2019-06-19,School,Shopping Centre,Walk,3.46,41.5,0.0,Local
2019-06-20,Cinema,Park,Train,1.25,1.7,51.2,Local
2019-06-20,Park,School,Bicycle,6.59,26.4,0.0,Local
2019-06-20,Home,Cinema,Walk,17.68,212.2,0.0,Local
2019-06-21,Cinema,Library,Car,4.02,6.0,771.8,Local
2019-06-21,Home,Cinema,Bicycle,7.28,29.1,0.0,Local
2019-06-22,Home,Shopping Centre,Tram,16.76,50.3,1005.6,Local
2019-06-22,Shopping Centre,Library,Walk,2.87,34.4,0.0,Local
2019-06-23,Home,School,Walk,8.06,96.7,0.0,Local
2019-06-23,School,Friend's Place,Walk,7.51,90.1,0.0,Local
2019-06-24,Home,School,Train,18.62,24.8,763.4,Local
2019-06-24,School,Friend's Place,Bicycle,1.7,6.8,0.0,Local
2019-06-25,Home,Park,Train,7.04,9.4,288.6,Local
2019-06-27,Home,University,Tram,19.41,58.2,1164.6,Local
2019-06-27,University,Home,Walk,12.13,145.6,0.0,Local
2019-06-27,Home,Stadium,Bicycle,9.95,39.8,0.0,Local
2019-06-28,Home,Stadium,Tram,15.53,46.6,931.8,Local
2019-06-28,Stadium,Home,Bicycle,16.38,65.5,0.0,Local
2019-06-30,Home,Gym,Tram,16.32,49.0,979.2,Local
2019-06-30,Gym,Friend's Place,Train,3.3,4.4,135.3,Local
2019-06-30,Friend's Place,Home,Bicycle,8.87,35.5,0.0,Local
2019-07-01,Stadium,University,Bicycle,17.2,68.8,0.0,Local
2019-07-01,Home,Stadium,Tram,5.41,16.2,324.6,Local
2019-07-02,Home,Friend's Place,Tram,5.79,17.4,347.4,Local
2019-07-02,Friend's Place,University,Bicycle,11.94,47.8,0.0,Local
2019-07-02,University,Library,Bus,18.6,44.6,1953.0,Local
2019-07-03,Home,Gym,Bus,14.4,34.6,1512.0,Local
2019-07-03,Gym,University,Car,9.21,13.8,1768.3,Local
2019-07-04,Home,Friend's Place,Bus,13.82,33.2,1451.1,Local
2019-07-05,Home,Stadium,Walk,18.16,217.9,0.0,Local
2019-07-06,Home,University,Train,10.15,13.5,416.2,Local
2019-07-06,University,Stadium,Bus,6.24,15.0,655.2,Local
2019-07-06,Stadium,Library,Bicycle,7.56,30.2,0.0,Local
2019-07-07,Home,Stadium,Tram,15.46,46.4,927.6,Local
2019-07-08,Home,Library,Tram,16.73,50.2,1003.8,Local
2019-07-08,Library,Home,Train,11.52,15.4,472.3,Local
2019-07-09,Home,Library,Car,17.96,26.9,3448.3,Local
2019-07-10,Cafe,Home,Car,9.34,14.0,1793.3,Local
2019-07-10,Home,Cafe,Train,17.33,23.1,710.5,Local
2019-07-11,Gym,Library,Bicycle,2.01,8.0,0.0,Local
2019-07-11,Home,Gym,Car,17.33,26.0,3327.4,Local
2019-07-12,Home,Gym,Train,6.73,9.0,275.9,Local
2019-07-14,Home,Stadium,Car,14.05,21.1,2697.6,Local
2019-07-15,Home,University,Bus,14.6,35.0,1533.0,Local
2019-07-15,University,Gym,Walk,12.98,155.8,0.0,Local
2019-07-16,Home,Stadium,Bus,17.5,42.0,1837.5,Local
2019-07-16,Stadium,Gym,Walk,5.96,71.5,0.0,Local
2019-07-17,Home,Library,Train,6.26,8.3,256.7,Local
2019-07-17,Library,Cafe,Walk,0.57,6.8,0.0,Local
2019-07-18,Home,Friend's Place,Bus,17.57,42.2,1844.9,Local
2019-07-19,Home,Cafe,Bus,13.21,31.7,1387.1,Local
2019-07-19,Cafe,Gym,Train,7.8,10.4,319.8,Local
2019-07-20,Home,Library,Walk,15.98,191.8,0.0,Local
2019-07-20,Library,Cafe,Walk,1.54,18.5,0.0,Local
2019-07-20,Cafe,Library,Bus,5.26,12.6,552.3,Local
2019-07-21,Home,Cafe,Bus,16.69,40.1,1752.5,Local
2019-07-21,Cafe,University,Bicycle,11.37,45.5,0.0,Local
2019-07-22,Home,Cafe,Train,7.69,10.3,315.3,Local
2019-07-23,Home,Friend's Place,Walk,6.48,77.8,0.0,Local
2019-07-24,Home,Stadium,Bus,15.56,37.3,1633.8,Local
2019-07-24,Stadium,Library,Bicycle,1.19,4.8,0.0,Local
2019-07-25,Home,Gym,Car,10.39,15.6,1994.9,Local
2019-07-26,Home,Library,Car,10.38,15.6,1993.0,Local
2019-07-26,Library,University,Walk,9.94,119.3,0.0,Local
2019-07-27,Home,Gym,Bus,6.36,15.3,667.8,Local
2019-07-27,Gym,University,Walk,15.65,187.8,0.0,Local
2019-07-27,University,Gym,Tram,18.14,54.4,1088.4,Local
2019-07-28,Home,Library,Tram,6.06,18.2,363.6,Local
2019-07-29,Home,Friend's Place,Bus,17.93,43.0,1882.6,Local
2019-07-29,Friend's Place,Cafe,Bicycle,6.8,27.2,0.0,Local
2019-07-30,Home,University,Bicycle,15.62,62.5,0.0,Local
2019-07-30,University,Stadium,Bicycle,10.15,40.6,0.0,Local
2019-07-31,Home,Gym,Bus,5.77,13.8,605.8,Local
2019-08-01,Home,Gym,Bicycle,17.05,68.2,0.0,Local
2019-08-02,Home,Cafe,Train,6.19,8.3,253.8,Local
2019-08-02,Cafe,Gym,Car,6.74,10.1,1294.1,Local
2019-08-03,Home,Stadium,Bicycle,6.65,26.6,0.0,Local
2019-08-05,Cafe,Friend's Place,Car,3.63,5.4,697.0,Local
2019-08-05,Friend's Place,University,Car,8.85,13.3,1699.2,Local
2019-08-05,Home,Cafe,Walk,8.95,107.4,0.0,Local
2019-08-06,Home,University,Bus,10.49,25.2,1101.5,Local
2019-08-06,University,Friend's Place,Car,8.53,12.8,1637.8,Local
2019-08-06,Friend's Place,University,Tram,15.52,46.6,931.2,Local
2019-08-07,Home,Stadium,Bus,5.13,12.3,538.6,Local
2019-08-07,Stadium,Library,Tram,7.44,22.3,446.4,Local
2019-08-07,Library,Friend's Place,Car,6.85,10.3,1315.2,Local
2019-08-08,Home,Cafe,Walk,17.31,207.7,0.0,Local
2019-08-09,Home,Library,Tram,8.99,27.0,539.4,Local
2019-08-11,Home,Friend's Place,Bicycle,9.13,36.5,0.0,Local
2019-08-11,Friend's Place,University,Train,14.17,18.9,581.0,Local
2019-08-12,Home,Gym,Walk,11.54,138.5,0.0,Local
2019-08-13,Home,University,Walk,11.35,136.2,0.0,Local
2019-08-15,Home,University,Bicycle,17.18,68.7,0.0,Local
2019-08-15,University,Home,Bicycle,13.76,55.0,0.0,Local
2019-08-15,Home,Gym,Bicycle,19.74,79.0,0.0,Local
2019-08-16,Home,Library,Walk,13.67,164.0,0.0,Local
2019-08-18,Home,Friend's Place,Bus,12.53,30.1,1315.6,Local
2019-08-19,Home,Gym,Walk,14.58,175.0,0.0,Local
2019-08-19,Gym,Stadium,Train,4.31,5.7,176.7,Local
2019-08-20,Home,Library,Walk,19.4,232.8,0.0,Local
2019-08-21,Home,Cafe,Train,15.99,21.3,655.6,Local
2019-08-22,Home,Gym,Train,17.4,23.2,713.4,Local
2019-08-22,Gym,Library,Tram,2.62,7.9,157.2,Local
2019-08-23,Home,Gym,Train,9.36,12.5,383.8,Local
2019-08-24,Home,University,Bicycle,9.92,39.7,0.0,Local
2019-08-25,Home,Stadium,Bus,17.78,42.7,1866.9,Local
2019-08-25,Stadium,Library,Train,1.39,1.9,57.0,Local
2019-08-27,Home,Cafe,Bus,17.05,40.9,1790.2,Local
2019-08-28,Home,Library,Tram,8.98,26.9,538.8,Local
2019-08-29,Home,Cafe,Walk,17.4,208.8,0.0,Local
2019-08-30,Home,University,Car,19.21,28.8,3688.3,Local
2019-08-30,University,Home,Bus,8.59,20.6,901.9,Local
2019-08-31,Gym,Home,Train,8.82,11.8,361.6,Local
2019-08-31,Home,Gym,Tram,11.36,34.1,681.6,Local
2019-09-02,Home,Cafe,Train,12.1,16.1,496.1,Local
2019-09-03,Home,Cafe,Train,8.74,11.7,358.3,Local
2019-09-04,Home,Library,Car,17.66,26.5,3390.7,Local
2019-09-05,Home,Library,Car,17.34,26.0,3329.3,Local
2019-09-06,Home,Stadium,Bus,19.66,47.2,2064.3,Local
2019-09-07,Home,Friend's Place,Train,15.57,20.8,638.4,Local
2019-09-08,Home,Cafe,Tram,19.11,57.3,1146.6,Local
2019-09-08,Cafe,Gym,Bicycle,7.33,29.3,0.0,Local
2019-09-08,Gym,Home,Car,5.24,7.9,1006.1,Local
2019-09-09,Home,Cafe,Bicycle,7.99,32.0,0.0,Local
2019-09-10,Home,Friend's Place,Walk,16.78,201.4,0.0,Local
2019-09-10,Friend's Place,University,Bicycle,16.4,65.6,0.0,Local
2019-09-11,Home,Library,Bus,5.6,13.4,588.0,Local
2019-09-12,Home,Stadium,Walk,10.39,124.7,0.0,Local
2019-09-13,Friend's Place,Home,Walk,8.41,100.9,0.0,Local
2019-09-13,Cafe,Friend's Place,Bus,3.82,9.2,401.1,Local
2019-09-13,Home,Cafe,Train,17.32,23.1,710.1,Local
2019-09-14,Home,Friend's Place,Train,11.03,14.7,452.2,Local
2019-09-14,Friend's Place,Library,Car,2.81,4.2,539.5,Local
2019-09-14,Library,University,Walk,13.68,164.2,0.0,Local
2019-09-15,Home,University,Car,13.14,19.7,2522.9,Local
2019-09-15,University,Library,Walk,17.51,210.1,0.0,Local
2019-09-16,Home,Stadium,Walk,5.18,62.2,0.0,Local
2019-09-16,Stadium,Home,Car,10.6,15.9,2035.2,Local
2019-09-17,Home,University,Car,12.04,18.1,2311.7,Local
2019-09-17,University,Home,Tram,15.96,47.9,957.6,Local
2019-09-17,Home,Stadium,Car,18.42,27.6,3536.6,Local
2019-09-18,Home,Library,Car,7.68,11.5,1474.6,Local
2019-09-18,Library,Home,Bus,18.03,43.3,1893.2,Local
2019-09-19,Home,University,Train,14.71,19.6,603.1,Local
2019-09-19,University,Library,Walk,18.82,225.8,0.0,Local
2019-09-20,Library,Cafe,Tram,6.88,20.6,412.8,Local
2019-09-20,Cafe,Stadium,Walk,7.26,87.1,0.0,Local
2019-09-20,Home,Library,Walk,9.82,117.8,0.0,Local
2019-09-21,Cafe,Friend's Place,Bicycle,1.28,5.1,0.0,Local
2019-09-21,Gym,Cafe,Walk,5.67,68.0,0.0,Local
2019-09-21,Home,Gym,Train,18.44,24.6,756.0,Local
2019-09-22,Home,Cafe,Train,12.59,16.8,516.2,Local
2019-09-23,Home,Library,Bus,18.24,43.8,1915.2,Local
2019-09-23,Library,Home,Walk,15.38,184.6,0.0,Local
2019-09-24,Home,Library,Walk,18.74,224.9,0.0,Local
2019-09-25,Home,University,Bicycle,10.49,42.0,0.0,Local
2019-09-26,Home,Friend's Place,Train,19.51,26.0,799.9,Local
2019-09-26,Friend's Place,Cafe,Car,4.6,6.9,883.2,Local
2019-09-27,Home,Gym,Tram,19.26,57.8,1155.6,Local
2019-09-28,Home,University,Bus,14.23,34.2,1494.2,Local
2019-09-28,University,Cafe,Walk,12.22,146.6,0.0,Local
2019-09-29,Home,University,Tram,5.74,17.2,344.4,Local
2019-09-29,University,Gym,Tram,17.24,51.7,1034.4,Local
2019-09-30,Home,University,Train,18.62,24.8,763.4,Local
2019-09-30,University,Cafe,Bus,16.99,40.8,1783.9,Local
2019-09-30,Cafe,Home,Walk,7.48,89.8,0.0,Local
2019-10-01,Cafe,Home,Walk,12.78,153.4,0.0,Local
2019-10-01,Library,Cafe,Walk,7.49,89.9,0.0,Local
2019-10-01,Home,Library,Tram,9.42,28.3,565.2,Local
2019-10-02,Home,Cafe,Car,9.91,14.9,1902.7,Local
2019-10-03,Home,Gym,Tram,13.77,41.3,826.2,Local
2019-10-03,Gym,Friend's Place,Bus,6.46,15.5,678.3,Local
2019-10-03,Friend's Place,Library,Tram,4.23,12.7,253.8,Local
2019-10-04,Home,Stadium,Tram,12.13,36.4,727.8,Local
2019-10-04,Stadium,Home,Tram,11.7,35.1,702.0,Local
2019-10-05,Stadium,Gym,Tram,7.23,21.7,433.8,Local
2019-10-05,Gym,Stadium,Tram,1.67,5.0,100.2,Local
2019-10-05,Home,Gym,Bicycle,9.28,37.1,0.0,Local
2019-10-06,Home,University,Tram,12.87,38.6,772.2,Local
2019-10-06,University,Friend's Place,Bus,5.24,12.6,550.2,Local
2019-10-06,Friend's Place,Cafe,Bicycle,6.54,26.2,0.0,Local
2019-10-07,Home,Stadium,Tram,20.0,60.0,1200.0,Local
2019-10-07,Stadium,Gym,Bicycle,6.56,26.2,0.0,Local
2019-10-08,Home,Cafe,Train,9.16,12.2,375.6,Local
2019-10-09,Gym,Stadium,Car,2.31,3.5,443.5,Local
2019-10-09,Stadium,Gym,Bicycle,1.55,6.2,0.0,Local
2019-10-09,Home,Stadium,Bus,13.77,33.0,1445.8,Local
2019-10-10,Home,Stadium,Train,9.53,12.7,390.7,Local
2019-10-11,Home,Cafe,Bus,8.67,20.8,910.4,Local
2019-10-11,Cafe,Library,Walk,2.59,31.1,0.0,Local
2019-10-11,Library,Gym,Car,5.49,8.2,1054.1,Local
2019-10-12,Home,Gym,Walk,6.01,72.1,0.0,Local
2019-10-13,Home,Friend's Place,Walk,12.88,154.6,0.0,Local
2019-10-13,Friend's Place,Cafe,Train,5.68,7.6,232.9,Local
2019-10-14,Home,University,Bicycle,10.77,43.1,0.0,Local
2019-10-15,Home,Gym,Walk,15.26,183.1,0.0,Local
2019-10-15,Gym,Stadium,Car,5.73,8.6,1100.2,Local
2019-10-16,Home,Library,Car,15.52,23.3,2979.8,Local
2019-10-16,Library,Stadium,Tram,7.43,22.3,445.8,Local
2019-10-17,Home,University,Train,11.79,15.7,483.4,Local
2019-10-18,Home,Cafe,Train,19.75,26.3,809.8,Local
2019-10-18,Cafe,Library,Bicycle,4.33,17.3,0.0,Local
2019-10-18,Library,Home,Bicycle,17.2,68.8,0.0,Local
2019-10-19,Home,Stadium,Tram,17.44,52.3,1046.4,Local
2019-10-20,Home,Friend's Place,Bicycle,12.86,51.4,0.0,Local
2019-10-22,Home,Stadium,Train,6.35,8.5,260.3,Local
2019-10-22,Stadium,Library,Train,4.71,6.3,193.1,Local
2019-10-22,Library,Cafe,Bicycle,7.39,29.6,0.0,Local
2019-10-23,Home,Friend's Place,Bicycle,19.63,78.5,0.0,Local
2019-10-24,Home,University,Bicycle,10.8,43.2,0.0,Local
2019-10-25,Home,University,Bicycle,12.45,49.8,0.0,Local
2019-10-26,Home,Stadium,Train,13.37,17.8,548.2,Local
2019-10-27,Home,Cafe,Car,12.62,18.9,2423.0,Local
2019-10-28,Home,Cafe,Bus,15.62,37.5,1640.1,Local
2019-10-28,Cafe,University,Walk,9.6,115.2,0.0,Local
2019-10-28,University,Stadium,Bicycle,18.94,75.8,0.0,Local
2019-10-29,Home,Friend's Place,Bicycle,7.58,30.3,0.0,Local
2019-10-29,Friend's Place,Gym,Bicycle,5.47,21.9,0.0,Local
2019-10-30,Home,Friend's Place,Bus,16.97,40.7,1781.8,Local
2019-10-31,Home,Stadium,Train,9.06,12.1,371.5,Local
2019-10-31,Stadium,University,Bicycle,18.55,74.2,0.0,Local
2019-11-01,Stadium,University,Train,9.5,12.7,389.5,Local
2019-11-01,Home,Stadium,Bus,12.0,28.8,1260.0,Local
2019-11-02,Home,Stadium,Car,19.5,29.2,3744.0,Local
2019-11-02,Stadium,Gym,Tram,7.97,23.9,478.2,Local
2019-11-03,Home,Stadium,Train,14.95,19.9,612.9,Local
2019-11-04,Home,Friend's Place,Tram,12.11,36.3,726.6,Local
2019-11-05,Home,Cafe,Tram,18.43,55.3,1105.8,Local
2019-11-05,Cafe,University,Walk,15.19,182.3,0.0,Local
2019-11-06,Home,Gym,Walk,15.74,188.9,0.0,Local
2019-11-07,Gym,Cafe,Tram,3.1,9.3,186.0,Local
2019-11-07,Home,Gym,Walk,8.07,96.8,0.0,Local
2019-11-08,Home,Gym,Bus,18.82,45.2,1976.1,Local
2019-11-09,Home,University,Tram,9.38,28.1,562.8,Local
2019-11-10,Home,Friend's Place,Train,5.06,6.7,207.5,Local
2019-11-10,Friend's Place,Gym,Bicycle,1.74,7.0,0.0,Local
2019-11-10,Gym,University,Bicycle,17.03,68.1,0.0,Local
2019-11-11,Home,Cafe,Tram,11.49,34.5,689.4,Local
2019-11-11,Cafe,Friend's Place,Walk,7.29,87.5,0.0,Local
2019-11-12,Home,Stadium,Car,11.01,16.5,2113.9,Local
2019-11-12,Home,University,Car,14.04,21.1,2695.7,Local
2019-11-12,University,Home,Walk,11.87,142.4,0.0,Local
2019-11-13,Home,Friend's Place,Train,12.41,16.5,508.8,Local
2019-11-14,Home,Friend's Place,Tram,18.43,55.3,1105.8,Local
2019-11-14,Friend's Place,Stadium,Train,4.76,6.3,195.2,Local
2019-11-15,Home,Stadium,Walk,17.07,204.8,0.0,Local
2019-11-16,Home,Friend's Place,Tram,15.97,47.9,958.2,Local
2019-11-16,Friend's Place,Home,Walk,13.14,157.7,0.0,Local
2019-11-16,Home,University,Tram,12.54,37.6,752.4,Local
2019-11-17,Home,Gym,Car,16.69,25.0,3204.5,Local
2019-11-17,Gym,Library,Car,1.84,2.8,353.3,Local
2019-11-18,Home,Library,Bicycle,9.4,37.6,0.0,Local
2019-11-19,Home,Cafe,Bicycle,12.02,48.1,0.0,Local
2019-11-20,Home,Friend's Place,Bus,9.78,23.5,1026.9,Local
2019-11-21,Home,Friend's Place,Tram,6.95,20.9,417.0,Local
2019-11-22,Home,Gym,Walk,12.67,152.0,0.0,Local
2019-11-23,Stadium,Cafe,Bicycle,5.07,20.3,0.0,Local
2019-11-23,Library,Stadium,Walk,2.0,24.0,0.0,Local
2019-11-23,Home,Library,Walk,11.16,133.9,0.0,Local
2019-11-24,Home,Library,Walk,19.24,230.9,0.0,Local
2019-11-24,Library,Stadium,Bicycle,7.72,30.9,0.0,Local
2019-11-25,Home,Friend's Place,Tram,11.56,34.7,693.6,Local
2019-11-25,Friend's Place,Cafe,Car,2.52,3.8,483.8,Local
2019-11-26,Home,Friend's Place,Walk,11.53,138.4,0.0,Local
2019-11-26,Friend's Place,Home,Train,13.48,18.0,552.7,Local
2019-11-28,University,Library,Walk,5.46,65.5,0.0,Local
2019-11-28,Gym,University,Tram,19.83,59.5,1189.8,Local
2019-11-28,Home,Gym,Walk,17.92,215.0,0.0,Local
2019-11-29,Home,Friend's Place,Walk,13.12,157.4,0.0,Local
2019-11-30,Home,Friend's Place,Car,17.86,26.8,3429.1,Local
2019-12-01,Home,Stadium,Bicycle,7.86,31.4,0.0,Local
2019-12-01,Stadium,Home,Train,9.09,12.1,372.7,Local
2019-12-02,Home,Gym,Tram,16.11,48.3,966.6,Local
2019-12-03,Home,Stadium,Tram,5.66,17.0,339.6,Local
2019-12-04,Home,Cafe,Car,14.82,22.2,2845.4,Local
2019-12-05,Gym,Stadium,Train,3.12,4.2,127.9,Local
2019-12-05,Home,Gym,Walk,15.16,181.9,0.0,Local
2019-12-06,Home,Cafe,Tram,19.2,57.6,1152.0,Local
2019-12-06,Cafe,University,Train,9.68,12.9,396.9,Local
2019-12-07,Home,Gym,Tram,6.86,20.6,411.6,Local
2019-12-07,Gym,Home,Bus,12.85,30.8,1349.2,Local
2019-12-07,Home,University,Walk,12.14,145.7,0.0,Local
2019-12-08,Home,Gym,Bus,13.98,33.6,1467.9,Local
2019-12-08,Gym,University,Car,13.76,20.6,2641.9,Local
2019-12-09,Stadium,Home,Walk,13.75,165.0,0.0,Local
2019-12-09,Home,Stadium,Walk,13.56,162.7,0.0,Local
2019-12-10,Home,Library,Walk,14.61,175.3,0.0,Local
2019-12-11,Home,Library,Car,16.27,24.4,3123.8,Local
2019-12-11,Library,Home,Bus,5.46,13.1,573.3,Local
2019-12-12,Home,Stadium,Walk,19.02,228.2,0.0,Local
2019-12-13,Home,Library,Train,17.22,23.0,706.0,Local
2019-12-15,Home,Library,Bus,16.18,38.8,1698.9,Local
2019-12-15,Library,Gym,Tram,4.52,13.6,271.2,Local
2019-12-16,Library,University,Bicycle,14.08,56.3,0.0,Local
2019-12-16,Stadium,Library,Bus,3.84,9.2,403.2,Local
2019-12-16,Home,Stadium,Walk,9.71,116.5,0.0,Local
2019-12-17,Home,Stadium,Bus,15.1,36.2,1585.5,Local
2019-12-18,Home,University,Car,16.35,24.5,3139.2,Local
2019-12-19,Home,University,Car,5.12,7.7,983.0,Local
2019-12-20,Home,Stadium,Train,19.08,25.4,782.3,Local
2019-12-21,Home,Gym,Tram,19.02,57.1,1141.2,Local
2019-12-21,Gym,Home,Bus,11.3,27.1,1186.5,Local
2019-12-21,Home,Friend's Place,Bus,12.94,31.1,1358.7,Local
2019-12-22,Home,Cafe,Bicycle,9.18,36.7,0.0,Local
2019-12-22,Cafe,University,Bicycle,10.77,43.1,0.0,Local
2019-12-22,University,Cafe,Train,18.73,25.0,767.9,Local
2019-12-23,Home,Friend's Place,Walk,19.88,238.6,0.0,Local
2019-12-24,Home,Stadium,Bus,18.08,43.4,1898.4,Local
2019-12-24,Stadium,Gym,Bus,6.67,16.0,700.4,Local
2019-12-24,Gym,Stadium,Tram,6.5,19.5,390.0,Local
2019-12-25,Gym,Stadium,Walk,5.96,71.5,0.0,Local
2019-12-25,Stadium,Friend's Place,Tram,3.78,11.3,226.8,Local
2019-12-25,Home,Gym,Bus,19.75,47.4,2073.8,Local
2019-12-26,Home,Friend's Place,Bicycle,7.93,31.7,0.0,Local
2019-12-26,Friend's Place,Stadium,Train,6.81,9.1,279.2,Local
2019-12-27,Home,Stadium,Car,11.7,17.5,2246.4,Local
2019-12-27,Stadium,Friend's Place,Tram,4.45,13.3,267.0,Local
2019-12-28,Home,University,Walk,13.81,165.7,0.0,Local
2019-12-28,University,Friend's Place,Walk,19.47,233.6,0.0,Local
2019-12-29,Home,Library,Bicycle,13.22,52.9,0.0,Local
2019-12-30,Home,Library,Car,15.33,23.0,2943.4,Local
2019-12-30,Library,Stadium,Train,2.45,3.3,100.5,Local
2019-12-31,Home,Gym,Bus,17.54,42.1,1841.7,Local
2020-01-01,Home,Friend's Place,Car,7.99,12.0,1534.1,Local
2020-01-02,Home,Friend's Place,Car,19.63,29.4,3769.0,Local
2020-01-03,Home,University,Car,18.14,27.2,3482.9,Local
2020-01-04,Stadium,University,Bus,7.61,18.3,799.1,Local
2020-01-04,Home,Stadium,Car,13.59,20.4,2609.3,Local
2020-01-06,Home,University,Bus,14.97,35.9,1571.9,Local
2020-01-07,University,Library,Tram,9.72,29.2,583.2,Local
2020-01-07,Home,Friend's Place,Train,11.95,15.9,489.9,Local
2020-01-07,Friend's Place,University,Bus,13.91,33.4,1460.5,Local
2020-01-08,Home,Stadium,Car,10.87,16.3,2087.0,Local
2020-01-09,Home,Stadium,Train,7.9,10.5,323.9,Local
2020-01-10,Home,Gym,Tram,11.64,34.9,698.4,Local
2020-01-11,Home,Cafe,Bus,12.61,30.3,1324.0,Local
2020-01-11,Cafe,Stadium,Tram,5.92,17.8,355.2,Local
2020-01-12,Home,Cafe,Bus,14.12,33.9,1482.6,Local
2020-01-13,Home,Cafe,Tram,18.77,56.3,1126.2,Local
2020-01-14,Home,Gym,Bus,5.52,13.2,579.6,Local
2020-01-14,Gym,Friend's Place,Train,1.47,2.0,60.3,Local
2020-01-15,Home,Gym,Car,17.31,26.0,3323.5,Local
2020-01-15,Gym,Home,Bicycle,5.96,23.8,0.0,Local
2020-01-16,Stadium,Cafe,Bicycle,6.28,25.1,0.0,Local
2020-01-16,Library,Stadium,Car,5.01,7.5,961.9,Local
2020-01-16,Home,Library,Bicycle,12.41,49.6,0.0,Local
2020-01-17,Home,Stadium,Bicycle,9.73,38.9,0.0,Local
2020-01-17,Stadium,Friend's Place,Walk,6.17,74.0,0.0,Local
2020-01-18,Home,University,Tram,14.32,43.0,859.2,Local
2020-01-19,Home,Stadium,Train,7.76,10.3,318.2,Local
2020-01-19,Stadium,Cafe,Train,3.1,4.1,127.1,Local
2020-01-19,Cafe,Friend's Place,Bus,5.01,12.0,526.0,Local
2020-01-20,Home,Cafe,Car,16.0,24.0,3072.0,Local
2020-01-20,Cafe,University,Tram,5.13,15.4,307.8,Local
2020-01-21,Home,University,Tram,12.61,37.8,756.6,Local
2020-01-22,Home,University,Walk,15.1,181.2,0.0,Local
2020-01-22,University,Stadium,Bus,17.33,41.6,1819.6,Local
2020-01-22,Stadium,Library,Bicycle,5.43,21.7,0.0,Local
2020-01-23,Home,Friend's Place,Walk,15.9,190.8,0.0,Local
2020-01-24,Home,Stadium,Bus,9.35,22.4,981.8,Local
2020-01-25,Home,Friend's Place,Car,18.65,28.0,3580.8,Local
2020-01-26,Stadium,Library,Bus,0.55,1.3,57.8,Local
2020-01-26,Home,Stadium,Tram,9.7,29.1,582.0,Local
2020-01-27,Friend's Place,Cafe,Train,6.61,8.8,271.0,Local
2020-01-27,Cafe,Gym,Walk,5.89,70.7,0.0,Local
2020-01-27,Home,Friend's Place,Train,12.66,16.9,519.1,Local
2020-01-28,University,Friend's Place,Bus,13.46,32.3,1413.3,Local
2020-01-28,Home,University,Bicycle,7.95,31.8,0.0,Local
2020-01-29,Home,Stadium,Walk,10.3,123.6,0.0,Local
2020-01-29,Stadium,University,Car,13.63,20.4,2617.0,Local
2020-01-31,Home,University,Car,9.1,13.6,1747.2,Local
2020-02-01,Home,Friend's Place,Bicycle,14.58,58.3,0.0,Local
2020-02-01,Friend's Place,Cafe,Tram,2.82,8.5,169.2,Local
2020-02-02,Home,Friend's Place,Walk,9.71,116.5,0.0,Local
2020-02-02,Friend's Place,University,Car,11.93,17.9,2290.6,Local
2020-02-04,Home,Friend's Place,Walk,19.53,234.4,0.0,Local
2020-02-05,Home,Library,Bus,9.63,23.1,1011.2,Local
2020-02-05,Library,Stadium,Bicycle,7.47,29.9,0.0,Local
2020-02-06,Home,University,Bus,5.76,13.8,604.8,Local
2020-02-07,Home,Cafe,Car,7.39,11.1,1418.9,Local
2020-02-08,Home,Cafe,Bus,6.81,16.3,715.0,Local
2020-02-08,Cafe,Friend's Place,Bus,5.03,12.1,528.1,Local
2020-02-09,Stadium,Cafe,Bicycle,4.2,16.8,0.0,Local
2020-02-09,Cafe,Home,Bicycle,10.98,43.9,0.0,Local
2020-02-09,Home,Stadium,Bicycle,18.72,74.9,0.0,Local
2020-02-10,Home,Library,Walk,14.35,172.2,0.0,Local
2020-02-11,Home,Friend's Place,Bicycle,17.28,69.1,0.0,Local
2020-02-11,Friend's Place,Stadium,Car,2.55,3.8,489.6,Local
2020-02-12,Home,Cafe,Walk,10.47,125.6,0.0,Local
2020-02-12,Cafe,University,Walk,8.31,99.7,0.0,Local
2020-02-12,University,Home,Bicycle,5.6,22.4,0.0,Local
2020-02-13,Home,Gym,Car,11.11,16.7,2133.1,Local
2020-02-14,Home,Library,Train,17.16,22.9,703.6,Local
2020-02-14,Library,Home,Walk,5.44,65.3,0.0,Local
2020-02-15,Home,Gym,Walk,16.23,194.8,0.0,Local
2020-02-15,Gym,University,Walk,12.45,149.4,0.0,Local
2020-02-16,Home,Cafe,Tram,7.31,21.9,438.6,Local
2020-02-16,Cafe,University,Bicycle,11.48,45.9,0.0,Local
2020-02-19,Home,Friend's Place,Car,8.25,12.4,1584.0,Local
2020-02-20,Stadium,University,Train,19.22,25.6,788.0,Local
2020-02-20,Home,Stadium,Bus,13.01,31.2,1366.0,Local
2020-02-21,Home,Cafe,Bicycle,12.87,51.5,0.0,Local
2020-02-22,University,Cafe,Car,14.61,21.9,2805.1,Local
2020-02-22,Home,University,Car,15.13,22.7,2905.0,Local
2020-02-23,Home,Library,Train,18.5,24.7,758.5,Local
2020-02-23,Library,Friend's Place,Train,2.01,2.7,82.4,Local
2020-02-23,Friend's Place,Gym,Walk,1.54,18.5,0.0,Local
2020-02-24,Home,University,Bus,8.02,19.2,842.1,Local
2020-02-25,Home,Gym,Bicycle,14.88,59.5,0.0,Local
2020-02-25,Gym,Library,Walk,1.59,19.1,0.0,Local
2020-02-26,Home,Gym,Bus,14.47,34.7,1519.4,Local
2020-02-27,Home,Library,Car,10.75,16.1,2064.0,Local
2020-02-28,Home,Library,Car,5.51,8.3,1057.9,Local
2020-02-28,Library,Home,Bicycle,17.39,69.6,0.0,Local
2020-02-29,Home,University,Bus,15.03,36.1,1578.1,Local
2020-02-29,University,Home,Tram,12.03,36.1,721.8,Local
2020-02-29,Home,Friend's Place,Walk,16.45,197.4,0.0,Local
2020-03-01,Home,Gym,Bus,18.94,45.5,1988.7,Local
2020-03-01,Gym,Stadium,Train,7.37,9.8,302.2,Local
2020-03-01,Stadium,Library,Bus,7.46,17.9,783.3,Local
2020-03-02,University,Friend's Place,Train,17.8,23.7,729.8,Local
2020-03-02,Home,Cafe,Tram,9.3,27.9,558.0,Local
2020-03-02,Cafe,University,Bus,13.24,31.8,1390.2,Local
2020-03-03,Home,Gym,Bicycle,5.75,23.0,0.0,Local
2020-03-04,Home,Friend's Place,Walk,18.99,227.9,0.0,Local
2020-03-04,Friend's Place,Library,Bicycle,0.64,2.6,0.0,Local
2020-03-05,Home,Cafe,Train,14.49,19.3,594.1,Local
2020-03-05,Cafe,Gym,Car,1.1,1.7,211.2,Local
2020-03-05,Gym,Home,Walk,6.33,76.0,0.0,Local
2020-03-06,Home,Gym,Bicycle,19.37,77.5,0.0,Local
2020-03-07,Home,Cafe,Train,14.54,19.4,596.1,Local
2020-03-07,Cafe,Stadium,Car,6.62,9.9,1271.0,Local
2020-03-07,Stadium,Library,Walk,6.75,81.0,0.0,Local
2020-03-08,Friend's Place,Stadium,Tram,0.72,2.2,43.2,Local
2020-03-08,Home,Friend's Place,Train,7.15,9.5,293.2,Local
2020-03-09,University,Friend's Place,Tram,13.49,40.5,809.4,Local
2020-03-09,Friend's Place,Cafe,Tram,1.65,4.9,99.0,Local
2020-03-09,Home,University,Bicycle,14.33,57.3,0.0,Local
2020-03-10,Gym,Cafe,Walk,6.41,76.9,0.0,Local
2020-03-10,Home,University,Tram,11.33,34.0,679.8,Local
2020-03-10,University,Gym,Bicycle,15.86,63.4,0.0,Local
2020-03-11,Home,Stadium,Bicycle,11.12,44.5,0.0,Local
2020-03-11,Stadium,Library,Bicycle,4.42,17.7,0.0,Local
2020-03-11,Library,Stadium,Bus,1.7,4.1,178.5,Local
2020-03-13,Home,Library,Walk,18.42,221.0,0.0,Local
2020-03-14,Home,Gym,Bus,5.39,12.9,565.9,Local
2020-03-14,Gym,University,Bus,10.38,24.9,1089.9,Local
2020-03-15,Home,University,Bus,6.88,16.5,722.4,Local
2020-03-15,University,Home,Car,5.17,7.8,992.6,Local
2020-03-16,Home,Gym,Car,13.19,19.8,2532.5,Local
2020-03-17,Home,Library,Walk,14.41,172.9,0.0,Local
2020-03-18,Home,Stadium,Bus,9.91,23.8,1040.5,Local
2020-03-18,Stadium,Library,Bicycle,2.63,10.5,0.0,Local
2020-03-20,Home,Gym,Bus,10.44,25.1,1096.2,Local
2020-03-21,Home,Stadium,Walk,18.93,227.2,0.0,Local
2020-03-22,Home,Library,Bicycle,14.67,58.7,0.0,Local
2020-03-24,Friend's Place,Home,Tram,5.9,17.7,354.0,Local
2020-03-24,Home,Friend's Place,Bus,9.93,23.8,1042.6,Local
2020-03-25,Home,Library,Bus,14.27,34.2,1498.3,Local
2020-03-25,Library,Friend's Place,Walk,6.23,74.8,0.0,Local
2020-03-26,Home,Library,Walk,9.98,119.8,0.0,Local
2020-03-26,Library,Cafe,Bicycle,6.86,27.4,0.0,Local
2020-03-26,Cafe,Library,Walk,5.75,69.0,0.0,Local
2020-03-28,Home,Friend's Place,Bicycle,6.34,25.4,0.0,Local
2020-03-29,Home,Friend's Place,Car,5.96,8.9,1144.3,Local
2020-03-30,Home,University,Walk,7.78,93.4,0.0,Local
2020-03-31,Home,University,Bicycle,15.88,63.5,0.0,Local
2020-03-31,University,Stadium,Walk,14.9,178.8,0.0,Local
2020-03-31,Stadium,Gym,Bicycle,4.05,16.2,0.0,Local
2020-04-01,Home,Friend's Place,Car,7.31,11.0,1403.5,Local
2020-04-01,Friend's Place,Gym,Bus,4.13,9.9,433.6,Local
2020-04-01,Gym,Cafe,Tram,1.13,3.4,67.8,Local
2020-04-03,Home,Friend's Place,Car,11.66,17.5,2238.7,Local
2020-04-04,Home,Stadium,Train,7.66,10.2,314.1,Local
2020-04-05,Cafe,Library,Walk,4.37,52.4,0.0,Local
2020-04-05,Home,Stadium,Bicycle,15.17,60.7,0.0,Local
2020-04-05,Stadium,Cafe,Car,2.06,3.1,395.5,Local
2020-04-06,Home,Gym,Train,17.18,22.9,704.4,Local
2020-04-07,Home,Gym,Bicycle,13.04,52.2,0.0,Local
2020-04-07,Gym,Friend's Place,Walk,6.35,76.2,0.0,Local
2020-04-08,Home,Library,Bicycle,13.43,53.7,0.0,Local
2020-04-08,Library,Cafe,Tram,4.86,14.6,291.6,Local
2020-04-09,Home,Stadium,Bicycle,12.2,48.8,0.0,Local
2020-04-09,Stadium,Cafe,Car,6.73,10.1,1292.2,Local
2020-04-09,Cafe,Home,Car,5.51,8.3,1057.9,Local
2020-04-10,Home,Stadium,Walk,11.07,132.8,0.0,Local
2020-04-11,Home,Gym,Tram,16.11,48.3,966.6,Local
2020-04-12,Home,Cafe,Walk,5.95,71.4,0.0,Local
2020-04-13,Friend's Place,Gym,Tram,0.79,2.4,47.4,Local
2020-04-13,Home,Friend's Place,Train,5.8,7.7,237.8,Local
2020-04-14,Stadium,Gym,Bicycle,4.53,18.1,0.0,Local
2020-04-14,Home,Friend's Place,Walk,14.5,174.0,0.0,Local
2020-04-14,Friend's Place,Stadium,Tram,2.68,8.0,160.8,Local
2020-04-15,Home,University,Bicycle,16.02,64.1,0.0,Local
2020-04-16,Home,Cafe,Tram,8.33,25.0,499.8,Local
2020-04-17,Home,Cafe,Car,6.44,9.7,1236.5,Local
2020-04-17,Cafe,Library,Walk,3.56,42.7,0.0,Local
2020-04-17,Library,University,Car,9.87,14.8,1895.0,Local
2020-04-18,Home,Gym,Bicycle,10.97,43.9,0.0,Local
2020-04-18,Gym,Home,Walk,14.41,172.9,0.0,Local
2020-04-18,Home,Cafe,Bus,14.22,34.1,1493.1,Local
2020-04-19,Home,Library,Train,15.57,20.8,638.4,Local
2020-04-20,Gym,Cafe,Bicycle,7.96,31.8,0.0,Local
2020-04-20,Cafe,Gym,Tram,2.16,6.5,129.6,Local
2020-04-20,Home,Gym,Bicycle,7.99,32.0,0.0,Local
2020-04-21,Home,Friend's Place,Bus,16.7,40.1,1753.5,Local
2020-04-22,University,Gym,Train,9.91,13.2,406.3,Local
2020-04-22,Home,University,Train,13.46,17.9,551.9,Local
2020-04-23,Gym,Stadium,Bus,3.69,8.9,387.4,Local
2020-04-23,Stadium,Home,Bicycle,10.69,42.8,0.0,Local
2020-04-23,Home,Gym,Tram,12.3,36.9,738.0,Local
2020-04-24,Home,Friend's Place,Car,5.16,7.7,990.7,Local
2020-04-24,Friend's Place,Home,Tram,16.68,50.0,1000.8,Local
2020-04-24,Home,University,Tram,19.39,58.2,1163.4,Local
2020-04-25,Home,Stadium,Car,11.26,16.9,2161.9,Local
2020-04-26,Home,Friend's Place,Car,13.54,20.3,2599.7,Local
2020-04-26,Friend's Place,Gym,Tram,5.97,17.9,358.2,Local
2020-04-27,Library,Friend's Place,Car,7.91,11.9,1518.7,Local
2020-04-27,Home,Library,Bus,8.89,21.3,933.5,Local
2020-04-28,Home,University,Walk,14.11,169.3,0.0,Local
2020-04-28,University,Home,Bicycle,8.85,35.4,0.0,Local
2020-04-28,Home,Gym,Train,5.7,7.6,233.7,Local
2020-04-29,Home,Library,Tram,7.1,21.3,426.0,Local
2020-04-29,Library,University,Walk,11.6,139.2,0.0,Local
2020-04-30,Friend's Place,Library,Train,2.59,3.5,106.2,Local
2020-04-30,Home,Friend's Place,Walk,12.08,145.0,0.0,Local
2020-05-01,Stadium,Friend's Place,Train,1.9,2.5,77.9,Local
2020-05-01,Cafe,Stadium,Bus,7.36,17.7,772.8,Local
2020-05-01,Home,Cafe,Bus,9.53,22.9,1000.6,Local
2020-05-02,Home,Library,Train,15.31,20.4,627.7,Local
2020-05-02,Library,Friend's Place,Walk,4.23,50.8,0.0,Local
2020-05-02,Friend's Place,Gym,Bus,1.31,3.1,137.6,Local
2020-05-03,Home,Stadium,Bus,16.6,39.8,1743.0,Local
2020-05-03,Stadium,Cafe,Train,2.56,3.4,105.0,Local
2020-05-04,Home,Cafe,Bicycle,16.46,65.8,0.0,Local
2020-05-05,Cafe,Library,Car,1.66,2.5,318.7,Local
2020-05-05,Friend's Place,Cafe,Car,2.26,3.4,433.9,Local
2020-05-05,Home,Friend's Place,Train,14.82,19.8,607.6,Local
2020-05-06,Home,Cafe,Car,7.34,11.0,1409.3,Local
2020-05-07,Home,Gym,Bicycle,18.78,75.1,0.0,Local
2020-05-08,Home,Friend's Place,Tram,9.17,27.5,550.2,Local
2020-05-08,Friend's Place,Cafe,Car,7.85,11.8,1507.2,Local
2020-05-08,Cafe,Friend's Place,Tram,3.09,9.3,185.4,Local
2020-05-09,Home,University,Car,19.87,29.8,3815.0,Local
2020-05-10,Library,Home,Car,17.08,25.6,3279.4,Local
2020-05-10,Cafe,Library,Bus,6.85,16.4,719.2,Local
2020-05-10,Home,Cafe,Bus,10.17,24.4,1067.8,Local
2020-05-11,Home,Cafe,Train,6.86,9.1,281.3,Local
2020-05-12,Home,Stadium,Tram,9.75,29.2,585.0,Local
2020-05-13,Home,University,Walk,7.77,93.2,0.0,Local
2020-05-13,University,Cafe,Bicycle,9.28,37.1,0.0,Local
2020-05-13,Cafe,Home,Car,6.96,10.4,1336.3,Local
2020-05-14,Friend's Place,Library,Car,7.41,11.1,1422.7,Local
2020-05-14,Library,Cafe,Train,7.43,9.9,304.6,Local
2020-05-14,Home,Friend's Place,Tram,9.33,28.0,559.8,Local
2020-05-15,Home,Gym,Walk,18.07,216.8,0.0,Local
2020-05-15,Gym,Cafe,Bicycle,6.83,27.3,0.0,Local
2020-05-16,Home,Stadium,Tram,6.09,18.3,365.4,Local
2020-05-16,Stadium,Home,Train,10.6,14.1,434.6,Local
2020-05-16,Home,Cafe,Bus,6.79,16.3,713.0,Local
2020-05-17,Library,Home,Bus,9.6,23.0,1008.0,Local
2020-05-17,Home,Gym,Walk,14.94,179.3,0.0,Local
2020-05-17,Gym,Library,Tram,2.93,8.8,175.8,Local
2020-05-20,Stadium,Gym,Tram,5.65,17.0,339.0,Local
2020-05-20,Home,Stadium,Bicycle,5.08,20.3,0.0,Local
2020-05-21,Home,Gym,Car,17.32,26.0,3325.4,Local
2020-05-21,Gym,Library,Walk,3.26,39.1,0.0,Local
2020-05-22,Home,University,Tram,6.59,19.8,395.4,Local
2020-05-22,University,Friend's Place,Walk,16.77,201.2,0.0,Local
2020-05-22,Friend's Place,Home,Bicycle,15.75,63.0,0.0,Local
2020-05-23,Home,Friend's Place,Tram,11.68,35.0,700.8,Local
2020-05-23,Friend's Place,Stadium,Bus,5.36,12.9,562.8,Local
2020-05-24,Gym,Stadium,Walk,7.72,92.6,0.0,Local
2020-05-24,Home,Gym,Car,12.79,19.2,2455.7,Local
2020-05-25,Home,Stadium,Bicycle,15.19,60.8,0.0,Local
2020-05-25,Stadium,Home,Car,19.97,30.0,3834.2,Local
2020-05-26,Home,University,Tram,5.88,17.6,352.8,Local
2020-05-26,University,Cafe,Car,17.31,26.0,3323.5,Local
2020-05-27,Home,Cafe,Bus,16.17,38.8,1697.9,Local
2020-05-28,Home,Cafe,Train,9.83,13.1,403.0,Local
2020-05-28,Cafe,Library,Train,7.35,9.8,301.3,Local
2020-05-29,Gym,Stadium,Bus,6.46,15.5,678.3,Local
2020-05-29,Home,Friend's Place,Bicycle,15.7,62.8,0.0,Local
2020-05-29,Friend's Place,Gym,Tram,1.2,3.6,72.0,Local
2020-05-30,Home,Stadium,Car,11.33,17.0,2175.4,Local
2020-05-30,Stadium,Gym,Train,2.12,2.8,86.9,Local
2020-05-31,Home,Stadium,Car,8.55,12.8,1641.6,Local
2020-06-01,Home,Friend's Place,Tram,9.29,27.9,557.4,Local
2020-06-03,Home,Cafe,Walk,8.91,106.9,0.0,Local
2020-06-04,Home,University,Car,17.22,25.8,3306.2,Local
2020-06-04,University,Gym,Tram,6.87,20.6,412.2,Local
2020-06-04,Gym,Friend's Place,Tram,5.28,15.8,316.8,Local
2020-06-05,Home,Friend's Place,Tram,17.49,52.5,1049.4,Local
2020-06-05,Friend's Place,Cafe,Bicycle,0.67,2.7,0.0,Local
2020-06-06,Home,Friend's Place,Train,7.04,9.4,288.6,Local
2020-06-07,Home,Gym,Bus,11.19,26.9,1175.0,Local
2020-06-07,Gym,Stadium,Bus,2.31,5.5,242.6,Local
2020-06-08,Home,Stadium,Bus,19.53,46.9,2050.7,Local
2020-06-09,Friend's Place,Home,Car,13.89,20.8,2666.9,Local
2020-06-09,Home,Friend's Place,Walk,15.44,185.3,0.0,Local
2020-06-10,Home,Library,Train,19.39,25.9,795.0,Local
2020-06-10,Library,Cafe,Walk,2.8,33.6,0.0,Local
2020-06-10,Cafe,University,Train,16.69,22.3,684.3,Local
2020-06-11,Home,Library,Walk,18.97,227.6,0.0,Local
2020-06-13,Home,Friend's Place,Train,18.67,24.9,765.5,Local
2020-06-13,Friend's Place,Home,Tram,15.05,45.2,903.0,Local
2020-06-13,Home,Cafe,Train,9.66,12.9,396.1,Local
2020-06-15,Home,Friend's Place,Walk,12.16,145.9,0.0,Local
2020-06-15,Friend's Place,Library,Walk,4.71,56.5,0.0,Local
2020-06-16,Home,University,Walk,12.83,154.0,0.0,Local
2020-06-16,University,Cafe,Walk,14.95,179.4,0.0,Local
2020-06-17,Home,Cafe,Car,16.09,24.1,3089.3,Local
2020-06-17,Cafe,Home,Tram,10.98,32.9,658.8,Local
2020-06-17,Home,Stadium,Tram,16.56,49.7,993.6,Local
2020-06-18,Home,Cafe,Bicycle,14.94,59.8,0.0,Local
2020-06-19,Home,Gym,Bus,8.11,19.5,851.5,Local
2020-06-21,Home,Library,Tram,16.49,49.5,989.4,Local
2020-06-22,Home,Stadium,Bus,17.63,42.3,1851.1,Local
2020-06-22,Stadium,Cafe,Car,3.46,5.2,664.3,Local
2020-06-23,Home,Library,Walk,7.82,93.8,0.0,Local
2020-06-24,Home,Gym,Bicycle,12.97,51.9,0.0,Local
2020-06-25,Home,Gym,Bicycle,8.65,34.6,0.0,Local
2020-06-25,Gym,Cafe,Bicycle,1.08,4.3,0.0,Local
2020-06-26,Home,University,Bus,10.4,25.0,1092.0,Local
2020-06-26,University,Home,Bus,12.37,29.7,1298.8,Local
2020-06-27,Home,Gym,Bicycle,17.54,70.2,0.0,Local
2020-06-27,Gym,Friend's Place,Walk,0.76,9.1,0.0,Local
2020-06-28,Home,University,Train,15.51,20.7,635.9,Local
2020-06-29,Home,Stadium,Bus,8.87,21.3,931.3,Local
2020-06-29,Stadium,Home,Walk,17.84,214.1,0.0,Local
2020-06-29,Home,Cafe,Walk,15.81,189.7,0.0,Local
2020-06-30,University,Library,Bicycle,11.28,45.1,0.0,Local
2020-06-30,Home,University,Bus,6.02,14.4,632.1,Local
2020-07-01,Home,University,Bicycle,11.25,45.0,0.0,Local
2020-07-01,University,Cafe,Bicycle,15.79,63.2,0.0,Local
2020-07-03,Home,Cafe,Walk,10.31,123.7,0.0,Local
2020-07-03,Cafe,Library,Train,5.33,7.1,218.5,Local
2020-07-04,Home,University,Car,8.64,13.0,1658.9,Local
2020-07-04,University,Stadium,Train,12.45,16.6,510.4,Local
2020-07-04,Stadium,Friend's Place,Train,3.44,4.6,141.0,Local
2020-07-05,Home,University,Car,10.3,15.5,1977.6,Local
2020-07-05,University,Home,Car,16.8,25.2,3225.6,Local
2020-07-06,Home,Stadium,Walk,9.29,111.5,0.0,Local
2020-07-07,Home,Stadium,Bicycle,16.45,65.8,0.0,Local
2020-07-08,Home,University,Tram,17.43,52.3,1045.8,Local
2020-07-09,Home,Cafe,Train,8.02,10.7,328.8,Local
2020-07-10,Home,University,Bicycle,18.97,75.9,0.0,Local
2020-07-10,University,Library,Bicycle,11.31,45.2,0.0,Local
2020-07-12,Stadium,Friend's Place,Bus,3.39,8.1,355.9,Local
2020-07-12,Home,Stadium,Bus,10.31,24.7,1082.5,Local
2020-07-12,Friend's Place,Cafe,Bicycle,5.95,23.8,0.0,Local
2020-07-13,Stadium,Home,Car,15.78,23.7,3029.8,Local
2020-07-13,Home,Stadium,Tram,15.63,46.9,937.8,Local
2020-07-14,Home,Gym,Tram,18.79,56.4,1127.4,Local
2020-07-15,Home,University,Train,7.26,9.7,297.7,Local
2020-07-15,University,Stadium,Tram,14.47,43.4,868.2,Local
2020-07-16,Friend's Place,Home,Bus,12.19,29.3,1280.0,Local
2020-07-16,Home,Friend's Place,Train,6.38,8.5,261.6,Local
2020-07-17,Home,Cafe,Walk,13.14,157.7,0.0,Local
2020-07-18,Home,Cafe,Bicycle,10.14,40.6,0.0,Local
2020-07-19,Home,Cafe,Bus,8.44,20.3,886.2,Local
2020-07-19,Cafe,University,Car,5.79,8.7,1111.7,Local
2020-07-20,Home,Library,Car,17.61,26.4,3381.1,Local
2020-07-21,Home,Stadium,Tram,15.06,45.2,903.6,Local
2020-07-21,Stadium,Cafe,Bicycle,5.58,22.3,0.0,Local
2020-07-22,Stadium,Friend's Place,Bus,1.82,4.4,191.1,Local
2020-07-22,Home,Friend's Place,Bus,19.82,47.6,2081.1,Local
2020-07-22,Friend's Place,Stadium,Walk,7.93,95.2,0.0,Local
2020-07-23,Home,Friend's Place,Train,11.4,15.2,467.4,Local
2020-07-23,Friend's Place,University,Train,11.47,15.3,470.3,Local
2020-07-25,Home,University,Walk,5.18,62.2,0.0,Local
2020-07-26,Friend's Place,University,Car,11.92,17.9,2288.6,Local
2020-07-26,Home,Stadium,Train,14.12,18.8,578.9,Local
2020-07-26,Stadium,Friend's Place,Bicycle,7.62,30.5,0.0,Local
2020-07-27,Stadium,Library,Car,2.76,4.1,529.9,Local
2020-07-27,Home,Stadium,Car,14.08,21.1,2703.4,Local
2020-07-29,Home,Stadium,Bicycle,15.73,62.9,0.0,Local
2020-07-29,Stadium,Home,Bus,12.14,29.1,1274.7,Local
2020-07-30,Home,Friend's Place,Walk,18.95,227.4,0.0,Local
2020-07-30,Friend's Place,Gym,Car,1.53,2.3,293.8,Local
2020-08-02,Home,Stadium,Walk,18.62,223.4,0.0,Local
2020-08-05,Home,Friend's Place,Bicycle,9.47,37.9,0.0,Local
2020-08-06,Home,Gym,Car,17.86,26.8,3429.1,Local
2020-08-06,Gym,Library,Walk,1.77,21.2,0.0,Local
2020-08-07,Home,Friend's Place,Walk,16.31,195.7,0.0,Local
2020-08-07,Friend's Place,Home,Walk,11.8,141.6,0.0,Local
2020-08-07,Home,Stadium,Walk,13.52,162.2,0.0,Local
2020-08-08,Home,Gym,Bicycle,11.81,47.2,0.0,Local
2020-08-09,Home,Stadium,Car,11.47,17.2,2202.2,Local
2020-08-09,Stadium,Home,Tram,19.83,59.5,1189.8,Local
2020-08-11,Home,Cafe,Tram,9.4,28.2,564.0,Local
2020-08-11,Cafe,Library,Bicycle,6.71,26.8,0.0,Local
2020-08-12,Home,University,Walk,14.51,174.1,0.0,Local
2020-08-14,Home,Friend's Place,Train,10.38,13.8,425.6,Local
2020-08-16,Home,Stadium,Train,19.43,25.9,796.6,Local
2020-08-16,Stadium,Home,Train,11.79,15.7,483.4,Local
2020-08-17,Home,Library,Bus,11.61,27.9,1219.0,Local
2020-08-18,Home,Friend's Place,Car,9.36,14.0,1797.1,Local
2020-08-19,Home,Stadium,Tram,10.99,33.0,659.4,Local
2020-08-20,Home,University,Tram,14.1,42.3,846.0,Local
2020-08-21,Home,Gym,Bicycle,14.31,57.2,0.0,Local
2020-08-22,Cafe,Library,Bus,2.53,6.1,265.6,Local
2020-08-22,Home,Cafe,Bus,6.57,15.8,689.9,Local
2020-08-23,Home,Stadium,Walk,10.52,126.2,0.0,Local
2020-08-23,Stadium,Cafe,Tram,5.11,15.3,306.6,Local
2020-08-23,Cafe,Gym,Bus,2.79,6.7,292.9,Local
2020-08-25,Home,Library,Walk,8.61,103.3,0.0,Local
2020-08-26,Home,University,Bus,11.57,27.8,1214.9,Local
2020-08-27,Home,University,Car,8.02,12.0,1539.8,Local
2020-08-28,Home,Cafe,Train,7.23,9.6,296.4,Local
2020-08-29,Home,Gym,Walk,15.7,188.4,0.0,Local
2020-08-30,Home,Library,Bicycle,16.54,66.2,0.0,Local
2020-08-30,Library,Home,Car,5.26,7.9,1009.9,Local
2020-08-31,Home,Library,Walk,13.33,160.0,0.0,Local
2020-08-31,Library,Friend's Place,Bicycle,6.33,25.3,0.0,Local
2020-09-01,Home,Friend's Place,Bus,6.99,16.8,734.0,Local
2020-09-02,Home,Cafe,Tram,14.99,45.0,899.4,Local
2020-09-03,Home,Gym,Bicycle,17.02,68.1,0.0,Local
2020-09-03,Gym,Cafe,Bicycle,7.38,29.5,0.0,Local
2020-09-04,Home,Library,Tram,5.41,16.2,324.6,Local
2020-09-05,Home,Stadium,Car,13.55,20.3,2601.6,Local
2020-09-06,Home,Cafe,Train,13.23,17.6,542.4,Local
2020-09-07,Home,Friend's Place,Bus,15.73,37.8,1651.7,Local
2020-09-08,Home,University,Walk,18.36,220.3,0.0,Local
2020-09-09,Home,University,Bicycle,16.94,67.8,0.0,Local
2020-09-09,University,Friend's Place,Tram,7.65,22.9,459.0,Local
2020-09-09,Friend's Place,Cafe,Walk,2.43,29.2,0.0,Local
2020-09-10,Home,Library,Walk,6.63,79.6,0.0,Local
2020-09-11,Library,University,Tram,12.53,37.6,751.8,Local
2020-09-11,Home,Library,Bus,15.97,38.3,1676.9,Local
2020-09-12,Home,Friend's Place,Bicycle,11.69,46.8,0.0,Local
2020-09-12,Friend's Place,University,Car,13.72,20.6,2634.2,Local
2020-09-13,Home,Library,Tram,9.69,29.1,581.4,Local
2020-09-13,Library,Cafe,Car,2.9,4.3,556.8,Local
2020-09-14,Home,Cafe,Walk,6.8,81.6,0.0,Local
2020-09-14,Cafe,Stadium,Walk,1.41,16.9,0.0,Local
2020-09-14,Stadium,Home,Car,10.88,16.3,2089.0,Local
2020-09-15,Home,University,Tram,7.43,22.3,445.8,Local
2020-09-16,Home,Stadium,Car,5.6,8.4,1075.2,Local
2020-09-16,Stadium,Friend's Place,Bus,5.4,13.0,567.0,Local
2020-09-16,Friend's Place,Cafe,Train,5.09,6.8,208.7,Local
2020-09-17,Home,University,Walk,19.83,238.0,0.0,Local
2020-09-18,Home,Friend's Place,Walk,15.54,186.5,0.0,Local
2020-09-20,Home,Friend's Place,Bicycle,9.84,39.4,0.0,Local
2020-09-21,Home,Friend's Place,Walk,13.07,156.8,0.0,Local
2020-09-22,Home,Cafe,Train,11.27,15.0,462.1,Local
2020-09-24,Gym,Cafe,Walk,0.71,8.5,0.0,Local
2020-09-24,Home,Gym,Walk,10.45,125.4,0.0,Local
2020-09-25,Home,University,Walk,9.19,110.3,0.0,Local
2020-09-26,Home,Friend's Place,Bus,15.65,37.6,1643.2,Local
2020-09-26,Friend's Place,Gym,Train,7.8,10.4,319.8,Local
2020-09-26,Gym,Stadium,Bus,6.19,14.9,650.0,Local
2020-09-27,Home,Library,Bicycle,17.96,71.8,0.0,Local
2020-09-27,Library,University,Car,19.03,28.5,3653.8,Local
2020-09-27,University,Gym,Car,13.22,19.8,2538.2,Local
2020-09-29,Home,Gym,Bus,7.08,17.0,743.4,Local
2020-09-29,Gym,University,Tram,18.09,54.3,1085.4,Local
2020-09-30,Home,University,Train,10.91,14.5,447.3,Local
2020-10-01,Home,Friend's Place,Bus,19.7,47.3,2068.5,Local
2020-10-02,Home,Library,Train,13.74,18.3,563.3,Local
2020-10-02,Library,Gym,Car,4.12,6.2,791.0,Local
2020-10-03,Home,Cafe,Train,19.25,25.7,789.2,Local
2020-10-03,Cafe,Friend's Place,Tram,2.94,8.8,176.4,Local
2020-10-04,Home,Library,Tram,11.18,33.5,670.8,Local
2020-10-04,Library,Home,Car,9.42,14.1,1808.6,Local
2020-10-05,Home,Stadium,Walk,8.53,102.4,0.0,Local
2020-10-06,Home,University,Bicycle,15.03,60.1,0.0,Local
2020-10-07,Home,Cafe,Train,9.02,12.0,369.8,Local
2020-10-08,Home,Cafe,Walk,18.15,217.8,0.0,Local
2020-10-09,Home,Gym,Bicycle,13.11,52.4,0.0,Local
2020-10-09,Gym,Stadium,Bicycle,4.05,16.2,0.0,Local
2020-10-10,Home,Friend's Place,Bicycle,11.82,47.3,0.0,Local
2020-10-11,Friend's Place,Stadium,Train,3.57,4.8,146.4,Local
2020-10-11,Stadium,Gym,Bicycle,0.7,2.8,0.0,Local
2020-10-11,Home,Friend's Place,Bicycle,19.69,78.8,0.0,Local
2020-10-12,Home,University,Tram,15.78,47.3,946.8,Local
2020-10-13,Home,Stadium,Bus,15.72,37.7,1650.6,Local
2020-10-13,Stadium,Gym,Train,4.06,5.4,166.5,Local
2020-10-14,Home,University,Tram,16.53,49.6,991.8,Local
2020-10-14,University,Stadium,Walk,18.24,218.9,0.0,Local
2020-10-15,Home,Gym,Car,15.07,22.6,2893.4,Local
2020-10-16,Home,Library,Tram,14.44,43.3,866.4,Local
2020-10-19,Home,Gym,Train,18.23,24.3,747.4,Local
2020-10-20,Home,Cafe,Walk,7.89,94.7,0.0,Local
2020-10-21,Home,Stadium,Car,11.87,17.8,2279.0,Local
2020-10-22,Home,Gym,Train,6.3,8.4,258.3,Local
2020-10-22,Gym,University,Bus,9.57,23.0,1004.9,Local
2020-10-22,University,Cafe,Bicycle,16.54,66.2,0.0,Local
2020-10-23,Home,Stadium,Bicycle,5.63,22.5,0.0,Local
2020-10-23,Stadium,University,Bus,6.63,15.9,696.1,Local
2020-10-25,Home,Friend's Place,Bicycle,10.14,40.6,0.0,Local
2020-10-25,Friend's Place,Cafe,Tram,2.9,8.7,174.0,Local
2020-10-26,Home,Cafe,Bicycle,8.37,33.5,0.0,Local
2020-10-27,Home,University,Car,11.93,17.9,2290.6,Local
2020-10-27,University,Gym,Bus,7.85,18.8,824.2,Local
2020-10-28,Home,Stadium,Train,9.85,13.1,403.8,Local
2020-10-29,Home,Library,Train,14.24,19.0,583.8,Local
2020-10-29,Library,Cafe,Walk,6.51,78.1,0.0,Local
2020-10-30,Home,Friend's Place,Car,17.55,26.3,3369.6,Local
2020-10-30,Friend's Place,Stadium,Car,7.87,11.8,1511.0,Local
2020-10-31,Home,University,Train,18.63,24.8,763.8,Local
2020-11-01,Home,Stadium,Car,9.49,14.2,1822.1,Local
2020-11-02,Home,Gym,Bus,13.05,31.3,1370.2,Local
2020-11-02,Gym,Home,Tram,18.89,56.7,1133.4,Local
2020-11-02,Home,Gym,Tram,8.17,24.5,490.2,Local
2020-11-03,Home,University,Train,7.71,10.3,316.1,Local
2020-11-04,Home,Friend's Place,Bicycle,12.17,48.7,0.0,Local
2020-11-05,Home,Cafe,Car,16.42,24.6,3152.6,Local
2020-11-06,Home,Library,Bicycle,16.48,65.9,0.0,Local
2020-11-07,Home,Library,Bus,5.29,12.7,555.5,Local
2020-11-07,Library,Home,Bus,10.96,26.3,1150.8,Local
2020-11-08,Home,Cafe,Walk,17.55,210.6,0.0,Local
2020-11-08,Cafe,Library,Bicycle,1.28,5.1,0.0,Local
2020-11-08,Library,Cafe,Walk,6.25,75.0,0.0,Local
2020-11-09,Home,Library,Train,8.46,11.3,346.9,Local
2020-11-09,Library,Gym,Car,4.89,7.3,938.9,Local
2020-11-10,Home,Stadium,Tram,19.31,57.9,1158.6,Local
2020-11-11,Home,Gym,Car,13.35,20.0,2563.2,Local
2020-11-12,Home,Cafe,Tram,10.98,32.9,658.8,Local
2020-11-14,Home,Gym,Train,13.35,17.8,547.4,Local
2020-11-14,Gym,Friend's Place,Bus,5.01,12.0,526.0,Local
2020-11-16,Home,Stadium,Train,18.73,25.0,767.9,Local
2020-11-17,Home,Stadium,Bicycle,12.97,51.9,0.0,Local
2020-11-17,Stadium,Library,Train,0.91,1.2,37.3,Local
2020-11-17,Library,Stadium,Train,6.55,8.7,268.6,Local
2020-11-18,Home,Cafe,Train,17.0,22.7,697.0,Local
2020-11-19,Home,Cafe,Train,12.6,16.8,516.6,Local
2020-11-20,Friend's Place,Home,Bicycle,12.71,50.8,0.0,Local
2020-11-20,Home,Stadium,Walk,19.56,234.7,0.0,Local
2020-11-20,Stadium,Friend's Place,Walk,2.64,31.7,0.0,Local
2020-11-21,Home,Gym,Bicycle,8.23,32.9,0.0,Local
2020-11-22,Home,Friend's Place,Walk,7.35,88.2,0.0,Local
2020-11-22,Friend's Place,Library,Bus,2.65,6.4,278.2,Local
2020-11-23,Gym,University,Bicycle,15.36,61.4,0.0,Local
2020-11-23,Home,Gym,Bicycle,19.39,77.6,0.0,Local
2020-11-24,Home,Cafe,Tram,5.63,16.9,337.8,Local
2020-11-24,Stadium,Home,Train,9.35,12.5,383.3,Local
2020-11-24,Home,Stadium,Bus,5.83,14.0,612.1,Local
2020-11-25,Home,Gym,Train,17.87,23.8,732.7,Local
2020-11-25,Gym,Cafe,Car,6.01,9.0,1153.9,Local
2020-11-26,Home,Friend's Place,Train,10.39,13.9,426.0,Local
2020-11-26,Friend's Place,Stadium,Tram,3.36,10.1,201.6,Local
2020-11-27,Home,Cafe,Bus,15.84,38.0,1663.2,Local
2020-11-27,Cafe,Stadium,Car,5.25,7.9,1008.0,Local
2020-11-27,Stadium,University,Bicycle,7.84,31.4,0.0,Local
2020-11-29,Home,Cafe,Car,7.46,11.2,1432.3,Local
2020-11-30,Home,Library,Bicycle,15.04,60.2,0.0,Local
2020-12-02,Home,Stadium,Train,8.51,11.3,348.9,Local
2020-12-03,Home,Stadium,Bicycle,14.43,57.7,0.0,Local
2020-12-04,Home,Friend's Place,Tram,18.54,55.6,1112.4,Local
2020-12-05,Home,University,Car,14.25,21.4,2736.0,Local
2020-12-06,Home,Cafe,Tram,19.19,57.6,1151.4,Local
2020-12-06,Cafe,Home,Bus,9.1,21.8,955.5,Local
2020-12-06,Home,Friend's Place,Tram,19.82,59.5,1189.2,Local
2020-12-07,Home,Stadium,Bus,19.74,47.4,2072.7,Local
2020-12-09,Home,Cafe,Car,9.92,14.9,1904.6,Local
2020-12-09,Cafe,Home,Car,10.92,16.4,2096.6,Local
2020-12-09,Home,Cafe,Bicycle,6.38,25.5,0.0,Local
2020-12-10,Home,Cafe,Walk,5.72,68.6,0.0,Local
2020-12-10,Cafe,Friend's Place,Bus,3.63,8.7,381.1,Local
2020-12-10,Friend's Place,Gym,Car,7.8,11.7,1497.6,Local
2020-12-11,Home,Cafe,Bus,9.11,21.9,956.5,Local
2020-12-12,Library,Home,Tram,18.94,56.8,1136.4,Local
2020-12-12,Home,Library,Bus,12.41,29.8,1303.0,Local
2020-12-13,Home,Stadium,Bus,17.63,42.3,1851.1,Local
2020-12-14,Home,Library,Bicycle,19.22,76.9,0.0,Local
2020-12-15,Home,University,Car,6.45,9.7,1238.4,Local
2020-12-15,University,Cafe,Bus,13.24,31.8,1390.2,Local
2020-12-15,Cafe,Stadium,Bus,2.58,6.2,270.9,Local
2020-12-16,Stadium,Cafe,Bicycle,2.48,9.9,0.0,Local
2020-12-16,Home,Stadium,Bus,11.06,26.5,1161.3,Local
2020-12-17,Home,Friend's Place,Tram,8.85,26.6,531.0,Local
2020-12-18,Stadium,Home,Bicycle,14.59,58.4,0.0,Local
2020-12-18,Home,Stadium,Bicycle,17.66,70.6,0.0,Local
2020-12-19,Home,Cafe,Bicycle,10.21,40.8,0.0,Local
2020-12-20,Home,Friend's Place,Bicycle,19.41,77.6,0.0,Local
2020-12-21,Home,University,Tram,15.33,46.0,919.8,Local
2020-12-22,Home,University,Bus,16.34,39.2,1715.7,Local
2020-12-23,Home,Gym,Bicycle,15.76,63.0,0.0,Local
2020-12-23,Gym,Stadium,Train,7.5,10.0,307.5,Local
2020-12-26,Home,Stadium,Bicycle,6.56,26.2,0.0,Local
2020-12-27,Home,Library,Train,17.29,23.1,708.9,Local
2020-12-29,Stadium,Gym,Bus,3.47,8.3,364.4,Local
2020-12-29,Home,Stadium,Bus,19.56,46.9,2053.8,Local
2020-12-30,Home,Friend's Place,Tram,16.92,50.8,1015.2,Local
2020-12-31,Home,Cafe,Bus,6.71,16.1,704.5,Local
2020-12-31,Cafe,Gym,Train,1.47,2.0,60.3,Local
2021-01-01,Home,Stadium,Tram,17.72,53.2,1063.2,Local
2021-01-01,Stadium,Home,Train,9.09,12.1,372.7,Local
2021-01-02,Home,Library,Car,8.08,12.1,1551.4,Local
2021-01-02,Library,Gym,Train,1.35,1.8,55.4,Local
2021-01-03,Friend's Place,Gym,Bicycle,3.55,14.2,0.0,Local
2021-01-03,Home,Friend's Place,Walk,7.34,88.1,0.0,Local
2021-01-05,Home,Cafe,Walk,9.02,108.2,0.0,Local
2021-01-06,Home,Gym,Bicycle,15.4,61.6,0.0,Local
2021-01-07,Home,Cafe,Car,5.42,8.1,1040.6,Local
2021-01-08,Home,Library,Bus,6.47,15.5,679.4,Local
2021-01-09,Home,University,Bicycle,16.26,65.0,0.0,Local
2021-01-09,University,Library,Bus,12.14,29.1,1274.7,Local
2021-01-10,Home,Library,Train,5.32,7.1,218.1,Local
2021-01-13,Home,University,Train,13.11,17.5,537.5,Local
2021-01-14,Home,University,Tram,18.23,54.7,1093.8,Local
2021-01-15,Home,Friend's Place,Car,12.07,18.1,2317.4,Local
2021-01-16,Home,Library,Walk,11.61,139.3,0.0,Local
2021-01-17,Home,Stadium,Bicycle,13.53,54.1,0.0,Local
2021-01-17,Stadium,Library,Walk,7.72,92.6,0.0,Local
2021-01-18,Home,Library,Tram,10.5,31.5,630.0,Local
2021-01-18,Library,Home,Train,12.2,16.3,500.2,Local
2021-01-19,Home,University,Bus,12.31,29.5,1292.5,Local
2021-01-20,Cafe,Friend's Place,Walk,4.21,50.5,0.0,Local
2021-01-20,Home,Cafe,Bus,18.29,43.9,1920.4,Local
2021-01-21,Home,University,Walk,19.57,234.8,0.0,Local
2021-01-21,University,Library,Bicycle,9.12,36.5,0.0,Local
2021-01-21,Library,Cafe,Car,4.99,7.5,958.1,Local
2021-01-22,Home,Stadium,Bicycle,12.78,51.1,0.0,Local
2021-01-26,Home,Gym,Train,14.79,19.7,606.4,Local
2021-01-26,Gym,Home,Train,5.54,7.4,227.1,Local
2021-01-26,Home,Library,Tram,19.43,58.3,1165.8,Local
2021-01-27,Home,Cafe,Walk,18.81,225.7,0.0,Local
2021-01-27,Cafe,Friend's Place,Bus,2.68,6.4,281.4,Local
2021-01-27,Friend's Place,Stadium,Bus,6.23,15.0,654.2,Local
2021-01-28,Home,University,Bus,12.67,30.4,1330.3,Local
2021-01-29,Home,University,Car,12.7,19.1,2438.4,Local
2021-01-30,Home,Library,Walk,11.13,133.6,0.0,Local
2021-01-30,Library,Cafe,Bus,1.97,4.7,206.8,Local
2021-01-30,Cafe,Gym,Train,1.63,2.2,66.8,Local
2021-02-01,University,Friend's Place,Tram,19.0,57.0,1140.0,Local
2021-02-01,Home,University,Bicycle,10.53,42.1,0.0,Local
2021-02-02,Home,Friend's Place,Bicycle,18.75,75.0,0.0,Local
2021-02-03,Home,Friend's Place,Bicycle,5.14,20.6,0.0,Local
2021-02-03,Friend's Place,Cafe,Tram,2.46,7.4,147.6,Local
2021-02-03,Cafe,Friend's Place,Walk,1.53,18.4,0.0,Local
2021-02-04,Home,University,Walk,8.8,105.6,0.0,Local
2021-02-04,University,Library,Bicycle,9.55,38.2,0.0,Local
2021-02-05,Home,Gym,Train,9.56,12.7,392.0,Local
2021-02-06,Home,Library,Walk,15.32,183.8,0.0,Local
2021-02-06,Library,University,Walk,15.0,180.0,0.0,Local
2021-02-07,Home,Gym,Bicycle,6.23,24.9,0.0,Local
2021-02-07,Gym,Stadium,Bicycle,4.56,18.2,0.0,Local
2021-02-07,Stadium,Library,Bus,5.49,13.2,576.5,Local
2021-02-08,Home,Cafe,Train,15.99,21.3,655.6,Local
2021-02-08,Cafe,Library,Car,3.45,5.2,662.4,Local
2021-02-09,Home,Library,Bicycle,12.0,48.0,0.0,Local
2021-02-09,Library,University,Car,14.94,22.4,2868.5,Local
2021-02-10,Home,Library,Train,15.3,20.4,627.3,Local
2021-02-11,Gym,Cafe,Tram,1.55,4.7,93.0,Local
2021-02-11,Home,Cafe,Bicycle,17.18,68.7,0.0,Local
2021-02-11,Cafe,Gym,Tram,6.77,20.3,406.2,Local
2021-02-12,Home,University,Bus,18.4,44.2,1932.0,Local
2021-02-12,University,Friend's Place,Tram,18.18,54.5,1090.8,Local
2021-02-12,Friend's Place,Library,Walk,3.37,40.4,0.0,Local
2021-02-13,Home,Library,Bus,11.83,28.4,1242.2,Local
2021-02-14,Home,Friend's Place,Train,9.76,13.0,400.2,Local
2021-02-14,Friend's Place,Stadium,Bicycle,6.76,27.0,0.0,Local
2021-02-15,Home,University,Walk,12.92,155.0,0.0,Local
2021-02-15,University,Home,Tram,11.74,35.2,704.4,Local
2021-02-15,Home,Library,Bicycle,19.24,77.0,0.0,Local
2021-02-16,Home,Library,Walk,7.76,93.1,0.0,Local
2021-02-19,Home,University,Bus,10.13,24.3,1063.7,Local
2021-02-20,Home,University,Tram,14.93,44.8,895.8,Local
2021-02-22,Home,Stadium,Bicycle,17.26,69.0,0.0,Local
2021-02-22,Stadium,Library,Walk,2.37,28.4,0.0,Local
2021-02-22,Library,Stadium,Bus,4.51,10.8,473.5,Local
2021-02-23,Home,Stadium,Bus,6.56,15.7,688.8,Local
2021-02-24,Home,Cafe,Bus,16.45,39.5,1727.2,Local
2021-02-24,Cafe,Stadium,Tram,5.93,17.8,355.8,Local
2021-02-24,Stadium,Library,Car,7.28,10.9,1397.8,Local
2021-02-25,Home,Library,Train,15.51,20.7,635.9,Local
2021-02-26,Home,Library,Car,5.93,8.9,1138.6,Local
2021-02-26,Library,Home,Bus,18.78,45.1,1971.9,Local
2021-02-27,Home,Friend's Place,Train,12.03,16.0,493.2,Local
2021-02-27,Friend's Place,Gym,Bicycle,2.82,11.3,0.0,Local
2021-02-27,Gym,Home,Bus,9.9,23.8,1039.5,Local
2021-02-28,Home,Library,Walk,6.52,78.2,0.0,Local
2021-03-01,Home,Cafe,Walk,9.24,110.9,0.0,Local
2021-03-01,Cafe,Stadium,Tram,1.94,5.8,116.4,Local
2021-03-01,Stadium,Friend's Place,Bus,5.78,13.9,606.9,Local
2021-03-02,Home,Gym,Train,14.05,18.7,576.1,Local
2021-03-02,Gym,Friend's Place,Bicycle,5.21,20.8,0.0,Local
2021-03-03,Home,Stadium,Train,13.68,18.2,560.9,Local
2021-03-04,University,Gym,Walk,9.63,115.6,0.0,Local
2021-03-04,Home,University,Train,19.52,26.0,800.3,Local
2021-03-05,Home,University,Walk,13.8,165.6,0.0,Local
2021-03-06,Home,Cafe,Bicycle,14.03,56.1,0.0,Local
2021-03-06,Cafe,University,Train,13.35,17.8,547.4,Local
2021-03-06,University,Library,Tram,6.62,19.9,397.2,Local
2021-03-07,Home,Cafe,Walk,16.91,202.9,0.0,Local
2021-03-07,Cafe,Friend's Place,Bicycle,4.51,18.0,0.0,Local
2021-03-08,Cafe,Library,Bicycle,2.14,8.6,0.0,Local
2021-03-08,Home,Cafe,Bicycle,15.63,62.5,0.0,Local
2021-03-09,Home,Cafe,Bicycle,19.37,77.5,0.0,Local
2021-03-10,Home,Gym,Train,15.15,20.2,621.1,Local
2021-03-11,Home,Gym,Walk,5.84,70.1,0.0,Local
2021-03-11,Gym,Stadium,Bicycle,5.37,21.5,0.0,Local
2021-03-11,Stadium,Friend's Place,Train,4.73,6.3,193.9,Local
2021-03-12,Library,Cafe,Bicycle,3.22,12.9,0.0,Local
2021-03-12,Home,Library,Walk,16.48,197.8,0.0,Local
2021-03-13,Home,Library,Bicycle,16.78,67.1,0.0,Local
2021-03-14,Home,Cafe,Walk,8.73,104.8,0.0,Local
2021-03-15,Home,Library,Car,14.38,21.6,2761.0,Local
2021-03-16,Home,Friend's Place,Car,7.42,11.1,1424.6,Local
2021-03-17,Home,Stadium,Bus,10.26,24.6,1077.3,Local
2021-03-18,Home,Cafe,Walk,17.24,206.9,0.0,Local
2021-03-19,Home,Library,Car,6.59,9.9,1265.3,Local
2021-03-19,Library,University,Walk,13.92,167.0,0.0,Local
2021-03-19,University,Cafe,Walk,13.15,157.8,0.0,Local
2021-03-21,Home,Cafe,Tram,17.32,52.0,1039.2,Local
2021-03-22,Home,Cafe,Train,12.13,16.2,497.3,Local
2021-03-23,Home,Gym,Train,7.56,10.1,310.0,Local
2021-03-23,Gym,Cafe,Train,2.08,2.8,85.3,Local
2021-03-24,Home,Stadium,Car,8.06,12.1,1547.5,Local
2021-03-25,Home,Stadium,Car,9.01,13.5,1729.9,Local
2021-03-25,Stadium,University,Car,14.55,21.8,2793.6,Local
2021-03-28,Home,Stadium,Train,11.67,15.6,478.5,Local
2021-03-29,Stadium,Library,Train,1.46,1.9,59.9,Local
2021-03-29,Home,Stadium,Car,18.26,27.4,3505.9,Local
2021-03-29,Library,Gym,Bus,2.81,6.7,295.1,Local
2021-03-30,Library,Gym,Bicycle,4.21,16.8,0.0,Local
2021-03-30,Home,Library,Tram,10.6,31.8,636.0,Local
2021-03-31,Home,Library,Bicycle,8.73,34.9,0.0,Local
2021-04-01,Home,University,Train,10.08,13.4,413.3,Local
2021-04-02,Home,Library,Train,5.39,7.2,221.0,Local
2021-04-02,Library,University,Tram,16.18,48.5,970.8,Local
2021-04-03,Home,Friend's Place,Tram,12.43,37.3,745.8,Local
2021-04-03,Friend's Place,University,Walk,10.7,128.4,0.0,Local
2021-04-04,University,Cafe,Tram,9.38,28.1,562.8,Local
2021-04-04,Home,University,Bus,11.14,26.7,1169.7,Local
2021-04-05,Home,Cafe,Bicycle,7.69,30.8,0.0,Local
2021-04-05,Cafe,University,Bicycle,18.12,72.5,0.0,Local
2021-04-06,Home,Friend's Place,Bus,14.48,34.8,1520.4,Local
2021-04-07,Home,University,Train,9.7,12.9,397.7,Local
2021-04-08,Home,Stadium,Tram,5.14,15.4,308.4,Local
2021-04-09,Home,Library,Bus,16.63,39.9,1746.1,Local
2021-04-09,Library,University,Bus,18.52,44.4,1944.6,Local
2021-04-09,University,Home,Tram,15.15,45.5,909.0,Local
2021-04-10,Cafe,Stadium,Car,6.66,10.0,1278.7,Local
2021-04-10,Home,Library,Bicycle,10.55,42.2,0.0,Local
2021-04-10,Library,Cafe,Car,5.33,8.0,1023.4,Local
2021-04-11,Home,Stadium,Car,16.91,25.4,3246.7,Local
2021-04-11,Stadium,Library,Tram,2.56,7.7,153.6,Local
2021-04-11,Library,Stadium,Car,7.52,11.3,1443.8,Local
2021-04-12,Home,Gym,Walk,16.7,200.4,0.0,Local
2021-04-13,Home,Cafe,Train,18.32,24.4,751.1,Local
2021-04-13,Cafe,Home,Walk,14.39,172.7,0.0,Local
2021-04-13,Home,Library,Tram,12.66,38.0,759.6,Local
2021-04-14,Home,Library,Train,17.32,23.1,710.1,Local
2021-04-15,Home,Cafe,Train,15.66,20.9,642.1,Local
2021-04-15,Cafe,Stadium,Bus,4.43,10.6,465.1,Local
2021-04-16,Home,Library,Walk,5.06,60.7,0.0,Local
2021-04-17,Home,Cafe,Bus,6.25,15.0,656.2,Local
2021-04-18,University,Cafe,Walk,17.98,215.8,0.0,Local
2021-04-18,Cafe,Home,Bus,5.57,13.4,584.9,Local
2021-04-18,Home,University,Tram,14.56,43.7,873.6,Local
2021-04-19,Home,Gym,Train,9.25,12.3,379.2,Local
2021-04-20,Home,University,Bicycle,15.66,62.6,0.0,Local
2021-04-21,Home,Friend's Place,Walk,18.22,218.6,0.0,Local
2021-04-21,Friend's Place,University,Walk,10.27,123.2,0.0,Local
2021-04-22,Home,Stadium,Tram,5.04,15.1,302.4,Local
2021-04-22,Stadium,Home,Tram,19.22,57.7,1153.2,Local
2021-04-22,Home,University,Train,12.68,16.9,519.9,Local
2021-04-23,Home,Stadium,Car,6.68,10.0,1282.6,Local
2021-04-23,Stadium,Library,Tram,2.13,6.4,127.8,Local
2021-04-23,Library,Home,Walk,10.26,123.1,0.0,Local
2021-04-24,Home,Library,Walk,18.75,225.0,0.0,Local
2021-04-24,Library,Home,Walk,13.66,163.9,0.0,Local
2021-04-25,Home,Stadium,Bicycle,11.7,46.8,0.0,Local
2021-04-25,Stadium,Gym,Car,4.25,6.4,816.0,Local
2021-04-26,Home,Gym,Bicycle,16.95,67.8,0.0,Local
2021-04-27,Home,Friend's Place,Walk,10.69,128.3,0.0,Local
2021-04-29,Home,University,Bicycle,14.77,59.1,0.0,Local
2021-04-30,Gym,Stadium,Bus,2.3,5.5,241.5,Local
2021-04-30,Home,Gym,Train,9.54,12.7,391.1,Local
2021-05-01,Home,Friend's Place,Car,9.03,13.5,1733.8,Local
2021-05-02,Home,Stadium,Train,13.07,17.4,535.9,Local
2021-05-03,Home,Stadium,Bus,10.82,26.0,1136.1,Local
2021-05-03,Stadium,University,Tram,12.63,37.9,757.8,Local
2021-05-05,Home,Gym,Bus,8.19,19.7,859.9,Local
2021-05-06,Home,Friend's Place,Tram,7.39,22.2,443.4,Local
2021-05-06,Friend's Place,Gym,Car,7.25,10.9,1392.0,Local
2021-05-07,Home,Stadium,Train,8.75,11.7,358.8,Local
2021-05-07,Stadium,Cafe,Train,7.28,9.7,298.5,Local
2021-05-07,Cafe,Stadium,Walk,3.83,46.0,0.0,Local
2021-05-09,Home,Stadium,Tram,7.62,22.9,457.2,Local
2021-05-10,Home,Friend's Place,Walk,13.58,163.0,0.0,Local
2021-05-11,Home,Cafe,Tram,15.58,46.7,934.8,Local
2021-05-11,Cafe,University,Train,5.29,7.1,216.9,Local
2021-05-12,Home,Library,Tram,19.2,57.6,1152.0,Local
2021-05-13,Stadium,Cafe,Tram,1.46,4.4,87.6,Local
2021-05-13,Home,Stadium,Walk,6.28,75.4,0.0,Local
2021-05-14,Home,Stadium,Bicycle,7.31,29.2,0.0,Local
2021-05-15,Stadium,Cafe,Car,6.09,9.1,1169.3,Local
2021-05-15,Home,Friend's Place,Tram,19.63,58.9,1177.8,Local
2021-05-15,Friend's Place,Stadium,Bus,6.54,15.7,686.7,Local
2021-05-16,Home,Cafe,Walk,11.81,141.7,0.0,Local
2021-05-17,Home,University,Bus,9.74,23.4,1022.7,Local
2021-05-17,University,Friend's Place,Bus,11.59,27.8,1217.0,Local
2021-05-17,Friend's Place,Home,Bicycle,13.51,54.0,0.0,Local
2021-05-18,Home,Library,Tram,8.72,26.2,523.2,Local
2021-05-21,Home,University,Bicycle,13.28,53.1,0.0,Local
2021-05-23,Home,University,Car,6.51,9.8,1249.9,Local
2021-05-23,University,Stadium,Walk,10.24,122.9,0.0,Local
2021-05-23,Stadium,Home,Walk,13.53,162.4,0.0,Local
2021-05-26,Home,Stadium,Tram,10.54,31.6,632.4,Local
2021-05-26,Stadium,Home,Bus,18.68,44.8,1961.4,Local
2021-05-27,Home,Friend's Place,Bicycle,17.43,69.7,0.0,Local
2021-05-28,Home,Stadium,Car,19.29,28.9,3703.7,Local
2021-05-29,Home,University,Walk,11.89,142.7,0.0,Local
2021-05-29,University,Gym,Bicycle,15.72,62.9,0.0,Local
2021-05-30,Home,Stadium,Bicycle,12.97,51.9,0.0,Local
2021-05-31,Home,Library,Bus,19.71,47.3,2069.6,Local
2021-06-01,Home,Stadium,Bicycle,8.28,33.1,0.0,Local
2021-06-01,Stadium,Cafe,Bicycle,3.63,14.5,0.0,Local
2021-06-03,Home,University,Tram,7.94,23.8,476.4,Local
2021-06-04,Home,Stadium,Car,18.85,28.3,3619.2,Local
2021-06-05,Home,University,Bus,8.75,21.0,918.8,Local
2021-06-05,University,Library,Tram,19.02,57.1,1141.2,Local
2021-06-05,Library,University,Train,12.12,16.2,496.9,Local
2021-06-06,Home,Library,Car,19.12,28.7,3671.0,Local
2021-06-08,Home,Stadium,Train,13.85,18.5,567.9,Local
2021-06-08,Stadium,University,Car,14.62,21.9,2807.0,Local
2021-06-09,Home,Cafe,Tram,18.52,55.6,1111.2,Local
2021-06-10,Home,Gym,Bus,15.2,36.5,1596.0,Local
2021-06-10,Gym,Stadium,Bicycle,5.4,21.6,0.0,Local
2021-06-11,Home,Gym,Bicycle,16.31,65.2,0.0,Local
2021-06-11,Gym,Cafe,Car,5.67,8.5,1088.6,Local
2021-06-12,Stadium,Home,Car,5.58,8.4,1071.4,Local
2021-06-12,Home,Stadium,Tram,5.4,16.2,324.0,Local
2021-06-13,Home,University,Car,16.15,24.2,3100.8,Local
2021-06-14,Home,Cafe,Car,16.14,24.2,3098.9,Local
2021-06-15,Home,University,Walk,19.98,239.8,0.0,Local
2021-06-16,Home,Library,Bus,7.18,17.2,753.9,Local
2021-06-16,Library,Stadium,Car,2.06,3.1,395.5,Local
2021-06-16,Stadium,Gym,Bicycle,0.9,3.6,0.0,Local
2021-06-17,Home,Cafe,Train,17.55,23.4,719.6,Local
2021-06-18,Home,Gym,Bicycle,6.09,24.4,0.0,Local
2021-06-18,Gym,Cafe,Bus,2.98,7.2,312.9,Local
2021-06-19,Home,University,Train,14.78,19.7,606.0,Local
2021-06-20,Home,Library,Tram,9.37,28.1,562.2,Local
2021-06-21,Home,Friend's Place,Walk,15.22,182.6,0.0,Local
2021-06-22,Home,Friend's Place,Car,19.78,29.7,3797.8,Local
2021-06-22,Friend's Place,Library,Car,1.85,2.8,355.2,Local
2021-06-23,Home,University,Bus,5.34,12.8,560.7,Local
2021-06-24,Friend's Place,Cafe,Walk,4.58,55.0,0.0,Local
2021-06-24,Home,Friend's Place,Walk,15.76,189.1,0.0,Local
2021-06-25,Home,Cafe,Walk,5.31,63.7,0.0,Local
2021-06-26,Home,Stadium,Bus,9.15,22.0,960.8,Local
2021-06-27,Home,Friend's Place,Train,10.51,14.0,430.9,Local
2021-06-27,Friend's Place,Home,Train,19.7,26.3,807.7,Local
2021-06-27,Home,Cafe,Tram,11.78,35.3,706.8,Local
2021-06-28,Home,Gym,Tram,12.2,36.6,732.0,Local
2021-06-28,Gym,Stadium,Bicycle,3.94,15.8,0.0,Local
2021-06-28,Stadium,University,Walk,18.49,221.9,0.0,Local
2021-06-29,Home,Library,Bicycle,19.81,79.2,0.0,Local
2021-07-01,Home,Cafe,Train,18.48,24.6,757.7,Local
2021-07-02,Home,Gym,Bicycle,10.7,42.8,0.0,Local
2021-07-02,Gym,Friend's Place,Car,1.65,2.5,316.8,Local
2021-07-03,Home,University,Car,9.07,13.6,1741.4,Local
2021-07-04,Cafe,University,Walk,8.22,98.6,0.0,Local
2021-07-04,University,Friend's Place,Walk,5.28,63.4,0.0,Local
2021-07-04,Home,Cafe,Train,5.24,7.0,214.8,Local
2021-07-05,Stadium,Home,Tram,12.84,38.5,770.4,Local
2021-07-05,Home,Stadium,Bus,12.52,30.0,1314.6,Local
2021-07-06,Home,Library,Bicycle,16.75,67.0,0.0,Local
2021-07-07,Home,Cafe,Train,7.91,10.5,324.3,Local
2021-07-08,Home,Friend's Place,Car,16.94,25.4,3252.5,Local
2021-07-09,Home,Cafe,Bicycle,17.39,69.6,0.0,Local
2021-07-09,Cafe,Home,Bus,8.92,21.4,936.6,Local
2021-07-09,Home,Stadium,Bus,11.6,27.8,1218.0,Local
2021-07-10,Home,Library,Tram,5.91,17.7,354.6,Local
2021-07-10,Library,Gym,Bus,2.57,6.2,269.8,Local
2021-07-11,Home,Library,Train,19.57,26.1,802.4,Local
2021-07-11,Library,Gym,Tram,5.1,15.3,306.0,Local
2021-07-11,Gym,Friend's Place,Tram,7.79,23.4,467.4,Local
2021-07-12,Home,Library,Car,5.31,8.0,1019.5,Local
2021-07-12,Library,Stadium,Tram,7.23,21.7,433.8,Local
2021-07-12,Stadium,Library,Tram,1.66,5.0,99.6,Local
2021-07-13,Friend's Place,Cafe,Tram,3.8,11.4,228.0,Local
2021-07-13,Stadium,Friend's Place,Bicycle,6.5,26.0,0.0,Local
2021-07-13,Home,Stadium,Train,10.88,14.5,446.1,Local
2021-07-14,Home,Friend's Place,Bicycle,16.02,64.1,0.0,Local
2021-07-15,Home,University,Car,12.15,18.2,2332.8,Local
2021-07-16,Home,Stadium,Walk,7.42,89.0,0.0,Local
2021-07-16,Stadium,Gym,Train,5.71,7.6,234.1,Local
2021-07-17,Home,Library,Tram,13.77,41.3,826.2,Local
2021-07-18,Home,Cafe,Bicycle,10.72,42.9,0.0,Local
2021-07-19,Home,Library,Bus,8.58,20.6,900.9,Local
2021-07-19,Library,Stadium,Tram,1.51,4.5,90.6,Local
2021-07-20,Home,Cafe,Bicycle,6.69,26.8,0.0,Local
2021-07-20,Cafe,Stadium,Bicycle,5.37,21.5,0.0,Local
2021-07-21,Home,Friend's Place,Walk,6.18,74.2,0.0,Local
2021-07-21,Friend's Place,Gym,Train,0.59,0.8,24.2,Local
2021-07-22,Home,Stadium,Bus,5.02,12.0,527.1,Local
2021-07-22,Stadium,University,Tram,16.24,48.7,974.4,Local
2021-07-23,University,Home,Train,6.69,8.9,274.3,Local
2021-07-23,Home,Gym,Bus,7.3,17.5,766.5,Local
2021-07-23,Home,University,Bicycle,16.78,67.1,0.0,Local
2021-07-24,Home,Gym,Car,5.53,8.3,1061.8,Local
2021-07-24,Gym,Home,Train,8.85,11.8,362.8,Local
2021-07-25,Home,Friend's Place,Bicycle,17.97,71.9,0.0,Local
2021-07-25,Friend's Place,Library,Car,2.11,3.2,405.1,Local
2021-07-26,Home,Friend's Place,Train,13.85,18.5,567.9,Local
2021-07-26,Friend's Place,Gym,Bicycle,1.63,6.5,0.0,Local
2021-07-26,Gym,Stadium,Tram,7.14,21.4,428.4,Local
2021-07-27,Friend's Place,Home,Bicycle,17.21,68.8,0.0,Local
2021-07-27,Home,Friend's Place,Train,19.3,25.7,791.3,Local
2021-07-30,Home,Library,Bicycle,17.53,70.1,0.0,Local
2021-07-31,Home,Stadium,Train,10.2,13.6,418.2,Local
2021-07-31,Stadium,Library,Tram,7.76,23.3,465.6,Local
2021-08-01,Home,University,Bicycle,9.77,39.1,0.0,Local
2021-08-02,Home,Gym,Tram,18.58,55.7,1114.8,Local
2021-08-03,Home,Cafe,Bus,17.29,41.5,1815.4,Local
2021-08-04,Cafe,Gym,Train,4.49,6.0,184.1,Local
2021-08-04,Home,Stadium,Bus,13.07,31.4,1372.4,Local
2021-08-04,Stadium,Cafe,Bus,4.46,10.7,468.3,Local
2021-08-05,Home,Cafe,Car,17.2,25.8,3302.4,Local
2021-08-07,Home,University,Train,16.09,21.5,659.7,Local
2021-08-07,University,Cafe,Bus,19.68,47.2,2066.4,Local
2021-08-07,Cafe,Home,Bicycle,6.89,27.6,0.0,Local
2021-08-08,Home,Stadium,Walk,6.2,74.4,0.0,Local
2021-08-08,Stadium,Cafe,Train,7.14,9.5,292.7,Local
2021-08-09,Home,Stadium,Walk,6.25,75.0,0.0,Local
2021-08-10,Home,Cafe,Bus,11.71,28.1,1229.6,Local
2021-08-10,Cafe,Home,Walk,14.78,177.4,0.0,Local
2021-08-11,Home,University,Bus,17.64,42.3,1852.2,Local
2021-08-11,University,Gym,Walk,17.66,211.9,0.0,Local
2021-08-12,Home,Library,Tram,6.74,20.2,404.4,Local
2021-08-13,Home,Stadium,Walk,11.49,137.9,0.0,Local
2021-08-14,Home,Stadium,Bus,18.22,43.7,1913.1,Local
2021-08-14,Stadium,Cafe,Walk,0.93,11.2,0.0,Local
2021-08-15,Home,Stadium,Car,14.34,21.5,2753.3,Local
2021-08-15,Stadium,Friend's Place,Train,2.64,3.5,108.2,Local
2021-08-16,Library,Friend's Place,Tram,1.64,4.9,98.4,Local
2021-08-16,Home,Library,Tram,9.75,29.2,585.0,Local
2021-08-17,Cafe,University,Bicycle,15.36,61.4,0.0,Local
2021-08-17,Home,Cafe,Bus,8.97,21.5,941.9,Local
2021-08-18,Home,Stadium,Train,14.88,19.8,610.1,Local
2021-08-18,Stadium,University,Walk,18.63,223.6,0.0,Local
2021-08-19,Home,Gym,Tram,13.28,39.8,796.8,Local
2021-08-19,Gym,University,Bus,12.52,30.0,1314.6,Local
2021-08-20,Home,Stadium,Train,15.9,21.2,651.9,Local
2021-08-20,Stadium,University,Car,18.49,27.7,3550.1,Local
2021-08-20,University,Library,Car,7.18,10.8,1378.6,Local
2021-08-21,Home,Library,Train,8.62,11.5,353.4,Local
2021-08-21,Library,Gym,Train,1.06,1.4,43.5,Local
2021-08-22,Home,Gym,Car,16.72,25.1,3210.2,Local
2021-08-23,Home,Friend's Place,Bus,19.26,46.2,2022.3,Local
2021-08-24,Home,Library,Bus,15.67,37.6,1645.3,Local
2021-08-24,Library,Friend's Place,Walk,1.54,18.5,0.0,Local
2021-08-25,Home,Gym,Bicycle,7.62,30.5,0.0,Local
2021-08-26,University,Friend's Place,Walk,15.44,185.3,0.0,Local
2021-08-26,Friend's Place,Gym,Bus,0.91,2.2,95.5,Local
2021-08-26,Home,University,Bus,6.82,16.4,716.1,Local
2021-08-27,Home,Stadium,Tram,10.4,31.2,624.0,Local
2021-08-28,Home,Cafe,Train,9.12,12.2,373.9,Local
2021-08-28,Cafe,Gym,Car,5.34,8.0,1025.3,Local
2021-08-30,Home,Gym,Bus,11.26,27.0,1182.3,Local
2021-08-30,Gym,Home,Car,7.74,11.6,1486.1,Local
2021-08-31,Home,Friend's Place,Tram,19.7,59.1,1182.0,Local
2021-08-31,Home,Stadium,Car,6.67,10.0,1280.6,Local
2021-08-31,Stadium,Home,Car,16.31,24.5,3131.5,Local
2021-09-02,Home,Cafe,Train,6.28,8.4,257.5,Local
2021-09-03,Home,Cafe,Train,18.04,24.1,739.6,Local
2021-09-04,Home,Cafe,Car,8.89,13.3,1706.9,Local
2021-09-04,Cafe,Friend's Place,Tram,4.71,14.1,282.6,Local
2021-09-04,Friend's Place,Gym,Walk,4.65,55.8,0.0,Local
2021-09-05,Cafe,Gym,Bicycle,2.87,11.5,0.0,Local
2021-09-05,Gym,Home,Tram,13.37,40.1,802.2,Local
2021-09-05,Home,Cafe,Train,12.13,16.2,497.3,Local
2021-09-06,Home,Stadium,Tram,15.78,47.3,946.8,Local
2021-09-07,Home,Gym,Bus,11.77,28.2,1235.8,Local
2021-09-08,Home,Gym,Car,19.88,29.8,3817.0,Local
2021-09-08,Gym,University,Bicycle,16.21,64.8,0.0,Local
2021-09-09,Home,University,Bicycle,9.45,37.8,0.0,Local
2021-09-09,University,Gym,Bus,17.53,42.1,1840.7,Local
2021-09-10,Home,Library,Bicycle,18.73,74.9,0.0,Local
2021-09-11,Home,Library,Tram,10.99,33.0,659.4,Local
2021-09-12,Home,Library,Train,5.14,6.9,210.7,Local
2021-09-12,Library,Cafe,Car,5.53,8.3,1061.8,Local
2021-09-13,Gym,Library,Tram,2.06,6.2,123.6,Local
2021-09-13,Home,Gym,Tram,14.05,42.1,843.0,Local
2021-09-14,Home,Cafe,Bus,10.9,26.2,1144.5,Local
2021-09-14,Cafe,University,Train,16.31,21.7,668.7,Local
2021-09-14,University,Stadium,Bus,16.25,39.0,1706.2,Local
2021-09-15,Home,Cafe,Walk,6.17,74.0,0.0,Local
2021-09-15,Cafe,Stadium,Walk,1.77,21.2,0.0,Local
2021-09-16,Home,University,Tram,16.66,50.0,999.6,Local
2021-09-17,Home,Gym,Car,13.11,19.7,2517.1,Local
2021-09-19,University,Cafe,Train,19.58,26.1,802.8,Local
2021-09-19,Home,University,Bicycle,12.4,49.6,0.0,Local
2021-09-20,Home,Library,Tram,8.08,24.2,484.8,Local
2021-09-21,Home,University,Car,15.75,23.6,3024.0,Local
2021-09-21,University,Home,Tram,11.25,33.8,675.0,Local
2021-09-22,Home,University,Walk,15.09,181.1,0.0,Local
2021-09-22,University,Stadium,Bicycle,16.91,67.6,0.0,Local
2021-09-22,Stadium,University,Walk,17.62,211.4,0.0,Local
2021-09-23,Home,Library,Tram,6.5,19.5,390.0,Local
2021-09-23,Library,Cafe,Bus,5.8,13.9,609.0,Local
2021-09-24,Home,University,Tram,14.32,43.0,859.2,Local
2021-09-25,Home,Library,Tram,6.2,18.6,372.0,Local
2021-09-25,Library,Home,Bus,18.46,44.3,1938.3,Local
2021-09-26,Home,Cafe,Tram,5.43,16.3,325.8,Local
2021-09-27,Home,Stadium,Tram,19.13,57.4,1147.8,Local
2021-09-28,Home,Cafe,Car,19.79,29.7,3799.7,Local
2021-09-29,Home,Cafe,Walk,6.56,78.7,0.0,Local
2021-09-29,Cafe,Gym,Bus,3.63,8.7,381.1,Local
2021-09-30,Friend's Place,Gym,Train,3.01,4.0,123.4,Local
2021-09-30,Home,Friend's Place,Train,14.02,18.7,574.8,Local
2021-10-01,Home,Library,Tram,12.82,38.5,769.2,Local
2021-10-01,Library,Gym,Tram,1.35,4.1,81.0,Local
2021-10-02,Home,Friend's Place,Walk,10.59,127.1,0.0,Local
2021-10-02,Friend's Place,Library,Walk,6.81,81.7,0.0,Local
2021-10-03,Home,University,Tram,12.43,37.3,745.8,Local
2021-10-04,Home,University,Bicycle,15.38,61.5,0.0,Local
2021-10-05,Home,Library,Bus,14.81,35.5,1555.0,Local
2021-10-07,Home,University,Tram,5.11,15.3,306.6,Local
2021-10-07,University,Cafe,Bus,13.38,32.1,1404.9,Local
2021-10-07,Cafe,Gym,Tram,2.65,8.0,159.0,Local
2021-10-08,Home,Stadium,Bicycle,14.92,59.7,0.0,Local
2021-10-09,Home,University,Car,19.19,28.8,3684.5,Local
2021-10-10,Home,Library,Walk,13.46,161.5,0.0,Local
2021-10-11,Cafe,Stadium,Car,3.52,5.3,675.8,Local
2021-10-11,Stadium,Friend's Place,Car,0.64,1.0,122.9,Local
2021-10-11,Home,Cafe,Bus,15.47,37.1,1624.4,Local
2021-10-12,Home,Library,Tram,16.64,49.9,998.4,Local
2021-10-12,Library,Stadium,Tram,6.73,20.2,403.8,Local
2021-10-12,Stadium,Home,Bus,19.21,46.1,2017.1,Local
2021-10-13,Home,Friend's Place,Bicycle,19.62,78.5,0.0,Local
2021-10-14,Home,Stadium,Car,6.52,9.8,1251.8,Local
2021-10-14,Stadium,Friend's Place,Walk,1.68,20.2,0.0,Local
2021-10-14,Friend's Place,University,Tram,16.25,48.8,975.0,Local
2021-10-15,Home,Library,Car,17.39,26.1,3338.9,Local
2021-10-15,Library,Cafe,Walk,3.74,44.9,0.0,Local
2021-10-16,Home,Library,Tram,13.61,40.8,816.6,Local
2021-10-16,Library,Stadium,Bicycle,7.0,28.0,0.0,Local
2021-10-17,Home,Gym,Bus,6.77,16.2,710.8,Local
2021-10-17,Gym,Cafe,Car,1.95,2.9,374.4,Local
2021-10-17,Cafe,University,Train,13.18,17.6,540.4,Local
2021-10-18,Gym,Library,Walk,7.69,92.3,0.0,Local
2021-10-18,Home,Gym,Car,11.59,17.4,2225.3,Local
2021-10-19,Home,Friend's Place,Tram,12.4,37.2,744.0,Local
2021-10-19,Cafe,Home,Train,14.29,19.1,585.9,Local
2021-10-19,Home,Cafe,Walk,13.96,167.5,0.0,Local
2021-10-20,Home,Stadium,Bus,7.9,19.0,829.5,Local
2021-10-20,Stadium,University,Walk,14.31,171.7,0.0,Local
2021-10-21,Home,University,Bus,17.94,43.1,1883.7,Local
2021-10-22,Home,Friend's Place,Train,10.98,14.6,450.2,Local
2021-10-22,Friend's Place,University,Bicycle,19.14,76.6,0.0,Local
2021-10-23,Cafe,University,Bicycle,6.2,24.8,0.0,Local
2021-10-23,University,Gym,Car,10.22,15.3,1962.2,Local
2021-10-23,Home,Cafe,Train,17.0,22.7,697.0,Local
2021-10-24,Home,Library,Tram,7.66,23.0,459.6,Local
2021-10-24,Library,University,Walk,16.33,196.0,0.0,Local
2021-10-24,University,Friend's Place,Walk,11.19,134.3,0.0,Local
2021-10-25,Home,Gym,Car,18.27,27.4,3507.8,Local
2021-10-26,Home,Library,Train,9.55,12.7,391.6,Local
2021-10-26,Library,University,Car,12.39,18.6,2378.9,Local
2021-10-27,Home,Stadium,Bicycle,19.25,77.0,0.0,Local
2021-10-28,Stadium,Gym,Car,7.31,11.0,1403.5,Local
2021-10-28,Home,Stadium,Tram,12.43,37.3,745.8,Local
2021-10-29,Home,Cafe,Bicycle,17.6,70.4,0.0,Local
2021-10-29,Cafe,Library,Bicycle,3.85,15.4,0.0,Local
2021-10-30,Home,Friend's Place,Bicycle,8.52,34.1,0.0,Local
2021-10-30,Friend's Place,University,Tram,14.26,42.8,855.6,Local
2021-10-31,Home,Friend's Place,Tram,12.92,38.8,775.2,Local
2021-10-31,Friend's Place,Library,Bicycle,7.66,30.6,0.0,Local
2021-11-01,Home,Cafe,Walk,16.59,199.1,0.0,Local
2021-11-01,Cafe,Stadium,Tram,2.82,8.5,169.2,Local
2021-11-02,Home,Gym,Train,7.0,9.3,287.0,Local
2021-11-02,Gym,University,Tram,14.54,43.6,872.4,Local
2021-11-04,Home,Friend's Place,Bicycle,10.04,40.2,0.0,Local
2021-11-04,Friend's Place,Gym,Bus,2.85,6.8,299.2,Local
2021-11-05,Home,Stadium,Bus,15.23,36.6,1599.2,Local
2021-11-06,Home,Cafe,Walk,6.0,72.0,0.0,Local
2021-11-07,Home,Gym,Bus,14.09,33.8,1479.5,Local
2021-11-07,Gym,Cafe,Tram,5.32,16.0,319.2,Local
2021-11-08,Library,Friend's Place,Bus,4.98,12.0,522.9,Local
2021-11-08,Home,Library,Bus,7.01,16.8,736.0,Local
2021-11-10,Gym,Library,Tram,6.15,18.4,369.0,Local
2021-11-10,Cafe,Gym,Walk,2.81,33.7,0.0,Local
2021-11-10,Home,Cafe,Walk,18.15,217.8,0.0,Local
2021-11-11,Home,Stadium,Walk,16.29,195.5,0.0,Local
2021-11-11,Stadium,Home,Bicycle,6.63,26.5,0.0,Local
2021-11-11,Home,Friend's Place,Bicycle,5.55,22.2,0.0,Local
2021-11-12,Home,Friend's Place,Tram,14.54,43.6,872.4,Local
2021-11-12,Friend's Place,Home,Train,19.79,26.4,811.4,Local
2021-11-13,Home,Stadium,Walk,15.14,181.7,0.0,Local
2021-11-13,Stadium,Gym,Bus,2.21,5.3,232.0,Local
2021-11-14,Home,University,Walk,14.41,172.9,0.0,Local
2021-11-14,University,Friend's Place,Bicycle,18.23,72.9,0.0,Local
2021-11-15,Home,Stadium,Tram,14.42,43.3,865.2,Local
2021-11-16,Home,Gym,Train,14.35,19.1,588.4,Local
2021-11-16,Gym,Library,Walk,2.02,24.2,0.0,Local
2021-11-16,Library,Gym,Walk,2.97,35.6,0.0,Local
2021-11-17,Home,Stadium,Bicycle,5.21,20.8,0.0,Local
2021-11-17,Stadium,Library,Bus,1.45,3.5,152.2,Local
2021-11-18,Cafe,Gym,Train,4.87,6.5,199.7,Local
2021-11-18,Home,Cafe,Car,15.2,22.8,2918.4,Local
2021-11-19,Home,Gym,Bicycle,6.5,26.0,0.0,Local
2021-11-19,Gym,Stadium,Tram,0.96,2.9,57.6,Local
2021-11-19,Stadium,University,Train,11.92,15.9,488.7,Local
2021-11-20,Home,Stadium,Car,16.26,24.4,3121.9,Local
2021-11-20,Stadium,Home,Tram,17.84,53.5,1070.4,Local
2021-11-20,Home,Friend's Place,Tram,11.66,35.0,699.6,Local
2021-11-21,Home,University,Car,9.16,13.7,1758.7,Local
2021-11-23,Home,Friend's Place,Tram,10.23,30.7,613.8,Local
2021-11-23,Friend's Place,University,Car,10.2,15.3,1958.4,Local
2021-11-23,University,Stadium,Walk,10.55,126.6,0.0,Local
2021-11-24,Home,University,Bus,17.93,43.0,1882.6,Local
2021-11-25,Home,Stadium,Car,11.5,17.2,2208.0,Local
2021-11-25,Stadium,Library,Bicycle,7.24,29.0,0.0,Local
2021-11-26,Home,Library,Bicycle,6.37,25.5,0.0,Local
2021-11-27,Home,University,Walk,12.11,145.3,0.0,Local
2021-11-28,Home,University,Bicycle,7.07,28.3,0.0,Local
2021-11-29,Cafe,Stadium,Train,7.81,10.4,320.2,Local
2021-11-29,Library,Cafe,Bicycle,5.32,21.3,0.0,Local
2021-11-29,Home,Library,Car,7.61,11.4,1461.1,Local
2021-11-30,Home,Friend's Place,Bicycle,8.09,32.4,0.0,Local
2021-12-01,Home,Cafe,Tram,15.83,47.5,949.8,Local
2021-12-01,Cafe,Library,Bus,3.45,8.3,362.2,Local
2021-12-02,Home,Stadium,Tram,11.85,35.6,711.0,Local
2021-12-02,Stadium,Gym,Bicycle,1.78,7.1,0.0,Local
2021-12-03,Home,University,Bicycle,9.75,39.0,0.0,Local
2021-12-03,University,Stadium,Bus,10.43,25.0,1095.1,Local
2021-12-04,Home,University,Train,11.55,15.4,473.6,Local
2021-12-05,Home,Library,Car,8.67,13.0,1664.6,Local
2021-12-05,Library,Home,Bicycle,16.37,65.5,0.0,Local
2021-12-05,Home,Friend's Place,Tram,15.74,47.2,944.4,Local
2021-12-06,Home,Gym,Walk,6.52,78.2,0.0,Local
2021-12-06,Gym,Library,Train,1.18,1.6,48.4,Local
2021-12-06,Library,Stadium,Tram,2.42,7.3,145.2,Local
2021-12-09,Home,University,Tram,15.77,47.3,946.2,Local
2021-12-11,Home,Gym,Train,7.79,10.4,319.4,Local
2021-12-11,Gym,Home,Train,15.1,20.1,619.1,Local
2021-12-11,Home,Gym,Walk,17.07,204.8,0.0,Local
2021-12-12,Home,Cafe,Bus,8.72,20.9,915.6,Local
2021-12-12,Cafe,University,Bus,8.56,20.5,898.8,Local
2021-12-12,University,Stadium,Bus,5.92,14.2,621.6,Local
2021-12-13,Home,Stadium,Walk,15.23,182.8,0.0,Local
2021-12-13,Stadium,Gym,Bicycle,7.21,28.8,0.0,Local
2021-12-13,Gym,Library,Car,4.73,7.1,908.2,Local
2021-12-14,Home,University,Car,8.46,12.7,1624.3,Local
2021-12-16,Home,Library,Walk,18.57,222.8,0.0,Local
2021-12-17,Home,Gym,Car,7.32,11.0,1405.4,Local
2021-12-17,Gym,Stadium,Car,3.35,5.0,643.2,Local
2021-12-19,Home,Library,Tram,18.17,54.5,1090.2,Local
2021-12-19,Library,Gym,Bus,2.87,6.9,301.4,Local
2021-12-19,Gym,Stadium,Train,4.27,5.7,175.1,Local
2021-12-20,Home,Stadium,Train,16.21,21.6,664.6,Local
2021-12-20,Stadium,Friend's Place,Bus,2.97,7.1,311.9,Local
2021-12-21,Home,Friend's Place,Car,14.17,21.3,2720.6,Local
2021-12-22,Home,Friend's Place,Walk,8.03,96.4,0.0,Local
2021-12-23,Home,Cafe,Car,18.09,27.1,3473.3,Local
2021-12-24,Home,Gym,Bicycle,8.94,35.8,0.0,Local
2021-12-24,Gym,Home,Train,7.99,10.7,327.6,Local
2021-12-25,Home,Library,Car,19.65,29.5,3772.8,Local
2021-12-25,Library,Cafe,Bus,6.63,15.9,696.1,Local
2021-12-26,Home,Cafe,Train,11.13,14.8,456.3,Local
2021-12-26,Cafe,Stadium,Tram,3.45,10.4,207.0,Local
2021-12-26,Stadium,University,Bicycle,18.68,74.7,0.0,Local
2021-12-27,Home,University,Bus,19.11,45.9,2006.5,Local
2021-12-27,University,Home,Bicycle,7.35,29.4,0.0,Local
2021-12-28,Home,Library,Train,7.53,10.0,308.7,Local
2021-12-29,Home,Cafe,Train,12.03,16.0,493.2,Local
2021-12-30,Home,Friend's Place,Bus,6.45,15.5,677.2,Local
2021-12-30,Friend's Place,Gym,Car,1.37,2.1,263.0,Local
2021-12-31,Home,University,Bus,19.77,47.4,2075.8,Local
2021-12-31,University,Home,Bus,17.37,41.7,1823.9,Local
2022-01-01,Home,Stadium,Train,19.11,25.5,783.5,Local
2022-01-02,Home,Library,Tram,12.56,37.7,753.6,Local
2022-01-03,Home,Friend's Place,Bus,13.81,33.1,1450.0,Local
2022-01-03,Friend's Place,Stadium,Bicycle,3.74,15.0,0.0,Local
2022-01-03,Stadium,Home,Walk,17.25,207.0,0.0,Local
2022-01-04,Home,University,Train,14.59,19.5,598.2,Local
2022-01-04,University,Cafe,Car,18.34,27.5,3521.3,Local
2022-01-05,Home,Stadium,Tram,9.76,29.3,585.6,Local
2022-01-06,Gym,University,Tram,5.25,15.8,315.0,Local
2022-01-06,Home,Gym,Walk,17.63,211.6,0.0,Local
2022-01-07,Home,Cafe,Car,6.93,10.4,1330.6,Local
2022-01-08,Home,Stadium,Bicycle,18.03,72.1,0.0,Local
2022-01-10,Home,Friend's Place,Car,14.7,22.1,2822.4,Local
2022-01-11,Home,Library,Train,12.07,16.1,494.9,Local
2022-01-11,Library,University,Bus,12.34,29.6,1295.7,Local
2022-01-11,University,Library,Bus,6.45,15.5,677.2,Local
2022-01-12,Home,Gym,Train,7.49,10.0,307.1,Local
2022-01-13,Stadium,Gym,Bicycle,1.42,5.7,0.0,Local
2022-01-13,Gym,Home,Walk,16.52,198.2,0.0,Local
2022-01-13,Home,Stadium,Walk,5.32,63.8,0.0,Local
2022-01-14,Home,Stadium,Tram,11.36,34.1,681.6,Local
2022-01-15,Home,Stadium,Tram,11.57,34.7,694.2,Local
2022-01-15,Stadium,University,Car,16.09,24.1,3089.3,Local
2022-01-16,Home,Gym,Tram,8.09,24.3,485.4,Local
2022-01-17,Home,University,Car,8.27,12.4,1587.8,Local
2022-01-18,Home,Friend's Place,Car,13.01,19.5,2497.9,Local
2022-01-19,Library,University,Bicycle,13.04,52.2,0.0,Local
2022-01-19,Friend's Place,Library,Tram,2.77,8.3,166.2,Local
2022-01-19,Home,Friend's Place,Train,10.93,14.6,448.1,Local
2022-01-21,Home,Friend's Place,Train,7.58,10.1,310.8,Local
2022-01-21,Friend's Place,Library,Train,6.28,8.4,257.5,Local
2022-01-23,Home,Library,Walk,18.75,225.0,0.0,Local
2022-01-23,Library,Home,Tram,10.64,31.9,638.4,Local
2022-01-23,Home,Friend's Place,Train,12.51,16.7,512.9,Local
2022-01-24,Home,Friend's Place,Tram,9.35,28.0,561.0,Local
2022-01-25,Home,Gym,Bicycle,16.64,66.6,0.0,Local
2022-01-26,Home,Gym,Tram,14.28,42.8,856.8,Local
2022-01-27,Home,Library,Bus,10.21,24.5,1072.1,Local
2022-01-27,Library,Cafe,Bus,2.38,5.7,249.9,Local
2022-01-27,Cafe,Home,Train,12.43,16.6,509.6,Local
2022-01-28,Home,Gym,Walk,9.89,118.7,0.0,Local
2022-01-28,Gym,Friend's Place,Bus,0.83,2.0,87.1,Local
2022-01-29,Home,Friend's Place,Car,19.94,29.9,3828.5,Local
2022-01-30,Home,Stadium,Bicycle,8.13,32.5,0.0,Local
2022-01-30,Stadium,Friend's Place,Tram,6.8,20.4,408.0,Local
2022-01-30,Friend's Place,Home,Train,17.57,23.4,720.4,Local
2022-01-31,Home,Cafe,Tram,11.26,33.8,675.6,Local
2022-01-31,Cafe,Stadium,Tram,7.94,23.8,476.4,Local
2022-02-01,Home,Cafe,Car,7.31,11.0,1403.5,Local
2022-02-02,Home,Gym,Walk,10.89,130.7,0.0,Local
2022-02-03,Home,Gym,Bus,15.52,37.2,1629.6,Local
2022-02-04,Stadium,Gym,Bicycle,3.54,14.2,0.0,Local
2022-02-04,Gym,Cafe,Car,3.63,5.4,697.0,Local
2022-02-04,Home,Stadium,Train,11.83,15.8,485.0,Local
2022-02-05,Home,Stadium,Bus,15.68,37.6,1646.4,Local
2022-02-05,Home,University,Bicycle,12.98,51.9,0.0,Local
2022-02-05,University,Home,Bus,16.85,40.4,1769.3,Local
2022-02-06,Home,Stadium,Bicycle,11.64,46.6,0.0,Local
2022-02-08,Home,Friend's Place,Bicycle,9.8,39.2,0.0,Local
2022-02-09,Home,Gym,Walk,19.62,235.4,0.0,Local
2022-02-09,Gym,Home,Walk,13.17,158.0,0.0,Local
2022-02-10,Home,Friend's Place,Bicycle,13.12,52.5,0.0,Local
2022-02-10,Friend's Place,Library,Bus,4.11,9.9,431.6,Local
2022-02-11,Home,Friend's Place,Bicycle,9.97,39.9,0.0,Local
2022-02-11,Friend's Place,Home,Bicycle,15.84,63.4,0.0,Local
2022-02-13,Home,Library,Bicycle,11.66,46.6,0.0,Local
2022-02-13,Library,Cafe,Tram,1.72,5.2,103.2,Local
2022-02-14,Home,University,Walk,16.2,194.4,0.0,Local
2022-02-15,Home,Friend's Place,Bus,13.41,32.2,1408.0,Local
2022-02-15,Friend's Place,Library,Car,2.04,3.1,391.7,Local
2022-02-16,Gym,Library,Car,1.53,2.3,293.8,Local
2022-02-16,Library,Gym,Car,7.97,12.0,1530.2,Local
2022-02-16,Home,Gym,Car,6.92,10.4,1328.6,Local
2022-02-17,Home,Cafe,Car,7.13,10.7,1369.0,Local
2022-02-17,Cafe,University,Car,8.29,12.4,1591.7,Local
2022-02-18,Home,University,Bicycle,16.36,65.4,0.0,Local
2022-02-19,Home,Gym,Bicycle,8.73,34.9,0.0,Local
2022-02-20,Home,Gym,Tram,17.02,51.1,1021.2,Local
2022-02-21,Home,Gym,Train,15.57,20.8,638.4,Local
2022-02-22,Home,Library,Bus,9.32,22.4,978.6,Local
2022-02-24,Home,Stadium,Bus,7.52,18.0,789.6,Local
2022-02-24,Stadium,Gym,Tram,3.44,10.3,206.4,Local
2022-02-25,Home,Friend's Place,Bicycle,8.6,34.4,0.0,Local
2022-02-25,Friend's Place,Gym,Bicycle,6.95,27.8,0.0,Local
2022-02-26,Home,University,Tram,11.56,34.7,693.6,Local
2022-02-26,University,Gym,Train,10.36,13.8,424.8,Local
2022-02-26,Gym,Stadium,Bicycle,3.2,12.8,0.0,Local
2022-02-27,Home,Gym,Train,9.03,12.0,370.2,Local
2022-02-27,Gym,Friend's Place,Bicycle,1.96,7.8,0.0,Local
2022-02-28,Stadium,Gym,Tram,6.31,18.9,378.6,Local
2022-02-28,Home,Stadium,Car,12.76,19.1,2449.9,Local
2022-03-01,Home,University,Walk,7.78,93.4,0.0,Local
2022-03-01,University,Stadium,Car,11.41,17.1,2190.7,Local
2022-03-02,Home,Gym,Bicycle,8.56,34.2,0.0,Local
2022-03-03,Home,Cafe,Train,10.62,14.2,435.4,Local
2022-03-04,Home,Gym,Tram,13.96,41.9,837.6,Local
2022-03-04,Gym,Home,Car,5.89,8.8,1130.9,Local
2022-03-04,Home,Library,Tram,12.59,37.8,755.4,Local
2022-03-06,Home,Library,Train,14.15,18.9,580.1,Local
2022-03-07,Home,Cafe,Car,5.48,8.2,1052.2,Local
2022-03-07,Cafe,Friend's Place,Train,7.85,10.5,321.8,Local
2022-03-08,Home,Library,Car,18.5,27.8,3552.0,Local
2022-03-08,Library,Friend's Place,Tram,7.72,23.2,463.2,Local
2022-03-08,Friend's Place,Library,Bicycle,6.56,26.2,0.0,Local
2022-03-09,Home,Friend's Place,Bicycle,15.43,61.7,0.0,Local
2022-03-09,Friend's Place,Gym,Walk,7.16,85.9,0.0,Local
2022-03-09,Gym,Library,Tram,7.02,21.1,421.2,Local
2022-03-10,University,Library,Bus,12.95,31.1,1359.8,Local
2022-03-10,Home,University,Car,11.82,17.7,2269.4,Local
2022-03-13,Home,Library,Train,10.67,14.2,437.5,Local
2022-03-13,Library,Stadium,Train,2.95,3.9,121.0,Local
2022-03-14,Home,Cafe,Walk,10.92,131.0,0.0,Local
2022-03-14,Cafe,Library,Walk,5.8,69.6,0.0,Local
2022-03-15,Home,University,Train,15.07,20.1,617.9,Local
2022-03-15,University,Gym,Bus,19.09,45.8,2004.5,Local
2022-03-16,Home,Friend's Place,Tram,10.69,32.1,641.4,Local
2022-03-16,Friend's Place,Stadium,Walk,6.74,80.9,0.0,Local
2022-03-17,Home,Stadium,Tram,19.48,58.4,1168.8,Local
2022-03-17,Stadium,Friend's Place,Bicycle,4.87,19.5,0.0,Local
2022-03-17,Friend's Place,Gym,Car,5.52,8.3,1059.8,Local
2022-03-18,Home,Library,Car,7.65,11.5,1468.8,Local
2022-03-18,Library,University,Bus,15.9,38.2,1669.5,Local
2022-03-19,Home,Cafe,Walk,6.4,76.8,0.0,Local
2022-03-20,Home,University,Bus,8.41,20.2,883.1,Local
2022-03-21,Home,University,Train,18.29,24.4,749.9,Local
2022-03-21,University,Stadium,Tram,13.66,41.0,819.6,Local
2022-03-22,Gym,Stadium,Train,2.49,3.3,102.1,Local
2022-03-22,Home,Gym,Tram,8.31,24.9,498.6,Local
2022-03-23,Home,University,Bicycle,10.2,40.8,0.0,Local
2022-03-23,University,Friend's Place,Bus,17.17,41.2,1802.9,Local
2022-03-24,Home,Gym,Walk,18.5,222.0,0.0,Local
2022-03-24,Gym,Stadium,Tram,6.34,19.0,380.4,Local
2022-03-25,Home,Stadium,Car,19.13,28.7,3673.0,Local
2022-03-26,Home,Friend's Place,Bicycle,12.92,51.7,0.0,Local
2022-03-26,Friend's Place,Home,Train,18.08,24.1,741.3,Local
2022-03-27,Friend's Place,Home,Bus,8.72,20.9,915.6,Local
2022-03-27,Home,Friend's Place,Bus,13.87,33.3,1456.3,Local
2022-03-28,Home,Library,Tram,14.05,42.1,843.0,Local
2022-03-28,Library,Cafe,Car,2.7,4.1,518.4,Local
2022-03-29,Home,University,Bicycle,6.07,24.3,0.0,Local
2022-03-29,University,Stadium,Bus,17.41,41.8,1828.0,Local
2022-03-30,Home,Cafe,Car,17.41,26.1,3342.7,Local
2022-03-31,Home,University,Walk,15.45,185.4,0.0,Local
2022-04-01,Friend's Place,Home,Walk,6.52,78.2,0.0,Local
2022-04-01,University,Friend's Place,Bicycle,16.91,67.6,0.0,Local
2022-04-01,Home,University,Car,7.2,10.8,1382.4,Local
2022-04-02,Home,Cafe,Bicycle,17.97,71.9,0.0,Local
2022-04-03,Home,Cafe,Car,15.65,23.5,3004.8,Local
2022-04-05,Home,Library,Car,7.5,11.2,1440.0,Local
2022-04-06,Home,Friend's Place,Car,18.8,28.2,3609.6,Local
2022-04-07,Home,Library,Train,19.96,26.6,818.4,Local
2022-04-08,Home,Stadium,Tram,16.99,51.0,1019.4,Local
2022-04-08,Stadium,Library,Bus,1.17,2.8,122.8,Local
2022-04-09,Friend's Place,Home,Tram,19.44,58.3,1166.4,Local
2022-04-09,Home,Friend's Place,Car,9.59,14.4,1841.3,Local
2022-04-10,Home,Friend's Place,Car,19.04,28.6,3655.7,Local
2022-04-10,Friend's Place,Library,Car,1.97,3.0,378.2,Local
2022-04-11,Home,Library,Bicycle,17.7,70.8,0.0,Local
2022-04-11,Library,Gym,Car,1.27,1.9,243.8,Local
2022-04-12,Home,Friend's Place,Tram,19.22,57.7,1153.2,Local
2022-04-13,Home,Cafe,Walk,13.27,159.2,0.0,Local
2022-04-14,Home,Gym,Tram,7.65,22.9,459.0,Local
2022-04-16,Friend's Place,University,Walk,10.9,130.8,0.0,Local
2022-04-16,Home,Friend's Place,Bus,5.1,12.2,535.5,Local
2022-04-17,Home,Cafe,Walk,10.53,126.4,0.0,Local
2022-04-17,Cafe,Home,Bus,11.89,28.5,1248.5,Local
2022-04-18,Home,Stadium,Car,13.37,20.1,2567.0,Local
2022-04-19,Home,Library,Car,7.02,10.5,1347.8,Local
2022-04-19,Library,University,Bus,19.71,47.3,2069.6,Local
2022-04-20,Home,University,Bus,13.71,32.9,1439.6,Local
2022-04-20,University,Friend's Place,Bus,17.94,43.1,1883.7,Local
2022-04-21,Home,Cafe,Bus,18.47,44.3,1939.3,Local
2022-04-21,Cafe,Stadium,Bus,6.34,15.2,665.7,Local
2022-04-21,Stadium,Home,Car,12.45,18.7,2390.4,Local
2022-04-22,Home,Library,Car,14.49,21.7,2782.1,Local
2022-04-24,Home,University,Tram,16.75,50.2,1005.0,Local
2022-04-25,Home,Friend's Place,Train,5.76,7.7,236.2,Local
2022-04-25,Friend's Place,Stadium,Bus,2.98,7.2,312.9,Local
2022-04-26,Home,Stadium,Train,17.0,22.7,697.0,Local
2022-04-26,Stadium,University,Bus,13.44,32.3,1411.2,Local
2022-04-27,Home,University,Train,10.09,13.5,413.7,Local
2022-04-28,Home,Cafe,Walk,16.55,198.6,0.0,Local
2022-04-28,Cafe,Stadium,Tram,1.77,5.3,106.2,Local
2022-04-28,Stadium,Gym,Bus,3.68,8.8,386.4,Local
2022-04-29,Home,Gym,Train,5.95,7.9,244.0,Local
2022-04-29,Gym,Home,Bus,8.69,20.9,912.4,Local
2022-04-29,Home,Friend's Place,Bicycle,17.12,68.5,0.0,Local
2022-04-30,Home,Gym,Bus,11.29,27.1,1185.4,Local
2022-04-30,Gym,Library,Train,6.84,9.1,280.4,Local
2022-05-01,Home,University,Tram,7.0,21.0,420.0,Local
2022-05-02,Home,University,Bus,18.23,43.8,1914.2,Local
2022-05-02,University,Library,Tram,12.71,38.1,762.6,Local
2022-05-02,Library,Friend's Place,Car,7.05,10.6,1353.6,Local
2022-05-03,Home,University,Bicycle,9.48,37.9,0.0,Local
2022-05-04,Home,Stadium,Bicycle,11.48,45.9,0.0,Local
2022-05-04,Stadium,Gym,Train,6.14,8.2,251.7,Local
2022-05-04,Gym,Friend's Place,Bicycle,7.22,28.9,0.0,Local
2022-05-05,University,Gym,Car,10.21,15.3,1960.3,Local
2022-05-05,Cafe,University,Bus,19.55,46.9,2052.8,Local
2022-05-05,Home,Cafe,Bicycle,10.67,42.7,0.0,Local
2022-05-07,Home,Cafe,Train,8.0,10.7,328.0,Local
2022-05-07,Cafe,University,Bus,15.35,36.8,1611.8,Local
2022-05-08,Home,Cafe,Tram,9.2,27.6,552.0,Local
2022-05-09,Home,Stadium,Car,16.83,25.2,3231.4,Local
2022-05-09,Stadium,Home,Car,12.3,18.4,2361.6,Local
2022-05-10,Home,Stadium,Train,11.35,15.1,465.3,Local
2022-05-11,Home,Friend's Place,Tram,11.51,34.5,690.6,Local
2022-05-11,Friend's Place,Gym,Train,4.62,6.2,189.4,Local
2022-05-12,Home,Library,Bus,5.42,13.0,569.1,Local
2022-05-13,Home,Cafe,Bicycle,6.31,25.2,0.0,Local
2022-05-13,Cafe,Friend's Place,Walk,0.89,10.7,0.0,Local
2022-05-14,Home,Stadium,Bus,9.27,22.2,973.3,Local
2022-05-15,Home,Stadium,Walk,19.75,237.0,0.0,Local
2022-05-16,Home,Stadium,Train,12.92,17.2,529.7,Local
2022-05-16,Stadium,Cafe,Bicycle,0.64,2.6,0.0,Local
2022-05-16,Cafe,Home,Train,10.95,14.6,448.9,Local
2022-05-17,Home,Stadium,Tram,10.28,30.8,616.8,Local
2022-05-18,Home,Library,Car,11.48,17.2,2204.2,Local
2022-05-18,Library,Gym,Bicycle,5.75,23.0,0.0,Local
2022-05-18,Gym,Cafe,Tram,7.12,21.4,427.2,Local
2022-05-19,Home,Stadium,Bicycle,16.88,67.5,0.0,Local
2022-05-20,Home,Library,Walk,15.36,184.3,0.0,Local
2022-05-20,Library,Cafe,Bicycle,4.24,17.0,0.0,Local
2022-05-21,Home,Library,Walk,8.53,102.4,0.0,Local
2022-05-22,Home,Friend's Place,Walk,8.17,98.0,0.0,Local
2022-05-23,Home,Library,Tram,7.55,22.6,453.0,Local
2022-05-23,Library,Stadium,Tram,6.27,18.8,376.2,Local
2022-05-23,Stadium,University,Bicycle,15.62,62.5,0.0,Local
2022-05-24,Home,Gym,Car,8.68,13.0,1666.6,Local
2022-05-24,Gym,Cafe,Bus,5.51,13.2,578.5,Local
2022-05-24,Cafe,Stadium,Bus,4.81,11.5,505.0,Local
2022-05-25,Home,Library,Bus,17.04,40.9,1789.2,Local
2022-05-26,Library,Home,Tram,14.56,43.7,873.6,Local
2022-05-26,Home,Stadium,Train,15.64,20.9,641.2,Local
2022-05-26,Home,Library,Bus,14.44,34.7,1516.2,Local
2022-05-27,Home,University,Bicycle,6.28,25.1,0.0,Local
2022-05-28,Home,Cafe,Bus,8.78,21.1,921.9,Local
2022-05-28,Cafe,Library,Car,4.0,6.0,768.0,Local
2022-05-28,Library,Cafe,Train,6.06,8.1,248.5,Local
2022-05-29,Home,Library,Car,16.51,24.8,3169.9,Local
2022-05-31,Stadium,Cafe,Car,1.26,1.9,241.9,Local
2022-05-31,Cafe,Gym,Tram,2.74,8.2,164.4,Local
2022-05-31,Home,Stadium,Walk,11.4,136.8,0.0,Local
2022-06-01,Home,Cafe,Train,13.1,17.5,537.1,Local
2022-06-02,Home,Library,Car,5.54,8.3,1063.7,Local
2022-06-03,Home,Gym,Car,5.67,8.5,1088.6,Local
2022-06-03,Gym,Friend's Place,Tram,2.93,8.8,175.8,Local
2022-06-04,Home,Gym,Tram,6.25,18.8,375.0,Local
2022-06-04,Gym,University,Walk,16.35,196.2,0.0,Local
2022-06-05,Home,Gym,Tram,8.62,25.9,517.2,Local
2022-06-05,Gym,Stadium,Train,6.79,9.1,278.4,Local
2022-06-06,University,Cafe,Bicycle,16.51,66.0,0.0,Local
2022-06-06,Home,University,Train,16.87,22.5,691.7,Local
2022-06-07,Home,Stadium,Tram,15.22,45.7,913.2,Local
2022-06-08,Home,Cafe,Bus,16.43,39.4,1725.1,Local
2022-06-08,Cafe,Stadium,Tram,4.61,13.8,276.6,Local
2022-06-08,Stadium,Home,Car,10.01,15.0,1921.9,Local
2022-06-09,Home,Friend's Place,Bicycle,5.73,22.9,0.0,Local
2022-06-10,Home,Gym,Bus,16.09,38.6,1689.5,Local
2022-06-10,Gym,Friend's Place,Walk,3.66,43.9,0.0,Local
2022-06-11,Home,University,Bicycle,10.12,40.5,0.0,Local
2022-06-11,University,Cafe,Train,15.21,20.3,623.6,Local
2022-06-12,Home,Cafe,Train,7.82,10.4,320.6,Local
2022-06-12,Cafe,University,Tram,19.32,58.0,1159.2,Local
2022-06-13,Home,Gym,Train,11.2,14.9,459.2,Local
2022-06-13,Gym,Library,Walk,6.44,77.3,0.0,Local
2022-06-13,Library,Gym,Bus,2.44,5.9,256.2,Local
2022-06-14,Home,Stadium,Bus,5.7,13.7,598.5,Local
2022-06-14,Stadium,Cafe,Walk,2.21,26.5,0.0,Local
2022-06-15,Home,Stadium,Car,8.08,12.1,1551.4,Local
2022-06-16,Home,Stadium,Tram,19.96,59.9,1197.6,Local
2022-06-17,Home,Gym,Tram,15.65,46.9,939.0,Local
2022-06-17,Gym,Stadium,Bus,5.32,12.8,558.6,Local
2022-06-18,Home,Cafe,Walk,14.53,174.4,0.0,Local
2022-06-18,Cafe,Library,Bicycle,5.99,24.0,0.0,Local
2022-06-18,Library,Friend's Place,Bicycle,4.84,19.4,0.0,Local
2022-06-19,Home,Gym,Bus,5.82,14.0,611.1,Local
2022-06-20,Home,University,Tram,19.03,57.1,1141.8,Local
2022-06-20,University,Stadium,Tram,10.99,33.0,659.4,Local
2022-06-20,Stadium,Friend's Place,Walk,4.49,53.9,0.0,Local
2022-06-21,Home,Gym,Bicycle,11.65,46.6,0.0,Local
2022-06-21,Gym,Library,Train,7.46,9.9,305.9,Local
2022-06-22,Home,University,Car,9.56,14.3,1835.5,Local
2022-06-23,Home,Stadium,Bicycle,14.68,58.7,0.0,Local
2022-06-23,Stadium,Cafe,Tram,2.97,8.9,178.2,Local
2022-06-24,Home,University,Car,16.32,24.5,3133.4,Local
2022-06-25,Home,Library,Car,14.22,21.3,2730.2,Local
2022-06-26,Home,Stadium,Train,10.61,14.1,435.0,Local
2022-06-26,Stadium,University,Bicycle,19.3,77.2,0.0,Local
2022-06-27,Home,Library,Tram,9.83,29.5,589.8,Local
2022-06-27,Library,Gym,Bicycle,4.61,18.4,0.0,Local
2022-06-28,Home,Friend's Place,Bicycle,6.23,24.9,0.0,Local
2022-06-28,Friend's Place,Home,Walk,16.56,198.7,0.0,Local
2022-06-28,Home,Friend's Place,Bus,8.87,21.3,931.3,Local
2022-06-30,Home,University,Car,15.01,22.5,2881.9,Local
2022-07-01,Home,Stadium,Walk,19.67,236.0,0.0,Local
2022-07-02,Home,Library,Walk,7.4,88.8,0.0,Local
2022-07-03,Home,Library,Bus,10.35,24.8,1086.8,Local
2022-07-03,Library,Stadium,Walk,6.5,78.0,0.0,Local
2022-07-03,Stadium,University,Train,18.99,25.3,778.6,Local
2022-07-05,Home,Cafe,Car,16.12,24.2,3095.0,Local
2022-07-06,Home,Cafe,Car,6.89,10.3,1322.9,Local
2022-07-06,Cafe,Home,Train,8.15,10.9,334.2,Local
2022-07-06,Home,Cafe,Walk,10.47,125.6,0.0,Local
2022-07-07,Home,Gym,Walk,13.05,156.6,0.0,Local
2022-07-08,Home,University,Bicycle,18.16,72.6,0.0,Local
2022-07-08,University,Cafe,Walk,16.63,199.6,0.0,Local
2022-07-09,Home,Friend's Place,Bicycle,12.2,48.8,0.0,Local
2022-07-10,Home,Library,Bicycle,16.89,67.6,0.0,Local
2022-07-10,Library,Cafe,Car,1.1,1.7,211.2,Local
2022-07-10,Cafe,University,Tram,12.92,38.8,775.2,Local
2022-07-11,Home,Library,Car,9.05,13.6,1737.6,Local
2022-07-11,Library,Stadium,Walk,2.19,26.3,0.0,Local
2022-07-11,Stadium,Gym,Tram,5.29,15.9,317.4,Local
2022-07-12,Home,Library,Train,5.83,7.8,239.0,Local
2022-07-13,Home,Friend's Place,Bicycle,17.84,71.4,0.0,Local
2022-07-13,Friend's Place,Gym,Bicycle,6.74,27.0,0.0,Local
2022-07-14,Home,Stadium,Train,19.6,26.1,803.6,Local
2022-07-14,Stadium,Friend's Place,Train,1.21,1.6,49.6,Local
2022-07-14,Friend's Place,Stadium,Tram,7.76,23.3,465.6,Local
2022-07-15,University,Library,Train,16.55,22.1,678.6,Local
2022-07-15,Library,University,Bus,10.81,25.9,1135.0,Local
2022-07-15,Home,Library,Car,15.16,22.7,2910.7,Local
2022-07-16,Home,Gym,Car,19.28,28.9,3701.8,Local
2022-07-17,Home,Friend's Place,Bus,7.34,17.6,770.7,Local
2022-07-18,Home,Cafe,Tram,18.91,56.7,1134.6,Local
2022-07-19,Home,Stadium,Car,7.75,11.6,1488.0,Local
2022-07-20,Home,Gym,Tram,13.4,40.2,804.0,Local
2022-07-20,Gym,Friend's Place,Train,2.52,3.4,103.3,Local
2022-07-22,Friend's Place,University,Tram,8.28,24.8,496.8,Local
2022-07-22,Gym,Friend's Place,Car,2.86,4.3,549.1,Local
2022-07-22,Home,Gym,Bus,7.05,16.9,740.2,Local
2022-07-23,Home,Gym,Bus,6.5,15.6,682.5,Local
2022-07-23,Gym,Library,Bicycle,3.22,12.9,0.0,Local
2022-07-23,Library,Stadium,Walk,6.03,72.4,0.0,Local
2022-07-24,Home,University,Tram,6.68,20.0,400.8,Local
2022-07-24,University,Friend's Place,Train,5.39,7.2,221.0,Local
2022-07-25,Home,University,Train,17.46,23.3,715.9,Local
2022-07-25,University,Gym,Bicycle,15.94,63.8,0.0,Local
2022-07-26,Cafe,University,Tram,14.48,43.4,868.8,Local
2022-07-26,Home,Cafe,Tram,5.32,16.0,319.2,Local
2022-07-27,Home,Gym,Walk,7.36,88.3,0.0,Local
2022-07-28,Home,Library,Train,13.22,17.6,542.0,Local
2022-07-29,Home,Gym,Walk,15.35,184.2,0.0,Local
2022-07-30,Home,Cafe,Tram,10.48,31.4,628.8,Local
2022-07-31,Home,Gym,Walk,10.9,130.8,0.0,Local
2022-08-01,Home,Cafe,Train,11.91,15.9,488.3,Local
2022-08-01,Cafe,Gym,Bicycle,5.81,23.2,0.0,Local
2022-08-02,Home,Friend's Place,Bicycle,9.03,36.1,0.0,Local
2022-08-03,Home,Stadium,Car,6.83,10.2,1311.4,Local
2022-08-03,Stadium,Gym,Train,3.1,4.1,127.1,Local
2022-08-03,Gym,Cafe,Train,6.45,8.6,264.4,Local
2022-08-04,Library,Stadium,Car,1.97,3.0,378.2,Local
2022-08-04,Home,Library,Walk,13.08,157.0,0.0,Local
2022-08-05,Home,Stadium,Car,19.39,29.1,3722.9,Local
2022-08-06,Home,Library,Walk,10.05,120.6,0.0,Local
2022-08-07,Home,Friend's Place,Bus,9.89,23.7,1038.5,Local
2022-08-08,Home,University,Bicycle,9.14,36.6,0.0,Local
2022-08-08,University,Cafe,Tram,13.33,40.0,799.8,Local
2022-08-08,Cafe,Library,Bicycle,2.09,8.4,0.0,Local
2022-08-09,Cafe,Stadium,Car,0.71,1.1,136.3,Local
2022-08-09,Home,Cafe,Tram,19.77,59.3,1186.2,Local
2022-08-10,Stadium,Library,Car,1.21,1.8,232.3,Local
2022-08-10,Home,Stadium,Tram,7.06,21.2,423.6,Local
2022-08-11,Home,Cafe,Bus,7.28,17.5,764.4,Local
2022-08-12,Home,Friend's Place,Bus,7.62,18.3,800.1,Local
2022-08-12,Friend's Place,University,Train,11.8,15.7,483.8,Local
2022-08-13,Home,Gym,Bicycle,5.79,23.2,0.0,Local
2022-08-14,Home,Friend's Place,Walk,7.76,93.1,0.0,Local
2022-08-14,Friend's Place,Library,Train,4.03,5.4,165.2,Local
2022-08-16,Home,Library,Bus,8.75,21.0,918.8,Local
2022-08-16,Library,Stadium,Tram,6.34,19.0,380.4,Local
2022-08-18,Home,Stadium,Bus,5.14,12.3,539.7,Local
2022-08-19,Home,University,Bicycle,15.88,63.5,0.0,Local
2022-08-20,Home,Cafe,Bus,7.67,18.4,805.4,Local
2022-08-21,Home,Friend's Place,Bus,5.7,13.7,598.5,Local
2022-08-21,Friend's Place,Gym,Car,0.98,1.5,188.2,Local
2022-08-22,Home,Friend's Place,Car,10.33,15.5,1983.4,Local
2022-08-23,Home,University,Tram,14.5,43.5,870.0,Local
2022-08-23,University,Friend's Place,Walk,18.32,219.8,0.0,Local
2022-08-24,Home,Stadium,Bicycle,5.42,21.7,0.0,Local
2022-08-25,Home,Library,Train,19.3,25.7,791.3,Local
2022-08-25,Library,Stadium,Car,7.59,11.4,1457.3,Local
2022-08-26,Home,University,Bicycle,11.0,44.0,0.0,Local
2022-08-26,University,Stadium,Tram,12.46,37.4,747.6,Local
2022-08-27,Home,Stadium,Bicycle,18.32,73.3,0.0,Local
2022-08-28,Home,Friend's Place,Bicycle,6.57,26.3,0.0,Local
2022-08-29,Home,Friend's Place,Car,12.72,19.1,2442.2,Local
2022-08-29,Friend's Place,University,Tram,14.56,43.7,873.6,Local
2022-08-30,Home,Gym,Car,15.14,22.7,2906.9,Local
2022-08-30,Home,University,Tram,14.96,44.9,897.6,Local
2022-08-30,University,Home,Tram,15.15,45.5,909.0,Local
2022-08-31,Home,Stadium,Bus,17.36,41.7,1822.8,Local
2022-09-01,Home,Cafe,Bus,15.36,36.9,1612.8,Local
2022-09-02,Home,Cafe,Bicycle,6.38,25.5,0.0,Local
2022-09-03,Home,University,Bus,10.26,24.6,1077.3,Local
2022-09-04,Home,University,Bicycle,12.68,50.7,0.0,Local
2022-09-04,University,Library,Bus,10.67,25.6,1120.3,Local
2022-09-05,Home,Friend's Place,Train,18.87,25.2,773.7,Local
2022-09-06,Home,Friend's Place,Bus,12.67,30.4,1330.3,Local
2022-09-06,Friend's Place,Cafe,Car,0.57,0.9,109.4,Local
2022-09-07,Home,Friend's Place,Car,12.8,19.2,2457.6,Local
2022-09-07,Friend's Place,Gym,Bicycle,1.03,4.1,0.0,Local
2022-09-07,Gym,Stadium,Bus,4.78,11.5,501.9,Local
2022-09-08,Home,Cafe,Bus,8.46,20.3,888.3,Local
2022-09-10,Home,Library,Train,14.72,19.6,603.5,Local
2022-09-11,University,Gym,Car,16.14,24.2,3098.9,Local
2022-09-11,Stadium,University,Bus,14.52,34.8,1524.6,Local
2022-09-11,Home,Stadium,Car,16.47,24.7,3162.2,Local
2022-09-12,Home,Stadium,Car,13.99,21.0,2686.1,Local
2022-09-12,Stadium,University,Tram,14.15,42.5,849.0,Local
2022-09-12,University,Cafe,Tram,12.83,38.5,769.8,Local
2022-09-13,Home,Gym,Bus,12.46,29.9,1308.3,Local
2022-09-13,Gym,Library,Tram,3.85,11.6,231.0,Local
2022-09-14,Home,Gym,Tram,11.35,34.0,681.0,Local
2022-09-14,Gym,Home,Train,5.15,6.9,211.2,Local
2022-09-15,Home,Gym,Train,12.46,16.6,510.9,Local
2022-09-16,Home,University,Bus,15.39,36.9,1616.0,Local
2022-09-16,University,Gym,Train,17.8,23.7,729.8,Local
2022-09-16,Gym,Home,Walk,5.02,60.2,0.0,Local
2022-09-17,Home,Gym,Car,12.18,18.3,2338.6,Local
2022-09-17,Gym,Home,Bicycle,12.34,49.4,0.0,Local
2022-09-18,Home,Library,Train,8.86,11.8,363.3,Local
2022-09-18,Library,Friend's Place,Tram,6.9,20.7,414.0,Local
2022-09-19,Library,Home,Walk,19.87,238.4,0.0,Local
2022-09-19,Home,Library,Car,11.33,17.0,2175.4,Local
2022-09-20,Home,Stadium,Car,12.05,18.1,2313.6,Local
2022-09-21,Home,Gym,Walk,18.73,224.8,0.0,Local
2022-09-22,Home,Library,Bicycle,19.04,76.2,0.0,Local
2022-09-22,Library,Stadium,Bicycle,0.96,3.8,0.0,Local
2022-09-23,Home,University,Walk,17.41,208.9,0.0,Local
2022-09-23,University,Home,Car,9.51,14.3,1825.9,Local
2022-09-24,Home,Library,Tram,16.83,50.5,1009.8,Local
2022-09-24,Library,University,Bicycle,12.22,48.9,0.0,Local
2022-09-25,Home,Stadium,Walk,11.6,139.2,0.0,Local
2022-09-26,Home,Stadium,Walk,5.67,68.0,0.0,Local
2022-09-27,Home,Stadium,Tram,11.02,33.1,661.2,Local
2022-09-27,Stadium,Friend's Place,Tram,6.28,18.8,376.8,Local
2022-09-29,Home,Stadium,Bicycle,19.94,79.8,0.0,Local
2022-09-29,Stadium,Gym,Train,5.86,7.8,240.3,Local
2022-09-30,Home,Friend's Place,Bicycle,19.31,77.2,0.0,Local
2022-10-01,Home,Friend's Place,Walk,15.41,184.9,0.0,Local
2022-10-01,Friend's Place,Home,Tram,10.26,30.8,615.6,Local
2022-10-02,Library,Cafe,Train,6.46,8.6,264.9,Local
2022-10-02,Home,Library,Train,9.1,12.1,373.1,Local
2022-10-04,Home,University,Bicycle,18.12,72.5,0.0,Local
2022-10-05,Home,Friend's Place,Car,17.26,25.9,3313.9,Local
2022-10-07,Home,Friend's Place,Bicycle,14.91,59.6,0.0,Local
2022-10-08,Home,Library,Bus,14.09,33.8,1479.5,Local
2022-10-08,Library,Gym,Bus,5.16,12.4,541.8,Local
2022-10-08,Gym,Cafe,Tram,1.9,5.7,114.0,Local
2022-10-09,Home,University,Car,9.45,14.2,1814.4,Local
2022-10-10,Home,Cafe,Tram,17.84,53.5,1070.4,Local
2022-10-11,Home,Stadium,Train,17.58,23.4,720.8,Local
2022-10-12,Home,Library,Tram,11.68,35.0,700.8,Local
2022-10-12,Library,Cafe,Tram,2.2,6.6,132.0,Local
2022-10-13,Home,Library,Tram,5.42,16.3,325.2,Local
2022-10-14,Home,Gym,Tram,11.34,34.0,680.4,Local
2022-10-15,Home,Friend's Place,Train,15.99,21.3,655.6,Local
2022-10-18,Home,Library,Tram,9.71,29.1,582.6,Local
2022-10-19,Home,Friend's Place,Train,15.51,20.7,635.9,Local
2022-10-20,University,Stadium,Train,15.17,20.2,622.0,Local
2022-10-20,Home,University,Bus,19.16,46.0,2011.8,Local
2022-10-21,Home,Friend's Place,Tram,17.52,52.6,1051.2,Local
2022-10-21,Friend's Place,Home,Bus,11.25,27.0,1181.2,Local
2022-10-22,Home,Gym,Car,5.12,7.7,983.0,Local
2022-10-22,Gym,Stadium,Tram,3.83,11.5,229.8,Local
2022-10-22,Stadium,Home,Car,6.74,10.1,1294.1,Local
2022-10-23,Home,Gym,Tram,16.69,50.1,1001.4,Local
2022-10-23,Gym,Friend's Place,Bus,3.17,7.6,332.8,Local
2022-10-24,Library,Home,Bus,17.54,42.1,1841.7,Local
2022-10-24,Home,Library,Train,8.96,11.9,367.4,Local
2022-10-25,Home,Gym,Tram,19.05,57.1,1143.0,Local
2022-10-26,Home,Cafe,Bus,15.96,38.3,1675.8,Local
2022-10-26,Cafe,Friend's Place,Train,1.69,2.3,69.3,Local
2022-10-26,Friend's Place,Home,Car,14.01,21.0,2689.9,Local
2022-10-29,Home,Library,Car,10.98,16.5,2108.2,Local
2022-10-29,Library,Stadium,Tram,7.91,23.7,474.6,Local
2022-10-30,Home,Gym,Tram,8.86,26.6,531.6,Local
2022-10-30,Gym,Library,Bicycle,7.42,29.7,0.0,Local
2022-10-31,Home,Gym,Tram,14.22,42.7,853.2,Local
2022-11-01,Home,Library,Car,8.16,12.2,1566.7,Local
2022-11-01,Library,Home,Bicycle,6.95,27.8,0.0,Local
2022-11-01,Home,Library,Tram,10.06,30.2,603.6,Local
2022-11-02,Home,University,Bus,5.55,13.3,582.8,Local
2022-11-02,University,Friend's Place,Tram,5.57,16.7,334.2,Local
2022-11-02,Friend's Place,Cafe,Car,3.13,4.7,601.0,Local
2022-11-03,Stadium,Friend's Place,Walk,2.66,31.9,0.0,Local
2022-11-03,Home,Stadium,Bicycle,17.09,68.4,0.0,Local
2022-11-04,Home,Friend's Place,Bus,8.81,21.1,925.1,Local
2022-11-04,Friend's Place,Stadium,Bicycle,2.26,9.0,0.0,Local
2022-11-04,Stadium,University,Walk,8.72,104.6,0.0,Local
2022-11-05,Home,Friend's Place,Car,11.57,17.4,2221.4,Local
2022-11-06,Home,Gym,Walk,13.51,162.1,0.0,Local
2022-11-06,Gym,Library,Bus,1.9,4.6,199.5,Local
2022-11-07,Home,Friend's Place,Train,16.48,22.0,675.7,Local
2022-11-07,Friend's Place,Stadium,Car,5.02,7.5,963.8,Local
2022-11-07,Stadium,Library,Bicycle,0.8,3.2,0.0,Local
2022-11-08,Home,Friend's Place,Bus,18.27,43.8,1918.3,Local
2022-11-08,Friend's Place,Cafe,Car,5.13,7.7,985.0,Local
2022-11-09,Home,Library,Train,11.79,15.7,483.4,Local
2022-11-10,Home,Friend's Place,Bicycle,5.31,21.2,0.0,Local
2022-11-10,Friend's Place,University,Tram,7.71,23.1,462.6,Local
2022-11-10,University,Gym,Tram,12.14,36.4,728.4,Local
2022-11-11,Home,Gym,Car,9.13,13.7,1753.0,Local
2022-11-12,Cafe,University,Car,18.05,27.1,3465.6,Local
2022-11-12,Home,Cafe,Car,17.91,26.9,3438.7,Local
2022-11-13,Home,Gym,Car,19.83,29.7,3807.4,Local
2022-11-14,Home,Gym,Bicycle,8.24,33.0,0.0,Local
2022-11-15,Home,Friend's Place,Tram,13.54,40.6,812.4,Local
2022-11-15,Friend's Place,Cafe,Train,1.37,1.8,56.2,Local
2022-11-15,Cafe,Gym,Train,6.34,8.5,259.9,Local
2022-11-17,Friend's Place,Library,Bicycle,3.44,13.8,0.0,Local
2022-11-17,Home,Stadium,Bicycle,19.23,76.9,0.0,Local
2022-11-17,Stadium,Friend's Place,Walk,4.02,48.2,0.0,Local
2022-11-18,Home,University,Train,18.67,24.9,765.5,Local
2022-11-18,University,Cafe,Walk,17.13,205.6,0.0,Local
2022-11-19,Home,Friend's Place,Car,16.76,25.1,3217.9,Local
2022-11-20,Home,Friend's Place,Car,10.93,16.4,2098.6,Local
2022-11-20,Friend's Place,Library,Bicycle,0.66,2.6,0.0,Local
2022-11-21,Home,Library,Bicycle,14.92,59.7,0.0,Local
2022-11-22,Gym,Stadium,Train,4.31,5.7,176.7,Local
2022-11-22,Home,Gym,Car,5.48,8.2,1052.2,Local
2022-11-23,Cafe,Home,Car,8.29,12.4,1591.7,Local
2022-11-23,Home,Cafe,Car,6.25,9.4,1200.0,Local
2022-11-24,Home,Gym,Tram,9.83,29.5,589.8,Local
2022-11-24,Gym,University,Car,11.94,17.9,2292.5,Local
2022-11-25,Home,University,Car,18.17,27.3,3488.6,Local
2022-11-25,University,Cafe,Walk,19.88,238.6,0.0,Local
2022-11-25,Cafe,Library,Tram,6.82,20.5,409.2,Local
2022-11-27,Home,Stadium,Tram,11.56,34.7,693.6,Local
2022-11-27,Stadium,Home,Car,12.59,18.9,2417.3,Local
2022-11-28,Home,Gym,Car,11.23,16.8,2156.2,Local
2022-11-29,Home,Library,Train,6.53,8.7,267.7,Local
2022-11-29,Library,Stadium,Tram,1.42,4.3,85.2,Local
2022-11-30,Home,Cafe,Train,10.48,14.0,429.7,Local
2022-11-30,Cafe,Stadium,Tram,3.19,9.6,191.4,Local
2022-11-30,Stadium,Gym,Bicycle,4.4,17.6,0.0,Local
2022-12-01,Home,Library,Bus,5.64,13.5,592.2,Local
2022-12-01,Library,Friend's Place,Walk,6.15,73.8,0.0,Local
2022-12-02,Home,Stadium,Tram,8.91,26.7,534.6,Local
2022-12-03,Home,Gym,Tram,13.76,41.3,825.6,Local
2022-12-04,Home,Library,Tram,13.01,39.0,780.6,Local
2022-12-04,Library,University,Bus,13.41,32.2,1408.0,Local
2022-12-06,Home,University,Bus,8.78,21.1,921.9,Local
2022-12-07,Home,Gym,Car,13.93,20.9,2674.6,Local
2022-12-08,Home,University,Train,15.17,20.2,622.0,Local
2022-12-09,Home,Cafe,Walk,18.08,217.0,0.0,Local
2022-12-09,Cafe,Stadium,Bus,0.52,1.2,54.6,Local
2022-12-10,Home,Library,Car,14.83,22.2,2847.4,Local
2022-12-10,Library,Friend's Place,Car,0.83,1.2,159.4,Local
2022-12-11,Home,Stadium,Car,17.55,26.3,3369.6,Local
2022-12-11,Stadium,University,Bus,8.14,19.5,854.7,Local
2022-12-12,Home,Cafe,Walk,10.72,128.6,0.0,Local
2022-12-13,Home,Library,Train,18.83,25.1,772.0,Local
2022-12-14,Home,Library,Car,5.51,8.3,1057.9,Local
2022-12-15,Home,Gym,Walk,15.32,183.8,0.0,Local
2022-12-16,University,Stadium,Car,11.16,16.7,2142.7,Local
2022-12-16,Stadium,Friend's Place,Walk,4.45,53.4,0.0,Local
2022-12-16,Home,University,Train,19.29,25.7,790.9,Local
2022-12-17,Home,University,Bicycle,6.14,24.6,0.0,Local
2022-12-18,Home,Friend's Place,Car,5.64,8.5,1082.9,Local
2022-12-19,Home,Friend's Place,Bicycle,15.89,63.6,0.0,Local
2022-12-20,Home,Gym,Bicycle,14.04,56.2,0.0,Local
2022-12-21,Home,Cafe,Bus,5.53,13.3,580.6,Local
2022-12-21,Cafe,Gym,Bicycle,7.38,29.5,0.0,Local
2022-12-22,Home,University,Tram,18.51,55.5,1110.6,Local
2022-12-22,University,Library,Car,15.23,22.8,2924.2,Local
2022-12-24,Home,Gym,Bus,16.62,39.9,1745.1,Local
2022-12-26,Home,Cafe,Bus,12.86,30.9,1350.3,Local
2022-12-28,Home,Stadium,Bus,11.4,27.4,1197.0,Local
2022-12-31,Home,Cafe,Car,7.45,11.2,1430.4,Local
2022-12-31,Cafe,University,Tram,6.35,19.1,381.0,Local
2023-01-01,Home,Gym,Car,19.69,29.5,3780.5,Local
2023-01-02,Gym,Stadium,Walk,3.07,36.8,0.0,Local
2023-01-02,Stadium,Cafe,Walk,2.99,35.9,0.0,Local
2023-01-02,Home,Gym,Walk,6.3,75.6,0.0,Local
2023-01-03,Home,Gym,Tram,19.29,57.9,1157.4,Local
2023-01-03,Gym,Stadium,Bus,6.08,14.6,638.4,Local
2023-01-04,Home,University,Train,7.34,9.8,300.9,Local
2023-01-04,University,Home,Bicycle,7.79,31.2,0.0,Local
2023-01-07,Home,University,Car,10.33,15.5,1983.4,Local
2023-01-07,University,Library,Bus,15.33,36.8,1609.7,Local
2023-01-08,Home,Library,Bicycle,6.26,25.0,0.0,Local
2023-01-08,Library,Cafe,Tram,4.74,14.2,284.4,Local
2023-01-09,Home,Friend's Place,Car,13.02,19.5,2499.8,Local
2023-01-09,Friend's Place,Gym,Bus,4.22,10.1,443.1,Local
2023-01-10,Home,Cafe,Tram,8.22,24.7,493.2,Local
2023-01-11,Home,Friend's Place,Tram,14.6,43.8,876.0,Local
2023-01-11,Friend's Place,Cafe,Walk,2.36,28.3,0.0,Local
2023-01-12,Home,University,Bus,8.23,19.8,864.2,Local
2023-01-12,University,Gym,Bicycle,11.91,47.6,0.0,Local
2023-01-13,Library,University,Walk,15.63,187.6,0.0,Local
2023-01-13,Home,Library,Car,7.8,11.7,1497.6,Local
2023-01-14,Friend's Place,Stadium,Train,6.18,8.2,253.4,Local
2023-01-14,Home,Cafe,Bus,9.63,23.1,1011.2,Local
2023-01-14,Cafe,Friend's Place,Car,5.13,7.7,985.0,Local
2023-01-15,Home,Gym,Walk,18.34,220.1,0.0,Local
2023-01-15,Gym,Home,Walk,19.89,238.7,0.0,Local
2023-01-15,Home,Library,Bicycle,12.92,51.7,0.0,Local
2023-01-16,Home,Stadium,Walk,19.72,236.6,0.0,Local
2023-01-17,Home,Friend's Place,Bus,17.47,41.9,1834.3,Local
2023-01-18,Home,Friend's Place,Car,17.96,26.9,3448.3,Local
2023-01-18,Friend's Place,University,Walk,14.31,171.7,0.0,Local
2023-01-19,Home,Gym,Car,12.78,19.2,2453.8,Local
2023-01-19,Gym,Library,Walk,2.2,26.4,0.0,Local
2023-01-20,Home,Cafe,Car,5.07,7.6,973.4,Local
2023-01-20,Cafe,Friend's Place,Bicycle,0.58,2.3,0.0,Local
2023-01-21,Home,Stadium,Tram,18.58,55.7,1114.8,Local
2023-01-21,Stadium,Home,Tram,15.01,45.0,900.6,Local
2023-01-22,Gym,Stadium,Bus,2.63,6.3,276.1,Local
2023-01-22,University,Gym,Walk,14.07,168.8,0.0,Local
2023-01-22,Home,University,Train,13.53,18.0,554.7,Local
2023-01-23,Home,Library,Bicycle,6.57,26.3,0.0,Local
2023-01-24,Home,Gym,Car,12.81,19.2,2459.5,Local
2023-01-24,Gym,Library,Walk,2.34,28.1,0.0,Local
2023-01-24,Library,Gym,Walk,4.27,51.2,0.0,Local
2023-01-25,Home,Cafe,Car,18.68,28.0,3586.6,Local
2023-01-26,Home,University,Train,5.79,7.7,237.4,Local
2023-01-26,University,Gym,Train,16.03,21.4,657.2,Local
2023-01-27,Home,Gym,Train,19.48,26.0,798.7,Local
2023-01-27,Gym,Library,Tram,2.53,7.6,151.8,Local
2023-01-27,Library,Gym,Bicycle,3.21,12.8,0.0,Local
2023-01-28,Home,Gym,Car,8.54,12.8,1639.7,Local
2023-01-29,Home,Gym,Car,17.12,25.7,3287.0,Local
2023-01-30,Home,Stadium,Tram,12.48,37.4,748.8,Local
2023-01-30,Stadium,Gym,Bus,7.05,16.9,740.2,Local
2023-01-31,Home,Library,Tram,12.14,36.4,728.4,Local
2023-02-01,Home,University,Walk,13.62,163.4,0.0,Local
2023-02-02,Home,Friend's Place,Tram,15.09,45.3,905.4,Local
2023-02-03,Home,Gym,Car,17.02,25.5,3267.8,Local
2023-02-04,Gym,Cafe,Walk,6.04,72.5,0.0,Local
2023-02-04,Home,Gym,Bus,17.42,41.8,1829.1,Local
2023-02-06,Home,University,Tram,15.92,47.8,955.2,Local
2023-02-06,University,Home,Car,18.68,28.0,3586.6,Local
2023-02-07,Home,Cafe,Walk,16.64,199.7,0.0,Local
2023-02-08,Home,Friend's Place,Train,8.67,11.6,355.5,Local
2023-02-09,Home,Cafe,Tram,6.52,19.6,391.2,Local
2023-02-09,Cafe,Home,Tram,16.44,49.3,986.4,Local
2023-02-09,Home,Friend's Place,Bicycle,7.93,31.7,0.0,Local
2023-02-10,Friend's Place,Cafe,Walk,4.92,59.0,0.0,Local
2023-02-10,Home,Friend's Place,Bus,16.06,38.5,1686.3,Local
2023-02-11,Home,Library,Bus,12.68,30.4,1331.4,Local
2023-02-11,Library,Gym,Car,0.68,1.0,130.6,Local
2023-02-11,Gym,University,Walk,19.13,229.6,0.0,Local
2023-02-12,Home,Cafe,Bus,8.52,20.4,894.6,Local
2023-02-13,Home,Friend's Place,Train,18.58,24.8,761.8,Local
2023-02-14,Home,Friend's Place,Car,8.43,12.6,1618.6,Local
2023-02-14,Friend's Place,University,Walk,16.85,202.2,0.0,Local
2023-02-15,Home,Stadium,Bicycle,6.87,27.5,0.0,Local
2023-02-16,Home,Gym,Tram,5.03,15.1,301.8,Local
2023-02-17,Home,Stadium,Train,19.43,25.9,796.6,Local
2023-02-17,Stadium,University,Bicycle,18.57,74.3,0.0,Local
2023-02-18,Home,Friend's Place,Bicycle,7.4,29.6,0.0,Local
2023-02-19,Home,Library,Walk,14.64,175.7,0.0,Local
2023-02-20,Home,University,Train,14.53,19.4,595.7,Local
2023-02-20,University,Home,Walk,19.63,235.6,0.0,Local
2023-02-21,Home,Friend's Place,Tram,15.11,45.3,906.6,Local
2023-02-21,Friend's Place,Library,Bicycle,5.98,23.9,0.0,Local
2023-02-22,Friend's Place,Library,Walk,0.77,9.2,0.0,Local
2023-02-22,Home,Library,Bicycle,13.72,54.9,0.0,Local
2023-02-22,Library,Friend's Place,Walk,2.92,35.0,0.0,Local
2023-02-23,Home,Stadium,Tram,17.9,53.7,1074.0,Local
2023-02-24,Home,Library,Walk,19.08,229.0,0.0,Local
2023-02-24,Library,Home,Bus,14.34,34.4,1505.7,Local
2023-02-24,Home,Gym,Walk,7.77,93.2,0.0,Local
2023-02-25,Cafe,Stadium,Walk,5.71,68.5,0.0,Local
2023-02-25,Home,Cafe,Bicycle,17.33,69.3,0.0,Local
2023-02-26,Cafe,Friend's Place,Bus,2.12,5.1,222.6,Local
2023-02-26,Home,Cafe,Bicycle,7.79,31.2,0.0,Local
2023-02-27,Home,Friend's Place,Bicycle,12.46,49.8,0.0,Local
2023-02-27,Friend's Place,Stadium,Bus,4.89,11.7,513.4,Local
2023-02-28,Home,University,Car,19.69,29.5,3780.5,Local
2023-02-28,University,Home,Train,15.16,20.2,621.6,Local
2023-03-01,Home,Library,Car,7.62,11.4,1463.0,Local
2023-03-01,Library,Friend's Place,Tram,0.79,2.4,47.4,Local
2023-03-01,Friend's Place,Home,Car,6.75,10.1,1296.0,Local
2023-03-02,Home,Stadium,Bicycle,12.8,51.2,0.0,Local
2023-03-03,Home,Gym,Bicycle,19.67,78.7,0.0,Local
2023-03-04,Home,University,Car,5.3,8.0,1017.6,Local
2023-03-05,Home,Gym,Bicycle,7.06,28.2,0.0,Local
2023-03-05,Gym,University,Bus,15.22,36.5,1598.1,Local
2023-03-06,Home,Library,Train,10.01,13.3,410.4,Local
2023-03-08,Home,Friend's Place,Walk,16.61,199.3,0.0,Local
2023-03-09,Home,University,Car,18.41,27.6,3534.7,Local
2023-03-09,University,Gym,Bus,11.09,26.6,1164.5,Local
2023-03-10,Stadium,Gym,Bicycle,3.53,14.1,0.0,Local
2023-03-10,University,Stadium,Bus,19.36,46.5,2032.8,Local
2023-03-10,Home,University,Car,6.21,9.3,1192.3,Local
2023-03-11,Home,University,Car,17.14,25.7,3290.9,Local
2023-03-12,Home,Friend's Place,Train,13.65,18.2,559.6,Local
2023-03-13,Home,Cafe,Train,13.55,18.1,555.6,Local
2023-03-13,Cafe,Library,Train,1.08,1.4,44.3,Local
2023-03-13,Library,Gym,Bicycle,5.51,22.0,0.0,Local
2023-03-14,Home,Library,Tram,15.33,46.0,919.8,Local
2023-03-15,Gym,Friend's Place,Walk,2.24,26.9,0.0,Local
2023-03-15,Home,Gym,Walk,17.57,210.8,0.0,Local
2023-03-16,Home,University,Bus,15.66,37.6,1644.3,Local
2023-03-19,Home,Friend's Place,Walk,18.91,226.9,0.0,Local
2023-03-20,Home,Library,Bus,17.43,41.8,1830.1,Local
2023-03-21,Home,Stadium,Walk,5.03,60.4,0.0,Local
2023-03-22,Cafe,Stadium,Train,4.0,5.3,164.0,Local
2023-03-22,Home,Friend's Place,Walk,15.93,191.2,0.0,Local
2023-03-22,Friend's Place,Cafe,Train,1.88,2.5,77.1,Local
2023-03-23,University,Friend's Place,Walk,7.74,92.9,0.0,Local
2023-03-23,Home,University,Tram,13.01,39.0,780.6,Local
2023-03-24,Home,Gym,Car,7.66,11.5,1470.7,Local
2023-03-24,Gym,Friend's Place,Bicycle,5.91,23.6,0.0,Local
2023-03-24,Friend's Place,Home,Bicycle,8.8,35.2,0.0,Local
2023-03-26,Home,University,Car,10.57,15.9,2029.4,Local
2023-03-27,Home,University,Bicycle,12.06,48.2,0.0,Local
2023-03-28,Home,Library,Bus,15.71,37.7,1649.6,Local
2023-03-29,Home,Friend's Place,Walk,7.27,87.2,0.0,Local
2023-03-30,Home,Library,Tram,17.09,51.3,1025.4,Local
2023-03-30,Library,Cafe,Car,2.8,4.2,537.6,Local
2023-04-01,Home,University,Walk,14.14,169.7,0.0,Local
2023-04-02,Home,Friend's Place,Bus,7.48,18.0,785.4,Local
2023-04-02,Friend's Place,Cafe,Car,3.14,4.7,602.9,Local
2023-04-02,Cafe,Friend's Place,Car,7.7,11.6,1478.4,Local
2023-04-03,Home,Gym,Bicycle,14.87,59.5,0.0,Local
2023-04-04,Home,Gym,Car,6.67,10.0,1280.6,Local
2023-04-05,Friend's Place,Gym,Train,4.88,6.5,200.1,Local
2023-04-05,University,Friend's Place,Train,14.85,19.8,608.9,Local
2023-04-05,Home,University,Bicycle,16.68,66.7,0.0,Local
2023-04-06,Home,Gym,Walk,14.22,170.6,0.0,Local
2023-04-06,Gym,Cafe,Walk,2.11,25.3,0.0,Local
2023-04-07,Home,Cafe,Train,16.47,22.0,675.3,Local
2023-04-08,Home,University,Train,13.73,18.3,562.9,Local
2023-04-08,University,Stadium,Car,8.59,12.9,1649.3,Local
2023-04-09,Home,Friend's Place,Car,17.75,26.6,3408.0,Local
2023-04-09,Friend's Place,Stadium,Tram,7.49,22.5,449.4,Local
2023-04-10,University,Home,Car,6.12,9.2,1175.0,Local
2023-04-10,Home,University,Car,13.91,20.9,2670.7,Local
2023-04-11,Home,Library,Walk,13.71,164.5,0.0,Local
2023-04-12,Home,Gym,Bus,9.22,22.1,968.1,Local
2023-04-12,Gym,Stadium,Tram,6.53,19.6,391.8,Local
2023-04-12,Stadium,University,Train,17.9,23.9,733.9,Local
2023-04-13,Home,Cafe,Train,13.77,18.4,564.6,Local
2023-04-13,Cafe,University,Tram,7.46,22.4,447.6,Local
2023-04-14,Gym,Cafe,Bicycle,5.86,23.4,0.0,Local
2023-04-14,Cafe,Friend's Place,Bicycle,2.64,10.6,0.0,Local
2023-04-14,Home,Gym,Tram,9.22,27.7,553.2,Local
2023-04-15,Home,Gym,Car,10.04,15.1,1927.7,Local
2023-04-16,Home,Friend's Place,Train,12.93,17.2,530.1,Local
2023-04-16,Friend's Place,University,Car,14.52,21.8,2787.8,Local
2023-04-17,Home,Library,Walk,16.01,192.1,0.0,Local
2023-04-17,Library,University,Tram,5.92,17.8,355.2,Local
2023-04-18,Home,Friend's Place,Bicycle,19.52,78.1,0.0,Local
2023-04-19,Friend's Place,Home,Bicycle,6.47,25.9,0.0,Local
2023-04-19,Gym,Friend's Place,Train,0.6,0.8,24.6,Local
2023-04-19,Home,Gym,Train,15.89,21.2,651.5,Local
2023-04-20,Home,Cafe,Bicycle,9.03,36.1,0.0,Local
2023-04-21,Home,Friend's Place,Bus,6.29,15.1,660.5,Local
2023-04-21,Friend's Place,Cafe,Bus,5.66,13.6,594.3,Local
2023-04-21,Cafe,Stadium,Walk,1.06,12.7,0.0,Local
2023-04-22,Home,Library,Bicycle,6.32,25.3,0.0,Local
2023-04-23,Home,Library,Tram,13.36,40.1,801.6,Local
2023-04-23,Library,University,Car,14.3,21.5,2745.6,Local
2023-04-24,Home,Friend's Place,Car,6.96,10.4,1336.3,Local
2023-04-25,Home,Library,Car,11.47,17.2,2202.2,Local
2023-04-25,Library,Stadium,Bus,4.73,11.4,496.7,Local
2023-04-25,Stadium,Friend's Place,Tram,1.77,5.3,106.2,Local
2023-04-26,Home,Library,Bicycle,15.48,61.9,0.0,Local
2023-04-28,Home,Stadium,Walk,8.69,104.3,0.0,Local
2023-04-29,Home,Gym,Bus,7.95,19.1,834.8,Local
2023-04-30,Home,Library,Bicycle,8.23,32.9,0.0,Local
2023-04-30,Library,Gym,Tram,6.68,20.0,400.8,Local
2023-05-01,Home,University,Train,6.04,8.1,247.6,Local
2023-05-02,Home,Friend's Place,Train,12.06,16.1,494.5,Local
2023-05-04,Home,Cafe,Tram,10.2,30.6,612.0,Local
2023-05-05,Home,Gym,Car,13.72,20.6,2634.2,Local
2023-05-05,Gym,Home,Car,18.01,27.0,3457.9,Local
2023-05-06,Home,Stadium,Walk,9.32,111.8,0.0,Local
2023-05-06,Stadium,University,Bus,16.58,39.8,1740.9,Local
2023-05-07,Home,Stadium,Bus,7.06,16.9,741.3,Local
2023-05-08,University,Friend's Place,Walk,8.32,99.8,0.0,Local
2023-05-08,Stadium,University,Bus,11.16,26.8,1171.8,Local
2023-05-08,Home,Stadium,Bicycle,17.42,69.7,0.0,Local
2023-05-09,Home,Library,Car,15.48,23.2,2972.2,Local
2023-05-10,Home,Friend's Place,Bus,19.13,45.9,2008.6,Local
2023-05-11,Home,Gym,Tram,8.23,24.7,493.8,Local
2023-05-12,Home,Gym,Bus,7.72,18.5,810.6,Local
2023-05-12,Gym,Home,Walk,12.23,146.8,0.0,Local
2023-05-13,Home,Cafe,Car,6.42,9.6,1232.6,Local
2023-05-14,Home,University,Bicycle,18.27,73.1,0.0,Local
2023-05-14,University,Library,Bicycle,19.43,77.7,0.0,Local
2023-05-14,Library,University,Walk,7.53,90.4,0.0,Local
2023-05-15,Home,Cafe,Car,9.54,14.3,1831.7,Local
2023-05-15,Cafe,Gym,Car,4.96,7.4,952.3,Local
2023-05-16,Home,Gym,Walk,12.54,150.5,0.0,Local
2023-05-17,Home,University,Bicycle,5.88,23.5,0.0,Local
2023-05-18,Home,University,Train,18.91,25.2,775.3,Local
2023-05-18,University,Cafe,Bicycle,5.14,20.6,0.0,Local
2023-05-20,University,Stadium,Car,13.29,19.9,2551.7,Local
2023-05-20,Stadium,Cafe,Tram,2.83,8.5,169.8,Local
2023-05-20,Home,University,Tram,18.81,56.4,1128.6,Local
2023-05-21,Home,Cafe,Bicycle,11.05,44.2,0.0,Local
2023-05-22,Home,Library,Walk,8.83,106.0,0.0,Local
2023-05-22,Library,Gym,Walk,2.41,28.9,0.0,Local
2023-05-23,Home,Cafe,Tram,15.81,47.4,948.6,Local
2023-05-23,Cafe,Home,Train,9.17,12.2,376.0,Local
2023-05-24,Library,Cafe,Train,0.67,0.9,27.5,Local
2023-05-24,Home,Friend's Place,Bus,19.63,47.1,2061.2,Local
2023-05-24,Friend's Place,Library,Tram,3.88,11.6,232.8,Local
2023-05-25,Home,Cafe,Tram,11.5,34.5,690.0,Local
2023-05-26,Home,University,Car,8.75,13.1,1680.0,Local
2023-05-26,University,Stadium,Walk,10.81,129.7,0.0,Local
2023-05-27,Home,Cafe,Train,11.45,15.3,469.4,Local
2023-05-28,Home,Cafe,Tram,19.46,58.4,1167.6,Local
2023-05-28,Cafe,Gym,Tram,1.64,4.9,98.4,Local
2023-05-29,University,Gym,Car,5.05,7.6,969.6,Local
2023-05-29,Home,University,Walk,10.49,125.9,0.0,Local
2023-05-30,Cafe,Friend's Place,Tram,2.3,6.9,138.0,Local
2023-05-30,Home,Cafe,Car,11.77,17.7,2259.8,Local
2023-05-31,Home,Gym,Bicycle,14.28,57.1,0.0,Local
2023-06-01,Home,Stadium,Train,10.1,13.5,414.1,Local
2023-06-02,Home,Library,Train,6.57,8.8,269.4,Local
2023-06-02,Library,Stadium,Train,2.55,3.4,104.5,Local
2023-06-02,Stadium,Home,Train,16.27,21.7,667.1,Local
2023-06-03,Home,Library,Tram,10.18,30.5,610.8,Local
2023-06-03,Library,Home,Bus,13.9,33.4,1459.5,Local
2023-06-03,Home,Cafe,Walk,10.68,128.2,0.0,Local
2023-06-05,Home,University,Train,13.22,17.6,542.0,Local
2023-06-05,University,Cafe,Walk,19.33,232.0,0.0,Local
2023-06-06,Home,Cafe,Walk,15.59,187.1,0.0,Local
2023-06-07,Home,Cafe,Car,7.57,11.4,1453.4,Local
2023-06-08,Home,Friend's Place,Train,15.53,20.7,636.7,Local
2023-06-08,Friend's Place,University,Tram,13.11,39.3,786.6,Local
2023-06-09,Home,Friend's Place,Bicycle,8.92,35.7,0.0,Local
2023-06-09,Friend's Place,Cafe,Tram,3.42,10.3,205.2,Local
2023-06-10,Home,University,Train,5.35,7.1,219.3,Local
2023-06-11,Home,Stadium,Bus,5.41,13.0,568.1,Local
2023-06-12,Home,Cafe,Car,11.65,17.5,2236.8,Local
2023-06-12,Cafe,Stadium,Walk,7.76,93.1,0.0,Local
2023-06-14,Home,Cafe,Bus,16.85,40.4,1769.3,Local
2023-06-15,Home,University,Bus,5.23,12.6,549.2,Local
2023-06-15,University,Cafe,Car,9.66,14.5,1854.7,Local
2023-06-15,Cafe,Stadium,Car,7.72,11.6,1482.2,Local
2023-06-16,Home,University,Bicycle,16.78,67.1,0.0,Local
2023-06-16,University,Gym,Tram,14.19,42.6,851.4,Local
2023-06-16,Gym,University,Train,17.65,23.5,723.6,Local
2023-06-17,Home,Library,Walk,18.74,224.9,0.0,Local
2023-06-17,Library,Stadium,Train,6.12,8.2,250.9,Local
2023-06-18,Home,Gym,Tram,19.9,59.7,1194.0,Local
2023-06-19,Home,Gym,Tram,18.5,55.5,1110.0,Local
2023-06-19,Gym,Stadium,Bus,7.95,19.1,834.8,Local
2023-06-20,Home,Cafe,Tram,13.42,40.3,805.2,Local
2023-06-21,University,Home,Bicycle,8.32,33.3,0.0,Local
2023-06-21,Home,University,Car,9.71,14.6,1864.3,Local
2023-06-22,Home,Friend's Place,Car,7.8,11.7,1497.6,Local
2023-06-22,Friend's Place,Library,Train,1.91,2.5,78.3,Local
2023-06-22,Library,University,Bus,16.28,39.1,1709.4,Local
2023-06-23,Home,Friend's Place,Bicycle,17.48,69.9,0.0,Local
2023-06-23,Friend's Place,Library,Car,4.05,6.1,777.6,Local
2023-06-23,Library,Cafe,Walk,0.51,6.1,0.0,Local
2023-06-24,Home,University,Bus,13.24,31.8,1390.2,Local
2023-06-24,University,Gym,Tram,5.85,17.5,351.0,Local
2023-06-24,Gym,Stadium,Train,0.7,0.9,28.7,Local
2023-06-25,Home,Stadium,Car,19.11,28.7,3669.1,Local
2023-06-25,Stadium,Cafe,Bicycle,2.04,8.2,0.0,Local
2023-06-26,Home,Part-time Work,Train,8.63,11.5,353.8,Local
2023-06-26,Part-time Work,Work,Car,6.57,9.9,1261.4,Local
2023-06-26,Work,Train Station,Train,5.47,7.3,224.3,Local
2023-06-27,Pharmacy,Cricket Ground,Train,1.5,2.0,61.5,Local
2023-06-27,Home,Pharmacy,Car,6.69,10.0,1284.5,Local
2023-06-28,Home,Work,Tram,5.69,17.1,341.4,Local
2023-06-28,Work,Museum,Car,17.56,26.3,3371.5,Local
2023-06-29,Home,Train Station,Walk,19.03,228.4,0.0,Local
2023-06-29,Train Station,University,Bus,16.28,39.1,1709.4,Local
2023-06-29,University,Work,Train,11.02,14.7,451.8,Local
2023-06-30,Pharmacy,Museum,Car,6.44,9.7,1236.5,Local
2023-06-30,Home,Hospital,Car,18.76,28.1,3601.9,Local
2023-06-30,Hospital,Pharmacy,Train,0.98,1.3,40.2,Local
2023-07-01,Home,Shopping Centre,Bus,16.76,40.2,1759.8,Local
2023-07-01,Shopping Centre,Pharmacy,Bus,5.74,13.8,602.7,Local
2023-07-01,Pharmacy,Part-time Work,Car,18.88,28.3,3625.0,Local
2023-07-02,Home,Train Station,Walk,16.55,198.6,0.0,Local
2023-07-03,Home,Pharmacy,Train,8.07,10.8,330.9,Local
2023-07-03,Pharmacy,Train Station,Tram,2.98,8.9,178.8,Local
2023-07-04,University,Home,Tram,10.09,30.3,605.4,Local
2023-07-04,Home,University,Car,9.27,13.9,1779.8,Local
2023-07-05,Pharmacy,Cricket Ground,Walk,6.43,77.2,0.0,Local
2023-07-05,Home,Shopping Centre,Train,16.03,21.4,657.2,Local
2023-07-05,Shopping Centre,Pharmacy,Tram,7.94,23.8,476.4,Local
2023-07-07,Home,Shopping Centre,Walk,6.32,75.8,0.0,Local
2023-07-08,Home,Museum,Tram,17.01,51.0,1020.6,Local
2023-07-08,Museum,Hospital,Walk,7.65,91.8,0.0,Local
2023-07-09,Home,Work,Walk,10.63,127.6,0.0,Local
2023-07-09,Work,Hospital,Bus,14.22,34.1,1493.1,Local
2023-07-10,Home,University,Walk,7.34,88.1,0.0,Local
2023-07-10,University,Train Station,Car,5.07,7.6,973.4,Local
2023-07-11,Home,Shopping Centre,Tram,8.2,24.6,492.0,Local
2023-07-12,Home,Work,Walk,11.17,134.0,0.0,Local
2023-07-13,Home,University,Car,19.38,29.1,3721.0,Local
2023-07-13,University,Train Station,Tram,6.99,21.0,419.4,Local
2023-07-14,Home,Cricket Ground,Tram,15.09,45.3,905.4,Local
2023-07-16,Home,Shopping Centre,Walk,12.45,149.4,0.0,Local
2023-07-17,Home,Part-time Work,Bus,12.66,30.4,1329.3,Local
2023-07-19,Home,Shopping Centre,Bicycle,17.71,70.8,0.0,Local
2023-07-20,Train Station,Work,Car,16.06,24.1,3083.5,Local
2023-07-20,Home,Train Station,Train,8.57,11.4,351.4,Local
2023-07-21,Home,Work,Bus,11.86,28.5,1245.3,Local
2023-07-21,Work,Home,Bicycle,10.02,40.1,0.0,Local
2023-07-22,Home,University,Bicycle,5.72,22.9,0.0,Local
2023-07-22,University,Hospital,Car,19.1,28.7,3667.2,Local
2023-07-22,Hospital,University,Walk,8.86,106.3,0.0,Local
2023-07-23,Home,Part-time Work,Train,6.73,9.0,275.9,Local
2023-07-24,Home,Museum,Tram,14.32,43.0,859.2,Local
2023-07-24,Museum,University,Bicycle,5.43,21.7,0.0,Local
2023-07-25,Home,Pharmacy,Bicycle,13.27,53.1,0.0,Local
2023-07-25,Pharmacy,Work,Tram,13.55,40.6,813.0,Local
2023-07-26,Home,Part-time Work,Car,10.7,16.0,2054.4,Local
2023-07-26,Part-time Work,Cricket Ground,Walk,13.78,165.4,0.0,Local
2023-07-27,Part-time Work,University,Train,16.63,22.2,681.8,Local
2023-07-27,Home,Part-time Work,Tram,17.23,51.7,1033.8,Local
2023-07-27,University,Pharmacy,Bicycle,12.43,49.7,0.0,Local
2023-07-29,Shopping Centre,Hospital,Bicycle,1.18,4.7,0.0,Local
2023-07-29,Home,Shopping Centre,Bus,9.09,21.8,954.4,Local
2023-07-29,Hospital,University,Car,17.86,26.8,3429.1,Local
2023-07-30,Home,University,Car,9.93,14.9,1906.6,Local
2023-08-01,Museum,Shopping Centre,Train,5.7,7.6,233.7,Local
2023-08-01,Home,Museum,Car,6.25,9.4,1200.0,Local
2023-08-02,Home,Pharmacy,Tram,19.92,59.8,1195.2,Local
2023-08-02,Pharmacy,Part-time Work,Train,6.92,9.2,283.7,Local
2023-08-02,Part-time Work,Work,Walk,19.76,237.1,0.0,Local
2023-08-03,Home,Shopping Centre,Car,14.41,21.6,2766.7,Local
2023-08-03,Shopping Centre,Pharmacy,Tram,6.47,19.4,388.2,Local
2023-08-03,Pharmacy,University,Tram,8.79,26.4,527.4,Local
2023-08-04,Home,Cricket Ground,Car,10.0,15.0,1920.0,Local
2023-08-05,Home,Museum,Car,5.98,9.0,1148.2,Local
2023-08-05,Museum,Train Station,Bus,6.41,15.4,673.1,Local
2023-08-06,Home,Train Station,Bus,11.11,26.7,1166.5,Local
2023-08-06,Train Station,Pharmacy,Car,5.73,8.6,1100.2,Local
2023-08-06,Pharmacy,Hospital,Train,5.5,7.3,225.5,Local
2023-08-08,Home,Part-time Work,Train,18.76,25.0,769.2,Local
2023-08-09,Home,Pharmacy,Bicycle,18.73,74.9,0.0,Local
2023-08-09,Pharmacy,Work,Bus,5.87,14.1,616.4,Local
2023-08-09,Work,Train Station,Car,5.89,8.8,1130.9,Local
2023-08-10,Part-time Work,Hospital,Bicycle,16.07,64.3,0.0,Local
2023-08-10,Home,Part-time Work,Bicycle,18.27,73.1,0.0,Local
2023-08-11,Home,Museum,Tram,9.47,28.4,568.2,Local
2023-08-12,Home,Part-time Work,Bicycle,17.87,71.5,0.0,Local
2023-08-12,Part-time Work,Hospital,Tram,5.49,16.5,329.4,Local
2023-08-13,Home,University,Car,19.38,29.1,3721.0,Local
2023-08-13,University,Train Station,Tram,19.25,57.8,1155.0,Local
2023-08-13,Train Station,Work,Bus,17.81,42.7,1870.0,Local
2023-08-14,Museum,University,Train,9.91,13.2,406.3,Local
2023-08-14,Home,Museum,Tram,18.76,56.3,1125.6,Local
2023-08-14,University,Train Station,Train,19.75,26.3,809.8,Local
2023-08-15,Home,Hospital,Bicycle,5.74,23.0,0.0,Local
2023-08-16,Home,Hospital,Bus,14.0,33.6,1470.0,Local
2023-08-16,Hospital,University,Tram,17.39,52.2,1043.4,Local
2023-08-17,Home,Train Station,Bicycle,14.93,59.7,0.0,Local
2023-08-17,Train Station,University,Tram,16.41,49.2,984.6,Local
2023-08-18,Part-time Work,Hospital,Train,13.88,18.5,569.1,Local
2023-08-18,Home,Part-time Work,Tram,5.54,16.6,332.4,Local
2023-08-19,Pharmacy,Cricket Ground,Bicycle,3.81,15.2,0.0,Local
2023-08-19,Home,Pharmacy,Train,5.99,8.0,245.6,Local
2023-08-20,Home,University,Tram,8.75,26.2,525.0,Local
2023-08-21,Home,Work,Bicycle,11.72,46.9,0.0,Local
2023-08-21,Work,Museum,Bus,17.53,42.1,1840.7,Local
2023-08-22,Home,Museum,Tram,13.98,41.9,838.8,Local
2023-08-23,Home,University,Train,10.93,14.6,448.1,Local
2023-08-23,University,Train Station,Bicycle,17.14,68.6,0.0,Local
2023-08-24,Home,Part-time Work,Bus,7.61,18.3,799.1,Local
2023-08-24,Part-time Work,Home,Walk,18.59,223.1,0.0,Local
2023-08-25,Home,Part-time Work,Walk,8.01,96.1,0.0,Local
2023-08-25,Part-time Work,Work,Car,5.08,7.6,975.4,Local
2023-08-26,Home,Work,Car,17.83,26.7,3423.4,Local
2023-08-26,Work,Home,Car,6.53,9.8,1253.8,Local
2023-08-26,Home,Cricket Ground,Walk,12.31,147.7,0.0,Local
2023-08-27,Home,Hospital,Bicycle,7.01,28.0,0.0,Local
2023-08-27,Hospital,Train Station,Bus,2.05,4.9,215.2,Local
2023-08-28,University,Work,Train,14.23,19.0,583.4,Local
2023-08-28,Museum,University,Bus,10.41,25.0,1093.0,Local
2023-08-28,Home,Museum,Bus,9.5,22.8,997.5,Local
2023-08-29,Home,Part-time Work,Bus,18.05,43.3,1895.2,Local
2023-08-30,Home,Hospital,Train,15.61,20.8,640.0,Local
2023-08-30,Hospital,Museum,Train,5.32,7.1,218.1,Local
2023-08-30,Museum,Home,Bus,12.2,29.3,1281.0,Local
2023-09-01,Home,Shopping Centre,Car,6.9,10.4,1324.8,Local
2023-09-01,Shopping Centre,Part-time Work,Bicycle,14.44,57.8,0.0,Local
2023-09-01,Part-time Work,Train Station,Car,8.67,13.0,1664.6,Local
2023-09-02,Home,University,Train,16.09,21.5,659.7,Local
2023-09-03,Home,Museum,Train,10.07,13.4,412.9,Local
2023-09-03,Museum,Cricket Ground,Bicycle,7.35,29.4,0.0,Local
2023-09-04,Home,Train Station,Bus,9.11,21.9,956.5,Local
2023-09-04,Train Station,University,Walk,16.8,201.6,0.0,Local
2023-09-05,Home,Part-time Work,Car,14.63,21.9,2809.0,Local
2023-09-05,Part-time Work,Museum,Walk,13.79,165.5,0.0,Local
2023-09-06,Home,Museum,Car,12.37,18.6,2375.0,Local
2023-09-08,University,Part-time Work,Bicycle,12.72,50.9,0.0,Local
2023-09-08,Home,University,Train,9.68,12.9,396.9,Local
2023-09-09,Home,Shopping Centre,Tram,12.83,38.5,769.8,Local
2023-09-09,Shopping Centre,Cricket Ground,Train,4.9,6.5,200.9,Local
2023-09-10,Home,Part-time Work,Bus,12.77,30.6,1340.8,Local
2023-09-10,Part-time Work,Cricket Ground,Car,14.6,21.9,2803.2,Local
2023-09-12,Home,Cricket Ground,Train,16.38,21.8,671.6,Local
2023-09-13,Home,Shopping Centre,Bus,5.54,13.3,581.7,Local
2023-09-13,Shopping Centre,Hospital,Car,0.89,1.3,170.9,Local
2023-09-14,Home,Shopping Centre,Train,13.32,17.8,546.1,Local
2023-09-14,Shopping Centre,University,Tram,6.86,20.6,411.6,Local
2023-09-15,Home,Shopping Centre,Bus,9.17,22.0,962.9,Local
2023-09-16,Home,University,Walk,7.44,89.3,0.0,Local
2023-09-16,University,Cricket Ground,Bus,15.57,37.4,1634.9,Local
2023-09-16,Cricket Ground,Part-time Work,Train,8.59,11.5,352.2,Local
2023-09-17,Home,Part-time Work,Train,16.64,22.2,682.2,Local
2023-09-18,Home,Cricket Ground,Walk,8.4,100.8,0.0,Local
2023-09-19,Home,Train Station,Bicycle,14.32,57.3,0.0,Local
2023-09-20,Home,Pharmacy,Bicycle,9.64,38.6,0.0,Local
2023-09-21,Home,Work,Train,17.33,23.1,710.5,Local
2023-09-21,Work,Train Station,Tram,10.15,30.5,609.0,Local
2023-09-22,Home,Part-time Work,Bicycle,6.21,24.8,0.0,Local
2023-09-22,Part-time Work,Pharmacy,Bicycle,12.07,48.3,0.0,Local
2023-09-22,Pharmacy,Work,Bicycle,7.94,31.8,0.0,Local
2023-09-23,Home,Shopping Centre,Train,6.07,8.1,248.9,Local
2023-09-24,University,Home,Car,14.16,21.2,2718.7,Local
2023-09-24,Hospital,University,Car,12.21,18.3,2344.3,Local
2023-09-24,Home,Hospital,Bus,8.69,20.9,912.4,Local
2023-09-25,Home,Cricket Ground,Walk,18.16,217.9,0.0,Local
2023-09-25,Cricket Ground,Museum,Car,0.59,0.9,113.3,Local
2023-09-25,Museum,Train Station,Tram,5.0,15.0,300.0,Local
2023-09-26,Home,Cricket Ground,Car,11.88,17.8,2281.0,Local
2023-09-26,Cricket Ground,Museum,Car,7.98,12.0,1532.2,Local
2023-09-27,Home,Museum,Car,5.22,7.8,1002.2,Local
2023-09-28,Shopping Centre,Part-time Work,Bus,13.67,32.8,1435.3,Local
2023-09-28,Home,Museum,Bus,10.84,26.0,1138.2,Local
2023-09-28,Museum,Shopping Centre,Bus,6.54,15.7,686.7,Local
2023-09-29,Home,Part-time Work,Bus,13.28,31.9,1394.4,Local
2023-09-29,Part-time Work,Home,Walk,14.02,168.2,0.0,Local
2023-09-29,Home,Part-time Work,Walk,17.6,211.2,0.0,Local
2023-09-30,Home,Shopping Centre,Walk,11.04,132.5,0.0,Local
2023-10-03,Home,Cricket Ground,Tram,9.92,29.8,595.2,Local
2023-10-03,Cricket Ground,Work,Walk,7.56,90.7,0.0,Local
2023-10-04,Home,Train Station,Train,19.57,26.1,802.4,Local
2023-10-04,Train Station,Pharmacy,Car,5.4,8.1,1036.8,Local
2023-10-05,Home,Pharmacy,Walk,16.59,199.1,0.0,Local
2023-10-05,Pharmacy,Train Station,Car,5.31,8.0,1019.5,Local
2023-10-06,Home,Pharmacy,Bus,19.9,47.8,2089.5,Local
2023-10-06,Pharmacy,Train Station,Car,6.26,9.4,1201.9,Local
2023-10-06,Train Station,Home,Car,17.64,26.5,3386.9,Local
2023-10-07,Home,Cricket Ground,Tram,13.91,41.7,834.6,Local
2023-10-08,Home,Museum,Bicycle,5.94,23.8,0.0,Local
2023-10-09,Home,Work,Walk,14.07,168.8,0.0,Local
2023-10-10,Home,Part-time Work,Train,18.42,24.6,755.2,Local
2023-10-10,Part-time Work,Cricket Ground,Bicycle,17.35,69.4,0.0,Local
2023-10-11,Home,Part-time Work,Train,14.52,19.4,595.3,Local
2023-10-12,Home,Hospital,Car,19.3,29.0,3705.6,Local
2023-10-12,Hospital,Shopping Centre,Train,7.35,9.8,301.3,Local
2023-10-12,Shopping Centre,Home,Train,8.33,11.1,341.5,Local
2023-10-13,Home,Train Station,Tram,17.24,51.7,1034.4,Local
2023-10-14,Home,Hospital,Tram,19.15,57.4,1149.0,Local
2023-10-14,Hospital,Pharmacy,Bus,1.23,3.0,129.2,Local
2023-10-15,Home,Work,Bus,16.23,39.0,1704.2,Local
2023-10-15,Work,Home,Walk,5.75,69.0,0.0,Local
2023-10-16,Home,Hospital,Train,18.13,24.2,743.3,Local
2023-10-16,Hospital,Work,Tram,7.42,22.3,445.2,Local
2023-10-16,Work,Train Station,Bus,5.89,14.1,618.4,Local
2023-10-17,Home,Shopping Centre,Tram,18.59,55.8,1115.4,Local
2023-10-17,Shopping Centre,Pharmacy,Car,1.77,2.7,339.8,Local
2023-10-18,Part-time Work,Home,Bicycle,10.89,43.6,0.0,Local
2023-10-18,Home,Part-time Work,Train,17.8,23.7,729.8,Local
2023-10-18,Home,Hospital,Train,8.79,11.7,360.4,Local
2023-10-20,Pharmacy,Museum,Bicycle,2.15,8.6,0.0,Local
2023-10-20,Home,Pharmacy,Bus,17.41,41.8,1828.0,Local
2023-10-21,Home,Part-time Work,Tram,13.07,39.2,784.2,Local
2023-10-22,Home,Shopping Centre,Tram,19.02,57.1,1141.2,Local
2023-10-22,Shopping Centre,University,Car,10.24,15.4,1966.1,Local
2023-10-22,University,Shopping Centre,Train,10.89,14.5,446.5,Local
2023-10-23,Home,Hospital,Walk,6.11,73.3,0.0,Local
2023-10-24,Home,Pharmacy,Tram,17.2,51.6,1032.0,Local
2023-10-26,University,Work,Train,16.24,21.7,665.8,Local
2023-10-26,Home,University,Tram,16.06,48.2,963.6,Local
2023-10-28,Home,Museum,Train,6.62,8.8,271.4,Local
2023-10-28,Museum,Home,Bicycle,18.29,73.2,0.0,Local
2023-11-01,Home,Work,Walk,16.28,195.4,0.0,Local
2023-11-01,Work,University,Walk,6.88,82.6,0.0,Local
2023-11-02,Home,Cricket Ground,Train,8.0,10.7,328.0,Local
2023-11-02,Cricket Ground,Home,Walk,16.31,195.7,0.0,Local
2023-11-03,Home,Part-time Work,Train,16.98,22.6,696.2,Local
2023-11-04,Home,Cricket Ground,Bus,16.0,38.4,1680.0,Local
2023-11-05,Museum,Train Station,Bus,2.89,6.9,303.4,Local
2023-11-05,Home,Museum,Walk,7.72,92.6,0.0,Local
2023-11-06,Home,Hospital,Car,12.02,18.0,2307.8,Local
2023-11-07,Home,Pharmacy,Car,5.91,8.9,1134.7,Local
2023-11-07,Pharmacy,Home,Bus,15.28,36.7,1604.4,Local
2023-11-09,Home,Train Station,Tram,8.06,24.2,483.6,Local
2023-11-09,Train Station,Hospital,Train,7.76,10.3,318.2,Local
2023-11-09,Hospital,Pharmacy,Train,4.47,6.0,183.3,Local
2023-11-10,Home,Part-time Work,Car,10.74,16.1,2062.1,Local
2023-11-10,Part-time Work,Cricket Ground,Walk,14.97,179.6,0.0,Local
2023-11-11,Home,Part-time Work,Tram,6.82,20.5,409.2,Local
2023-11-12,Home,Museum,Train,7.12,9.5,291.9,Local
2023-11-12,Museum,Work,Walk,15.2,182.4,0.0,Local
2023-11-12,Work,Cricket Ground,Walk,14.49,173.9,0.0,Local
2023-11-13,Home,University,Car,19.33,29.0,3711.4,Local
2023-11-13,University,Home,Tram,5.3,15.9,318.0,Local
2023-11-14,Home,Part-time Work,Train,12.35,16.5,506.3,Local
2023-11-14,Part-time Work,Work,Walk,10.19,122.3,0.0,Local
2023-11-15,Home,Shopping Centre,Walk,11.01,132.1,0.0,Local
2023-11-16,Home,Shopping Centre,Tram,18.57,55.7,1114.2,Local
2023-11-16,Shopping Centre,Part-time Work,Train,16.02,21.4,656.8,Local
2023-11-17,Home,Part-time Work,Bicycle,18.43,73.7,0.0,Local
2023-11-17,Part-time Work,Shopping Centre,Car,14.14,21.2,2714.9,Local
2023-11-18,Home,Museum,Bus,7.61,18.3,799.1,Local
2023-11-18,Museum,Train Station,Walk,4.82,57.8,0.0,Local
2023-11-19,Home,Cricket Ground,Walk,8.25,99.0,0.0,Local
2023-11-20,Train Station,Home,Walk,6.38,76.6,0.0,Local
2023-11-20,Home,Train Station,Bicycle,17.28,69.1,0.0,Local
2023-11-21,Home,Part-time Work,Bicycle,8.34,33.4,0.0,Local
2023-11-22,Home,Part-time Work,Car,6.73,10.1,1292.2,Local
2023-11-22,Part-time Work,Work,Walk,8.87,106.4,0.0,Local
2023-11-23,Home,Museum,Tram,13.76,41.3,825.6,Local
2023-11-23,Museum,Train Station,Bicycle,0.78,3.1,0.0,Local
2023-11-24,Home,Shopping Centre,Walk,6.57,78.8,0.0,Local
2023-11-25,University,Shopping Centre,Bus,6.13,14.7,643.6,Local
2023-11-25,Home,University,Car,9.03,13.5,1733.8,Local
2023-11-26,Pharmacy,Home,Train,5.66,7.5,232.1,Local
2023-11-26,Home,Pharmacy,Train,12.9,17.2,528.9,Local
2023-11-27,Home,Cricket Ground,Tram,13.01,39.0,780.6,Local
2023-11-27,Cricket Ground,Train Station,Tram,3.03,9.1,181.8,Local
2023-11-27,Train Station,Museum,Tram,7.5,22.5,450.0,Local
2023-11-28,Home,Part-time Work,Bus,16.74,40.2,1757.7,Local
2023-11-29,Home,Cricket Ground,Bicycle,13.43,53.7,0.0,Local
2023-11-29,Cricket Ground,Hospital,Train,4.42,5.9,181.2,Local
2023-11-30,Home,Work,Bicycle,5.25,21.0,0.0,Local
2023-12-01,Home,Hospital,Tram,11.76,35.3,705.6,Local
2023-12-02,Home,Pharmacy,Car,14.87,22.3,2855.0,Local
2023-12-02,Home,University,Walk,8.34,100.1,0.0,Local
2023-12-02,University,Home,Train,5.87,7.8,240.7,Local
2023-12-03,Home,Shopping Centre,Bus,12.65,30.4,1328.2,Local
2023-12-03,Shopping Centre,Cricket Ground,Walk,3.32,39.8,0.0,Local
2023-12-04,Home,Museum,Car,9.59,14.4,1841.3,Local
2023-12-04,Museum,Part-time Work,Car,7.71,11.6,1480.3,Local
2023-12-04,Part-time Work,Work,Car,19.48,29.2,3740.2,Local
2023-12-05,Hospital,Home,Bicycle,12.07,48.3,0.0,Local
2023-12-05,Home,Hospital,Bus,16.31,39.1,1712.5,Local
2023-12-06,Home,Train Station,Train,19.92,26.6,816.7,Local
2023-12-07,Home,Pharmacy,Walk,15.81,189.7,0.0,Local
2023-12-07,Pharmacy,Museum,Bus,6.33,15.2,664.6,Local
2023-12-08,Home,Work,Bus,8.7,20.9,913.5,Local
2023-12-09,Home,Work,Walk,19.69,236.3,0.0,Local
2023-12-10,Home,Museum,Bicycle,5.11,20.4,0.0,Local
2023-12-10,Museum,Cricket Ground,Walk,3.07,36.8,0.0,Local
2023-12-11,Home,Train Station,Walk,10.67,128.0,0.0,Local
2023-12-11,Train Station,Museum,Bus,7.15,17.2,750.8,Local
2023-12-12,Home,Train Station,Train,7.68,10.2,314.9,Local
2023-12-14,Home,Shopping Centre,Bicycle,10.92,43.7,0.0,Local
2023-12-14,Shopping Centre,Home,Bicycle,6.75,27.0,0.0,Local
2023-12-14,Home,Pharmacy,Bicycle,18.75,75.0,0.0,Local
2023-12-15,Home,Cricket Ground,Car,5.04,7.6,967.7,Local
2023-12-16,Home,University,Car,17.9,26.8,3436.8,Local
2023-12-17,Hospital,Train Station,Car,2.78,4.2,533.8,Local
2023-12-17,Home,Hospital,Tram,7.02,21.1,421.2,Local
2023-12-18,Home,Cricket Ground,Walk,18.63,223.6,0.0,Local
2023-12-18,Cricket Ground,Home,Train,15.25,20.3,625.2,Local
2023-12-19,Home,Museum,Bus,11.86,28.5,1245.3,Local
2023-12-20,Home,University,Train,19.76,26.3,810.2,Local
2023-12-21,Home,Cricket Ground,Bicycle,19.06,76.2,0.0,Local
2023-12-21,Cricket Ground,Train Station,Car,0.6,0.9,115.2,Local
2023-12-21,Train Station,Part-time Work,Tram,11.21,33.6,672.6,Local
2023-12-22,Home,Shopping Centre,Bicycle,14.31,57.2,0.0,Local
2023-12-22,Shopping Centre,Work,Bicycle,11.75,47.0,0.0,Local
2023-12-23,Home,Museum,Car,17.36,26.0,3333.1,Local
2023-12-23,Museum,Home,Train,17.78,23.7,729.0,Local
2023-12-24,Home,Train Station,Car,9.78,14.7,1877.8,Local
2023-12-24,Train Station,Cricket Ground,Train,3.64,4.9,149.2,Local
2023-12-24,Cricket Ground,Hospital,Bus,1.65,4.0,173.2,Local
2023-12-25,Shopping Centre,Work,Bicycle,9.82,39.3,0.0,Local
2023-12-25,Work,Home,Walk,19.48,233.8,0.0,Local
2023-12-25,Home,Shopping Centre,Train,8.01,10.7,328.4,Local
2023-12-26,Home,Train Station,Tram,16.41,49.2,984.6,Local
2023-12-27,Home,Cricket Ground,Bicycle,15.53,62.1,0.0,Local
2023-12-28,Home,Part-time Work,Walk,15.37,184.4,0.0,Local
2023-12-29,Home,Museum,Car,12.67,19.0,2432.6,Local
2023-12-30,Home,University,Train,12.05,16.1,494.1,Local
2023-12-31,Home,Train Station,Walk,16.26,195.1,0.0,Local
2023-12-31,Train Station,Cricket Ground,Train,1.93,2.6,79.1,Local
2023-12-31,Cricket Ground,Pharmacy,Car,2.63,3.9,505.0,Local
2024-01-01,Home,Shopping Centre,Walk,8.77,105.2,0.0,Local
2024-01-01,Shopping Centre,Museum,Tram,3.58,10.7,214.8,Local
2024-01-03,Home,Cricket Ground,Bicycle,12.85,51.4,0.0,Local
2024-01-04,Home,Shopping Centre,Car,9.23,13.8,1772.2,Local
2024-01-04,Shopping Centre,Museum,Bus,0.71,1.7,74.5,Local
2024-01-04,Museum,Shopping Centre,Bus,1.54,3.7,161.7,Local
2024-01-05,Home,University,Car,11.07,16.6,2125.4,Local
2024-01-06,Cricket Ground,Shopping Centre,Bus,3.71,8.9,389.6,Local
2024-01-06,Home,Cricket Ground,Car,16.27,24.4,3123.8,Local
2024-01-07,Home,Train Station,Bus,19.85,47.6,2084.2,Local
2024-01-07,Train Station,Hospital,Train,7.53,10.0,308.7,Local
2024-01-08,Home,Train Station,Car,13.03,19.5,2501.8,Local
2024-01-08,Train Station,Home,Train,15.71,20.9,644.1,Local
2024-01-08,Home,Museum,Tram,17.98,53.9,1078.8,Local
2024-01-09,Home,Work,Walk,9.78,117.4,0.0,Local
2024-01-09,Work,Museum,Tram,10.09,30.3,605.4,Local
2024-01-10,Home,Part-time Work,Tram,6.6,19.8,396.0,Local
2024-01-10,Part-time Work,Cricket Ground,Bus,12.45,29.9,1307.2,Local
2024-01-11,Home,Work,Bicycle,10.98,43.9,0.0,Local
2024-01-11,Work,University,Car,11.85,17.8,2275.2,Local
2024-01-12,Train Station,Museum,Car,2.28,3.4,437.8,Local
2024-01-12,Home,Train Station,Tram,6.82,20.5,409.2,Local
2024-01-13,Home,Work,Bicycle,14.2,56.8,0.0,Local
2024-01-14,Hospital,Home,Tram,16.24,48.7,974.4,Local
2024-01-14,Home,Hospital,Car,17.96,26.9,3448.3,Local
2024-01-14,Home,Train Station,Bicycle,7.46,29.8,0.0,Local
2024-01-16,Shopping Centre,Home,Bicycle,12.14,48.6,0.0,Local
2024-01-16,Home,Shopping Centre,Train,12.37,16.5,507.2,Local
2024-01-17,Home,Work,Tram,7.16,21.5,429.6,Local
2024-01-18,Home,Cricket Ground,Train,11.51,15.3,471.9,Local
2024-01-19,Home,Hospital,Walk,7.29,87.5,0.0,Local
2024-01-19,Hospital,Pharmacy,Walk,2.58,31.0,0.0,Local
2024-01-20,Home,University,Bicycle,6.7,26.8,0.0,Local
2024-01-20,University,Hospital,Walk,16.59,199.1,0.0,Local
2024-01-21,Home,Cricket Ground,Bus,8.12,19.5,852.6,Local
2024-01-21,Cricket Ground,Hospital,Walk,1.02,12.2,0.0,Local
2024-01-22,Home,Hospital,Train,9.74,13.0,399.3,Local
2024-01-24,Home,Train Station,Walk,15.34,184.1,0.0,Local
2024-01-24,Train Station,Hospital,Walk,2.71,32.5,0.0,Local
2024-01-25,Home,Shopping Centre,Bus,14.47,34.7,1519.4,Local
2024-01-25,Shopping Centre,Part-time Work,Car,12.89,19.3,2474.9,Local
2024-01-26,Home,Work,Tram,18.25,54.8,1095.0,Local
2024-01-26,Work,Shopping Centre,Car,12.07,18.1,2317.4,Local
2024-01-27,Home,Pharmacy,Train,8.63,11.5,353.8,Local
2024-01-27,Pharmacy,Cricket Ground,Walk,6.47,77.6,0.0,Local
2024-01-28,Cricket Ground,Work,Car,19.5,29.2,3744.0,Local
2024-01-28,Home,Cricket Ground,Train,14.97,20.0,613.8,Local
2024-01-29,Home,Work,Car,15.36,23.0,2949.1,Local
2024-01-29,Work,Part-time Work,Bus,19.47,46.7,2044.3,Local
2024-01-29,Part-time Work,Hospital,Car,13.67,20.5,2624.6,Local
2024-01-30,Home,Hospital,Walk,9.28,111.4,0.0,Local
2024-01-31,Home,Shopping Centre,Car,12.5,18.8,2400.0,Local
2024-01-31,Shopping Centre,Pharmacy,Bicycle,4.52,18.1,0.0,Local
2024-02-02,Work,Shopping Centre,Train,5.35,7.1,219.3,Local
2024-02-02,Home,Work,Train,9.18,12.2,376.4,Local
2024-02-03,Home,Pharmacy,Car,7.53,11.3,1445.8,Local
2024-02-04,Home,Train Station,Bicycle,5.92,23.7,0.0,Local
2024-02-05,Home,Cricket Ground,Train,9.06,12.1,371.5,Local
2024-02-05,Cricket Ground,Pharmacy,Train,5.95,7.9,244.0,Local
2024-02-07,Home,Part-time Work,Walk,8.11,97.3,0.0,Local
2024-02-07,Part-time Work,University,Car,19.29,28.9,3703.7,Local
2024-02-07,University,Home,Train,13.92,18.6,570.7,Local
2024-02-08,Home,Cricket Ground,Train,17.89,23.9,733.5,Local
2024-02-08,Cricket Ground,Pharmacy,Train,7.84,10.5,321.4,Local
2024-02-09,Cricket Ground,Shopping Centre,Tram,2.33,7.0,139.8,Local
2024-02-09,Home,Cricket Ground,Tram,12.7,38.1,762.0,Local
2024-02-10,Home,Cricket Ground,Bus,16.7,40.1,1753.5,Local
2024-02-10,Cricket Ground,Pharmacy,Car,4.78,7.2,917.8,Local
2024-02-10,Pharmacy,Cricket Ground,Train,7.56,10.1,310.0,Local
2024-02-11,Home,Work,Bicycle,15.32,61.3,0.0,Local
2024-02-12,Home,Work,Walk,10.33,124.0,0.0,Local
2024-02-13,Home,Museum,Bus,8.76,21.0,919.8,Local
2024-02-13,Museum,Cricket Ground,Bicycle,5.76,23.0,0.0,Local
2024-02-14,Cricket Ground,Hospital,Car,3.56,5.3,683.5,Local
2024-02-14,Home,Museum,Car,9.43,14.1,1810.6,Local
2024-02-14,Museum,Cricket Ground,Car,7.24,10.9,1390.1,Local
2024-02-15,Home,Pharmacy,Bicycle,16.65,66.6,0.0,Local
2024-02-16,Home,Train Station,Walk,11.77,141.2,0.0,Local
2024-02-16,Train Station,Part-time Work,Car,13.89,20.8,2666.9,Local
2024-02-16,Part-time Work,Work,Train,14.51,19.3,594.9,Local
2024-02-17,Home,Part-time Work,Bus,10.86,26.1,1140.3,Local
2024-02-17,Part-time Work,Home,Car,10.05,15.1,1929.6,Local
2024-02-18,Train Station,Shopping Centre,Walk,7.91,94.9,0.0,Local
2024-02-18,Home,University,Car,5.99,9.0,1150.1,Local
2024-02-18,University,Train Station,Walk,11.78,141.4,0.0,Local
2024-02-20,Home,Shopping Centre,Train,8.04,10.7,329.6,Local
2024-02-20,Shopping Centre,Home,Tram,13.23,39.7,793.8,Local
2024-02-21,Home,Museum,Car,16.88,25.3,3241.0,Local
2024-02-21,Museum,Home,Walk,18.56,222.7,0.0,Local
2024-02-21,Home,Shopping Centre,Car,6.26,9.4,1201.9,Local
2024-02-22,Home,Train Station,Walk,15.75,189.0,0.0,Local
2024-02-22,Train Station,Hospital,Car,1.95,2.9,374.4,Local
2024-02-23,Home,Pharmacy,Tram,8.91,26.7,534.6,Local
2024-02-23,Pharmacy,Cricket Ground,Bus,6.49,15.6,681.5,Local
2024-02-24,Home,Work,Car,5.03,7.5,965.8,Local
2024-02-24,Work,Cricket Ground,Bus,17.76,42.6,1864.8,Local
2024-02-25,Hospital,Cricket Ground,Tram,7.47,22.4,448.2,Local
2024-02-25,Home,Hospital,Bicycle,13.1,52.4,0.0,Local
2024-02-25,Cricket Ground,Part-time Work,Bus,6.5,15.6,682.5,Local
2024-02-27,Home,Pharmacy,Tram,10.5,31.5,630.0,Local
2024-02-28,Home,Part-time Work,Walk,19.7,236.4,0.0,Local
2024-02-29,Home,Shopping Centre,Train,11.58,15.4,474.8,Local
2024-03-03,Home,Hospital,Tram,5.44,16.3,326.4,Local
2024-03-03,Hospital,Cricket Ground,Bus,4.13,9.9,433.6,Local
2024-03-04,Home,Museum,Bicycle,13.99,56.0,0.0,Local
2024-03-05,Home,University,Bicycle,14.22,56.9,0.0,Local
2024-03-05,University,Train Station,Walk,16.23,194.8,0.0,Local
2024-03-06,Home,Train Station,Walk,7.79,93.5,0.0,Local
2024-03-07,Home,Museum,Train,11.02,14.7,451.8,Local
2024-03-07,Museum,Part-time Work,Bicycle,9.29,37.2,0.0,Local
2024-03-07,Part-time Work,Pharmacy,Walk,7.49,89.9,0.0,Local
2024-03-08,Home,Hospital,Walk,18.48,221.8,0.0,Local
2024-03-08,Hospital,Part-time Work,Bicycle,14.39,57.6,0.0,Local
2024-03-08,Part-time Work,Train Station,Bus,11.44,27.5,1201.2,Local
2024-03-09,Home,Part-time Work,Tram,6.15,18.4,369.0,Local
2024-03-09,Part-time Work,Work,Bus,14.91,35.8,1565.5,Local
2024-03-09,Work,Shopping Centre,Bicycle,10.26,41.0,0.0,Local
2024-03-10,Pharmacy,Cricket Ground,Bicycle,5.87,23.5,0.0,Local
2024-03-10,Shopping Centre,Pharmacy,Tram,6.64,19.9,398.4,Local
2024-03-10,Home,Shopping Centre,Car,18.71,28.1,3592.3,Local
2024-03-11,Home,Part-time Work,Tram,8.95,26.8,537.0,Local
2024-03-11,Part-time Work,Hospital,Train,14.83,19.8,608.0,Local
2024-03-11,Hospital,Part-time Work,Bicycle,15.54,62.2,0.0,Local
2024-03-13,Home,Part-time Work,Bicycle,6.02,24.1,0.0,Local
2024-03-13,Part-time Work,University,Train,10.21,13.6,418.6,Local
2024-03-14,Home,Hospital,Walk,9.49,113.9,0.0,Local
2024-03-14,Hospital,Part-time Work,Car,14.02,21.0,2691.8,Local
2024-03-15,Home,Hospital,Bicycle,10.47,41.9,0.0,Local
2024-03-16,Home,University,Bicycle,9.98,39.9,0.0,Local
2024-03-16,University,Pharmacy,Car,5.38,8.1,1033.0,Local
2024-03-18,Home,University,Walk,9.04,108.5,0.0,Local
2024-03-18,University,Shopping Centre,Tram,7.22,21.7,433.2,Local
2024-03-19,Home,Work,Tram,9.82,29.5,589.2,Local
2024-03-20,Home,Part-time Work,Car,16.03,24.0,3077.8,Local
2024-03-20,Part-time Work,Pharmacy,Car,10.23,15.3,1964.2,Local
2024-03-20,Pharmacy,University,Bicycle,7.14,28.6,0.0,Local
2024-03-21,Cricket Ground,Work,Train,15.73,21.0,644.9,Local
2024-03-21,Home,Cricket Ground,Walk,13.5,162.0,0.0,Local
2024-03-22,Home,Part-time Work,Train,12.09,16.1,495.7,Local
2024-03-22,Part-time Work,Hospital,Walk,12.84,154.1,0.0,Local
2024-03-23,Home,Cricket Ground,Bicycle,15.33,61.3,0.0,Local
2024-03-24,Home,Part-time Work,Car,8.92,13.4,1712.6,Local
2024-03-24,Part-time Work,Train Station,Bus,17.14,41.1,1799.7,Local
2024-03-26,Home,Work,Bus,17.69,42.5,1857.5,Local
2024-03-27,Pharmacy,Shopping Centre,Bicycle,5.29,21.2,0.0,Local
2024-03-27,Shopping Centre,Pharmacy,Tram,3.33,10.0,199.8,Local
2024-03-27,Home,Shopping Centre,Tram,10.42,31.3,625.2,Local
2024-03-28,Home,Work,Walk,11.01,132.1,0.0,Local
2024-03-28,Work,Part-time Work,Bus,18.79,45.1,1972.9,Local
2024-03-29,Home,Hospital,Walk,19.72,236.6,0.0,Local
2024-03-29,Hospital,Museum,Car,7.59,11.4,1457.3,Local
2024-03-30,Home,Work,Walk,5.95,71.4,0.0,Local
2024-03-30,Work,Train Station,Train,18.23,24.3,747.4,Local
2024-03-31,Home,Pharmacy,Car,11.68,17.5,2242.6,Local
2024-04-01,University,Pharmacy,Walk,14.49,173.9,0.0,Local
2024-04-01,Home,University,Bus,7.0,16.8,735.0,Local
2024-04-02,Home,Train Station,Tram,13.35,40.0,801.0,Local
2024-04-02,Train Station,Shopping Centre,Walk,2.19,26.3,0.0,Local
2024-04-02,Shopping Centre,Pharmacy,Bus,6.74,16.2,707.7,Local
2024-04-03,Home,Museum,Train,6.64,8.9,272.2,Local
2024-04-03,Museum,Home,Walk,18.38,220.6,0.0,Local
2024-04-04,Home,Part-time Work,Tram,8.92,26.8,535.2,Local
2024-04-04,Part-time Work,Train Station,Train,14.96,19.9,613.4,Local
2024-04-04,Train Station,Home,Walk,15.11,181.3,0.0,Local
2024-04-05,Home,Part-time Work,Train,11.1,14.8,455.1,Local
2024-04-06,Home,Work,Car,8.15,12.2,1564.8,Local
2024-04-06,Work,Cricket Ground,Car,10.38,15.6,1993.0,Local
2024-04-07,Home,Pharmacy,Bus,10.28,24.7,1079.4,Local
2024-04-07,Pharmacy,Hospital,Tram,7.05,21.1,423.0,Local
2024-04-08,Home,Part-time Work,Walk,6.61,79.3,0.0,Local
2024-04-09,Pharmacy,Work,Tram,9.87,29.6,592.2,Local
2024-04-09,Home,Pharmacy,Tram,14.6,43.8,876.0,Local
2024-04-10,Home,Part-time Work,Bicycle,6.38,25.5,0.0,Local
2024-04-11,Home,University,Train,12.66,16.9,519.1,Local
2024-04-12,Home,Pharmacy,Bicycle,17.5,70.0,0.0,Local
2024-04-12,Pharmacy,Home,Car,15.71,23.6,3016.3,Local
2024-04-12,Home,University,Walk,11.46,137.5,0.0,Local
2024-04-13,Home,Train Station,Tram,17.64,52.9,1058.4,Local
2024-04-13,Train Station,University,Bus,15.66,37.6,1644.3,Local
2024-04-13,University,Shopping Centre,Tram,16.98,50.9,1018.8,Local
2024-04-14,Home,Pharmacy,Bus,11.63,27.9,1221.2,Local
2024-04-14,Pharmacy,Cricket Ground,Tram,7.25,21.8,435.0,Local
2024-04-15,Part-time Work,Shopping Centre,Bicycle,12.52,50.1,0.0,Local
2024-04-15,Home,Cricket Ground,Bus,16.66,40.0,1749.3,Local
2024-04-15,Cricket Ground,Part-time Work,Bicycle,12.01,48.0,0.0,Local
2024-04-16,Home,University,Bicycle,8.81,35.2,0.0,Local
2024-04-16,University,Cricket Ground,Walk,12.85,154.2,0.0,Local
2024-04-16,Cricket Ground,University,Bicycle,19.41,77.6,0.0,Local
2024-04-17,Part-time Work,Pharmacy,Bicycle,10.87,43.5,0.0,Local
2024-04-17,Home,Part-time Work,Walk,10.94,131.3,0.0,Local
2024-04-18,Hospital,University,Tram,6.61,19.8,396.6,Local
2024-04-18,Home,Hospital,Bicycle,5.09,20.4,0.0,Local
2024-04-19,Home,Work,Car,12.72,19.1,2442.2,Local
2024-04-20,Home,Cricket Ground,Walk,15.69,188.3,0.0,Local
2024-04-20,Cricket Ground,Part-time Work,Walk,9.24,110.9,0.0,Local
2024-04-21,Home,Work,Bus,6.6,15.8,693.0,Local
2024-04-22,Home,Work,Walk,18.16,217.9,0.0,Local
2024-04-23,Home,University,Bicycle,15.18,60.7,0.0,Local
2024-04-23,University,Home,Car,6.72,10.1,1290.2,Local
2024-04-23,Home,Cricket Ground,Bicycle,12.7,50.8,0.0,Local
2024-04-24,Home,Cricket Ground,Car,19.17,28.8,3680.6,Local
2024-04-24,Cricket Ground,University,Bus,9.64,23.1,1012.2,Local
2024-04-25,Home,Cricket Ground,Tram,8.29,24.9,497.4,Local
2024-04-26,Home,Pharmacy,Bus,11.1,26.6,1165.5,Local
2024-04-26,Pharmacy,Train Station,Car,1.37,2.1,263.0,Local
2024-04-27,Home,Train Station,Car,19.86,29.8,3813.1,Local
2024-04-27,Train Station,Home,Bicycle,19.18,76.7,0.0,Local
2024-04-28,Museum,Train Station,Bicycle,2.37,9.5,0.0,Local
2024-04-28,Train Station,Shopping Centre,Walk,0.92,11.0,0.0,Local
2024-04-28,Home,Museum,Walk,11.77,141.2,0.0,Local
2024-04-29,Home,University,Tram,19.57,58.7,1174.2,Local
2024-04-29,University,Museum,Car,19.16,28.7,3678.7,Local
2024-04-30,Home,Cricket Ground,Bicycle,5.02,20.1,0.0,Local
2024-05-01,Home,Pharmacy,Car,8.27,12.4,1587.8,Local
2024-05-01,Pharmacy,Museum,Walk,4.43,53.2,0.0,Local
2024-05-02,Home,Pharmacy,Bus,10.36,24.9,1087.8,Local
2024-05-02,Pharmacy,Hospital,Tram,7.34,22.0,440.4,Local
2024-05-02,Hospital,Work,Train,15.37,20.5,630.2,Local
2024-05-03,Home,Hospital,Tram,15.06,45.2,903.6,Local
2024-05-04,Home,Hospital,Bicycle,7.48,29.9,0.0,Local
2024-05-05,Home,Train Station,Train,12.82,17.1,525.6,Local
2024-05-05,Train Station,Part-time Work,Bicycle,13.71,54.8,0.0,Local
2024-05-05,Part-time Work,University,Bus,15.33,36.8,1609.7,Local
2024-05-06,Home,University,Car,5.3,8.0,1017.6,Local
2024-05-06,University,Pharmacy,Bus,7.33,17.6,769.6,Local
2024-05-07,Home,Hospital,Train,10.65,14.2,436.7,Local
2024-05-08,Train Station,University,Bicycle,6.98,27.9,0.0,Local
2024-05-08,Pharmacy,Train Station,Bus,5.6,13.4,588.0,Local
2024-05-08,Home,Pharmacy,Bus,10.38,24.9,1089.9,Local
2024-05-09,Home,University,Bus,8.44,20.3,886.2,Local
2024-05-09,University,Shopping Centre,Car,8.96,13.4,1720.3,Local
2024-05-11,Home,Shopping Centre,Train,7.55,10.1,309.6,Local
2024-05-11,Shopping Centre,Cricket Ground,Walk,1.05,12.6,0.0,Local
2024-05-12,Home,Cricket Ground,Bus,5.76,13.8,604.8,Local
2024-05-12,Cricket Ground,Part-time Work,Bicycle,10.0,40.0,0.0,Local
2024-05-13,Home,Hospital,Walk,14.1,169.2,0.0,Local
2024-05-14,Home,Work,Car,13.15,19.7,2524.8,Local
2024-05-14,Work,Shopping Centre,Walk,12.93,155.2,0.0,Local
2024-05-14,Shopping Centre,Train Station,Tram,6.6,19.8,396.0,Local
2024-05-15,Home,University,Car,14.32,21.5,2749.4,Local
2024-05-15,University,Train Station,Bus,19.75,47.4,2073.8,Local
2024-05-17,Home,Pharmacy,Train,16.1,21.5,660.1,Local
2024-05-18,Home,Work,Tram,13.53,40.6,811.8,Local
2024-05-18,Work,Museum,Tram,14.83,44.5,889.8,Local
2024-05-19,Home,Cricket Ground,Tram,13.64,40.9,818.4,Local
2024-05-21,Part-time Work,Home,Tram,14.96,44.9,897.6,Local
2024-05-21,Home,University,Bicycle,10.8,43.2,0.0,Local
2024-05-21,University,Part-time Work,Walk,12.05,144.6,0.0,Local
2024-05-22,Home,Cricket Ground,Walk,14.08,169.0,0.0,Local
2024-05-22,Cricket Ground,Part-time Work,Car,12.89,19.3,2474.9,Local
2024-05-22,Part-time Work,Hospital,Tram,19.96,59.9,1197.6,Local
2024-05-23,Home,Hospital,Tram,8.34,25.0,500.4,Local
2024-05-23,Hospital,Museum,Tram,6.79,20.4,407.4,Local
2024-05-24,Cricket Ground,Shopping Centre,Tram,3.15,9.4,189.0,Local
2024-05-24,Shopping Centre,Pharmacy,Bicycle,6.9,27.6,0.0,Local
2024-05-24,Home,Cricket Ground,Tram,17.66,53.0,1059.6,Local
2024-05-25,Home,Museum,Walk,8.09,97.1,0.0,Local
2024-05-25,Museum,Hospital,Car,0.97,1.5,186.2,Local
2024-05-25,Hospital,University,Bicycle,16.37,65.5,0.0,Local
2024-05-26,Home,Shopping Centre,Tram,5.74,17.2,344.4,Local
2024-05-27,Home,Part-time Work,Car,19.92,29.9,3824.6,Local
2024-05-28,Part-time Work,Work,Tram,18.58,55.7,1114.8,Local
2024-05-28,Home,Work,Tram,7.4,22.2,444.0,Local
2024-05-28,Work,Part-time Work,Train,18.56,24.7,761.0,Local
2024-05-29,University,Cricket Ground,Walk,7.15,85.8,0.0,Local
2024-05-29,Home,Hospital,Bus,17.21,41.3,1807.1,Local
2024-05-29,Hospital,University,Bicycle,5.85,23.4,0.0,Local
2024-05-31,Home,Museum,Train,11.54,15.4,473.1,Local
2024-06-01,Home,Museum,Walk,12.52,150.2,0.0,Local
2024-06-01,Museum,Part-time Work,Bus,17.63,42.3,1851.1,Local
2024-06-02,Home,University,Bus,9.22,22.1,968.1,Local
2024-06-03,Home,Shopping Centre,Bus,9.89,23.7,1038.5,Local
2024-06-03,Shopping Centre,Part-time Work,Car,14.24,21.4,2734.1,Local
2024-06-04,Home,Work,Train,11.09,14.8,454.7,Local
2024-06-04,Work,University,Bicycle,15.15,60.6,0.0,Local
2024-06-05,Home,Pharmacy,Bicycle,15.17,60.7,0.0,Local
2024-06-05,Pharmacy,Home,Bicycle,14.24,57.0,0.0,Local
2024-06-05,Home,Train Station,Bus,10.02,24.0,1052.1,Local
2024-06-06,Home,Shopping Centre,Tram,8.35,25.0,501.0,Local
2024-06-06,Shopping Centre,Museum,Walk,4.58,55.0,0.0,Local
2024-06-07,Home,Part-time Work,Train,14.11,18.8,578.5,Local
2024-06-08,Part-time Work,Pharmacy,Bus,10.68,25.6,1121.4,Local
2024-06-08,Home,Part-time Work,Bicycle,7.4,29.6,0.0,Local
2024-06-09,Home,Hospital,Tram,13.58,40.7,814.8,Local
2024-06-09,Hospital,Museum,Bus,1.94,4.7,203.7,Local
2024-06-10,Home,Museum,Walk,13.27,159.2,0.0,Local
2024-06-10,Museum,Hospital,Walk,1.66,19.9,0.0,Local
2024-06-11,Home,Train Station,Tram,9.67,29.0,580.2,Local
2024-06-12,Home,University,Car,6.42,9.6,1232.6,Local
2024-06-12,University,Museum,Car,19.35,29.0,3715.2,Local
2024-06-13,Home,Train Station,Train,9.78,13.0,401.0,Local
2024-06-13,Train Station,Work,Car,14.62,21.9,2807.0,Local
2024-06-14,Home,Part-time Work,Walk,7.24,86.9,0.0,Local
2024-06-14,Part-time Work,Museum,Train,10.3,13.7,422.3,Local
2024-06-16,Home,Train Station,Bus,11.24,27.0,1180.2,Local
2024-06-16,Train Station,Cricket Ground,Walk,7.51,90.1,0.0,Local
2024-06-17,Home,Shopping Centre,Car,18.16,27.2,3486.7,Local
2024-06-18,Train Station,Home,Bus,8.15,19.6,855.8,Local
2024-06-18,Home,Train Station,Tram,9.8,29.4,588.0,Local
2024-06-19,Home,Museum,Tram,7.61,22.8,456.6,Local
2024-06-19,Museum,Hospital,Walk,5.92,71.0,0.0,Local
2024-06-20,Home,Cricket Ground,Bicycle,9.5,38.0,0.0,Local
2024-06-21,Home,Work,Bus,13.23,31.8,1389.2,Local
2024-06-21,Work,Museum,Train,13.04,17.4,534.6,Local
2024-06-22,Home,Work,Car,14.27,21.4,2739.8,Local
2024-06-22,Work,Hospital,Bicycle,12.39,49.6,0.0,Local
2024-06-24,Home,Work,Bicycle,6.36,25.4,0.0,Local
2024-06-24,Work,Train Station,Tram,15.96,47.9,957.6,Local
2024-06-25,Home,Shopping Centre,Train,15.14,20.2,620.7,Local
2024-06-25,Shopping Centre,University,Train,14.48,19.3,593.7,Local
2024-06-26,Home,Museum,Tram,15.86,47.6,951.6,Local
2024-06-27,Work,Museum,Train,10.1,13.5,414.1,Local
2024-06-27,Home,Work,Car,12.8,19.2,2457.6,Local
2024-06-28,Work,Hospital,Tram,7.91,23.7,474.6,Local
2024-06-28,Hospital,Work,Tram,10.9,32.7,654.0,Local
2024-06-28,Home,Work,Walk,16.12,193.4,0.0,Local
2024-06-29,University,Hospital,Bus,13.12,31.5,1377.6,Local
2024-06-29,Hospital,Pharmacy,Bus,1.37,3.3,143.9,Local
2024-06-29,Home,University,Car,18.31,27.5,3515.5,Local
2024-06-30,Home,Shopping Centre,Walk,14.0,168.0,0.0,Local
